transaction_id,full_date,year,month,month_name,quarter,day_of_week,product_name,category,customer_name,store_id,city,payment_method,quantity,unit_price,discount_pct,gross_amount,discount_amount,net_amount
TXN004436,2024-10-29,2024,10,October,4,Tuesday,Non-Stick Pan,Home & Kitchen,Zainab Farooq,FSD-01,Faisalabad,Mobile Wallet,4,230.64,20.0,922.56,184.51,738.05
TXN004460,2025-09-20,2025,9,September,3,Saturday,Lip Balm,Beauty,Noor Sheikh,KHI-02,Karachi,Credit Card,3,187.11,0.0,561.33,0.0,561.33
TXN001150,2024-05-03,2024,5,May,2,Friday,Wireless Mouse,Electronics,Faisal Malik,MUL-01,Multan,Cash,4,181.81,15.0,727.24,109.09,618.15
TXN003400,2025-10-21,2025,10,October,4,Tuesday,Shampoo 500ml,Beauty,Noor Farooq,KHI-01,Karachi,Cash,3,149.07,0.0,447.21,0.0,447.21
TXN004480,2024-03-21,2024,3,March,1,Thursday,Non-Stick Pan,Home & Kitchen,Ali Malik,LHR-02,Lahore,Credit Card,4,85.84,10.0,343.36,34.34,309.02
TXN001791,2025-09-04,2025,9,September,3,Thursday,Shampoo 500ml,Beauty,Ayesha Khan,LHR-01,Lahore,Credit Card,6,132.72,0.0,796.32,0.0,796.32
TXN001456,2026-05-20,2026,5,May,2,Wednesday,Resistance Bands,Sports,Sana Raza,PSH-01,Peshawar,Cash,1,148.74,0.0,148.74,0.0,148.74
TXN001368,2024-10-26,2024,10,October,4,Saturday,Yoga Mat,Sports,Fatima Raza,LHR-02,Lahore,Mobile Wallet,4,217.99,15.0,871.96,130.79,741.17
TXN002319,2024-12-12,2024,12,December,4,Thursday,Bluetooth Speaker,Electronics,Hina Sheikh,LHR-01,Lahore,Debit Card,5,21.51,5.0,107.55,5.38,102.17
TXN003301,2026-02-09,2026,2,February,1,Monday,Laptop Stand,Electronics,Noor Raza,PSH-01,Peshawar,Mobile Wallet,5,23.43,10.0,117.15,11.71,105.44
TXN000220,2025-08-04,2025,8,August,3,Monday,Coffee Maker,Home & Kitchen,Ali Iqbal,KHI-01,Karachi,Credit Card,3,49.61,0.0,148.83,0.0,148.83
TXN000669,2024-07-22,2024,7,July,3,Monday,Wool Sweater,Apparel,Faisal Khan,FSD-01,Faisalabad,Credit Card,5,182.07,20.0,910.35,182.07,728.28
TXN000913,2024-08-20,2024,8,August,3,Tuesday,Coffee Maker,Home & Kitchen,Kamran Iqbal,LHR-01,Lahore,Mobile Wallet,6,35.63,5.0,213.78,10.69,203.09
TXN002093,2024-06-13,2024,6,June,2,Thursday,Blender,Home & Kitchen,Zainab Malik,FSD-01,Faisalabad,Credit Card,6,81.67,0.0,490.02,0.0,490.02
TXN004992,2024-09-16,2024,9,September,3,Monday,Coffee Maker,Home & Kitchen,Noor Chaudhry,PSH-01,Peshawar,Mobile Wallet,4,216.03,0.0,864.12,0.0,864.12
TXN000433,2024-08-13,2024,8,August,3,Tuesday,Face Moisturizer,Beauty,Fatima Chaudhry,KHI-01,Karachi,Cash,3,92.56,10.0,277.68,27.77,249.91
TXN002533,2025-10-27,2025,10,October,4,Monday,Cycling Helmet,Sports,Bilal Malik,MUL-01,Multan,Cash,6,219.28,0.0,1315.68,0.0,1315.68
TXN003953,2025-04-23,2025,4,April,2,Wednesday,Hair Dryer,Beauty,Kamran Khan,KHI-02,Karachi,Debit Card,3,139.71,5.0,419.13,20.96,398.17
TXN001318,2026-05-02,2026,5,May,2,Saturday,Laptop Stand,Electronics,Omar Chaudhry,PSH-01,Peshawar,Credit Card,2,234.25,0.0,468.5,0.0,468.5
TXN002369,2025-09-18,2025,9,September,3,Thursday,Wool Sweater,Apparel,Mariam Khan,KHI-01,Karachi,Cash,6,205.17,20.0,1231.02,246.2,984.82
TXN004508,2025-04-12,2025,4,April,2,Saturday,Blender,Home & Kitchen,Zainab Chaudhry,KHI-02,Karachi,Cash,5,11.21,15.0,56.05,8.41,47.64
TXN002764,2026-07-02,2026,7,July,3,Thursday,LED Desk Lamp,Home & Kitchen,Faisal Sheikh,LHR-01,Lahore,Mobile Wallet,5,11.35,0.0,56.75,0.0,56.75
TXN004685,2024-07-29,2024,7,July,3,Monday,Sports Cap,Apparel,Bilal Iqbal,KHI-01,Karachi,Mobile Wallet,2,126.69,15.0,253.38,38.01,215.37
TXN000168,2025-02-09,2025,2,February,1,Sunday,Wool Sweater,Apparel,Kamran Malik,KHI-02,Karachi,Mobile Wallet,4,211.2,0.0,844.8,0.0,844.8
TXN001144,2026-06-23,2026,6,June,2,Tuesday,Bluetooth Speaker,Electronics,Faisal Khan,FSD-01,Faisalabad,Mobile Wallet,5,70.0,15.0,350.0,52.5,297.5
TXN000404,2025-10-24,2025,10,October,4,Friday,Cycling Helmet,Sports,Zainab Iqbal,FSD-01,Faisalabad,Debit Card,3,94.51,20.0,283.53,56.71,226.82
TXN004684,2025-09-20,2025,9,September,3,Saturday,LED Desk Lamp,Home & Kitchen,Bilal Khan,FSD-01,Faisalabad,Credit Card,3,161.83,20.0,485.49,97.1,388.39
TXN000441,2024-06-20,2024,6,June,2,Thursday,Blender,Home & Kitchen,Usman Sheikh,LHR-02,Lahore,Debit Card,3,84.04,0.0,252.12,0.0,252.12
TXN000508,2024-12-18,2024,12,December,4,Wednesday,Cycling Helmet,Sports,Faisal Chaudhry,MUL-01,Multan,Mobile Wallet,5,207.62,5.0,1038.1,51.91,986.19
TXN000052,2025-10-25,2025,10,October,4,Saturday,Face Moisturizer,Beauty,Hassan Butt,KHI-02,Karachi,Cash,2,227.56,0.0,455.12,0.0,455.12
TXN004544,2024-07-15,2024,7,July,3,Monday,Sunscreen SPF50,Beauty,Ahmed Khan,KHI-02,Karachi,Cash,2,70.77,5.0,141.54,7.08,134.46
TXN000989,2024-11-20,2024,11,November,4,Wednesday,Resistance Bands,Sports,Mariam Butt,ISB-01,Islamabad,Credit Card,4,47.1,0.0,188.4,0.0,188.4
TXN002275,2025-10-04,2025,10,October,4,Saturday,Webcam HD,Electronics,Mariam Khan,LHR-02,Lahore,Cash,3,62.68,0.0,188.04,0.0,188.04
TXN000187,2026-05-20,2026,5,May,2,Wednesday,Blender,Home & Kitchen,Sara Farooq,LHR-01,Lahore,Mobile Wallet,4,199.94,0.0,799.76,0.0,799.76
TXN003937,2024-04-13,2024,4,April,2,Saturday,Football,Sports,Bilal Raza,KHI-02,Karachi,Debit Card,2,162.44,20.0,324.88,64.98,259.9
TXN002692,2024-08-24,2024,8,August,3,Saturday,Football,Sports,Ali Malik,KHI-01,Karachi,Cash,2,49.58,10.0,99.16,9.92,89.24
TXN000204,2025-10-13,2025,10,October,4,Monday,Dumbbell Set,Sports,Ali Iqbal,KHI-01,Karachi,Credit Card,1,219.91,20.0,219.91,43.98,175.93
TXN002256,2024-01-22,2024,1,January,1,Monday,Bluetooth Speaker,Electronics,Noor Farooq,PSH-01,Peshawar,Cash,2,78.78,5.0,157.56,7.88,149.68
TXN004258,2025-02-03,2025,2,February,1,Monday,Lip Balm,Beauty,Hina Sheikh,FSD-01,Faisalabad,Credit Card,2,35.17,0.0,70.34,0.0,70.34
TXN000374,2025-06-12,2025,6,June,2,Thursday,Hair Dryer,Beauty,Omar Sheikh,ISB-01,Islamabad,Cash,2,248.22,15.0,496.44,74.47,421.97
TXN001583,2024-02-16,2024,2,February,1,Friday,Face Moisturizer,Beauty,Kamran Khan,LHR-02,Lahore,Mobile Wallet,3,78.08,15.0,234.24,35.14,199.1
TXN001497,2025-04-23,2025,4,April,2,Wednesday,Webcam HD,Electronics,Mariam Iqbal,PSH-01,Peshawar,Credit Card,4,171.46,20.0,685.84,137.17,548.67
TXN000015,2026-06-14,2026,6,June,2,Sunday,Sports Cap,Apparel,Bilal Iqbal,PSH-01,Peshawar,Credit Card,5,113.57,10.0,567.85,56.78,511.07
TXN003831,2024-05-14,2024,5,May,2,Tuesday,Cotton T-Shirt,Apparel,Mariam Raza,ISB-01,Islamabad,Cash,6,122.13,10.0,732.78,73.28,659.5
TXN002211,2026-05-30,2026,5,May,2,Saturday,Blender,Home & Kitchen,Sara Malik,ISB-01,Islamabad,Mobile Wallet,2,91.11,0.0,182.22,0.0,182.22
TXN001957,2024-02-19,2024,2,February,1,Monday,Ceramic Mug Set,Home & Kitchen,Zainab Butt,KHI-02,Karachi,Credit Card,2,165.68,15.0,331.36,49.7,281.66
TXN001553,2026-05-09,2026,5,May,2,Saturday,Webcam HD,Electronics,Mariam Raza,MUL-01,Multan,Cash,4,191.71,0.0,766.84,0.0,766.84
TXN002877,2024-08-30,2024,8,August,3,Friday,Dumbbell Set,Sports,Ayesha Iqbal,PSH-01,Peshawar,Cash,2,38.06,10.0,76.12,7.61,68.51
TXN003766,2024-09-17,2024,9,September,3,Tuesday,Blender,Home & Kitchen,Kamran Raza,ISB-01,Islamabad,Credit Card,1,214.17,20.0,214.17,42.83,171.34
TXN001042,2024-06-22,2024,6,June,2,Saturday,Denim Jacket,Apparel,Ali Farooq,LHR-02,Lahore,Credit Card,6,239.54,0.0,1437.24,0.0,1437.24
TXN000814,2025-03-23,2025,3,March,1,Sunday,Resistance Bands,Sports,Ahmed Raza,KHI-02,Karachi,Mobile Wallet,2,187.98,10.0,375.96,37.6,338.36
TXN003224,2025-08-17,2025,8,August,3,Sunday,Dumbbell Set,Sports,Faisal Khan,LHR-01,Lahore,Cash,5,40.97,0.0,204.85,0.0,204.85
TXN004073,2025-08-30,2025,8,August,3,Saturday,Laptop Stand,Electronics,Ayesha Malik,FSD-01,Faisalabad,Cash,6,236.58,0.0,1419.48,0.0,1419.48
TXN004740,2024-08-06,2024,8,August,3,Tuesday,Resistance Bands,Sports,Kamran Farooq,KHI-01,Karachi,Cash,1,144.72,5.0,144.72,7.24,137.48
TXN002145,2026-02-28,2026,2,February,1,Saturday,Running Shoes,Apparel,Bilal Raza,KHI-01,Karachi,Cash,2,61.57,20.0,123.14,24.63,98.51
TXN003821,2024-11-22,2024,11,November,4,Friday,Ceramic Mug Set,Home & Kitchen,Hina Iqbal,LHR-01,Lahore,Credit Card,4,76.59,20.0,306.36,61.27,245.09
TXN000301,2024-12-27,2024,12,December,4,Friday,Coffee Maker,Home & Kitchen,Hina Malik,LHR-01,Lahore,Credit Card,5,122.08,15.0,610.4,91.56,518.84
TXN004821,2025-09-28,2025,9,September,3,Sunday,Denim Jacket,Apparel,Omar Farooq,FSD-01,Faisalabad,Cash,2,189.54,10.0,379.08,37.91,341.17
TXN003832,2025-09-20,2025,9,September,3,Saturday,Football,Sports,Hassan Sheikh,ISB-01,Islamabad,Debit Card,2,215.77,10.0,431.54,43.15,388.39
TXN004354,2026-02-07,2026,2,February,1,Saturday,Denim Jacket,Apparel,Zainab Khan,FSD-01,Faisalabad,Debit Card,4,110.0,0.0,440.0,0.0,440.0
TXN000154,2025-07-30,2025,7,July,3,Wednesday,Face Moisturizer,Beauty,Omar Butt,PSH-01,Peshawar,Credit Card,1,186.61,10.0,186.61,18.66,167.95
TXN000797,2024-02-02,2024,2,February,1,Friday,Resistance Bands,Sports,Sara Butt,ISB-01,Islamabad,Debit Card,6,131.67,10.0,790.02,79.0,711.02
TXN000013,2024-05-15,2024,5,May,2,Wednesday,USB-C Cable,Electronics,Ayesha Chaudhry,LHR-02,Lahore,Mobile Wallet,5,234.2,5.0,1171.0,58.55,1112.45
TXN001255,2025-10-02,2025,10,October,4,Thursday,Cotton T-Shirt,Apparel,Hina Butt,LHR-01,Lahore,Mobile Wallet,2,38.14,0.0,76.28,0.0,76.28
TXN001701,2024-09-24,2024,9,September,3,Tuesday,Cycling Helmet,Sports,Hassan Khan,MUL-01,Multan,Credit Card,1,95.55,0.0,95.55,0.0,95.55
TXN003566,2026-05-23,2026,5,May,2,Saturday,Bluetooth Speaker,Electronics,Faisal Butt,KHI-02,Karachi,Cash,5,113.89,15.0,569.45,85.42,484.03
TXN004391,2025-04-06,2025,4,April,2,Sunday,Bluetooth Speaker,Electronics,Ali Iqbal,MUL-01,Multan,Debit Card,6,198.06,0.0,1188.36,0.0,1188.36
TXN000978,2025-06-09,2025,6,June,2,Monday,Yoga Mat,Sports,Bilal Sheikh,KHI-01,Karachi,Debit Card,2,143.71,15.0,287.42,43.11,244.31
TXN002987,2025-08-20,2025,8,August,3,Wednesday,Yoga Mat,Sports,Ahmed Raza,MUL-01,Multan,Cash,1,120.34,20.0,120.34,24.07,96.27
TXN003678,2026-01-05,2026,1,January,1,Monday,Coffee Maker,Home & Kitchen,Hina Khan,KHI-01,Karachi,Mobile Wallet,1,98.95,0.0,98.95,0.0,98.95
TXN001509,2024-01-06,2024,1,January,1,Saturday,Cotton T-Shirt,Apparel,Fatima Iqbal,PSH-01,Peshawar,Debit Card,6,160.33,0.0,961.98,0.0,961.98
TXN000046,2024-12-04,2024,12,December,4,Wednesday,Running Shoes,Apparel,Sana Raza,FSD-01,Faisalabad,Cash,3,177.2,15.0,531.6,79.74,451.86
TXN001391,2026-04-29,2026,4,April,2,Wednesday,Denim Jacket,Apparel,Faisal Chaudhry,KHI-02,Karachi,Debit Card,1,128.88,0.0,128.88,0.0,128.88
TXN002290,2025-03-27,2025,3,March,1,Thursday,Bluetooth Speaker,Electronics,Kamran Khan,LHR-02,Lahore,Cash,2,32.27,10.0,64.54,6.45,58.09
TXN001717,2026-05-07,2026,5,May,2,Thursday,Lip Balm,Beauty,Kamran Butt,KHI-02,Karachi,Mobile Wallet,3,146.97,0.0,440.91,0.0,440.91
TXN000896,2025-04-10,2025,4,April,2,Thursday,Cotton T-Shirt,Apparel,Usman Sheikh,PSH-01,Peshawar,Cash,4,139.26,15.0,557.04,83.56,473.48
TXN004919,2026-02-09,2026,2,February,1,Monday,Running Shoes,Apparel,Faisal Khan,FSD-01,Faisalabad,Cash,4,213.32,15.0,853.28,127.99,725.29
TXN004521,2026-03-10,2026,3,March,1,Tuesday,Cotton T-Shirt,Apparel,Ayesha Khan,LHR-02,Lahore,Cash,2,54.38,20.0,108.76,21.75,87.01
TXN000800,2025-06-03,2025,6,June,2,Tuesday,Sunscreen SPF50,Beauty,Ahmed Butt,ISB-01,Islamabad,Cash,3,108.14,0.0,324.42,0.0,324.42
TXN000097,2026-01-26,2026,1,January,1,Monday,Blender,Home & Kitchen,Omar Sheikh,MUL-01,Multan,Credit Card,1,228.55,0.0,228.55,0.0,228.55
TXN001068,2024-06-03,2024,6,June,2,Monday,Sports Cap,Apparel,Zainab Farooq,PSH-01,Peshawar,Mobile Wallet,3,206.97,0.0,620.91,0.0,620.91
TXN001198,2026-03-22,2026,3,March,1,Sunday,Ceramic Mug Set,Home & Kitchen,Hassan Farooq,LHR-01,Lahore,Credit Card,6,213.92,15.0,1283.52,192.53,1090.99
TXN000553,2026-07-12,2026,7,July,3,Sunday,Face Moisturizer,Beauty,Kamran Butt,KHI-01,Karachi,Debit Card,5,77.16,20.0,385.8,77.16,308.64
TXN000071,2025-04-10,2025,4,April,2,Thursday,Hair Dryer,Beauty,Sara Iqbal,FSD-01,Faisalabad,Debit Card,6,169.84,15.0,1019.04,152.86,866.18
TXN000386,2025-03-21,2025,3,March,1,Friday,Bluetooth Speaker,Electronics,Faisal Raza,MUL-01,Multan,Debit Card,2,56.75,5.0,113.5,5.67,107.83
TXN001897,2025-07-12,2025,7,July,3,Saturday,Blender,Home & Kitchen,Bilal Butt,LHR-01,Lahore,Credit Card,3,190.22,15.0,570.66,85.6,485.06
TXN004086,2025-09-01,2025,9,September,3,Monday,Shampoo 500ml,Beauty,Omar Iqbal,LHR-02,Lahore,Cash,5,162.58,0.0,812.9,0.0,812.9
TXN001907,2024-10-30,2024,10,October,4,Wednesday,Sports Cap,Apparel,Bilal Sheikh,PSH-01,Peshawar,Cash,1,87.77,0.0,87.77,0.0,87.77
TXN004080,2025-04-21,2025,4,April,2,Monday,Coffee Maker,Home & Kitchen,Ayesha Chaudhry,LHR-01,Lahore,Credit Card,3,188.06,5.0,564.18,28.21,535.97
TXN004543,2026-06-15,2026,6,June,2,Monday,Running Shoes,Apparel,Ahmed Chaudhry,KHI-01,Karachi,Mobile Wallet,6,43.8,0.0,262.8,0.0,262.8
TXN002496,2026-01-29,2026,1,January,1,Thursday,USB-C Cable,Electronics,Ahmed Butt,KHI-02,Karachi,Cash,5,219.27,5.0,1096.35,54.82,1041.53
TXN002924,2025-07-05,2025,7,July,3,Saturday,Denim Jacket,Apparel,Mariam Iqbal,LHR-02,Lahore,Debit Card,1,200.1,0.0,200.1,0.0,200.1
TXN003081,2025-01-21,2025,1,January,1,Tuesday,Resistance Bands,Sports,Zainab Raza,LHR-01,Lahore,Debit Card,2,112.33,0.0,224.66,0.0,224.66
TXN002239,2026-06-05,2026,6,June,2,Friday,Cotton T-Shirt,Apparel,Hassan Raza,KHI-02,Karachi,Cash,6,166.68,0.0,1000.08,0.0,1000.08
TXN000030,2026-03-15,2026,3,March,1,Sunday,Sports Cap,Apparel,Faisal Khan,ISB-01,Islamabad,Cash,3,153.63,0.0,460.89,0.0,460.89
TXN002286,2025-03-28,2025,3,March,1,Friday,Cycling Helmet,Sports,Noor Raza,LHR-02,Lahore,Credit Card,2,77.72,0.0,155.44,0.0,155.44
TXN004256,2025-05-18,2025,5,May,2,Sunday,Ceramic Mug Set,Home & Kitchen,Hassan Iqbal,PSH-01,Peshawar,Cash,1,63.01,20.0,63.01,12.6,50.41
TXN003575,2024-06-20,2024,6,June,2,Thursday,Coffee Maker,Home & Kitchen,Fatima Chaudhry,KHI-02,Karachi,Mobile Wallet,3,29.85,10.0,89.55,8.96,80.59
TXN001718,2026-03-18,2026,3,March,1,Wednesday,Ceramic Mug Set,Home & Kitchen,Noor Khan,KHI-02,Karachi,Credit Card,1,148.75,15.0,148.75,22.31,126.44
TXN001558,2025-08-09,2025,8,August,3,Saturday,Cotton T-Shirt,Apparel,Kamran Khan,FSD-01,Faisalabad,Mobile Wallet,6,24.59,10.0,147.54,14.75,132.79
TXN003560,2024-10-20,2024,10,October,4,Sunday,Coffee Maker,Home & Kitchen,Mariam Malik,LHR-02,Lahore,Credit Card,1,107.89,10.0,107.89,10.79,97.1
TXN002480,2024-04-29,2024,4,April,2,Monday,Wireless Mouse,Electronics,Noor Butt,MUL-01,Multan,Debit Card,2,174.33,0.0,348.66,0.0,348.66
TXN002147,2024-09-30,2024,9,September,3,Monday,Coffee Maker,Home & Kitchen,Hassan Khan,KHI-02,Karachi,Cash,2,51.82,10.0,103.64,10.36,93.28
TXN003370,2024-10-24,2024,10,October,4,Thursday,Blender,Home & Kitchen,Sana Malik,FSD-01,Faisalabad,Credit Card,3,168.81,0.0,506.43,0.0,506.43
TXN000473,2025-08-12,2025,8,August,3,Tuesday,Wool Sweater,Apparel,Ali Iqbal,KHI-01,Karachi,Credit Card,2,32.15,20.0,64.3,12.86,51.44
TXN004028,2024-03-01,2024,3,March,1,Friday,Wool Sweater,Apparel,Sana Raza,KHI-01,Karachi,Cash,2,167.58,15.0,335.16,50.27,284.89
TXN001974,2024-10-01,2024,10,October,4,Tuesday,Wool Sweater,Apparel,Sana Chaudhry,FSD-01,Faisalabad,Cash,4,59.51,10.0,238.04,23.8,214.24
TXN003474,2024-10-08,2024,10,October,4,Tuesday,Webcam HD,Electronics,Ahmed Khan,KHI-01,Karachi,Mobile Wallet,2,157.46,0.0,314.92,0.0,314.92
TXN004033,2026-06-06,2026,6,June,2,Saturday,Bluetooth Speaker,Electronics,Sana Butt,PSH-01,Peshawar,Cash,1,66.93,0.0,66.93,0.0,66.93
TXN003100,2025-02-23,2025,2,February,1,Sunday,Football,Sports,Usman Khan,FSD-01,Faisalabad,Credit Card,5,71.61,20.0,358.05,71.61,286.44
TXN002427,2024-06-27,2024,6,June,2,Thursday,Cotton T-Shirt,Apparel,Ali Farooq,LHR-01,Lahore,Mobile Wallet,6,171.03,0.0,1026.18,0.0,1026.18
TXN003730,2025-11-29,2025,11,November,4,Saturday,Non-Stick Pan,Home & Kitchen,Sana Malik,MUL-01,Multan,Mobile Wallet,1,145.41,0.0,145.41,0.0,145.41
TXN000591,2025-11-05,2025,11,November,4,Wednesday,Cotton T-Shirt,Apparel,Hassan Butt,LHR-02,Lahore,Debit Card,6,131.15,20.0,786.9,157.38,629.52
TXN003734,2024-08-10,2024,8,August,3,Saturday,Football,Sports,Kamran Butt,ISB-01,Islamabad,Cash,3,239.71,5.0,719.13,35.96,683.17
TXN001414,2025-10-23,2025,10,October,4,Thursday,Face Moisturizer,Beauty,Sara Raza,LHR-02,Lahore,Debit Card,3,175.1,20.0,525.3,105.06,420.24
TXN002465,2024-10-16,2024,10,October,4,Wednesday,Cycling Helmet,Sports,Sana Raza,LHR-02,Lahore,Credit Card,2,7.92,20.0,15.84,3.17,12.67
TXN001248,2026-07-22,2026,7,July,3,Wednesday,Sunscreen SPF50,Beauty,Bilal Khan,KHI-02,Karachi,Debit Card,5,86.85,5.0,434.25,21.71,412.54
TXN002856,2025-08-03,2025,8,August,3,Sunday,Cycling Helmet,Sports,Ayesha Farooq,PSH-01,Peshawar,Credit Card,2,170.22,5.0,340.44,17.02,323.42
TXN003846,2024-02-13,2024,2,February,1,Tuesday,Lip Balm,Beauty,Hassan Malik,ISB-01,Islamabad,Debit Card,6,89.05,0.0,534.3,0.0,534.3
TXN000138,2026-02-14,2026,2,February,1,Saturday,Lip Balm,Beauty,Ali Raza,KHI-01,Karachi,Debit Card,6,48.0,10.0,288.0,28.8,259.2
TXN004611,2024-03-15,2024,3,March,1,Friday,Wool Sweater,Apparel,Ayesha Chaudhry,ISB-01,Islamabad,Mobile Wallet,6,186.73,5.0,1120.38,56.02,1064.36
TXN000736,2024-02-14,2024,2,February,1,Wednesday,Bluetooth Speaker,Electronics,Sara Khan,LHR-01,Lahore,Cash,6,90.67,0.0,544.02,0.0,544.02
TXN003275,2024-09-07,2024,9,September,3,Saturday,Sunscreen SPF50,Beauty,Zainab Khan,LHR-01,Lahore,Debit Card,3,28.66,5.0,85.98,4.3,81.68
TXN003179,2025-11-14,2025,11,November,4,Friday,Laptop Stand,Electronics,Kamran Raza,MUL-01,Multan,Credit Card,4,73.37,15.0,293.48,44.02,249.46
TXN004308,2026-07-14,2026,7,July,3,Tuesday,Resistance Bands,Sports,Ali Sheikh,MUL-01,Multan,Cash,5,42.55,15.0,212.75,31.91,180.84
TXN000336,2026-05-15,2026,5,May,2,Friday,Coffee Maker,Home & Kitchen,Mariam Raza,PSH-01,Peshawar,Cash,6,106.02,10.0,636.12,63.61,572.51
TXN003811,2024-04-16,2024,4,April,2,Tuesday,Hair Dryer,Beauty,Ahmed Chaudhry,ISB-01,Islamabad,Mobile Wallet,5,6.56,10.0,32.8,3.28,29.52
TXN000960,2026-04-20,2026,4,April,2,Monday,Shampoo 500ml,Beauty,Zainab Raza,LHR-01,Lahore,Cash,3,138.42,10.0,415.26,41.53,373.73
TXN000437,2024-05-20,2024,5,May,2,Monday,Lip Balm,Beauty,Hina Farooq,MUL-01,Multan,Debit Card,4,50.57,20.0,202.28,40.46,161.82
TXN000363,2024-12-23,2024,12,December,4,Monday,Bluetooth Speaker,Electronics,Usman Khan,ISB-01,Islamabad,Debit Card,1,40.62,0.0,40.62,0.0,40.62
TXN004749,2025-12-11,2025,12,December,4,Thursday,Denim Jacket,Apparel,Ali Butt,PSH-01,Peshawar,Credit Card,5,133.7,0.0,668.5,0.0,668.5
TXN002632,2024-09-30,2024,9,September,3,Monday,Blender,Home & Kitchen,Faisal Sheikh,KHI-02,Karachi,Credit Card,5,129.77,15.0,648.85,97.33,551.52
TXN002167,2024-10-24,2024,10,October,4,Thursday,Wireless Mouse,Electronics,Usman Raza,LHR-01,Lahore,Mobile Wallet,3,109.66,5.0,328.98,16.45,312.53
TXN004624,2024-09-17,2024,9,September,3,Tuesday,Face Moisturizer,Beauty,Zainab Malik,MUL-01,Multan,Cash,5,137.26,15.0,686.3,102.94,583.36
TXN004176,2025-12-05,2025,12,December,4,Friday,Resistance Bands,Sports,Bilal Iqbal,LHR-02,Lahore,Debit Card,5,115.6,15.0,578.0,86.7,491.3
TXN002789,2025-01-31,2025,1,January,1,Friday,Non-Stick Pan,Home & Kitchen,Ahmed Raza,ISB-01,Islamabad,Debit Card,5,122.29,20.0,611.45,122.29,489.16
TXN004823,2024-05-19,2024,5,May,2,Sunday,Dumbbell Set,Sports,Zainab Farooq,KHI-01,Karachi,Cash,5,119.86,0.0,599.3,0.0,599.3
TXN000798,2024-01-09,2024,1,January,1,Tuesday,Hair Dryer,Beauty,Omar Malik,LHR-01,Lahore,Debit Card,3,108.24,0.0,324.72,0.0,324.72
TXN002236,2025-01-07,2025,1,January,1,Tuesday,Face Moisturizer,Beauty,Fatima Sheikh,KHI-02,Karachi,Credit Card,5,162.93,0.0,814.65,0.0,814.65
TXN004316,2024-09-19,2024,9,September,3,Thursday,Ceramic Mug Set,Home & Kitchen,Ahmed Farooq,LHR-02,Lahore,Cash,2,235.02,0.0,470.04,0.0,470.04
TXN002993,2024-07-08,2024,7,July,3,Monday,Yoga Mat,Sports,Zainab Chaudhry,KHI-01,Karachi,Credit Card,2,134.08,0.0,268.16,0.0,268.16
TXN004764,2025-02-22,2025,2,February,1,Saturday,Ceramic Mug Set,Home & Kitchen,Ali Farooq,LHR-02,Lahore,Cash,1,84.31,0.0,84.31,0.0,84.31
TXN000743,2025-09-22,2025,9,September,3,Monday,LED Desk Lamp,Home & Kitchen,Ayesha Chaudhry,LHR-02,Lahore,Cash,6,93.62,20.0,561.72,112.34,449.38
TXN000559,2025-08-06,2025,8,August,3,Wednesday,Shampoo 500ml,Beauty,Sara Iqbal,MUL-01,Multan,Cash,3,161.56,10.0,484.68,48.47,436.21
TXN001398,2024-02-01,2024,2,February,1,Thursday,Shampoo 500ml,Beauty,Mariam Butt,LHR-02,Lahore,Mobile Wallet,4,88.05,0.0,352.2,0.0,352.2
TXN001833,2026-06-05,2026,6,June,2,Friday,Bluetooth Speaker,Electronics,Omar Raza,MUL-01,Multan,Cash,3,97.31,10.0,291.93,29.19,262.74
TXN003918,2025-03-29,2025,3,March,1,Saturday,Cotton T-Shirt,Apparel,Ayesha Malik,LHR-02,Lahore,Credit Card,5,239.95,20.0,1199.75,239.95,959.8
TXN002835,2025-03-30,2025,3,March,1,Sunday,Wool Sweater,Apparel,Hina Iqbal,MUL-01,Multan,Cash,3,76.86,15.0,230.58,34.59,195.99
TXN003046,2024-10-06,2024,10,October,4,Sunday,Shampoo 500ml,Beauty,Ayesha Khan,FSD-01,Faisalabad,Cash,5,80.8,20.0,404.0,80.8,323.2
TXN001578,2024-01-04,2024,1,January,1,Thursday,Hair Dryer,Beauty,Faisal Butt,ISB-01,Islamabad,Credit Card,4,215.23,0.0,860.92,0.0,860.92
TXN000148,2026-06-03,2026,6,June,2,Wednesday,Bluetooth Speaker,Electronics,Faisal Farooq,LHR-01,Lahore,Debit Card,3,39.33,10.0,117.99,11.8,106.19
TXN004497,2025-04-30,2025,4,April,2,Wednesday,Laptop Stand,Electronics,Hassan Sheikh,KHI-01,Karachi,Cash,6,112.27,0.0,673.62,0.0,673.62
TXN003798,2024-09-06,2024,9,September,3,Friday,Coffee Maker,Home & Kitchen,Sara Chaudhry,LHR-01,Lahore,Cash,3,69.09,0.0,207.27,0.0,207.27
TXN003773,2024-08-16,2024,8,August,3,Friday,Denim Jacket,Apparel,Ahmed Sheikh,LHR-01,Lahore,Mobile Wallet,6,72.48,0.0,434.88,0.0,434.88
TXN004784,2025-09-02,2025,9,September,3,Tuesday,Ceramic Mug Set,Home & Kitchen,Faisal Farooq,PSH-01,Peshawar,Credit Card,3,210.06,0.0,630.18,0.0,630.18
TXN001473,2025-08-23,2025,8,August,3,Saturday,Non-Stick Pan,Home & Kitchen,Kamran Raza,KHI-02,Karachi,Debit Card,4,49.3,5.0,197.2,9.86,187.34
TXN004951,2024-12-19,2024,12,December,4,Thursday,Wool Sweater,Apparel,Faisal Butt,KHI-02,Karachi,Cash,4,49.89,15.0,199.56,29.93,169.63
TXN002674,2024-12-25,2024,12,December,4,Wednesday,Sports Cap,Apparel,Sana Malik,PSH-01,Peshawar,Credit Card,3,163.98,10.0,491.94,49.19,442.75
TXN004447,2025-03-01,2025,3,March,1,Saturday,Webcam HD,Electronics,Hassan Malik,PSH-01,Peshawar,Credit Card,5,197.34,5.0,986.7,49.34,937.36
TXN001265,2025-10-13,2025,10,October,4,Monday,Cycling Helmet,Sports,Bilal Malik,ISB-01,Islamabad,Cash,4,135.78,15.0,543.12,81.47,461.65
TXN001182,2026-07-06,2026,7,July,3,Monday,Wireless Mouse,Electronics,Sara Butt,ISB-01,Islamabad,Cash,6,65.83,20.0,394.98,79.0,315.98
TXN002267,2024-11-09,2024,11,November,4,Saturday,LED Desk Lamp,Home & Kitchen,Zainab Iqbal,KHI-01,Karachi,Credit Card,5,99.09,10.0,495.45,49.55,445.9
TXN001264,2024-03-31,2024,3,March,1,Sunday,Denim Jacket,Apparel,Faisal Sheikh,KHI-01,Karachi,Credit Card,3,242.32,0.0,726.96,0.0,726.96
TXN003440,2025-04-30,2025,4,April,2,Wednesday,Resistance Bands,Sports,Zainab Khan,FSD-01,Faisalabad,Cash,5,65.3,0.0,326.5,0.0,326.5
TXN004950,2025-04-27,2025,4,April,2,Sunday,Cycling Helmet,Sports,Fatima Farooq,MUL-01,Multan,Cash,6,65.58,20.0,393.48,78.7,314.78
TXN003030,2025-10-31,2025,10,October,4,Friday,Sunscreen SPF50,Beauty,Sana Raza,LHR-01,Lahore,Mobile Wallet,5,157.9,5.0,789.5,39.48,750.02
TXN000234,2024-11-14,2024,11,November,4,Thursday,Wool Sweater,Apparel,Mariam Khan,PSH-01,Peshawar,Credit Card,2,129.16,10.0,258.32,25.83,232.49
TXN004347,2025-09-25,2025,9,September,3,Thursday,Yoga Mat,Sports,Ayesha Raza,ISB-01,Islamabad,Cash,6,79.64,5.0,477.84,23.89,453.95
TXN000149,2025-07-24,2025,7,July,3,Thursday,Coffee Maker,Home & Kitchen,Bilal Butt,ISB-01,Islamabad,Credit Card,2,220.53,5.0,441.06,22.05,419.01
TXN004635,2025-04-22,2025,4,April,2,Tuesday,Cotton T-Shirt,Apparel,Faisal Khan,MUL-01,Multan,Mobile Wallet,1,85.34,0.0,85.34,0.0,85.34
TXN002985,2024-03-21,2024,3,March,1,Thursday,Coffee Maker,Home & Kitchen,Ahmed Butt,PSH-01,Peshawar,Credit Card,1,168.36,0.0,168.36,0.0,168.36
TXN000316,2024-04-07,2024,4,April,2,Sunday,Bluetooth Speaker,Electronics,Hassan Malik,KHI-02,Karachi,Cash,4,234.51,5.0,938.04,46.9,891.14
TXN004614,2025-01-08,2025,1,January,1,Wednesday,Yoga Mat,Sports,Noor Raza,LHR-01,Lahore,Cash,2,5.31,15.0,10.62,1.59,9.03
TXN002860,2025-11-20,2025,11,November,4,Thursday,Webcam HD,Electronics,Sana Iqbal,PSH-01,Peshawar,Cash,1,36.54,0.0,36.54,0.0,36.54
TXN001852,2025-06-06,2025,6,June,2,Friday,Denim Jacket,Apparel,Sana Khan,MUL-01,Multan,Debit Card,6,103.98,20.0,623.88,124.78,499.1
TXN000294,2026-04-01,2026,4,April,2,Wednesday,Hair Dryer,Beauty,Mariam Khan,MUL-01,Multan,Credit Card,4,198.44,20.0,793.76,158.75,635.01
TXN000375,2026-02-23,2026,2,February,1,Monday,Non-Stick Pan,Home & Kitchen,Omar Farooq,LHR-02,Lahore,Debit Card,1,187.66,0.0,187.66,0.0,187.66
TXN002443,2025-09-25,2025,9,September,3,Thursday,Non-Stick Pan,Home & Kitchen,Bilal Iqbal,ISB-01,Islamabad,Cash,1,16.33,0.0,16.33,0.0,16.33
TXN001071,2025-09-08,2025,9,September,3,Monday,Webcam HD,Electronics,Sana Khan,LHR-01,Lahore,Cash,5,141.77,20.0,708.85,141.77,567.08
TXN000156,2026-07-27,2026,7,July,3,Monday,Shampoo 500ml,Beauty,Hina Sheikh,FSD-01,Faisalabad,Credit Card,1,247.63,0.0,247.63,0.0,247.63
TXN000358,2024-06-19,2024,6,June,2,Wednesday,Running Shoes,Apparel,Faisal Chaudhry,PSH-01,Peshawar,Credit Card,1,77.13,5.0,77.13,3.86,73.27
TXN003285,2025-08-30,2025,8,August,3,Saturday,Ceramic Mug Set,Home & Kitchen,Zainab Raza,LHR-01,Lahore,Cash,3,228.3,0.0,684.9,0.0,684.9
TXN003119,2024-03-09,2024,3,March,1,Saturday,Cycling Helmet,Sports,Sara Iqbal,KHI-02,Karachi,Debit Card,5,114.52,0.0,572.6,0.0,572.6
TXN000738,2025-09-28,2025,9,September,3,Sunday,LED Desk Lamp,Home & Kitchen,Ahmed Raza,LHR-02,Lahore,Cash,2,73.55,10.0,147.1,14.71,132.39
TXN004034,2026-02-23,2026,2,February,1,Monday,Hair Dryer,Beauty,Zainab Malik,ISB-01,Islamabad,Credit Card,2,236.06,15.0,472.12,70.82,401.3
TXN004912,2026-06-28,2026,6,June,2,Sunday,Sports Cap,Apparel,Ali Farooq,KHI-01,Karachi,Credit Card,4,178.95,0.0,715.8,0.0,715.8
TXN003909,2026-02-10,2026,2,February,1,Tuesday,USB-C Cable,Electronics,Ayesha Khan,PSH-01,Peshawar,Credit Card,5,232.07,15.0,1160.35,174.05,986.3
TXN004978,2026-01-04,2026,1,January,1,Sunday,Laptop Stand,Electronics,Sara Malik,KHI-02,Karachi,Mobile Wallet,4,124.96,10.0,499.84,49.98,449.86
TXN002474,2026-07-10,2026,7,July,3,Friday,Dumbbell Set,Sports,Kamran Iqbal,LHR-02,Lahore,Credit Card,4,218.15,0.0,872.6,0.0,872.6
TXN001232,2025-06-26,2025,6,June,2,Thursday,Ceramic Mug Set,Home & Kitchen,Ayesha Raza,ISB-01,Islamabad,Mobile Wallet,3,104.38,15.0,313.14,46.97,266.17
TXN000322,2024-10-05,2024,10,October,4,Saturday,Bluetooth Speaker,Electronics,Zainab Malik,KHI-01,Karachi,Credit Card,2,157.57,10.0,315.14,31.51,283.63
TXN000280,2024-04-27,2024,4,April,2,Saturday,Dumbbell Set,Sports,Hina Butt,KHI-01,Karachi,Mobile Wallet,5,169.39,10.0,846.95,84.69,762.26
TXN002691,2026-02-11,2026,2,February,1,Wednesday,Football,Sports,Omar Raza,PSH-01,Peshawar,Mobile Wallet,3,173.1,0.0,519.3,0.0,519.3
TXN002193,2026-06-15,2026,6,June,2,Monday,Football,Sports,Hassan Butt,KHI-02,Karachi,Cash,5,149.98,0.0,749.9,0.0,749.9
TXN003124,2024-06-06,2024,6,June,2,Thursday,Blender,Home & Kitchen,Noor Butt,KHI-01,Karachi,Cash,3,29.41,0.0,88.23,0.0,88.23
TXN000977,2026-03-31,2026,3,March,1,Tuesday,Yoga Mat,Sports,Bilal Raza,ISB-01,Islamabad,Mobile Wallet,4,51.22,0.0,204.88,0.0,204.88
TXN001088,2026-04-17,2026,4,April,2,Friday,Cotton T-Shirt,Apparel,Usman Chaudhry,KHI-01,Karachi,Mobile Wallet,2,129.72,15.0,259.44,38.92,220.52
TXN002660,2025-09-02,2025,9,September,3,Tuesday,Sports Cap,Apparel,Noor Malik,LHR-01,Lahore,Mobile Wallet,3,122.94,15.0,368.82,55.32,313.5
TXN000979,2024-01-29,2024,1,January,1,Monday,Ceramic Mug Set,Home & Kitchen,Noor Khan,LHR-01,Lahore,Cash,3,169.56,20.0,508.68,101.74,406.94
TXN002897,2026-05-26,2026,5,May,2,Tuesday,Resistance Bands,Sports,Kamran Farooq,KHI-02,Karachi,Credit Card,5,113.77,0.0,568.85,0.0,568.85
TXN003695,2024-01-23,2024,1,January,1,Tuesday,Lip Balm,Beauty,Zainab Butt,MUL-01,Multan,Credit Card,2,125.8,0.0,251.6,0.0,251.6
TXN003049,2024-11-04,2024,11,November,4,Monday,LED Desk Lamp,Home & Kitchen,Mariam Iqbal,FSD-01,Faisalabad,Cash,4,126.97,5.0,507.88,25.39,482.49
TXN004617,2024-11-09,2024,11,November,4,Saturday,Denim Jacket,Apparel,Sana Malik,LHR-01,Lahore,Cash,4,186.55,0.0,746.2,0.0,746.2
TXN002646,2025-04-01,2025,4,April,2,Tuesday,Ceramic Mug Set,Home & Kitchen,Kamran Sheikh,PSH-01,Peshawar,Cash,2,88.07,10.0,176.14,17.61,158.53
TXN003060,2024-11-03,2024,11,November,4,Sunday,Cotton T-Shirt,Apparel,Sana Sheikh,MUL-01,Multan,Mobile Wallet,3,210.01,0.0,630.03,0.0,630.03
TXN003876,2026-06-01,2026,6,June,2,Monday,Webcam HD,Electronics,Omar Butt,FSD-01,Faisalabad,Credit Card,6,74.48,5.0,446.88,22.34,424.54
TXN003910,2025-04-16,2025,4,April,2,Wednesday,Coffee Maker,Home & Kitchen,Noor Farooq,KHI-02,Karachi,Debit Card,4,10.78,0.0,43.12,0.0,43.12
TXN002168,2024-04-28,2024,4,April,2,Sunday,Ceramic Mug Set,Home & Kitchen,Fatima Malik,MUL-01,Multan,Credit Card,2,15.85,5.0,31.7,1.58,30.12
TXN000651,2025-03-10,2025,3,March,1,Monday,Cotton T-Shirt,Apparel,Fatima Sheikh,KHI-01,Karachi,Cash,1,18.25,20.0,18.25,3.65,14.6
TXN003648,2025-11-23,2025,11,November,4,Sunday,Lip Balm,Beauty,Zainab Iqbal,PSH-01,Peshawar,Credit Card,3,112.55,0.0,337.65,0.0,337.65
TXN002861,2024-01-28,2024,1,January,1,Sunday,Resistance Bands,Sports,Fatima Iqbal,KHI-02,Karachi,Credit Card,6,120.24,0.0,721.44,0.0,721.44
TXN003702,2025-12-04,2025,12,December,4,Thursday,Wireless Mouse,Electronics,Sara Butt,LHR-01,Lahore,Debit Card,1,46.29,0.0,46.29,0.0,46.29
TXN001290,2024-12-16,2024,12,December,4,Monday,Laptop Stand,Electronics,Sara Malik,ISB-01,Islamabad,Credit Card,1,109.92,10.0,109.92,10.99,98.93
TXN000400,2025-11-14,2025,11,November,4,Friday,Ceramic Mug Set,Home & Kitchen,Kamran Chaudhry,LHR-02,Lahore,Debit Card,1,68.05,5.0,68.05,3.4,64.65
TXN000841,2025-01-14,2025,1,January,1,Tuesday,Lip Balm,Beauty,Hassan Farooq,KHI-02,Karachi,Debit Card,6,80.03,5.0,480.18,24.01,456.17
TXN004012,2026-07-08,2026,7,July,3,Wednesday,Shampoo 500ml,Beauty,Sara Malik,KHI-01,Karachi,Cash,2,186.74,10.0,373.48,37.35,336.13
TXN004443,2025-12-06,2025,12,December,4,Saturday,LED Desk Lamp,Home & Kitchen,Zainab Khan,PSH-01,Peshawar,Credit Card,3,197.14,5.0,591.42,29.57,561.85
TXN004155,2025-11-30,2025,11,November,4,Sunday,Hair Dryer,Beauty,Ayesha Farooq,KHI-02,Karachi,Mobile Wallet,3,29.72,0.0,89.16,0.0,89.16
TXN002066,2026-04-03,2026,4,April,2,Friday,Sports Cap,Apparel,Fatima Sheikh,PSH-01,Peshawar,Mobile Wallet,6,120.27,0.0,721.62,0.0,721.62
TXN001337,2024-01-22,2024,1,January,1,Monday,Cotton T-Shirt,Apparel,Ahmed Butt,LHR-01,Lahore,Cash,2,173.61,0.0,347.22,0.0,347.22
TXN002594,2025-05-28,2025,5,May,2,Wednesday,Cotton T-Shirt,Apparel,Ali Butt,LHR-02,Lahore,Credit Card,2,42.69,10.0,85.38,8.54,76.84
TXN003175,2024-01-28,2024,1,January,1,Sunday,Sunscreen SPF50,Beauty,Ali Raza,MUL-01,Multan,Credit Card,1,14.04,0.0,14.04,0.0,14.04
TXN000439,2026-02-02,2026,2,February,1,Monday,Cotton T-Shirt,Apparel,Hassan Farooq,LHR-02,Lahore,Mobile Wallet,5,147.36,15.0,736.8,110.52,626.28
TXN001795,2024-01-15,2024,1,January,1,Monday,Laptop Stand,Electronics,Hina Butt,KHI-02,Karachi,Cash,1,223.43,0.0,223.43,0.0,223.43
TXN002320,2025-03-21,2025,3,March,1,Friday,Webcam HD,Electronics,Hassan Malik,FSD-01,Faisalabad,Credit Card,1,93.12,10.0,93.12,9.31,83.81
TXN002018,2024-08-31,2024,8,August,3,Saturday,Bluetooth Speaker,Electronics,Kamran Chaudhry,LHR-02,Lahore,Cash,3,67.41,20.0,202.23,40.45,161.78
TXN002883,2024-06-10,2024,6,June,2,Monday,Resistance Bands,Sports,Usman Khan,PSH-01,Peshawar,Cash,4,105.86,5.0,423.44,21.17,402.27
TXN000370,2024-12-09,2024,12,December,4,Monday,Bluetooth Speaker,Electronics,Bilal Farooq,PSH-01,Peshawar,Debit Card,4,197.08,10.0,788.32,78.83,709.49
TXN001766,2025-11-26,2025,11,November,4,Wednesday,USB-C Cable,Electronics,Usman Chaudhry,LHR-01,Lahore,Mobile Wallet,1,77.91,0.0,77.91,0.0,77.91
TXN004293,2024-03-02,2024,3,March,1,Saturday,Coffee Maker,Home & Kitchen,Sara Farooq,MUL-01,Multan,Mobile Wallet,5,148.33,15.0,741.65,111.25,630.4
TXN002471,2026-05-28,2026,5,May,2,Thursday,Laptop Stand,Electronics,Faisal Chaudhry,LHR-01,Lahore,Credit Card,5,143.85,15.0,719.25,107.89,611.36
TXN003222,2024-07-16,2024,7,July,3,Tuesday,Coffee Maker,Home & Kitchen,Zainab Raza,FSD-01,Faisalabad,Mobile Wallet,5,219.32,0.0,1096.6,0.0,1096.6
TXN001154,2024-08-22,2024,8,August,3,Thursday,Bluetooth Speaker,Electronics,Bilal Farooq,FSD-01,Faisalabad,Debit Card,3,34.07,10.0,102.21,10.22,91.99
TXN001523,2025-05-03,2025,5,May,2,Saturday,Ceramic Mug Set,Home & Kitchen,Ayesha Butt,KHI-01,Karachi,Debit Card,4,141.21,0.0,564.84,0.0,564.84
TXN002087,2025-07-01,2025,7,July,3,Tuesday,Sports Cap,Apparel,Hina Chaudhry,LHR-02,Lahore,Cash,1,229.91,5.0,229.91,11.5,218.41
TXN004118,2026-01-24,2026,1,January,1,Saturday,Hair Dryer,Beauty,Zainab Sheikh,MUL-01,Multan,Cash,4,153.55,0.0,614.2,0.0,614.2
TXN003099,2026-04-15,2026,4,April,2,Wednesday,Sports Cap,Apparel,Hassan Iqbal,KHI-02,Karachi,Debit Card,4,28.87,0.0,115.48,0.0,115.48
TXN000295,2025-09-04,2025,9,September,3,Thursday,Shampoo 500ml,Beauty,Sana Butt,ISB-01,Islamabad,Cash,1,105.12,0.0,105.12,0.0,105.12
TXN004463,2024-04-15,2024,4,April,2,Monday,Shampoo 500ml,Beauty,Sara Khan,PSH-01,Peshawar,Credit Card,1,74.84,15.0,74.84,11.23,63.61
TXN004323,2025-01-15,2025,1,January,1,Wednesday,Cycling Helmet,Sports,Sana Chaudhry,PSH-01,Peshawar,Mobile Wallet,6,37.94,5.0,227.64,11.38,216.26
TXN000236,2024-06-16,2024,6,June,2,Sunday,Ceramic Mug Set,Home & Kitchen,Hina Farooq,PSH-01,Peshawar,Cash,6,188.5,0.0,1131.0,0.0,1131.0
TXN000493,2026-07-29,2026,7,July,3,Wednesday,Lip Balm,Beauty,Kamran Farooq,FSD-01,Faisalabad,Credit Card,1,56.71,20.0,56.71,11.34,45.37
TXN004860,2026-06-21,2026,6,June,2,Sunday,Webcam HD,Electronics,Kamran Farooq,MUL-01,Multan,Credit Card,1,22.8,0.0,22.8,0.0,22.8
TXN003860,2024-02-17,2024,2,February,1,Saturday,Bluetooth Speaker,Electronics,Bilal Khan,FSD-01,Faisalabad,Cash,5,245.16,0.0,1225.8,0.0,1225.8
TXN002914,2024-01-22,2024,1,January,1,Monday,Non-Stick Pan,Home & Kitchen,Omar Khan,LHR-01,Lahore,Mobile Wallet,2,42.21,20.0,84.42,16.88,67.54
TXN000323,2024-06-03,2024,6,June,2,Monday,USB-C Cable,Electronics,Bilal Farooq,ISB-01,Islamabad,Debit Card,3,125.93,5.0,377.79,18.89,358.9
TXN001437,2026-02-17,2026,2,February,1,Tuesday,Shampoo 500ml,Beauty,Ali Farooq,PSH-01,Peshawar,Credit Card,4,180.19,5.0,720.76,36.04,684.72
TXN002088,2025-02-26,2025,2,February,1,Wednesday,Cycling Helmet,Sports,Hassan Sheikh,FSD-01,Faisalabad,Credit Card,5,160.86,0.0,804.3,0.0,804.3
TXN004872,2024-07-22,2024,7,July,3,Monday,Cotton T-Shirt,Apparel,Zainab Sheikh,LHR-02,Lahore,Cash,2,154.54,15.0,309.08,46.36,262.72
TXN003926,2025-05-03,2025,5,May,2,Saturday,Yoga Mat,Sports,Ayesha Chaudhry,KHI-02,Karachi,Debit Card,4,88.18,15.0,352.72,52.91,299.81
TXN004588,2024-07-11,2024,7,July,3,Thursday,Coffee Maker,Home & Kitchen,Bilal Chaudhry,KHI-02,Karachi,Cash,6,244.14,0.0,1464.84,0.0,1464.84
TXN001107,2024-09-13,2024,9,September,3,Friday,Laptop Stand,Electronics,Zainab Khan,ISB-01,Islamabad,Credit Card,5,102.6,5.0,513.0,25.65,487.35
TXN002850,2025-08-13,2025,8,August,3,Wednesday,Cotton T-Shirt,Apparel,Sana Khan,ISB-01,Islamabad,Credit Card,4,44.15,0.0,176.6,0.0,176.6
TXN001477,2025-09-11,2025,9,September,3,Thursday,Webcam HD,Electronics,Sana Farooq,PSH-01,Peshawar,Cash,6,96.72,0.0,580.32,0.0,580.32
TXN002006,2024-12-27,2024,12,December,4,Friday,Dumbbell Set,Sports,Hina Farooq,LHR-02,Lahore,Credit Card,2,138.47,0.0,276.94,0.0,276.94
TXN002412,2024-10-21,2024,10,October,4,Monday,Lip Balm,Beauty,Omar Sheikh,FSD-01,Faisalabad,Cash,5,157.69,10.0,788.45,78.84,709.61
TXN004341,2026-05-21,2026,5,May,2,Thursday,Non-Stick Pan,Home & Kitchen,Hassan Sheikh,MUL-01,Multan,Credit Card,1,85.02,0.0,85.02,0.0,85.02
TXN003267,2025-01-17,2025,1,January,1,Friday,Yoga Mat,Sports,Kamran Khan,PSH-01,Peshawar,Credit Card,1,242.33,0.0,242.33,0.0,242.33
TXN004311,2026-03-10,2026,3,March,1,Tuesday,Blender,Home & Kitchen,Hassan Chaudhry,MUL-01,Multan,Mobile Wallet,1,50.51,0.0,50.51,0.0,50.51
TXN002722,2025-12-24,2025,12,December,4,Wednesday,Cycling Helmet,Sports,Zainab Iqbal,LHR-02,Lahore,Debit Card,5,189.38,0.0,946.9,0.0,946.9
TXN002049,2026-03-25,2026,3,March,1,Wednesday,Resistance Bands,Sports,Bilal Chaudhry,PSH-01,Peshawar,Credit Card,2,38.4,0.0,76.8,0.0,76.8
TXN001743,2025-06-02,2025,6,June,2,Monday,Resistance Bands,Sports,Mariam Butt,MUL-01,Multan,Credit Card,5,197.7,0.0,988.5,0.0,988.5
TXN002421,2024-02-29,2024,2,February,1,Thursday,Wireless Mouse,Electronics,Bilal Farooq,LHR-01,Lahore,Cash,5,197.72,15.0,988.6,148.29,840.31
TXN001252,2025-03-23,2025,3,March,1,Sunday,Face Moisturizer,Beauty,Fatima Iqbal,FSD-01,Faisalabad,Debit Card,3,136.2,10.0,408.6,40.86,367.74
TXN004484,2025-01-21,2025,1,January,1,Tuesday,Wireless Mouse,Electronics,Kamran Malik,PSH-01,Peshawar,Credit Card,3,130.77,0.0,392.31,0.0,392.31
TXN003979,2024-07-19,2024,7,July,3,Friday,Resistance Bands,Sports,Sara Chaudhry,ISB-01,Islamabad,Cash,2,57.37,20.0,114.74,22.95,91.79
TXN001940,2024-01-20,2024,1,January,1,Saturday,Sports Cap,Apparel,Zainab Butt,KHI-02,Karachi,Cash,2,83.27,20.0,166.54,33.31,133.23
TXN004172,2025-09-14,2025,9,September,3,Sunday,Wool Sweater,Apparel,Hassan Butt,KHI-02,Karachi,Credit Card,1,156.32,0.0,156.32,0.0,156.32
TXN003711,2026-01-31,2026,1,January,1,Saturday,Face Moisturizer,Beauty,Ayesha Raza,PSH-01,Peshawar,Cash,2,190.04,0.0,380.08,0.0,380.08
TXN001925,2025-07-16,2025,7,July,3,Wednesday,Running Shoes,Apparel,Bilal Khan,LHR-02,Lahore,Mobile Wallet,2,181.61,10.0,363.22,36.32,326.9
TXN003812,2024-05-17,2024,5,May,2,Friday,Cycling Helmet,Sports,Omar Iqbal,LHR-02,Lahore,Credit Card,6,33.09,10.0,198.54,19.85,178.69
TXN003134,2024-09-02,2024,9,September,3,Monday,Shampoo 500ml,Beauty,Usman Sheikh,KHI-01,Karachi,Credit Card,2,20.01,20.0,40.02,8.0,32.02
TXN000829,2025-12-31,2025,12,December,4,Wednesday,Denim Jacket,Apparel,Ali Butt,ISB-01,Islamabad,Credit Card,6,80.13,5.0,480.78,24.04,456.74
TXN003483,2026-06-10,2026,6,June,2,Wednesday,Dumbbell Set,Sports,Mariam Butt,ISB-01,Islamabad,Credit Card,3,12.81,0.0,38.43,0.0,38.43
TXN004298,2025-07-26,2025,7,July,3,Saturday,USB-C Cable,Electronics,Ali Malik,FSD-01,Faisalabad,Cash,2,219.34,15.0,438.68,65.8,372.88
TXN000625,2026-06-21,2026,6,June,2,Sunday,Laptop Stand,Electronics,Sana Sheikh,PSH-01,Peshawar,Credit Card,6,127.96,0.0,767.76,0.0,767.76
TXN000949,2024-01-20,2024,1,January,1,Saturday,Sports Cap,Apparel,Omar Iqbal,FSD-01,Faisalabad,Cash,1,192.56,5.0,192.56,9.63,182.93
TXN001102,2026-02-20,2026,2,February,1,Friday,Ceramic Mug Set,Home & Kitchen,Ahmed Farooq,KHI-01,Karachi,Credit Card,5,125.6,20.0,628.0,125.6,502.4
TXN002163,2024-01-31,2024,1,January,1,Wednesday,Sports Cap,Apparel,Ahmed Raza,PSH-01,Peshawar,Cash,4,86.28,10.0,345.12,34.51,310.61
TXN003939,2025-06-28,2025,6,June,2,Saturday,Hair Dryer,Beauty,Kamran Butt,MUL-01,Multan,Credit Card,4,244.04,0.0,976.16,0.0,976.16
TXN003340,2024-01-02,2024,1,January,1,Tuesday,Denim Jacket,Apparel,Mariam Raza,FSD-01,Faisalabad,Credit Card,6,231.09,20.0,1386.54,277.31,1109.23
TXN001357,2024-05-25,2024,5,May,2,Saturday,Hair Dryer,Beauty,Mariam Sheikh,MUL-01,Multan,Cash,3,33.62,5.0,100.86,5.04,95.82
TXN000043,2026-03-04,2026,3,March,1,Wednesday,Shampoo 500ml,Beauty,Hina Chaudhry,MUL-01,Multan,Credit Card,6,118.89,0.0,713.34,0.0,713.34
TXN003096,2024-05-09,2024,5,May,2,Thursday,Resistance Bands,Sports,Kamran Khan,LHR-01,Lahore,Cash,5,184.79,15.0,923.95,138.59,785.36
TXN003568,2025-09-06,2025,9,September,3,Saturday,Non-Stick Pan,Home & Kitchen,Ali Iqbal,KHI-02,Karachi,Mobile Wallet,4,96.4,10.0,385.6,38.56,347.04
TXN003172,2025-04-01,2025,4,April,2,Tuesday,Wool Sweater,Apparel,Sara Iqbal,MUL-01,Multan,Credit Card,3,149.46,5.0,448.38,22.42,425.96
TXN002300,2024-05-03,2024,5,May,2,Friday,Dumbbell Set,Sports,Ahmed Raza,KHI-01,Karachi,Credit Card,2,95.26,10.0,190.52,19.05,171.47
TXN004564,2024-04-21,2024,4,April,2,Sunday,Shampoo 500ml,Beauty,Kamran Malik,LHR-02,Lahore,Debit Card,3,154.47,10.0,463.41,46.34,417.07
TXN001272,2026-04-13,2026,4,April,2,Monday,Coffee Maker,Home & Kitchen,Mariam Malik,KHI-02,Karachi,Cash,6,17.9,10.0,107.4,10.74,96.66
TXN001203,2024-01-13,2024,1,January,1,Saturday,Sports Cap,Apparel,Hina Malik,MUL-01,Multan,Credit Card,1,138.01,0.0,138.01,0.0,138.01
TXN000852,2024-07-04,2024,7,July,3,Thursday,Sports Cap,Apparel,Bilal Butt,FSD-01,Faisalabad,Cash,5,11.43,0.0,57.15,0.0,57.15
TXN003056,2025-11-28,2025,11,November,4,Friday,Bluetooth Speaker,Electronics,Usman Iqbal,LHR-01,Lahore,Mobile Wallet,4,22.64,0.0,90.56,0.0,90.56
TXN004566,2025-09-22,2025,9,September,3,Monday,Coffee Maker,Home & Kitchen,Ayesha Raza,LHR-02,Lahore,Credit Card,1,34.8,0.0,34.8,0.0,34.8
TXN003960,2024-08-11,2024,8,August,3,Sunday,Dumbbell Set,Sports,Ayesha Khan,LHR-02,Lahore,Cash,2,142.71,15.0,285.42,42.81,242.61
TXN003495,2025-01-14,2025,1,January,1,Tuesday,Yoga Mat,Sports,Bilal Sheikh,KHI-02,Karachi,Cash,2,68.38,20.0,136.76,27.35,109.41
TXN001103,2024-03-09,2024,3,March,1,Saturday,Sunscreen SPF50,Beauty,Ahmed Sheikh,MUL-01,Multan,Cash,5,10.57,0.0,52.85,0.0,52.85
TXN002435,2025-02-11,2025,2,February,1,Tuesday,Wireless Mouse,Electronics,Bilal Sheikh,PSH-01,Peshawar,Credit Card,3,127.56,20.0,382.68,76.54,306.14
TXN002294,2024-01-22,2024,1,January,1,Monday,LED Desk Lamp,Home & Kitchen,Omar Butt,KHI-01,Karachi,Mobile Wallet,4,131.14,0.0,524.56,0.0,524.56
TXN004672,2025-10-01,2025,10,October,4,Wednesday,Webcam HD,Electronics,Zainab Khan,KHI-02,Karachi,Mobile Wallet,4,170.62,10.0,682.48,68.25,614.23
TXN002685,2026-05-02,2026,5,May,2,Saturday,Lip Balm,Beauty,Sara Malik,MUL-01,Multan,Cash,3,119.92,10.0,359.76,35.98,323.78
TXN000235,2024-07-22,2024,7,July,3,Monday,Cotton T-Shirt,Apparel,Ahmed Farooq,KHI-02,Karachi,Credit Card,4,95.25,0.0,381.0,0.0,381.0
TXN001816,2024-06-03,2024,6,June,2,Monday,Resistance Bands,Sports,Ayesha Butt,MUL-01,Multan,Credit Card,4,59.48,15.0,237.92,35.69,202.23
TXN001156,2025-03-29,2025,3,March,1,Saturday,Sports Cap,Apparel,Hassan Khan,PSH-01,Peshawar,Mobile Wallet,1,181.78,0.0,181.78,0.0,181.78
TXN002837,2024-11-16,2024,11,November,4,Saturday,Sports Cap,Apparel,Faisal Iqbal,PSH-01,Peshawar,Mobile Wallet,4,34.77,0.0,139.08,0.0,139.08
TXN001419,2025-07-27,2025,7,July,3,Sunday,Wireless Mouse,Electronics,Sara Sheikh,ISB-01,Islamabad,Credit Card,3,140.16,5.0,420.48,21.02,399.46
TXN001332,2026-02-20,2026,2,February,1,Friday,Wool Sweater,Apparel,Sana Iqbal,MUL-01,Multan,Debit Card,3,31.89,5.0,95.67,4.78,90.89
TXN000227,2024-09-26,2024,9,September,3,Thursday,Football,Sports,Mariam Iqbal,KHI-01,Karachi,Credit Card,2,118.94,0.0,237.88,0.0,237.88
TXN004417,2025-10-05,2025,10,October,4,Sunday,Cycling Helmet,Sports,Hina Khan,ISB-01,Islamabad,Credit Card,2,231.28,5.0,462.56,23.13,439.43
TXN000373,2024-07-25,2024,7,July,3,Thursday,Coffee Maker,Home & Kitchen,Hina Malik,ISB-01,Islamabad,Cash,1,113.72,0.0,113.72,0.0,113.72
TXN001194,2024-12-08,2024,12,December,4,Sunday,Denim Jacket,Apparel,Omar Chaudhry,MUL-01,Multan,Mobile Wallet,2,128.88,15.0,257.76,38.66,219.1
TXN000231,2026-06-20,2026,6,June,2,Saturday,Denim Jacket,Apparel,Fatima Malik,LHR-02,Lahore,Mobile Wallet,3,220.08,10.0,660.24,66.02,594.22
TXN001542,2025-11-26,2025,11,November,4,Wednesday,Sunscreen SPF50,Beauty,Sana Khan,LHR-01,Lahore,Credit Card,6,33.78,15.0,202.68,30.4,172.28
TXN001849,2025-11-12,2025,11,November,4,Wednesday,Sports Cap,Apparel,Ali Chaudhry,MUL-01,Multan,Cash,1,226.12,0.0,226.12,0.0,226.12
TXN003999,2025-02-22,2025,2,February,1,Saturday,Running Shoes,Apparel,Noor Sheikh,LHR-01,Lahore,Cash,3,61.93,15.0,185.79,27.87,157.92
TXN001762,2024-02-24,2024,2,February,1,Saturday,Denim Jacket,Apparel,Noor Sheikh,LHR-02,Lahore,Cash,2,128.34,0.0,256.68,0.0,256.68
TXN000975,2024-07-20,2024,7,July,3,Saturday,Denim Jacket,Apparel,Ali Sheikh,LHR-02,Lahore,Credit Card,5,166.67,0.0,833.35,0.0,833.35
TXN004680,2024-03-03,2024,3,March,1,Sunday,Hair Dryer,Beauty,Usman Iqbal,MUL-01,Multan,Cash,6,116.66,5.0,699.96,35.0,664.96
TXN002264,2024-04-11,2024,4,April,2,Thursday,Webcam HD,Electronics,Zainab Chaudhry,KHI-02,Karachi,Cash,4,194.37,0.0,777.48,0.0,777.48
TXN003011,2025-06-20,2025,6,June,2,Friday,Wool Sweater,Apparel,Faisal Raza,LHR-01,Lahore,Mobile Wallet,1,195.29,0.0,195.29,0.0,195.29
TXN001991,2025-10-03,2025,10,October,4,Friday,Football,Sports,Hassan Chaudhry,KHI-02,Karachi,Credit Card,1,126.69,15.0,126.69,19.0,107.69
TXN002041,2025-04-18,2025,4,April,2,Friday,Laptop Stand,Electronics,Kamran Khan,LHR-02,Lahore,Credit Card,1,229.83,0.0,229.83,0.0,229.83
TXN001603,2026-01-26,2026,1,January,1,Monday,USB-C Cable,Electronics,Sara Farooq,KHI-01,Karachi,Debit Card,6,131.56,0.0,789.36,0.0,789.36
TXN000292,2024-03-11,2024,3,March,1,Monday,Sports Cap,Apparel,Hina Raza,ISB-01,Islamabad,Cash,2,97.66,20.0,195.32,39.06,156.26
TXN003565,2024-07-19,2024,7,July,3,Friday,Blender,Home & Kitchen,Usman Sheikh,LHR-02,Lahore,Mobile Wallet,4,178.03,0.0,712.12,0.0,712.12
TXN000406,2024-11-11,2024,11,November,4,Monday,Cotton T-Shirt,Apparel,Sana Iqbal,KHI-02,Karachi,Credit Card,4,129.04,0.0,516.16,0.0,516.16
TXN002848,2026-04-11,2026,4,April,2,Saturday,Dumbbell Set,Sports,Ali Chaudhry,LHR-01,Lahore,Credit Card,6,209.95,10.0,1259.7,125.97,1133.73
TXN002820,2024-09-20,2024,9,September,3,Friday,Yoga Mat,Sports,Noor Farooq,KHI-01,Karachi,Credit Card,4,198.17,0.0,792.68,0.0,792.68
TXN004472,2025-06-17,2025,6,June,2,Tuesday,Yoga Mat,Sports,Mariam Raza,KHI-01,Karachi,Credit Card,4,116.51,5.0,466.04,23.3,442.74
TXN004941,2024-03-05,2024,3,March,1,Tuesday,Running Shoes,Apparel,Faisal Malik,FSD-01,Faisalabad,Mobile Wallet,5,113.16,20.0,565.8,113.16,452.64
TXN004239,2024-10-15,2024,10,October,4,Tuesday,Football,Sports,Zainab Khan,LHR-01,Lahore,Cash,1,117.77,0.0,117.77,0.0,117.77
TXN004628,2024-06-03,2024,6,June,2,Monday,Wool Sweater,Apparel,Omar Raza,LHR-02,Lahore,Debit Card,6,245.86,15.0,1475.16,221.27,1253.89
TXN004292,2025-03-23,2025,3,March,1,Sunday,Cycling Helmet,Sports,Sara Chaudhry,ISB-01,Islamabad,Credit Card,5,197.99,5.0,989.95,49.5,940.45
TXN000471,2026-02-24,2026,2,February,1,Tuesday,Running Shoes,Apparel,Hina Farooq,KHI-02,Karachi,Mobile Wallet,1,104.54,20.0,104.54,20.91,83.63
TXN002482,2024-03-27,2024,3,March,1,Wednesday,Non-Stick Pan,Home & Kitchen,Usman Chaudhry,ISB-01,Islamabad,Cash,3,30.79,0.0,92.37,0.0,92.37
TXN003823,2025-01-03,2025,1,January,1,Friday,Denim Jacket,Apparel,Hassan Raza,ISB-01,Islamabad,Cash,5,139.49,0.0,697.45,0.0,697.45
TXN003074,2025-09-21,2025,9,September,3,Sunday,Wool Sweater,Apparel,Fatima Chaudhry,LHR-01,Lahore,Credit Card,1,179.56,20.0,179.56,35.91,143.65
TXN001488,2024-07-29,2024,7,July,3,Monday,Face Moisturizer,Beauty,Noor Sheikh,PSH-01,Peshawar,Debit Card,1,197.69,10.0,197.69,19.77,177.92
TXN003983,2025-03-27,2025,3,March,1,Thursday,Face Moisturizer,Beauty,Ali Butt,LHR-02,Lahore,Credit Card,5,80.7,0.0,403.5,0.0,403.5
TXN000457,2026-04-08,2026,4,April,2,Wednesday,LED Desk Lamp,Home & Kitchen,Ali Khan,LHR-01,Lahore,Debit Card,6,148.07,0.0,888.42,0.0,888.42
TXN001697,2025-12-11,2025,12,December,4,Thursday,Dumbbell Set,Sports,Usman Farooq,KHI-02,Karachi,Mobile Wallet,6,231.98,15.0,1391.88,208.78,1183.1
TXN004601,2025-01-31,2025,1,January,1,Friday,Wireless Mouse,Electronics,Usman Khan,LHR-02,Lahore,Cash,5,200.53,0.0,1002.65,0.0,1002.65
TXN004157,2024-08-29,2024,8,August,3,Thursday,Ceramic Mug Set,Home & Kitchen,Ahmed Raza,MUL-01,Multan,Credit Card,1,18.28,0.0,18.28,0.0,18.28
TXN000228,2025-03-04,2025,3,March,1,Tuesday,USB-C Cable,Electronics,Ayesha Khan,MUL-01,Multan,Credit Card,4,173.33,0.0,693.32,0.0,693.32
TXN000753,2024-05-31,2024,5,May,2,Friday,LED Desk Lamp,Home & Kitchen,Omar Malik,FSD-01,Faisalabad,Cash,2,126.08,0.0,252.16,0.0,252.16
TXN004235,2024-01-03,2024,1,January,1,Wednesday,Face Moisturizer,Beauty,Usman Raza,KHI-01,Karachi,Mobile Wallet,2,6.11,0.0,12.22,0.0,12.22
TXN000605,2024-03-25,2024,3,March,1,Monday,Laptop Stand,Electronics,Hassan Farooq,MUL-01,Multan,Cash,6,124.86,10.0,749.16,74.92,674.24
TXN004983,2024-10-19,2024,10,October,4,Saturday,LED Desk Lamp,Home & Kitchen,Fatima Raza,ISB-01,Islamabad,Cash,4,237.14,20.0,948.56,189.71,758.85
TXN003229,2025-08-11,2025,8,August,3,Monday,Denim Jacket,Apparel,Fatima Malik,LHR-02,Lahore,Credit Card,6,156.77,10.0,940.62,94.06,846.56
TXN003413,2024-08-09,2024,8,August,3,Friday,Hair Dryer,Beauty,Kamran Farooq,LHR-01,Lahore,Debit Card,4,30.87,5.0,123.48,6.17,117.31
TXN002777,2024-11-11,2024,11,November,4,Monday,Blender,Home & Kitchen,Faisal Sheikh,ISB-01,Islamabad,Cash,4,127.24,0.0,508.96,0.0,508.96
TXN001993,2025-02-26,2025,2,February,1,Wednesday,Blender,Home & Kitchen,Sana Farooq,LHR-02,Lahore,Credit Card,6,242.51,0.0,1455.06,0.0,1455.06
TXN002643,2025-10-14,2025,10,October,4,Tuesday,Denim Jacket,Apparel,Noor Iqbal,LHR-02,Lahore,Mobile Wallet,4,222.67,0.0,890.68,0.0,890.68
TXN001830,2026-02-04,2026,2,February,1,Wednesday,Denim Jacket,Apparel,Ayesha Raza,PSH-01,Peshawar,Mobile Wallet,4,176.42,20.0,705.68,141.14,564.54
TXN003162,2024-04-27,2024,4,April,2,Saturday,Face Moisturizer,Beauty,Sara Raza,KHI-01,Karachi,Cash,1,241.33,5.0,241.33,12.07,229.26
TXN000298,2026-03-31,2026,3,March,1,Tuesday,Wool Sweater,Apparel,Fatima Butt,KHI-01,Karachi,Credit Card,6,155.44,15.0,932.64,139.9,792.74
TXN000781,2025-12-11,2025,12,December,4,Thursday,Denim Jacket,Apparel,Sara Khan,PSH-01,Peshawar,Cash,3,136.74,10.0,410.22,41.02,369.2
TXN004844,2025-03-08,2025,3,March,1,Saturday,Denim Jacket,Apparel,Sara Khan,MUL-01,Multan,Debit Card,2,128.88,0.0,257.76,0.0,257.76
TXN001094,2026-02-21,2026,2,February,1,Saturday,Laptop Stand,Electronics,Sana Sheikh,LHR-01,Lahore,Debit Card,1,243.22,0.0,243.22,0.0,243.22
TXN004887,2025-09-23,2025,9,September,3,Tuesday,Bluetooth Speaker,Electronics,Ayesha Sheikh,PSH-01,Peshawar,Cash,4,37.0,0.0,148.0,0.0,148.0
TXN000920,2024-04-26,2024,4,April,2,Friday,Football,Sports,Sana Chaudhry,KHI-01,Karachi,Mobile Wallet,4,236.62,5.0,946.48,47.32,899.16
TXN002328,2026-06-21,2026,6,June,2,Sunday,Cotton T-Shirt,Apparel,Omar Butt,KHI-01,Karachi,Mobile Wallet,5,43.94,20.0,219.7,43.94,175.76
TXN000846,2025-11-07,2025,11,November,4,Friday,Sports Cap,Apparel,Kamran Butt,LHR-02,Lahore,Credit Card,3,141.39,20.0,424.17,84.83,339.34
TXN000249,2025-04-30,2025,4,April,2,Wednesday,Wireless Mouse,Electronics,Noor Farooq,LHR-02,Lahore,Credit Card,6,130.77,5.0,784.62,39.23,745.39
TXN004164,2024-07-03,2024,7,July,3,Wednesday,Lip Balm,Beauty,Usman Butt,LHR-01,Lahore,Debit Card,3,39.37,20.0,118.11,23.62,94.49
TXN003205,2025-01-05,2025,1,January,1,Sunday,Ceramic Mug Set,Home & Kitchen,Hina Butt,FSD-01,Faisalabad,Debit Card,3,48.79,20.0,146.37,29.27,117.1
TXN004375,2024-12-10,2024,12,December,4,Tuesday,Webcam HD,Electronics,Sara Farooq,KHI-01,Karachi,Credit Card,2,107.6,15.0,215.2,32.28,182.92
TXN004202,2025-11-14,2025,11,November,4,Friday,Football,Sports,Kamran Farooq,LHR-01,Lahore,Cash,3,223.88,0.0,671.64,0.0,671.64
TXN003505,2025-06-24,2025,6,June,2,Tuesday,Denim Jacket,Apparel,Sana Farooq,ISB-01,Islamabad,Mobile Wallet,5,72.07,5.0,360.35,18.02,342.33
TXN000063,2025-01-24,2025,1,January,1,Friday,LED Desk Lamp,Home & Kitchen,Sara Raza,MUL-01,Multan,Cash,4,158.57,0.0,634.28,0.0,634.28
TXN000768,2024-11-11,2024,11,November,4,Monday,Non-Stick Pan,Home & Kitchen,Sana Butt,ISB-01,Islamabad,Credit Card,5,105.4,20.0,527.0,105.4,421.6
TXN000462,2025-04-09,2025,4,April,2,Wednesday,Ceramic Mug Set,Home & Kitchen,Usman Iqbal,FSD-01,Faisalabad,Cash,2,192.04,10.0,384.08,38.41,345.67
TXN001415,2024-09-01,2024,9,September,3,Sunday,Bluetooth Speaker,Electronics,Ali Malik,ISB-01,Islamabad,Cash,1,106.15,10.0,106.15,10.62,95.53
TXN002020,2025-02-20,2025,2,February,1,Thursday,Blender,Home & Kitchen,Ahmed Raza,KHI-01,Karachi,Credit Card,4,83.69,0.0,334.76,0.0,334.76
TXN003741,2025-08-31,2025,8,August,3,Sunday,Yoga Mat,Sports,Ali Farooq,KHI-01,Karachi,Cash,2,131.03,20.0,262.06,52.41,209.65
TXN004351,2025-04-20,2025,4,April,2,Sunday,Coffee Maker,Home & Kitchen,Omar Iqbal,LHR-01,Lahore,Mobile Wallet,4,180.61,0.0,722.44,0.0,722.44
TXN003181,2026-03-01,2026,3,March,1,Sunday,Sunscreen SPF50,Beauty,Faisal Farooq,FSD-01,Faisalabad,Debit Card,3,235.91,5.0,707.73,35.39,672.34
TXN003106,2024-05-10,2024,5,May,2,Friday,Yoga Mat,Sports,Fatima Raza,LHR-01,Lahore,Credit Card,2,98.14,10.0,196.28,19.63,176.65
TXN002599,2026-02-18,2026,2,February,1,Wednesday,LED Desk Lamp,Home & Kitchen,Usman Farooq,PSH-01,Peshawar,Credit Card,1,238.43,10.0,238.43,23.84,214.59
TXN004943,2024-12-01,2024,12,December,4,Sunday,Hair Dryer,Beauty,Noor Khan,KHI-02,Karachi,Credit Card,1,233.57,15.0,233.57,35.04,198.53
TXN000341,2025-08-01,2025,8,August,3,Friday,Yoga Mat,Sports,Ahmed Chaudhry,MUL-01,Multan,Mobile Wallet,6,85.07,15.0,510.42,76.56,433.86
TXN001696,2025-11-02,2025,11,November,4,Sunday,Football,Sports,Mariam Malik,KHI-01,Karachi,Credit Card,2,117.44,0.0,234.88,0.0,234.88
TXN000475,2025-10-03,2025,10,October,4,Friday,Hair Dryer,Beauty,Ali Khan,KHI-02,Karachi,Credit Card,4,227.18,0.0,908.72,0.0,908.72
TXN000176,2025-02-18,2025,2,February,1,Tuesday,Sports Cap,Apparel,Omar Iqbal,KHI-01,Karachi,Cash,6,50.19,15.0,301.14,45.17,255.97
TXN002808,2025-02-23,2025,2,February,1,Sunday,Resistance Bands,Sports,Hina Iqbal,ISB-01,Islamabad,Mobile Wallet,5,203.68,20.0,1018.4,203.68,814.72
TXN003804,2024-09-23,2024,9,September,3,Monday,Cotton T-Shirt,Apparel,Hina Sheikh,ISB-01,Islamabad,Debit Card,6,129.04,20.0,774.24,154.85,619.39
TXN004222,2025-08-18,2025,8,August,3,Monday,Webcam HD,Electronics,Noor Raza,KHI-02,Karachi,Mobile Wallet,6,84.06,5.0,504.36,25.22,479.14
TXN001500,2024-01-23,2024,1,January,1,Tuesday,Denim Jacket,Apparel,Faisal Farooq,LHR-01,Lahore,Cash,1,120.4,15.0,120.4,18.06,102.34
TXN000767,2026-06-30,2026,6,June,2,Tuesday,Hair Dryer,Beauty,Ayesha Khan,MUL-01,Multan,Mobile Wallet,3,19.9,5.0,59.7,2.98,56.72
TXN001995,2025-10-04,2025,10,October,4,Saturday,Cotton T-Shirt,Apparel,Usman Iqbal,KHI-01,Karachi,Cash,4,153.85,15.0,615.4,92.31,523.09
TXN000811,2025-03-17,2025,3,March,1,Monday,Denim Jacket,Apparel,Fatima Sheikh,LHR-02,Lahore,Credit Card,4,89.62,20.0,358.48,71.7,286.78
TXN003998,2024-04-03,2024,4,April,2,Wednesday,Wool Sweater,Apparel,Ahmed Chaudhry,ISB-01,Islamabad,Credit Card,6,217.53,0.0,1305.18,0.0,1305.18
TXN003491,2024-07-19,2024,7,July,3,Friday,LED Desk Lamp,Home & Kitchen,Hina Farooq,FSD-01,Faisalabad,Credit Card,1,176.35,10.0,176.35,17.64,158.71
TXN001914,2026-02-10,2026,2,February,1,Tuesday,Football,Sports,Ayesha Malik,FSD-01,Faisalabad,Cash,3,196.91,0.0,590.73,0.0,590.73
TXN004185,2024-04-05,2024,4,April,2,Friday,Cotton T-Shirt,Apparel,Noor Khan,KHI-02,Karachi,Cash,2,234.88,15.0,469.76,70.46,399.3
TXN002113,2024-07-30,2024,7,July,3,Tuesday,Blender,Home & Kitchen,Ayesha Iqbal,KHI-01,Karachi,Cash,2,179.06,15.0,358.12,53.72,304.4
TXN001848,2025-03-02,2025,3,March,1,Sunday,Resistance Bands,Sports,Sara Butt,KHI-02,Karachi,Credit Card,2,36.35,0.0,72.7,0.0,72.7
TXN004651,2026-06-11,2026,6,June,2,Thursday,Ceramic Mug Set,Home & Kitchen,Hina Sheikh,ISB-01,Islamabad,Debit Card,5,127.35,5.0,636.75,31.84,604.91
TXN004071,2024-07-05,2024,7,July,3,Friday,Lip Balm,Beauty,Usman Iqbal,MUL-01,Multan,Credit Card,1,87.39,0.0,87.39,0.0,87.39
TXN001047,2025-11-12,2025,11,November,4,Wednesday,Ceramic Mug Set,Home & Kitchen,Bilal Butt,KHI-02,Karachi,Credit Card,4,64.48,0.0,257.92,0.0,257.92
TXN001997,2024-09-03,2024,9,September,3,Tuesday,Dumbbell Set,Sports,Kamran Malik,MUL-01,Multan,Cash,5,147.88,20.0,739.4,147.88,591.52
TXN001299,2025-10-12,2025,10,October,4,Sunday,Blender,Home & Kitchen,Hina Farooq,MUL-01,Multan,Cash,2,164.27,0.0,328.54,0.0,328.54
TXN001502,2025-06-11,2025,6,June,2,Wednesday,Sports Cap,Apparel,Usman Chaudhry,MUL-01,Multan,Credit Card,5,156.39,0.0,781.95,0.0,781.95
TXN000581,2025-02-08,2025,2,February,1,Saturday,Cotton T-Shirt,Apparel,Mariam Farooq,LHR-01,Lahore,Mobile Wallet,4,96.42,0.0,385.68,0.0,385.68
TXN001402,2025-08-24,2025,8,August,3,Sunday,Cotton T-Shirt,Apparel,Ali Sheikh,MUL-01,Multan,Credit Card,2,190.06,15.0,380.12,57.02,323.1
TXN002753,2025-07-20,2025,7,July,3,Sunday,LED Desk Lamp,Home & Kitchen,Faisal Khan,KHI-01,Karachi,Debit Card,1,213.69,0.0,213.69,0.0,213.69
TXN001728,2024-09-19,2024,9,September,3,Thursday,Hair Dryer,Beauty,Mariam Chaudhry,LHR-02,Lahore,Credit Card,3,212.47,20.0,637.41,127.48,509.93
TXN004846,2024-12-05,2024,12,December,4,Thursday,Cycling Helmet,Sports,Noor Raza,KHI-01,Karachi,Credit Card,5,235.46,0.0,1177.3,0.0,1177.3
TXN001388,2026-02-22,2026,2,February,1,Sunday,Webcam HD,Electronics,Hina Chaudhry,KHI-01,Karachi,Debit Card,3,218.44,20.0,655.32,131.06,524.26
TXN000463,2024-05-31,2024,5,May,2,Friday,Wool Sweater,Apparel,Noor Khan,ISB-01,Islamabad,Debit Card,6,41.87,5.0,251.22,12.56,238.66
TXN003470,2025-12-07,2025,12,December,4,Sunday,Webcam HD,Electronics,Omar Iqbal,MUL-01,Multan,Credit Card,4,58.69,5.0,234.76,11.74,223.02
TXN000519,2026-03-26,2026,3,March,1,Thursday,Laptop Stand,Electronics,Sara Sheikh,ISB-01,Islamabad,Cash,6,80.67,0.0,484.02,0.0,484.02
TXN002846,2025-03-25,2025,3,March,1,Tuesday,LED Desk Lamp,Home & Kitchen,Ali Iqbal,LHR-01,Lahore,Cash,4,201.19,15.0,804.76,120.71,684.05
TXN001919,2024-02-12,2024,2,February,1,Monday,Denim Jacket,Apparel,Sana Khan,LHR-01,Lahore,Cash,3,134.13,0.0,402.39,0.0,402.39
TXN003202,2026-02-23,2026,2,February,1,Monday,Face Moisturizer,Beauty,Faisal Khan,ISB-01,Islamabad,Credit Card,1,150.89,0.0,150.89,0.0,150.89
TXN003315,2024-12-08,2024,12,December,4,Sunday,Webcam HD,Electronics,Mariam Raza,KHI-01,Karachi,Debit Card,3,200.82,0.0,602.46,0.0,602.46
TXN004364,2024-12-10,2024,12,December,4,Tuesday,Laptop Stand,Electronics,Hina Malik,KHI-02,Karachi,Cash,2,209.96,0.0,419.92,0.0,419.92
TXN002908,2025-10-31,2025,10,October,4,Friday,Hair Dryer,Beauty,Fatima Chaudhry,KHI-02,Karachi,Debit Card,1,70.58,15.0,70.58,10.59,59.99
TXN002787,2024-11-18,2024,11,November,4,Monday,Yoga Mat,Sports,Hassan Chaudhry,PSH-01,Peshawar,Credit Card,6,18.61,0.0,111.66,0.0,111.66
TXN002747,2025-06-19,2025,6,June,2,Thursday,Coffee Maker,Home & Kitchen,Fatima Raza,MUL-01,Multan,Credit Card,5,177.27,5.0,886.35,44.32,842.03
TXN000748,2025-02-21,2025,2,February,1,Friday,Lip Balm,Beauty,Ali Raza,KHI-01,Karachi,Debit Card,3,96.81,0.0,290.43,0.0,290.43
TXN002338,2025-11-06,2025,11,November,4,Thursday,Blender,Home & Kitchen,Mariam Chaudhry,LHR-02,Lahore,Cash,6,91.82,0.0,550.92,0.0,550.92
TXN001597,2024-06-08,2024,6,June,2,Saturday,Dumbbell Set,Sports,Kamran Iqbal,ISB-01,Islamabad,Credit Card,4,172.89,5.0,691.56,34.58,656.98
TXN004865,2025-07-06,2025,7,July,3,Sunday,Ceramic Mug Set,Home & Kitchen,Fatima Raza,PSH-01,Peshawar,Credit Card,5,142.44,5.0,712.2,35.61,676.59
TXN004139,2025-08-11,2025,8,August,3,Monday,Yoga Mat,Sports,Sara Chaudhry,FSD-01,Faisalabad,Credit Card,6,168.6,0.0,1011.6,0.0,1011.6
TXN001266,2025-11-04,2025,11,November,4,Tuesday,Football,Sports,Ayesha Chaudhry,KHI-01,Karachi,Cash,4,144.87,0.0,579.48,0.0,579.48
TXN001793,2025-09-28,2025,9,September,3,Sunday,Laptop Stand,Electronics,Sara Malik,MUL-01,Multan,Credit Card,4,52.07,0.0,208.28,0.0,208.28
TXN002031,2025-10-03,2025,10,October,4,Friday,Sunscreen SPF50,Beauty,Fatima Butt,MUL-01,Multan,Cash,5,125.52,0.0,627.6,0.0,627.6
TXN001444,2026-04-08,2026,4,April,2,Wednesday,Cotton T-Shirt,Apparel,Zainab Malik,LHR-01,Lahore,Debit Card,3,204.44,0.0,613.32,0.0,613.32
TXN001436,2025-10-05,2025,10,October,4,Sunday,Non-Stick Pan,Home & Kitchen,Kamran Raza,ISB-01,Islamabad,Credit Card,4,23.88,0.0,95.52,0.0,95.52
TXN004479,2025-04-04,2025,4,April,2,Friday,Hair Dryer,Beauty,Ayesha Iqbal,PSH-01,Peshawar,Credit Card,5,162.62,20.0,813.1,162.62,650.48
TXN002306,2024-10-10,2024,10,October,4,Thursday,LED Desk Lamp,Home & Kitchen,Noor Sheikh,KHI-01,Karachi,Cash,3,239.25,0.0,717.75,0.0,717.75
TXN003634,2026-05-02,2026,5,May,2,Saturday,Football,Sports,Hassan Malik,LHR-02,Lahore,Mobile Wallet,4,199.76,10.0,799.04,79.9,719.14
TXN002069,2024-09-21,2024,9,September,3,Saturday,Resistance Bands,Sports,Sana Raza,PSH-01,Peshawar,Cash,1,120.24,10.0,120.24,12.02,108.22
TXN000125,2024-07-18,2024,7,July,3,Thursday,LED Desk Lamp,Home & Kitchen,Mariam Khan,MUL-01,Multan,Debit Card,1,140.54,10.0,140.54,14.05,126.49
TXN001709,2025-05-08,2025,5,May,2,Thursday,Wool Sweater,Apparel,Bilal Malik,MUL-01,Multan,Mobile Wallet,1,142.09,0.0,142.09,0.0,142.09
TXN004599,2025-10-11,2025,10,October,4,Saturday,Wireless Mouse,Electronics,Hina Farooq,FSD-01,Faisalabad,Cash,4,239.7,0.0,958.8,0.0,958.8
TXN000620,2025-11-26,2025,11,November,4,Wednesday,Sunscreen SPF50,Beauty,Hina Raza,MUL-01,Multan,Cash,1,208.77,0.0,208.77,0.0,208.77
TXN000541,2025-03-22,2025,3,March,1,Saturday,Shampoo 500ml,Beauty,Bilal Khan,KHI-02,Karachi,Cash,3,240.14,20.0,720.42,144.08,576.34
TXN002572,2026-04-12,2026,4,April,2,Sunday,Shampoo 500ml,Beauty,Zainab Khan,FSD-01,Faisalabad,Cash,3,238.05,20.0,714.15,142.83,571.32
TXN000135,2024-06-10,2024,6,June,2,Monday,Ceramic Mug Set,Home & Kitchen,Bilal Khan,LHR-02,Lahore,Debit Card,4,164.96,0.0,659.84,0.0,659.84
TXN000885,2026-04-02,2026,4,April,2,Thursday,Resistance Bands,Sports,Faisal Chaudhry,MUL-01,Multan,Cash,3,110.67,0.0,332.01,0.0,332.01
TXN002583,2025-11-05,2025,11,November,4,Wednesday,Wireless Mouse,Electronics,Hina Raza,PSH-01,Peshawar,Mobile Wallet,6,247.67,5.0,1486.02,74.3,1411.72
TXN002577,2024-08-22,2024,8,August,3,Thursday,Laptop Stand,Electronics,Hassan Butt,KHI-02,Karachi,Mobile Wallet,6,19.96,20.0,119.76,23.95,95.81
TXN000055,2024-04-17,2024,4,April,2,Wednesday,Sunscreen SPF50,Beauty,Sana Raza,LHR-02,Lahore,Cash,6,85.8,5.0,514.8,25.74,489.06
TXN001137,2024-02-03,2024,2,February,1,Saturday,Blender,Home & Kitchen,Sana Sheikh,ISB-01,Islamabad,Credit Card,1,39.9,15.0,39.9,5.99,33.91
TXN004006,2025-12-03,2025,12,December,4,Wednesday,Bluetooth Speaker,Electronics,Hassan Khan,PSH-01,Peshawar,Mobile Wallet,5,54.86,0.0,274.3,0.0,274.3
TXN002074,2024-12-26,2024,12,December,4,Thursday,Face Moisturizer,Beauty,Hina Chaudhry,MUL-01,Multan,Credit Card,1,51.07,15.0,51.07,7.66,43.41
TXN003497,2026-04-04,2026,4,April,2,Saturday,Ceramic Mug Set,Home & Kitchen,Noor Khan,PSH-01,Peshawar,Cash,1,241.86,0.0,241.86,0.0,241.86
TXN003656,2024-09-26,2024,9,September,3,Thursday,LED Desk Lamp,Home & Kitchen,Hina Iqbal,KHI-01,Karachi,Cash,3,239.42,15.0,718.26,107.74,610.52
TXN002986,2025-02-10,2025,2,February,1,Monday,USB-C Cable,Electronics,Ayesha Chaudhry,LHR-02,Lahore,Mobile Wallet,2,164.71,10.0,329.42,32.94,296.48
TXN003117,2024-08-16,2024,8,August,3,Friday,Blender,Home & Kitchen,Omar Sheikh,LHR-01,Lahore,Credit Card,3,106.83,0.0,320.49,0.0,320.49
TXN000639,2025-10-06,2025,10,October,4,Monday,Lip Balm,Beauty,Kamran Butt,KHI-02,Karachi,Mobile Wallet,2,43.13,0.0,86.26,0.0,86.26
TXN001868,2025-11-09,2025,11,November,4,Sunday,Laptop Stand,Electronics,Hina Butt,ISB-01,Islamabad,Debit Card,4,121.59,20.0,486.36,97.27,389.09
TXN003825,2025-04-11,2025,4,April,2,Friday,Cycling Helmet,Sports,Zainab Farooq,LHR-02,Lahore,Mobile Wallet,2,25.08,0.0,50.16,0.0,50.16
TXN000647,2026-01-08,2026,1,January,1,Thursday,Non-Stick Pan,Home & Kitchen,Bilal Sheikh,LHR-01,Lahore,Cash,1,204.59,0.0,204.59,0.0,204.59
TXN003555,2025-08-09,2025,8,August,3,Saturday,Coffee Maker,Home & Kitchen,Kamran Butt,FSD-01,Faisalabad,Credit Card,5,94.98,0.0,474.9,0.0,474.9
TXN001058,2024-08-27,2024,8,August,3,Tuesday,Cotton T-Shirt,Apparel,Ali Chaudhry,LHR-02,Lahore,Debit Card,2,16.08,0.0,32.16,0.0,32.16
TXN001659,2024-10-08,2024,10,October,4,Tuesday,Face Moisturizer,Beauty,Sara Chaudhry,LHR-01,Lahore,Mobile Wallet,1,210.51,15.0,210.51,31.58,178.93
TXN001951,2025-06-09,2025,6,June,2,Monday,Ceramic Mug Set,Home & Kitchen,Ahmed Butt,LHR-02,Lahore,Mobile Wallet,1,127.7,0.0,127.7,0.0,127.7
TXN004829,2025-12-13,2025,12,December,4,Saturday,Denim Jacket,Apparel,Kamran Iqbal,KHI-01,Karachi,Debit Card,4,19.45,0.0,77.8,0.0,77.8
TXN002694,2026-05-16,2026,5,May,2,Saturday,Shampoo 500ml,Beauty,Omar Malik,ISB-01,Islamabad,Credit Card,1,117.79,0.0,117.79,0.0,117.79
TXN001955,2024-10-17,2024,10,October,4,Thursday,Cotton T-Shirt,Apparel,Kamran Raza,MUL-01,Multan,Mobile Wallet,4,139.41,5.0,557.64,27.88,529.76
TXN002322,2025-09-14,2025,9,September,3,Sunday,Webcam HD,Electronics,Fatima Chaudhry,LHR-02,Lahore,Cash,3,130.37,0.0,391.11,0.0,391.11
TXN003990,2026-07-17,2026,7,July,3,Friday,Wool Sweater,Apparel,Zainab Chaudhry,PSH-01,Peshawar,Credit Card,3,133.49,10.0,400.47,40.05,360.42
TXN004096,2025-01-22,2025,1,January,1,Wednesday,Wireless Mouse,Electronics,Usman Chaudhry,LHR-01,Lahore,Credit Card,4,232.87,5.0,931.48,46.57,884.91
TXN000191,2024-04-14,2024,4,April,2,Sunday,Shampoo 500ml,Beauty,Sara Butt,PSH-01,Peshawar,Cash,3,81.77,20.0,245.31,49.06,196.25
TXN002760,2024-02-05,2024,2,February,1,Monday,Coffee Maker,Home & Kitchen,Sana Butt,FSD-01,Faisalabad,Cash,5,167.89,0.0,839.45,0.0,839.45
TXN000033,2025-06-27,2025,6,June,2,Friday,Webcam HD,Electronics,Fatima Farooq,KHI-02,Karachi,Mobile Wallet,4,150.89,10.0,603.56,60.36,543.2
TXN003685,2025-10-19,2025,10,October,4,Sunday,Dumbbell Set,Sports,Sana Iqbal,KHI-02,Karachi,Credit Card,2,39.62,0.0,79.24,0.0,79.24
TXN000306,2024-12-30,2024,12,December,4,Monday,Running Shoes,Apparel,Ayesha Butt,KHI-02,Karachi,Mobile Wallet,1,195.84,15.0,195.84,29.38,166.46
TXN000762,2025-04-09,2025,4,April,2,Wednesday,Non-Stick Pan,Home & Kitchen,Sara Raza,KHI-02,Karachi,Credit Card,6,185.2,0.0,1111.2,0.0,1111.2
TXN000321,2025-06-13,2025,6,June,2,Friday,Wool Sweater,Apparel,Ayesha Chaudhry,MUL-01,Multan,Debit Card,6,202.86,10.0,1217.16,121.72,1095.44
TXN002036,2025-11-09,2025,11,November,4,Sunday,Sunscreen SPF50,Beauty,Hina Malik,LHR-02,Lahore,Credit Card,6,27.84,20.0,167.04,33.41,133.63
TXN002553,2025-08-19,2025,8,August,3,Tuesday,Cycling Helmet,Sports,Mariam Malik,KHI-01,Karachi,Cash,3,15.25,0.0,45.75,0.0,45.75
TXN003799,2025-01-01,2025,1,January,1,Wednesday,Cotton T-Shirt,Apparel,Fatima Butt,ISB-01,Islamabad,Credit Card,5,65.04,0.0,325.2,0.0,325.2
TXN004756,2025-03-09,2025,3,March,1,Sunday,Lip Balm,Beauty,Ayesha Iqbal,LHR-01,Lahore,Cash,4,132.25,0.0,529.0,0.0,529.0
TXN003844,2025-10-06,2025,10,October,4,Monday,Resistance Bands,Sports,Ayesha Iqbal,KHI-01,Karachi,Cash,1,107.79,5.0,107.79,5.39,102.4
TXN000778,2024-06-14,2024,6,June,2,Friday,Yoga Mat,Sports,Noor Malik,LHR-02,Lahore,Credit Card,2,188.3,0.0,376.6,0.0,376.6
TXN002410,2024-11-13,2024,11,November,4,Wednesday,Resistance Bands,Sports,Sara Malik,KHI-02,Karachi,Mobile Wallet,4,112.84,15.0,451.36,67.7,383.66
TXN001935,2025-09-17,2025,9,September,3,Wednesday,Ceramic Mug Set,Home & Kitchen,Ali Malik,LHR-01,Lahore,Mobile Wallet,3,58.27,0.0,174.81,0.0,174.81
TXN002475,2025-03-26,2025,3,March,1,Wednesday,USB-C Cable,Electronics,Ayesha Chaudhry,FSD-01,Faisalabad,Cash,3,165.99,0.0,497.97,0.0,497.97
TXN002101,2026-06-23,2026,6,June,2,Tuesday,Cotton T-Shirt,Apparel,Bilal Khan,LHR-02,Lahore,Debit Card,5,178.4,0.0,892.0,0.0,892.0
TXN002485,2024-03-03,2024,3,March,1,Sunday,Resistance Bands,Sports,Mariam Malik,PSH-01,Peshawar,Credit Card,1,82.44,15.0,82.44,12.37,70.07
TXN000646,2024-11-04,2024,11,November,4,Monday,Wool Sweater,Apparel,Hina Iqbal,FSD-01,Faisalabad,Credit Card,3,205.3,5.0,615.9,30.8,585.1
TXN004886,2026-04-11,2026,4,April,2,Saturday,Hair Dryer,Beauty,Mariam Farooq,ISB-01,Islamabad,Cash,1,91.04,15.0,91.04,13.66,77.38
TXN004773,2025-08-21,2025,8,August,3,Thursday,Sunscreen SPF50,Beauty,Fatima Raza,LHR-02,Lahore,Cash,2,191.45,0.0,382.9,0.0,382.9
TXN002905,2026-06-14,2026,6,June,2,Sunday,Non-Stick Pan,Home & Kitchen,Omar Butt,KHI-01,Karachi,Cash,2,197.47,0.0,394.94,0.0,394.94
TXN000277,2024-10-23,2024,10,October,4,Wednesday,Yoga Mat,Sports,Ahmed Malik,LHR-02,Lahore,Mobile Wallet,1,78.83,5.0,78.83,3.94,74.89
TXN001162,2024-02-18,2024,2,February,1,Sunday,Face Moisturizer,Beauty,Ahmed Farooq,KHI-02,Karachi,Mobile Wallet,5,93.47,0.0,467.35,0.0,467.35
TXN003787,2024-12-26,2024,12,December,4,Thursday,Lip Balm,Beauty,Sana Iqbal,PSH-01,Peshawar,Credit Card,5,238.97,0.0,1194.85,0.0,1194.85
TXN004734,2025-04-13,2025,4,April,2,Sunday,Football,Sports,Zainab Chaudhry,LHR-02,Lahore,Cash,5,144.4,0.0,722.0,0.0,722.0
TXN004515,2026-03-27,2026,3,March,1,Friday,Denim Jacket,Apparel,Mariam Iqbal,KHI-02,Karachi,Credit Card,1,87.51,0.0,87.51,0.0,87.51
TXN002918,2025-10-17,2025,10,October,4,Friday,Yoga Mat,Sports,Fatima Malik,ISB-01,Islamabad,Cash,5,119.97,10.0,599.85,59.98,539.87
TXN003227,2025-07-26,2025,7,July,3,Saturday,Blender,Home & Kitchen,Zainab Farooq,FSD-01,Faisalabad,Debit Card,4,182.16,0.0,728.64,0.0,728.64
TXN000982,2024-12-16,2024,12,December,4,Monday,Hair Dryer,Beauty,Sana Raza,KHI-01,Karachi,Debit Card,6,131.66,0.0,789.96,0.0,789.96
TXN004691,2024-05-22,2024,5,May,2,Wednesday,USB-C Cable,Electronics,Noor Butt,LHR-02,Lahore,Credit Card,1,74.53,0.0,74.53,0.0,74.53
TXN000839,2024-07-06,2024,7,July,3,Saturday,Lip Balm,Beauty,Kamran Raza,LHR-02,Lahore,Cash,2,195.8,0.0,391.6,0.0,391.6
TXN003003,2026-06-27,2026,6,June,2,Saturday,Non-Stick Pan,Home & Kitchen,Ali Chaudhry,KHI-01,Karachi,Cash,5,14.1,0.0,70.5,0.0,70.5
TXN003854,2024-09-21,2024,9,September,3,Saturday,Yoga Mat,Sports,Ayesha Sheikh,KHI-02,Karachi,Debit Card,3,76.32,15.0,228.96,34.34,194.62
TXN000315,2025-02-08,2025,2,February,1,Saturday,Coffee Maker,Home & Kitchen,Omar Chaudhry,FSD-01,Faisalabad,Mobile Wallet,3,222.48,5.0,667.44,33.37,634.07
TXN003186,2024-05-25,2024,5,May,2,Saturday,Face Moisturizer,Beauty,Zainab Iqbal,KHI-01,Karachi,Mobile Wallet,5,178.29,20.0,891.45,178.29,713.16
TXN002962,2025-02-28,2025,2,February,1,Friday,Lip Balm,Beauty,Usman Raza,LHR-02,Lahore,Credit Card,5,63.52,0.0,317.6,0.0,317.6
TXN004286,2024-12-20,2024,12,December,4,Friday,Hair Dryer,Beauty,Usman Chaudhry,FSD-01,Faisalabad,Cash,3,66.68,5.0,200.04,10.0,190.04
TXN002104,2026-05-28,2026,5,May,2,Thursday,Sunscreen SPF50,Beauty,Zainab Malik,LHR-01,Lahore,Cash,5,58.33,0.0,291.65,0.0,291.65
TXN004401,2026-04-29,2026,4,April,2,Wednesday,Ceramic Mug Set,Home & Kitchen,Ayesha Khan,ISB-01,Islamabad,Credit Card,1,206.5,0.0,206.5,0.0,206.5
TXN003961,2025-09-12,2025,9,September,3,Friday,Face Moisturizer,Beauty,Ahmed Chaudhry,ISB-01,Islamabad,Cash,4,221.88,0.0,887.52,0.0,887.52
TXN003733,2024-10-19,2024,10,October,4,Saturday,Hair Dryer,Beauty,Hina Malik,KHI-01,Karachi,Mobile Wallet,1,139.11,10.0,139.11,13.91,125.2
TXN004108,2024-03-28,2024,3,March,1,Thursday,LED Desk Lamp,Home & Kitchen,Ali Iqbal,ISB-01,Islamabad,Mobile Wallet,2,145.54,10.0,291.08,29.11,261.97
TXN002426,2026-06-22,2026,6,June,2,Monday,Dumbbell Set,Sports,Hina Khan,KHI-02,Karachi,Debit Card,1,153.98,0.0,153.98,0.0,153.98
TXN002419,2024-04-23,2024,4,April,2,Tuesday,Running Shoes,Apparel,Ahmed Malik,MUL-01,Multan,Credit Card,3,110.88,0.0,332.64,0.0,332.64
TXN002501,2025-10-17,2025,10,October,4,Friday,Denim Jacket,Apparel,Zainab Iqbal,FSD-01,Faisalabad,Cash,4,25.16,20.0,100.64,20.13,80.51
TXN003870,2024-02-04,2024,2,February,1,Sunday,USB-C Cable,Electronics,Bilal Butt,KHI-01,Karachi,Credit Card,5,37.77,0.0,188.85,0.0,188.85
TXN002150,2025-03-21,2025,3,March,1,Friday,Cotton T-Shirt,Apparel,Sana Butt,FSD-01,Faisalabad,Cash,2,12.38,5.0,24.76,1.24,23.52
TXN002394,2026-07-17,2026,7,July,3,Friday,Sports Cap,Apparel,Omar Khan,ISB-01,Islamabad,Debit Card,4,40.83,0.0,163.32,0.0,163.32
TXN001050,2024-09-17,2024,9,September,3,Tuesday,Sunscreen SPF50,Beauty,Bilal Malik,KHI-02,Karachi,Credit Card,6,29.21,5.0,175.26,8.76,166.5
TXN000229,2024-08-04,2024,8,August,3,Sunday,Webcam HD,Electronics,Fatima Farooq,KHI-01,Karachi,Credit Card,4,35.92,0.0,143.68,0.0,143.68
TXN004241,2025-12-21,2025,12,December,4,Sunday,Football,Sports,Faisal Sheikh,LHR-01,Lahore,Credit Card,1,61.38,5.0,61.38,3.07,58.31
TXN002972,2024-04-29,2024,4,April,2,Monday,Webcam HD,Electronics,Hina Chaudhry,LHR-01,Lahore,Cash,6,178.89,20.0,1073.34,214.67,858.67
TXN000112,2024-06-12,2024,6,June,2,Wednesday,Non-Stick Pan,Home & Kitchen,Faisal Raza,LHR-02,Lahore,Credit Card,5,39.98,0.0,199.9,0.0,199.9
TXN003256,2024-07-13,2024,7,July,3,Saturday,Resistance Bands,Sports,Kamran Sheikh,MUL-01,Multan,Credit Card,1,143.36,0.0,143.36,0.0,143.36
TXN004116,2024-08-23,2024,8,August,3,Friday,Webcam HD,Electronics,Ayesha Khan,KHI-01,Karachi,Cash,5,118.35,0.0,591.75,0.0,591.75
TXN001756,2024-11-14,2024,11,November,4,Thursday,Sports Cap,Apparel,Sara Iqbal,FSD-01,Faisalabad,Cash,3,12.96,10.0,38.88,3.89,34.99
TXN004752,2025-11-11,2025,11,November,4,Tuesday,Hair Dryer,Beauty,Sana Sheikh,FSD-01,Faisalabad,Credit Card,3,204.28,10.0,612.84,61.28,551.56
TXN002530,2024-06-19,2024,6,June,2,Wednesday,Running Shoes,Apparel,Kamran Raza,PSH-01,Peshawar,Credit Card,1,132.61,0.0,132.61,0.0,132.61
TXN000479,2024-08-28,2024,8,August,3,Wednesday,Sunscreen SPF50,Beauty,Sara Malik,ISB-01,Islamabad,Credit Card,5,227.52,10.0,1137.6,113.76,1023.84
TXN001333,2025-05-24,2025,5,May,2,Saturday,Cotton T-Shirt,Apparel,Faisal Sheikh,LHR-01,Lahore,Credit Card,4,161.38,0.0,645.52,0.0,645.52
TXN003835,2024-08-04,2024,8,August,3,Sunday,Ceramic Mug Set,Home & Kitchen,Ayesha Butt,KHI-02,Karachi,Credit Card,5,192.64,10.0,963.2,96.32,866.88
TXN004224,2024-10-08,2024,10,October,4,Tuesday,Running Shoes,Apparel,Mariam Malik,ISB-01,Islamabad,Cash,6,35.82,15.0,214.92,32.24,182.68
TXN003192,2025-03-07,2025,3,March,1,Friday,Lip Balm,Beauty,Hina Chaudhry,PSH-01,Peshawar,Credit Card,5,140.33,0.0,701.65,0.0,701.65
TXN002622,2024-12-17,2024,12,December,4,Tuesday,Hair Dryer,Beauty,Hassan Chaudhry,PSH-01,Peshawar,Debit Card,6,148.74,0.0,892.44,0.0,892.44
TXN003633,2025-12-24,2025,12,December,4,Wednesday,Sunscreen SPF50,Beauty,Hina Iqbal,FSD-01,Faisalabad,Debit Card,2,233.68,0.0,467.36,0.0,467.36
TXN001188,2024-11-17,2024,11,November,4,Sunday,Blender,Home & Kitchen,Zainab Malik,MUL-01,Multan,Cash,1,17.08,15.0,17.08,2.56,14.52
TXN003534,2025-11-09,2025,11,November,4,Sunday,Sunscreen SPF50,Beauty,Mariam Raza,MUL-01,Multan,Mobile Wallet,2,72.51,0.0,145.02,0.0,145.02
TXN001555,2025-03-07,2025,3,March,1,Friday,Laptop Stand,Electronics,Zainab Farooq,LHR-01,Lahore,Cash,2,8.93,0.0,17.86,0.0,17.86
TXN002977,2024-09-24,2024,9,September,3,Tuesday,Hair Dryer,Beauty,Faisal Sheikh,FSD-01,Faisalabad,Cash,6,19.2,0.0,115.2,0.0,115.2
TXN004386,2024-03-04,2024,3,March,1,Monday,Blender,Home & Kitchen,Omar Farooq,LHR-01,Lahore,Debit Card,5,149.91,20.0,749.55,149.91,599.64
TXN004693,2024-01-03,2024,1,January,1,Wednesday,Laptop Stand,Electronics,Zainab Iqbal,LHR-02,Lahore,Cash,6,42.29,20.0,253.74,50.75,202.99
TXN003335,2024-12-30,2024,12,December,4,Monday,Hair Dryer,Beauty,Ali Sheikh,PSH-01,Peshawar,Debit Card,3,154.0,0.0,462.0,0.0,462.0
TXN002182,2024-12-26,2024,12,December,4,Thursday,Dumbbell Set,Sports,Noor Raza,ISB-01,Islamabad,Debit Card,1,205.96,15.0,205.96,30.89,175.07
TXN003184,2025-02-09,2025,2,February,1,Sunday,Non-Stick Pan,Home & Kitchen,Faisal Malik,MUL-01,Multan,Debit Card,5,81.55,10.0,407.75,40.77,366.98
TXN001644,2025-11-29,2025,11,November,4,Saturday,Football,Sports,Noor Farooq,LHR-02,Lahore,Mobile Wallet,3,59.93,0.0,179.79,0.0,179.79
TXN003268,2024-04-21,2024,4,April,2,Sunday,Non-Stick Pan,Home & Kitchen,Sana Sheikh,KHI-01,Karachi,Cash,6,49.94,15.0,299.64,44.95,254.69
TXN003951,2025-09-19,2025,9,September,3,Friday,Coffee Maker,Home & Kitchen,Zainab Farooq,KHI-01,Karachi,Cash,6,15.09,10.0,90.54,9.05,81.49
TXN001870,2024-09-29,2024,9,September,3,Sunday,USB-C Cable,Electronics,Hina Sheikh,MUL-01,Multan,Cash,1,215.36,15.0,215.36,32.3,183.06
TXN001238,2024-06-10,2024,6,June,2,Monday,Denim Jacket,Apparel,Omar Raza,PSH-01,Peshawar,Debit Card,6,191.09,0.0,1146.54,0.0,1146.54
TXN004763,2025-02-02,2025,2,February,1,Sunday,Webcam HD,Electronics,Kamran Farooq,KHI-02,Karachi,Mobile Wallet,4,82.66,0.0,330.64,0.0,330.64
TXN003232,2026-05-14,2026,5,May,2,Thursday,Face Moisturizer,Beauty,Zainab Butt,MUL-01,Multan,Cash,5,165.53,0.0,827.65,0.0,827.65
TXN003203,2024-09-12,2024,9,September,3,Thursday,Ceramic Mug Set,Home & Kitchen,Omar Iqbal,KHI-02,Karachi,Debit Card,5,202.76,0.0,1013.8,0.0,1013.8
TXN001622,2026-03-11,2026,3,March,1,Wednesday,Blender,Home & Kitchen,Bilal Raza,KHI-02,Karachi,Credit Card,5,117.21,0.0,586.05,0.0,586.05
TXN001548,2025-02-14,2025,2,February,1,Friday,Running Shoes,Apparel,Kamran Khan,PSH-01,Peshawar,Cash,1,86.01,5.0,86.01,4.3,81.71
TXN003052,2024-12-15,2024,12,December,4,Sunday,Lip Balm,Beauty,Faisal Khan,ISB-01,Islamabad,Credit Card,3,43.55,5.0,130.65,6.53,124.12
TXN002135,2025-07-08,2025,7,July,3,Tuesday,Resistance Bands,Sports,Noor Iqbal,LHR-01,Lahore,Cash,6,93.34,0.0,560.04,0.0,560.04
TXN002270,2026-07-13,2026,7,July,3,Monday,Denim Jacket,Apparel,Hassan Iqbal,KHI-01,Karachi,Debit Card,2,60.51,20.0,121.02,24.2,96.82
TXN003158,2024-02-25,2024,2,February,1,Sunday,Lip Balm,Beauty,Ali Chaudhry,LHR-01,Lahore,Credit Card,6,242.39,0.0,1454.34,0.0,1454.34
TXN001745,2026-02-28,2026,2,February,1,Saturday,Face Moisturizer,Beauty,Ayesha Sheikh,ISB-01,Islamabad,Credit Card,6,142.41,0.0,854.46,0.0,854.46
TXN003180,2026-04-23,2026,4,April,2,Thursday,Lip Balm,Beauty,Hina Raza,KHI-01,Karachi,Mobile Wallet,2,101.45,5.0,202.9,10.14,192.76
TXN001845,2024-06-26,2024,6,June,2,Wednesday,Bluetooth Speaker,Electronics,Ali Iqbal,MUL-01,Multan,Debit Card,4,69.23,5.0,276.92,13.85,263.07
TXN000710,2025-07-25,2025,7,July,3,Friday,Laptop Stand,Electronics,Kamran Sheikh,KHI-01,Karachi,Mobile Wallet,4,44.84,0.0,179.36,0.0,179.36
TXN001145,2026-06-18,2026,6,June,2,Thursday,Resistance Bands,Sports,Mariam Butt,PSH-01,Peshawar,Credit Card,3,168.5,5.0,505.5,25.27,480.23
TXN001494,2025-10-30,2025,10,October,4,Thursday,Ceramic Mug Set,Home & Kitchen,Usman Iqbal,KHI-01,Karachi,Debit Card,1,244.92,20.0,244.92,48.98,195.94
TXN001617,2026-03-06,2026,3,March,1,Friday,Face Moisturizer,Beauty,Zainab Khan,ISB-01,Islamabad,Debit Card,3,20.35,5.0,61.05,3.05,58.0
TXN003618,2025-02-03,2025,2,February,1,Monday,Bluetooth Speaker,Electronics,Usman Khan,LHR-01,Lahore,Credit Card,4,121.79,15.0,487.16,73.07,414.09
TXN002360,2024-06-09,2024,6,June,2,Sunday,Wireless Mouse,Electronics,Kamran Farooq,LHR-02,Lahore,Credit Card,1,118.49,0.0,118.49,0.0,118.49
TXN001171,2024-06-11,2024,6,June,2,Tuesday,Webcam HD,Electronics,Hina Malik,PSH-01,Peshawar,Credit Card,1,168.01,0.0,168.01,0.0,168.01
TXN001347,2024-05-26,2024,5,May,2,Sunday,Laptop Stand,Electronics,Bilal Khan,ISB-01,Islamabad,Mobile Wallet,5,105.94,20.0,529.7,105.94,423.76
TXN003421,2025-12-13,2025,12,December,4,Saturday,Cotton T-Shirt,Apparel,Omar Chaudhry,KHI-01,Karachi,Debit Card,5,237.14,0.0,1185.7,0.0,1185.7
TXN001657,2025-12-18,2025,12,December,4,Thursday,Dumbbell Set,Sports,Ali Raza,LHR-01,Lahore,Cash,4,88.48,5.0,353.92,17.7,336.22
TXN000623,2026-04-11,2026,4,April,2,Saturday,Sunscreen SPF50,Beauty,Zainab Raza,FSD-01,Faisalabad,Debit Card,4,31.63,0.0,126.52,0.0,126.52
TXN004389,2025-12-23,2025,12,December,4,Tuesday,Ceramic Mug Set,Home & Kitchen,Ahmed Malik,LHR-01,Lahore,Cash,1,71.26,10.0,71.26,7.13,64.13
TXN000142,2026-04-28,2026,4,April,2,Tuesday,Yoga Mat,Sports,Mariam Malik,PSH-01,Peshawar,Cash,2,226.21,0.0,452.42,0.0,452.42
TXN000210,2025-01-16,2025,1,January,1,Thursday,Cotton T-Shirt,Apparel,Ahmed Butt,LHR-01,Lahore,Credit Card,6,159.42,20.0,956.52,191.3,765.22
TXN000890,2026-01-20,2026,1,January,1,Tuesday,Blender,Home & Kitchen,Sara Malik,LHR-02,Lahore,Cash,5,65.96,20.0,329.8,65.96,263.84
TXN002970,2025-01-07,2025,1,January,1,Tuesday,Face Moisturizer,Beauty,Zainab Raza,PSH-01,Peshawar,Cash,1,95.21,0.0,95.21,0.0,95.21
TXN004009,2026-01-24,2026,1,January,1,Saturday,Sunscreen SPF50,Beauty,Hassan Malik,FSD-01,Faisalabad,Credit Card,3,10.91,5.0,32.73,1.64,31.09
TXN000668,2026-07-05,2026,7,July,3,Sunday,Ceramic Mug Set,Home & Kitchen,Usman Chaudhry,MUL-01,Multan,Mobile Wallet,3,88.79,5.0,266.37,13.32,253.05
TXN002169,2024-05-05,2024,5,May,2,Sunday,Blender,Home & Kitchen,Sara Khan,MUL-01,Multan,Cash,2,132.68,20.0,265.36,53.07,212.29
TXN002591,2025-05-09,2025,5,May,2,Friday,Denim Jacket,Apparel,Sana Sheikh,PSH-01,Peshawar,Credit Card,4,75.79,0.0,303.16,0.0,303.16
TXN000929,2024-07-21,2024,7,July,3,Sunday,Lip Balm,Beauty,Kamran Sheikh,LHR-01,Lahore,Credit Card,5,40.25,0.0,201.25,0.0,201.25
TXN001223,2024-10-27,2024,10,October,4,Sunday,LED Desk Lamp,Home & Kitchen,Bilal Malik,ISB-01,Islamabad,Credit Card,1,124.1,0.0,124.1,0.0,124.1
TXN000677,2024-09-04,2024,9,September,3,Wednesday,Blender,Home & Kitchen,Omar Sheikh,FSD-01,Faisalabad,Cash,2,243.51,0.0,487.02,0.0,487.02
TXN002222,2025-07-19,2025,7,July,3,Saturday,Denim Jacket,Apparel,Ali Iqbal,MUL-01,Multan,Credit Card,6,136.33,0.0,817.98,0.0,817.98
TXN004964,2026-05-11,2026,5,May,2,Monday,Wool Sweater,Apparel,Faisal Khan,FSD-01,Faisalabad,Credit Card,6,51.56,20.0,309.36,61.87,247.49
TXN001292,2024-07-25,2024,7,July,3,Thursday,Football,Sports,Bilal Malik,LHR-02,Lahore,Mobile Wallet,6,64.69,5.0,388.14,19.41,368.73
TXN003001,2025-06-12,2025,6,June,2,Thursday,Cycling Helmet,Sports,Omar Butt,KHI-02,Karachi,Cash,2,41.42,0.0,82.84,0.0,82.84
TXN001730,2024-12-30,2024,12,December,4,Monday,Coffee Maker,Home & Kitchen,Ayesha Farooq,MUL-01,Multan,Mobile Wallet,6,12.05,5.0,72.3,3.62,68.68
TXN002675,2024-06-03,2024,6,June,2,Monday,Lip Balm,Beauty,Hassan Raza,MUL-01,Multan,Debit Card,1,65.12,10.0,65.12,6.51,58.61
TXN001691,2025-11-19,2025,11,November,4,Wednesday,LED Desk Lamp,Home & Kitchen,Ayesha Butt,FSD-01,Faisalabad,Cash,4,81.93,0.0,327.72,0.0,327.72
TXN000382,2025-12-29,2025,12,December,4,Monday,Hair Dryer,Beauty,Ayesha Sheikh,FSD-01,Faisalabad,Credit Card,1,210.0,10.0,210.0,21.0,189.0
TXN004737,2024-10-29,2024,10,October,4,Tuesday,Cycling Helmet,Sports,Ahmed Malik,FSD-01,Faisalabad,Credit Card,5,9.9,20.0,49.5,9.9,39.6
TXN002332,2025-12-27,2025,12,December,4,Saturday,Dumbbell Set,Sports,Sana Iqbal,KHI-01,Karachi,Credit Card,5,62.31,10.0,311.55,31.16,280.39
TXN002645,2024-10-16,2024,10,October,4,Wednesday,Sunscreen SPF50,Beauty,Mariam Butt,PSH-01,Peshawar,Cash,2,37.65,0.0,75.3,0.0,75.3
TXN004117,2025-04-25,2025,4,April,2,Friday,Face Moisturizer,Beauty,Ahmed Chaudhry,KHI-02,Karachi,Mobile Wallet,1,131.89,15.0,131.89,19.78,112.11
TXN003148,2024-08-18,2024,8,August,3,Sunday,Cycling Helmet,Sports,Hina Raza,LHR-01,Lahore,Cash,6,123.22,0.0,739.32,0.0,739.32
TXN002141,2024-06-01,2024,6,June,2,Saturday,Non-Stick Pan,Home & Kitchen,Usman Chaudhry,LHR-01,Lahore,Credit Card,2,50.55,0.0,101.1,0.0,101.1
TXN001330,2024-04-19,2024,4,April,2,Friday,USB-C Cable,Electronics,Ali Raza,ISB-01,Islamabad,Cash,1,165.4,20.0,165.4,33.08,132.32
TXN002452,2024-02-18,2024,2,February,1,Sunday,Football,Sports,Noor Malik,FSD-01,Faisalabad,Cash,2,243.88,0.0,487.76,0.0,487.76
TXN004370,2025-09-07,2025,9,September,3,Sunday,Running Shoes,Apparel,Bilal Butt,MUL-01,Multan,Cash,3,128.29,15.0,384.87,57.73,327.14
TXN002245,2025-11-11,2025,11,November,4,Tuesday,Cotton T-Shirt,Apparel,Ali Khan,FSD-01,Faisalabad,Cash,1,39.31,5.0,39.31,1.97,37.34
TXN002115,2025-02-13,2025,2,February,1,Thursday,Non-Stick Pan,Home & Kitchen,Ayesha Farooq,MUL-01,Multan,Mobile Wallet,3,30.88,5.0,92.64,4.63,88.01
TXN000098,2024-03-20,2024,3,March,1,Wednesday,Denim Jacket,Apparel,Sana Butt,FSD-01,Faisalabad,Cash,1,211.88,15.0,211.88,31.78,180.1
TXN001443,2025-12-12,2025,12,December,4,Friday,Webcam HD,Electronics,Hina Chaudhry,ISB-01,Islamabad,Debit Card,2,156.9,20.0,313.8,62.76,251.04
TXN003261,2026-01-08,2026,1,January,1,Thursday,Denim Jacket,Apparel,Hina Chaudhry,MUL-01,Multan,Debit Card,6,179.26,0.0,1075.56,0.0,1075.56
TXN000643,2025-05-05,2025,5,May,2,Monday,Bluetooth Speaker,Electronics,Sana Farooq,KHI-01,Karachi,Credit Card,5,64.73,0.0,323.65,0.0,323.65
TXN001748,2024-03-05,2024,3,March,1,Tuesday,Cycling Helmet,Sports,Mariam Khan,ISB-01,Islamabad,Credit Card,5,38.74,0.0,193.7,0.0,193.7
TXN001832,2025-09-08,2025,9,September,3,Monday,USB-C Cable,Electronics,Mariam Sheikh,KHI-02,Karachi,Cash,5,89.21,10.0,446.05,44.6,401.45
TXN000791,2025-02-16,2025,2,February,1,Sunday,USB-C Cable,Electronics,Hina Raza,FSD-01,Faisalabad,Cash,6,210.24,20.0,1261.44,252.29,1009.15
TXN004384,2025-11-27,2025,11,November,4,Thursday,Yoga Mat,Sports,Omar Farooq,LHR-01,Lahore,Credit Card,6,133.08,0.0,798.48,0.0,798.48
TXN000608,2024-02-05,2024,2,February,1,Monday,Sports Cap,Apparel,Hina Malik,KHI-02,Karachi,Mobile Wallet,5,245.08,0.0,1225.4,0.0,1225.4
TXN004431,2024-08-27,2024,8,August,3,Tuesday,Ceramic Mug Set,Home & Kitchen,Bilal Iqbal,KHI-01,Karachi,Credit Card,1,37.84,0.0,37.84,0.0,37.84
TXN004366,2024-10-29,2024,10,October,4,Tuesday,Coffee Maker,Home & Kitchen,Omar Khan,KHI-02,Karachi,Credit Card,6,117.32,0.0,703.92,0.0,703.92
TXN004067,2026-03-18,2026,3,March,1,Wednesday,Sunscreen SPF50,Beauty,Ayesha Farooq,MUL-01,Multan,Cash,6,79.76,5.0,478.56,23.93,454.63
TXN000239,2024-10-10,2024,10,October,4,Thursday,Blender,Home & Kitchen,Zainab Malik,ISB-01,Islamabad,Debit Card,3,84.66,15.0,253.98,38.1,215.88
TXN004991,2025-10-30,2025,10,October,4,Thursday,LED Desk Lamp,Home & Kitchen,Faisal Sheikh,KHI-02,Karachi,Mobile Wallet,6,132.53,0.0,795.18,0.0,795.18
TXN000945,2025-07-17,2025,7,July,3,Thursday,Blender,Home & Kitchen,Mariam Sheikh,PSH-01,Peshawar,Credit Card,6,159.08,10.0,954.48,95.45,859.03
TXN003024,2025-07-05,2025,7,July,3,Saturday,Cotton T-Shirt,Apparel,Omar Chaudhry,ISB-01,Islamabad,Credit Card,6,158.02,10.0,948.12,94.81,853.31
TXN000727,2026-01-29,2026,1,January,1,Thursday,Denim Jacket,Apparel,Sana Farooq,ISB-01,Islamabad,Credit Card,5,111.35,10.0,556.75,55.67,501.08
TXN000516,2024-10-28,2024,10,October,4,Monday,Webcam HD,Electronics,Fatima Raza,KHI-01,Karachi,Debit Card,2,11.85,0.0,23.7,0.0,23.7
TXN000715,2024-01-29,2024,1,January,1,Monday,Ceramic Mug Set,Home & Kitchen,Noor Farooq,FSD-01,Faisalabad,Cash,4,11.47,0.0,45.88,0.0,45.88
TXN004177,2024-02-17,2024,2,February,1,Saturday,Shampoo 500ml,Beauty,Usman Khan,KHI-02,Karachi,Cash,5,214.45,0.0,1072.25,0.0,1072.25
TXN004361,2024-03-29,2024,3,March,1,Friday,Cotton T-Shirt,Apparel,Hassan Raza,FSD-01,Faisalabad,Credit Card,2,189.83,5.0,379.66,18.98,360.68
TXN004857,2026-04-04,2026,4,April,2,Saturday,Cotton T-Shirt,Apparel,Faisal Butt,LHR-02,Lahore,Cash,3,128.06,5.0,384.18,19.21,364.97
TXN001885,2024-03-25,2024,3,March,1,Monday,Cotton T-Shirt,Apparel,Hina Raza,ISB-01,Islamabad,Debit Card,6,148.47,0.0,890.82,0.0,890.82
TXN002232,2025-10-05,2025,10,October,4,Sunday,Webcam HD,Electronics,Sara Khan,ISB-01,Islamabad,Cash,4,111.87,20.0,447.48,89.5,357.98
TXN004486,2025-03-31,2025,3,March,1,Monday,Wool Sweater,Apparel,Kamran Sheikh,KHI-01,Karachi,Cash,5,27.07,20.0,135.35,27.07,108.28
TXN000007,2024-05-21,2024,5,May,2,Tuesday,Sports Cap,Apparel,Noor Iqbal,ISB-01,Islamabad,Credit Card,1,125.91,0.0,125.91,0.0,125.91
TXN004284,2026-06-09,2026,6,June,2,Tuesday,Hair Dryer,Beauty,Sana Butt,KHI-01,Karachi,Credit Card,3,165.16,15.0,495.48,74.32,421.16
TXN000682,2025-10-02,2025,10,October,4,Thursday,Wool Sweater,Apparel,Sana Khan,LHR-02,Lahore,Cash,4,56.52,5.0,226.08,11.3,214.78
TXN002450,2025-01-22,2025,1,January,1,Wednesday,USB-C Cable,Electronics,Zainab Iqbal,LHR-02,Lahore,Credit Card,5,101.98,15.0,509.9,76.48,433.42
TXN004698,2024-10-18,2024,10,October,4,Friday,Sunscreen SPF50,Beauty,Noor Farooq,ISB-01,Islamabad,Cash,1,196.71,10.0,196.71,19.67,177.04
TXN001840,2024-03-01,2024,3,March,1,Friday,Laptop Stand,Electronics,Faisal Iqbal,LHR-02,Lahore,Credit Card,6,183.04,0.0,1098.24,0.0,1098.24
TXN004987,2024-09-18,2024,9,September,3,Wednesday,Bluetooth Speaker,Electronics,Noor Raza,KHI-01,Karachi,Mobile Wallet,5,50.45,0.0,252.25,0.0,252.25
TXN004632,2026-04-05,2026,4,April,2,Sunday,Resistance Bands,Sports,Omar Sheikh,PSH-01,Peshawar,Debit Card,1,14.32,15.0,14.32,2.15,12.17
TXN001886,2026-07-25,2026,7,July,3,Saturday,Ceramic Mug Set,Home & Kitchen,Kamran Chaudhry,FSD-01,Faisalabad,Debit Card,2,176.52,0.0,353.04,0.0,353.04
TXN000641,2025-02-16,2025,2,February,1,Sunday,Bluetooth Speaker,Electronics,Noor Butt,LHR-02,Lahore,Credit Card,2,182.46,10.0,364.92,36.49,328.43
TXN003021,2026-02-12,2026,2,February,1,Thursday,Laptop Stand,Electronics,Omar Iqbal,KHI-01,Karachi,Debit Card,2,123.85,5.0,247.7,12.38,235.32
TXN003333,2026-05-21,2026,5,May,2,Thursday,Cotton T-Shirt,Apparel,Fatima Sheikh,PSH-01,Peshawar,Cash,4,44.1,15.0,176.4,26.46,149.94
TXN001122,2024-06-20,2024,6,June,2,Thursday,Sports Cap,Apparel,Sana Sheikh,FSD-01,Faisalabad,Cash,5,47.11,0.0,235.55,0.0,235.55
TXN000550,2024-11-25,2024,11,November,4,Monday,Yoga Mat,Sports,Faisal Raza,KHI-01,Karachi,Debit Card,6,96.6,5.0,579.6,28.98,550.62
TXN002738,2025-05-26,2025,5,May,2,Monday,Blender,Home & Kitchen,Sana Raza,KHI-02,Karachi,Credit Card,1,118.87,0.0,118.87,0.0,118.87
TXN000465,2024-09-21,2024,9,September,3,Saturday,Football,Sports,Ahmed Butt,MUL-01,Multan,Mobile Wallet,2,166.37,15.0,332.74,49.91,282.83
TXN001315,2026-04-13,2026,4,April,2,Monday,Laptop Stand,Electronics,Bilal Farooq,MUL-01,Multan,Cash,6,66.04,0.0,396.24,0.0,396.24
TXN000804,2024-12-21,2024,12,December,4,Saturday,Wool Sweater,Apparel,Zainab Iqbal,FSD-01,Faisalabad,Cash,1,169.12,0.0,169.12,0.0,169.12
TXN004688,2026-04-05,2026,4,April,2,Sunday,Bluetooth Speaker,Electronics,Mariam Butt,LHR-02,Lahore,Mobile Wallet,1,203.01,0.0,203.01,0.0,203.01
TXN003303,2025-05-24,2025,5,May,2,Saturday,Coffee Maker,Home & Kitchen,Fatima Iqbal,ISB-01,Islamabad,Cash,3,120.0,0.0,360.0,0.0,360.0
TXN003278,2024-02-03,2024,2,February,1,Saturday,Dumbbell Set,Sports,Sana Chaudhry,MUL-01,Multan,Credit Card,4,124.11,5.0,496.44,24.82,471.62
TXN002027,2024-09-15,2024,9,September,3,Sunday,Cycling Helmet,Sports,Omar Farooq,ISB-01,Islamabad,Cash,1,72.89,20.0,72.89,14.58,58.31
TXN002072,2024-09-02,2024,9,September,3,Monday,Wireless Mouse,Electronics,Noor Iqbal,FSD-01,Faisalabad,Debit Card,1,241.69,10.0,241.69,24.17,217.52
TXN002902,2024-07-16,2024,7,July,3,Tuesday,Ceramic Mug Set,Home & Kitchen,Fatima Raza,PSH-01,Peshawar,Credit Card,6,22.32,0.0,133.92,0.0,133.92
TXN003609,2025-01-03,2025,1,January,1,Friday,Denim Jacket,Apparel,Omar Chaudhry,MUL-01,Multan,Mobile Wallet,3,56.53,0.0,169.59,0.0,169.59
TXN003507,2025-11-24,2025,11,November,4,Monday,Hair Dryer,Beauty,Ahmed Khan,FSD-01,Faisalabad,Cash,2,78.27,0.0,156.54,0.0,156.54
TXN003888,2025-07-28,2025,7,July,3,Monday,Bluetooth Speaker,Electronics,Mariam Malik,PSH-01,Peshawar,Cash,6,185.5,10.0,1113.0,111.3,1001.7
TXN002613,2025-08-12,2025,8,August,3,Tuesday,Wool Sweater,Apparel,Kamran Malik,LHR-01,Lahore,Debit Card,4,185.07,15.0,740.28,111.04,629.24
TXN001742,2024-11-07,2024,11,November,4,Thursday,Lip Balm,Beauty,Faisal Farooq,LHR-01,Lahore,Mobile Wallet,2,235.24,0.0,470.48,0.0,470.48
TXN000317,2024-11-12,2024,11,November,4,Tuesday,Wireless Mouse,Electronics,Bilal Malik,ISB-01,Islamabad,Cash,3,65.61,10.0,196.83,19.68,177.15
TXN003437,2025-10-18,2025,10,October,4,Saturday,Shampoo 500ml,Beauty,Faisal Farooq,KHI-01,Karachi,Cash,2,26.49,0.0,52.98,0.0,52.98
TXN001348,2024-09-18,2024,9,September,3,Wednesday,Sunscreen SPF50,Beauty,Ali Farooq,LHR-01,Lahore,Credit Card,5,91.23,0.0,456.15,0.0,456.15
TXN003382,2024-11-20,2024,11,November,4,Wednesday,Face Moisturizer,Beauty,Hassan Sheikh,FSD-01,Faisalabad,Cash,5,180.56,0.0,902.8,0.0,902.8
TXN001600,2025-06-07,2025,6,June,2,Saturday,Resistance Bands,Sports,Faisal Butt,KHI-01,Karachi,Credit Card,4,232.78,5.0,931.12,46.56,884.56
TXN004955,2025-07-03,2025,7,July,3,Thursday,Non-Stick Pan,Home & Kitchen,Ahmed Butt,MUL-01,Multan,Credit Card,3,91.5,15.0,274.5,41.17,233.33
TXN002629,2025-12-30,2025,12,December,4,Tuesday,Blender,Home & Kitchen,Fatima Chaudhry,LHR-01,Lahore,Credit Card,1,88.28,15.0,88.28,13.24,75.04
TXN002506,2025-01-26,2025,1,January,1,Sunday,Hair Dryer,Beauty,Usman Farooq,PSH-01,Peshawar,Debit Card,2,249.17,0.0,498.34,0.0,498.34
TXN003559,2024-06-03,2024,6,June,2,Monday,Resistance Bands,Sports,Noor Butt,KHI-02,Karachi,Credit Card,2,217.56,0.0,435.12,0.0,435.12
TXN004291,2026-03-16,2026,3,March,1,Monday,Sunscreen SPF50,Beauty,Hassan Raza,KHI-02,Karachi,Cash,1,243.58,0.0,243.58,0.0,243.58
TXN003604,2025-08-27,2025,8,August,3,Wednesday,USB-C Cable,Electronics,Fatima Farooq,ISB-01,Islamabad,Cash,1,126.12,0.0,126.12,0.0,126.12
TXN004350,2024-07-14,2024,7,July,3,Sunday,Shampoo 500ml,Beauty,Ali Butt,LHR-01,Lahore,Cash,2,192.84,0.0,385.68,0.0,385.68
TXN003928,2025-01-02,2025,1,January,1,Thursday,Football,Sports,Zainab Raza,KHI-02,Karachi,Cash,2,199.49,5.0,398.98,19.95,379.03
TXN003767,2026-05-26,2026,5,May,2,Tuesday,Webcam HD,Electronics,Omar Chaudhry,LHR-01,Lahore,Credit Card,6,108.58,20.0,651.48,130.3,521.18
TXN004960,2026-05-16,2026,5,May,2,Saturday,USB-C Cable,Electronics,Faisal Raza,PSH-01,Peshawar,Debit Card,1,65.35,20.0,65.35,13.07,52.28
TXN004398,2024-05-11,2024,5,May,2,Saturday,Ceramic Mug Set,Home & Kitchen,Sana Iqbal,MUL-01,Multan,Cash,1,55.9,0.0,55.9,0.0,55.9
TXN000598,2024-05-28,2024,5,May,2,Tuesday,Dumbbell Set,Sports,Faisal Khan,LHR-02,Lahore,Cash,4,210.12,0.0,840.48,0.0,840.48
TXN000422,2025-10-03,2025,10,October,4,Friday,Laptop Stand,Electronics,Bilal Iqbal,PSH-01,Peshawar,Debit Card,1,177.46,15.0,177.46,26.62,150.84
TXN004717,2026-06-16,2026,6,June,2,Tuesday,USB-C Cable,Electronics,Ali Chaudhry,PSH-01,Peshawar,Cash,1,144.01,0.0,144.01,0.0,144.01
TXN000833,2024-04-11,2024,4,April,2,Thursday,Webcam HD,Electronics,Usman Raza,KHI-02,Karachi,Cash,3,129.32,15.0,387.96,58.19,329.77
TXN000671,2024-06-19,2024,6,June,2,Wednesday,Yoga Mat,Sports,Usman Butt,LHR-01,Lahore,Cash,3,97.5,15.0,292.5,43.88,248.62
TXN000528,2024-10-06,2024,10,October,4,Sunday,Sports Cap,Apparel,Omar Chaudhry,FSD-01,Faisalabad,Debit Card,3,167.26,10.0,501.78,50.18,451.6
TXN001881,2025-09-10,2025,9,September,3,Wednesday,Running Shoes,Apparel,Usman Khan,LHR-02,Lahore,Cash,3,228.14,10.0,684.42,68.44,615.98
TXN000164,2024-07-09,2024,7,July,3,Tuesday,Ceramic Mug Set,Home & Kitchen,Ayesha Raza,PSH-01,Peshawar,Cash,4,148.54,20.0,594.16,118.83,475.33
TXN004101,2024-10-18,2024,10,October,4,Friday,Lip Balm,Beauty,Kamran Chaudhry,LHR-01,Lahore,Mobile Wallet,4,169.3,20.0,677.2,135.44,541.76
TXN000549,2026-06-12,2026,6,June,2,Friday,Cycling Helmet,Sports,Omar Butt,KHI-01,Karachi,Mobile Wallet,5,213.62,0.0,1068.1,0.0,1068.1
TXN002864,2025-07-09,2025,7,July,3,Wednesday,Webcam HD,Electronics,Ali Malik,PSH-01,Peshawar,Credit Card,4,77.18,0.0,308.72,0.0,308.72
TXN001579,2024-04-11,2024,4,April,2,Thursday,Webcam HD,Electronics,Noor Malik,KHI-01,Karachi,Debit Card,3,84.05,5.0,252.15,12.61,239.54
TXN003554,2024-02-11,2024,2,February,1,Sunday,Non-Stick Pan,Home & Kitchen,Mariam Chaudhry,KHI-01,Karachi,Cash,5,106.12,0.0,530.6,0.0,530.6
TXN002385,2025-01-04,2025,1,January,1,Saturday,Blender,Home & Kitchen,Faisal Raza,MUL-01,Multan,Cash,1,121.72,0.0,121.72,0.0,121.72
TXN004805,2024-02-09,2024,2,February,1,Friday,Ceramic Mug Set,Home & Kitchen,Hina Khan,FSD-01,Faisalabad,Mobile Wallet,1,102.33,15.0,102.33,15.35,86.98
TXN000120,2026-02-28,2026,2,February,1,Saturday,Resistance Bands,Sports,Ahmed Khan,FSD-01,Faisalabad,Credit Card,2,69.84,15.0,139.68,20.95,118.73
TXN002765,2025-09-09,2025,9,September,3,Tuesday,Cotton T-Shirt,Apparel,Bilal Malik,LHR-02,Lahore,Cash,2,220.16,0.0,440.32,0.0,440.32
TXN003945,2024-11-25,2024,11,November,4,Monday,USB-C Cable,Electronics,Mariam Farooq,KHI-01,Karachi,Cash,4,169.33,10.0,677.32,67.73,609.59
TXN000044,2024-07-05,2024,7,July,3,Friday,Shampoo 500ml,Beauty,Faisal Raza,PSH-01,Peshawar,Debit Card,3,56.97,15.0,170.91,25.64,145.27
TXN004868,2024-12-29,2024,12,December,4,Sunday,Wool Sweater,Apparel,Sara Sheikh,LHR-01,Lahore,Credit Card,5,82.09,5.0,410.45,20.52,389.93
TXN004162,2024-02-11,2024,2,February,1,Sunday,Cotton T-Shirt,Apparel,Sara Khan,KHI-01,Karachi,Credit Card,4,137.96,10.0,551.84,55.18,496.66
TXN004700,2026-03-08,2026,3,March,1,Sunday,Resistance Bands,Sports,Hassan Butt,MUL-01,Multan,Credit Card,2,148.87,15.0,297.74,44.66,253.08
TXN001684,2025-10-25,2025,10,October,4,Saturday,Sunscreen SPF50,Beauty,Omar Khan,MUL-01,Multan,Credit Card,1,21.39,0.0,21.39,0.0,21.39
TXN003197,2025-10-28,2025,10,October,4,Tuesday,Webcam HD,Electronics,Usman Farooq,KHI-02,Karachi,Mobile Wallet,6,189.43,0.0,1136.58,0.0,1136.58
TXN001259,2025-10-29,2025,10,October,4,Wednesday,Ceramic Mug Set,Home & Kitchen,Ayesha Sheikh,LHR-02,Lahore,Credit Card,1,247.71,15.0,247.71,37.16,210.55
TXN003199,2025-10-09,2025,10,October,4,Thursday,USB-C Cable,Electronics,Omar Farooq,KHI-02,Karachi,Cash,6,179.68,0.0,1078.08,0.0,1078.08
TXN003650,2025-06-27,2025,6,June,2,Friday,Football,Sports,Omar Malik,KHI-02,Karachi,Credit Card,6,63.93,5.0,383.58,19.18,364.4
TXN003123,2024-04-14,2024,4,April,2,Sunday,Bluetooth Speaker,Electronics,Mariam Raza,ISB-01,Islamabad,Credit Card,6,248.49,0.0,1490.94,0.0,1490.94
TXN004532,2025-06-08,2025,6,June,2,Sunday,Dumbbell Set,Sports,Ali Malik,MUL-01,Multan,Cash,6,236.8,5.0,1420.8,71.04,1349.76
TXN003941,2024-05-05,2024,5,May,2,Sunday,Non-Stick Pan,Home & Kitchen,Zainab Raza,LHR-02,Lahore,Debit Card,4,75.72,5.0,302.88,15.14,287.74
TXN001975,2025-02-06,2025,2,February,1,Thursday,Football,Sports,Ayesha Butt,LHR-01,Lahore,Mobile Wallet,5,242.57,15.0,1212.85,181.93,1030.92
TXN002920,2026-07-17,2026,7,July,3,Friday,Hair Dryer,Beauty,Sana Farooq,ISB-01,Islamabad,Credit Card,2,42.52,10.0,85.04,8.5,76.54
TXN001598,2024-04-12,2024,4,April,2,Friday,Webcam HD,Electronics,Omar Malik,LHR-01,Lahore,Credit Card,6,232.46,5.0,1394.76,69.74,1325.02
TXN004191,2025-07-24,2025,7,July,3,Thursday,LED Desk Lamp,Home & Kitchen,Mariam Khan,LHR-02,Lahore,Credit Card,5,26.91,5.0,134.55,6.73,127.82
TXN000785,2025-07-27,2025,7,July,3,Sunday,Sunscreen SPF50,Beauty,Omar Chaudhry,PSH-01,Peshawar,Cash,4,97.44,20.0,389.76,77.95,311.81
TXN002137,2025-06-24,2025,6,June,2,Tuesday,Yoga Mat,Sports,Ahmed Butt,PSH-01,Peshawar,Mobile Wallet,6,130.47,20.0,782.82,156.56,626.26
TXN000844,2026-07-19,2026,7,July,3,Sunday,Running Shoes,Apparel,Sana Khan,PSH-01,Peshawar,Credit Card,3,124.33,0.0,372.99,0.0,372.99
TXN003694,2024-04-12,2024,4,April,2,Friday,Hair Dryer,Beauty,Ali Raza,MUL-01,Multan,Credit Card,5,205.87,20.0,1029.35,205.87,823.48
TXN004340,2025-12-07,2025,12,December,4,Sunday,Denim Jacket,Apparel,Sana Khan,ISB-01,Islamabad,Credit Card,6,63.02,0.0,378.12,0.0,378.12
TXN001572,2025-03-13,2025,3,March,1,Thursday,Hair Dryer,Beauty,Sara Chaudhry,ISB-01,Islamabad,Debit Card,5,149.37,0.0,746.85,0.0,746.85
TXN002712,2024-06-14,2024,6,June,2,Friday,Bluetooth Speaker,Electronics,Faisal Farooq,PSH-01,Peshawar,Mobile Wallet,4,91.89,0.0,367.56,0.0,367.56
TXN002157,2024-02-24,2024,2,February,1,Saturday,Coffee Maker,Home & Kitchen,Sana Khan,LHR-02,Lahore,Mobile Wallet,1,185.89,20.0,185.89,37.18,148.71
TXN000900,2024-11-06,2024,11,November,4,Wednesday,Resistance Bands,Sports,Omar Khan,KHI-01,Karachi,Mobile Wallet,5,51.12,20.0,255.6,51.12,204.48
TXN004035,2025-05-12,2025,5,May,2,Monday,Lip Balm,Beauty,Hina Butt,MUL-01,Multan,Credit Card,2,21.41,0.0,42.82,0.0,42.82
TXN003748,2025-09-08,2025,9,September,3,Monday,Wool Sweater,Apparel,Mariam Khan,KHI-01,Karachi,Cash,3,109.39,20.0,328.17,65.63,262.54
TXN003942,2025-05-28,2025,5,May,2,Wednesday,Non-Stick Pan,Home & Kitchen,Hina Raza,KHI-01,Karachi,Credit Card,2,162.66,0.0,325.32,0.0,325.32
TXN002263,2024-01-03,2024,1,January,1,Wednesday,Denim Jacket,Apparel,Ayesha Farooq,MUL-01,Multan,Cash,2,168.93,10.0,337.86,33.79,304.07
TXN004551,2025-03-28,2025,3,March,1,Friday,Sunscreen SPF50,Beauty,Ayesha Malik,LHR-01,Lahore,Credit Card,6,8.98,5.0,53.88,2.69,51.19
TXN003855,2026-04-16,2026,4,April,2,Thursday,Shampoo 500ml,Beauty,Sana Sheikh,PSH-01,Peshawar,Credit Card,4,183.58,0.0,734.32,0.0,734.32
TXN003471,2024-01-27,2024,1,January,1,Saturday,Bluetooth Speaker,Electronics,Ayesha Butt,FSD-01,Faisalabad,Credit Card,4,95.32,15.0,381.28,57.19,324.09
TXN002514,2025-08-03,2025,8,August,3,Sunday,Football,Sports,Ahmed Sheikh,KHI-02,Karachi,Cash,2,207.14,0.0,414.28,0.0,414.28
TXN000572,2026-02-24,2026,2,February,1,Tuesday,Blender,Home & Kitchen,Ahmed Malik,FSD-01,Faisalabad,Cash,1,127.4,20.0,127.4,25.48,101.92
TXN001085,2025-03-04,2025,3,March,1,Tuesday,Denim Jacket,Apparel,Sara Butt,KHI-01,Karachi,Cash,1,27.6,0.0,27.6,0.0,27.6
TXN004852,2026-01-01,2026,1,January,1,Thursday,Sunscreen SPF50,Beauty,Ali Khan,ISB-01,Islamabad,Cash,6,118.73,5.0,712.38,35.62,676.76
TXN002158,2025-04-17,2025,4,April,2,Thursday,Sunscreen SPF50,Beauty,Hina Raza,KHI-02,Karachi,Cash,2,181.36,0.0,362.72,0.0,362.72
TXN003237,2024-01-15,2024,1,January,1,Monday,Hair Dryer,Beauty,Hassan Butt,LHR-01,Lahore,Debit Card,5,249.17,0.0,1245.85,0.0,1245.85
TXN004797,2024-08-13,2024,8,August,3,Tuesday,Sunscreen SPF50,Beauty,Ayesha Sheikh,LHR-02,Lahore,Cash,6,124.56,0.0,747.36,0.0,747.36
TXN001929,2024-09-21,2024,9,September,3,Saturday,Sunscreen SPF50,Beauty,Noor Farooq,KHI-02,Karachi,Debit Card,3,51.86,20.0,155.58,31.12,124.46
TXN000188,2024-02-17,2024,2,February,1,Saturday,LED Desk Lamp,Home & Kitchen,Sana Raza,KHI-01,Karachi,Mobile Wallet,1,158.41,0.0,158.41,0.0,158.41
TXN003213,2024-05-03,2024,5,May,2,Friday,Cotton T-Shirt,Apparel,Faisal Iqbal,LHR-02,Lahore,Cash,6,46.56,15.0,279.36,41.9,237.46
TXN000891,2025-12-02,2025,12,December,4,Tuesday,Face Moisturizer,Beauty,Sara Malik,FSD-01,Faisalabad,Cash,4,202.2,0.0,808.8,0.0,808.8
TXN004873,2024-03-28,2024,3,March,1,Thursday,Lip Balm,Beauty,Faisal Iqbal,LHR-01,Lahore,Credit Card,5,89.62,0.0,448.1,0.0,448.1
TXN001847,2025-06-27,2025,6,June,2,Friday,Lip Balm,Beauty,Noor Sheikh,FSD-01,Faisalabad,Credit Card,4,232.05,5.0,928.2,46.41,881.79
TXN002242,2026-04-24,2026,4,April,2,Friday,Denim Jacket,Apparel,Kamran Raza,LHR-01,Lahore,Debit Card,5,42.86,15.0,214.3,32.15,182.15
TXN004874,2025-07-10,2025,7,July,3,Thursday,Bluetooth Speaker,Electronics,Mariam Raza,FSD-01,Faisalabad,Credit Card,6,18.69,5.0,112.14,5.61,106.53
TXN000221,2025-10-13,2025,10,October,4,Monday,Shampoo 500ml,Beauty,Sara Butt,FSD-01,Faisalabad,Credit Card,6,206.31,5.0,1237.86,61.89,1175.97
TXN002841,2024-10-01,2024,10,October,4,Tuesday,Non-Stick Pan,Home & Kitchen,Hina Khan,LHR-02,Lahore,Cash,6,173.58,15.0,1041.48,156.22,885.26
TXN000131,2024-06-26,2024,6,June,2,Wednesday,Sports Cap,Apparel,Omar Farooq,KHI-02,Karachi,Credit Card,3,228.47,20.0,685.41,137.08,548.33
TXN002200,2026-05-11,2026,5,May,2,Monday,Coffee Maker,Home & Kitchen,Bilal Malik,MUL-01,Multan,Credit Card,1,179.41,0.0,179.41,0.0,179.41
TXN001168,2025-08-27,2025,8,August,3,Wednesday,Football,Sports,Sana Butt,MUL-01,Multan,Credit Card,4,172.86,0.0,691.44,0.0,691.44
TXN002992,2024-01-11,2024,1,January,1,Thursday,USB-C Cable,Electronics,Sana Malik,FSD-01,Faisalabad,Credit Card,1,134.73,0.0,134.73,0.0,134.73
TXN004583,2024-07-20,2024,7,July,3,Saturday,Denim Jacket,Apparel,Ali Butt,LHR-01,Lahore,Credit Card,6,196.06,20.0,1176.36,235.27,941.09
TXN002483,2025-01-22,2025,1,January,1,Wednesday,Coffee Maker,Home & Kitchen,Zainab Sheikh,LHR-02,Lahore,Mobile Wallet,3,128.89,0.0,386.67,0.0,386.67
TXN004903,2025-09-05,2025,9,September,3,Friday,Cycling Helmet,Sports,Hina Farooq,PSH-01,Peshawar,Cash,3,231.44,0.0,694.32,0.0,694.32
TXN003310,2024-07-19,2024,7,July,3,Friday,Yoga Mat,Sports,Hina Raza,MUL-01,Multan,Cash,3,230.47,0.0,691.41,0.0,691.41
TXN003751,2024-12-23,2024,12,December,4,Monday,Bluetooth Speaker,Electronics,Usman Butt,FSD-01,Faisalabad,Credit Card,6,41.39,0.0,248.34,0.0,248.34
TXN002122,2024-09-21,2024,9,September,3,Saturday,Webcam HD,Electronics,Kamran Khan,FSD-01,Faisalabad,Credit Card,5,196.32,0.0,981.6,0.0,981.6
TXN001942,2024-06-05,2024,6,June,2,Wednesday,Cotton T-Shirt,Apparel,Ayesha Iqbal,KHI-01,Karachi,Cash,1,190.75,0.0,190.75,0.0,190.75
TXN002279,2026-07-14,2026,7,July,3,Tuesday,Running Shoes,Apparel,Fatima Malik,MUL-01,Multan,Mobile Wallet,1,206.3,15.0,206.3,30.95,175.35
TXN001936,2025-05-07,2025,5,May,2,Wednesday,Denim Jacket,Apparel,Omar Iqbal,KHI-02,Karachi,Credit Card,1,200.33,10.0,200.33,20.03,180.3
TXN001943,2024-03-15,2024,3,March,1,Friday,Shampoo 500ml,Beauty,Ayesha Butt,LHR-01,Lahore,Credit Card,2,16.81,20.0,33.62,6.72,26.9
TXN000845,2026-02-06,2026,2,February,1,Friday,LED Desk Lamp,Home & Kitchen,Kamran Chaudhry,FSD-01,Faisalabad,Cash,6,84.51,0.0,507.06,0.0,507.06
TXN000990,2024-09-04,2024,9,September,3,Wednesday,Cycling Helmet,Sports,Fatima Malik,PSH-01,Peshawar,Cash,2,154.35,0.0,308.7,0.0,308.7
TXN001750,2026-07-16,2026,7,July,3,Thursday,Denim Jacket,Apparel,Omar Butt,PSH-01,Peshawar,Cash,2,32.36,0.0,64.72,0.0,64.72
TXN002606,2025-02-17,2025,2,February,1,Monday,Wool Sweater,Apparel,Usman Malik,MUL-01,Multan,Debit Card,1,10.34,0.0,10.34,0.0,10.34
TXN003233,2026-03-21,2026,3,March,1,Saturday,USB-C Cable,Electronics,Omar Butt,KHI-02,Karachi,Credit Card,2,92.91,5.0,185.82,9.29,176.53
TXN001331,2026-03-11,2026,3,March,1,Wednesday,Cotton T-Shirt,Apparel,Hina Sheikh,LHR-02,Lahore,Credit Card,3,96.17,0.0,288.51,0.0,288.51
TXN003051,2025-06-05,2025,6,June,2,Thursday,Sports Cap,Apparel,Omar Farooq,LHR-01,Lahore,Cash,5,152.98,0.0,764.9,0.0,764.9
TXN001727,2025-03-03,2025,3,March,1,Monday,USB-C Cable,Electronics,Kamran Iqbal,KHI-02,Karachi,Cash,1,46.75,0.0,46.75,0.0,46.75
TXN000123,2026-01-08,2026,1,January,1,Thursday,Hair Dryer,Beauty,Ayesha Sheikh,MUL-01,Multan,Debit Card,2,51.51,5.0,103.02,5.15,97.87
TXN002523,2025-07-27,2025,7,July,3,Sunday,USB-C Cable,Electronics,Noor Iqbal,FSD-01,Faisalabad,Cash,1,223.41,15.0,223.41,33.51,189.9
TXN004168,2026-04-25,2026,4,April,2,Saturday,LED Desk Lamp,Home & Kitchen,Ahmed Raza,FSD-01,Faisalabad,Credit Card,4,233.43,20.0,933.72,186.74,746.98
TXN003264,2025-05-16,2025,5,May,2,Friday,Face Moisturizer,Beauty,Sara Iqbal,LHR-02,Lahore,Cash,2,112.93,0.0,225.86,0.0,225.86
TXN001459,2025-08-15,2025,8,August,3,Friday,Dumbbell Set,Sports,Mariam Sheikh,LHR-01,Lahore,Mobile Wallet,2,55.8,15.0,111.6,16.74,94.86
TXN000624,2025-03-07,2025,3,March,1,Friday,USB-C Cable,Electronics,Fatima Butt,KHI-02,Karachi,Credit Card,1,86.15,5.0,86.15,4.31,81.84
TXN000902,2026-04-13,2026,4,April,2,Monday,Laptop Stand,Electronics,Fatima Chaudhry,KHI-02,Karachi,Mobile Wallet,4,246.18,20.0,984.72,196.94,787.78
TXN003849,2026-06-03,2026,6,June,2,Wednesday,USB-C Cable,Electronics,Zainab Malik,KHI-02,Karachi,Cash,4,137.82,20.0,551.28,110.26,441.02
TXN000520,2024-07-03,2024,7,July,3,Wednesday,Webcam HD,Electronics,Sana Khan,KHI-02,Karachi,Mobile Wallet,2,72.37,10.0,144.74,14.47,130.27
TXN002874,2026-07-07,2026,7,July,3,Tuesday,Cycling Helmet,Sports,Kamran Chaudhry,LHR-01,Lahore,Cash,3,192.17,5.0,576.51,28.83,547.68
TXN000118,2026-05-01,2026,5,May,2,Friday,Resistance Bands,Sports,Bilal Iqbal,KHI-01,Karachi,Cash,3,131.94,15.0,395.82,59.37,336.45
TXN000265,2024-10-24,2024,10,October,4,Thursday,Wool Sweater,Apparel,Omar Butt,ISB-01,Islamabad,Cash,6,89.6,0.0,537.6,0.0,537.6
TXN003475,2025-03-23,2025,3,March,1,Sunday,Laptop Stand,Electronics,Bilal Khan,KHI-02,Karachi,Debit Card,4,101.67,10.0,406.68,40.67,366.01
TXN003012,2024-06-19,2024,6,June,2,Wednesday,Dumbbell Set,Sports,Sara Butt,KHI-02,Karachi,Credit Card,3,120.38,0.0,361.14,0.0,361.14
TXN004346,2024-01-01,2024,1,January,1,Monday,Wireless Mouse,Electronics,Omar Butt,LHR-02,Lahore,Cash,5,154.62,20.0,773.1,154.62,618.48
TXN003126,2024-07-02,2024,7,July,3,Tuesday,Denim Jacket,Apparel,Faisal Chaudhry,FSD-01,Faisalabad,Debit Card,6,202.15,0.0,1212.9,0.0,1212.9
TXN004161,2024-10-29,2024,10,October,4,Tuesday,Ceramic Mug Set,Home & Kitchen,Usman Khan,PSH-01,Peshawar,Credit Card,2,106.99,10.0,213.98,21.4,192.58
TXN000855,2025-01-01,2025,1,January,1,Wednesday,Yoga Mat,Sports,Usman Malik,KHI-01,Karachi,Cash,4,248.86,20.0,995.44,199.09,796.35
TXN001174,2025-07-07,2025,7,July,3,Monday,Cycling Helmet,Sports,Ali Sheikh,PSH-01,Peshawar,Cash,3,107.6,20.0,322.8,64.56,258.24
TXN004225,2024-04-12,2024,4,April,2,Friday,Webcam HD,Electronics,Omar Khan,FSD-01,Faisalabad,Debit Card,6,199.06,10.0,1194.36,119.44,1074.92
TXN004265,2025-07-18,2025,7,July,3,Friday,Lip Balm,Beauty,Mariam Malik,LHR-01,Lahore,Debit Card,6,72.5,15.0,435.0,65.25,369.75
TXN002409,2025-11-13,2025,11,November,4,Thursday,LED Desk Lamp,Home & Kitchen,Kamran Farooq,MUL-01,Multan,Debit Card,4,32.06,0.0,128.24,0.0,128.24
TXN001008,2025-02-07,2025,2,February,1,Friday,Lip Balm,Beauty,Bilal Butt,KHI-01,Karachi,Cash,1,15.26,5.0,15.26,0.76,14.5
TXN002892,2024-05-11,2024,5,May,2,Saturday,Sports Cap,Apparel,Sara Iqbal,KHI-02,Karachi,Credit Card,3,36.03,5.0,108.09,5.4,102.69
TXN002623,2025-10-25,2025,10,October,4,Saturday,Dumbbell Set,Sports,Ayesha Raza,MUL-01,Multan,Cash,3,87.01,20.0,261.03,52.21,208.82
TXN001567,2024-03-18,2024,3,March,1,Monday,Denim Jacket,Apparel,Kamran Farooq,PSH-01,Peshawar,Mobile Wallet,5,222.24,5.0,1111.2,55.56,1055.64
TXN004878,2024-02-02,2024,2,February,1,Friday,Shampoo 500ml,Beauty,Omar Butt,LHR-02,Lahore,Credit Card,3,155.15,5.0,465.45,23.27,442.18
TXN002933,2025-09-23,2025,9,September,3,Tuesday,Face Moisturizer,Beauty,Zainab Sheikh,FSD-01,Faisalabad,Debit Card,6,187.17,0.0,1123.02,0.0,1123.02
TXN002106,2025-05-22,2025,5,May,2,Thursday,Face Moisturizer,Beauty,Sana Iqbal,ISB-01,Islamabad,Mobile Wallet,6,89.95,15.0,539.7,80.96,458.74
TXN000518,2026-01-15,2026,1,January,1,Thursday,Dumbbell Set,Sports,Kamran Farooq,KHI-01,Karachi,Mobile Wallet,5,26.88,0.0,134.4,0.0,134.4
TXN000337,2026-01-13,2026,1,January,1,Tuesday,Wool Sweater,Apparel,Mariam Farooq,ISB-01,Islamabad,Credit Card,1,245.82,0.0,245.82,0.0,245.82
TXN003412,2026-06-24,2026,6,June,2,Wednesday,Cycling Helmet,Sports,Sara Malik,LHR-01,Lahore,Cash,6,188.85,0.0,1133.1,0.0,1133.1
TXN004612,2024-04-30,2024,4,April,2,Tuesday,Hair Dryer,Beauty,Noor Khan,ISB-01,Islamabad,Credit Card,1,24.51,20.0,24.51,4.9,19.61
TXN001017,2024-07-15,2024,7,July,3,Monday,Non-Stick Pan,Home & Kitchen,Sara Khan,LHR-01,Lahore,Cash,4,224.78,10.0,899.12,89.91,809.21
TXN003891,2025-01-08,2025,1,January,1,Wednesday,Running Shoes,Apparel,Ayesha Khan,FSD-01,Faisalabad,Debit Card,4,144.47,10.0,577.88,57.79,520.09
TXN001139,2025-08-03,2025,8,August,3,Sunday,Sports Cap,Apparel,Ali Raza,KHI-01,Karachi,Mobile Wallet,4,57.45,15.0,229.8,34.47,195.33
TXN001643,2025-06-01,2025,6,June,2,Sunday,Shampoo 500ml,Beauty,Ali Butt,ISB-01,Islamabad,Mobile Wallet,6,24.58,15.0,147.48,22.12,125.36
TXN000782,2026-06-07,2026,6,June,2,Sunday,Dumbbell Set,Sports,Ali Butt,FSD-01,Faisalabad,Cash,3,148.19,0.0,444.57,0.0,444.57
TXN001843,2024-05-29,2024,5,May,2,Wednesday,Ceramic Mug Set,Home & Kitchen,Bilal Farooq,KHI-01,Karachi,Cash,6,16.42,0.0,98.52,0.0,98.52
TXN002795,2025-01-19,2025,1,January,1,Sunday,Webcam HD,Electronics,Faisal Farooq,PSH-01,Peshawar,Mobile Wallet,3,106.26,10.0,318.78,31.88,286.9
TXN003586,2025-01-11,2025,1,January,1,Saturday,Cycling Helmet,Sports,Bilal Iqbal,KHI-01,Karachi,Cash,1,221.41,0.0,221.41,0.0,221.41
TXN002769,2025-08-03,2025,8,August,3,Sunday,Cycling Helmet,Sports,Omar Khan,KHI-01,Karachi,Credit Card,3,167.46,15.0,502.38,75.36,427.02
TXN004465,2024-12-01,2024,12,December,4,Sunday,Hair Dryer,Beauty,Ahmed Raza,LHR-01,Lahore,Debit Card,4,19.89,0.0,79.56,0.0,79.56
TXN001562,2024-05-16,2024,5,May,2,Thursday,Denim Jacket,Apparel,Zainab Chaudhry,MUL-01,Multan,Mobile Wallet,2,63.82,5.0,127.64,6.38,121.26
TXN000270,2024-01-06,2024,1,January,1,Saturday,Laptop Stand,Electronics,Hassan Sheikh,ISB-01,Islamabad,Credit Card,2,119.25,10.0,238.5,23.85,214.65
TXN003255,2025-10-25,2025,10,October,4,Saturday,Hair Dryer,Beauty,Hina Raza,PSH-01,Peshawar,Mobile Wallet,2,24.07,15.0,48.14,7.22,40.92
TXN003000,2026-03-06,2026,3,March,1,Friday,Wool Sweater,Apparel,Omar Butt,KHI-02,Karachi,Credit Card,2,223.73,10.0,447.46,44.75,402.71
TXN003531,2025-12-30,2025,12,December,4,Tuesday,Ceramic Mug Set,Home & Kitchen,Ahmed Farooq,LHR-02,Lahore,Cash,6,156.71,10.0,940.26,94.03,846.23
TXN002436,2024-07-11,2024,7,July,3,Thursday,Hair Dryer,Beauty,Sana Malik,FSD-01,Faisalabad,Credit Card,2,188.9,0.0,377.8,0.0,377.8
TXN000184,2025-08-06,2025,8,August,3,Wednesday,Football,Sports,Bilal Butt,KHI-01,Karachi,Debit Card,5,135.41,15.0,677.05,101.56,575.49
TXN004524,2025-06-24,2025,6,June,2,Tuesday,Bluetooth Speaker,Electronics,Hina Iqbal,KHI-01,Karachi,Cash,5,194.2,0.0,971.0,0.0,971.0
TXN002792,2024-04-01,2024,4,April,2,Monday,Wireless Mouse,Electronics,Ahmed Farooq,KHI-02,Karachi,Debit Card,6,32.47,5.0,194.82,9.74,185.08
TXN000897,2025-01-01,2025,1,January,1,Wednesday,Running Shoes,Apparel,Ayesha Farooq,KHI-01,Karachi,Cash,4,229.57,15.0,918.28,137.74,780.54
TXN000362,2026-06-22,2026,6,June,2,Monday,Non-Stick Pan,Home & Kitchen,Sana Farooq,PSH-01,Peshawar,Credit Card,5,63.28,5.0,316.4,15.82,300.58
TXN000266,2025-06-30,2025,6,June,2,Monday,Non-Stick Pan,Home & Kitchen,Sana Iqbal,FSD-01,Faisalabad,Mobile Wallet,4,219.98,0.0,879.92,0.0,879.92
TXN004603,2024-03-15,2024,3,March,1,Friday,Laptop Stand,Electronics,Hina Malik,KHI-02,Karachi,Cash,2,182.99,20.0,365.98,73.2,292.78
TXN000291,2025-09-13,2025,9,September,3,Saturday,Sports Cap,Apparel,Ali Chaudhry,MUL-01,Multan,Cash,2,217.49,0.0,434.98,0.0,434.98
TXN001780,2025-08-15,2025,8,August,3,Friday,Wireless Mouse,Electronics,Ahmed Iqbal,ISB-01,Islamabad,Mobile Wallet,4,25.08,0.0,100.32,0.0,100.32
TXN003583,2025-06-28,2025,6,June,2,Saturday,Bluetooth Speaker,Electronics,Usman Butt,FSD-01,Faisalabad,Cash,6,17.6,0.0,105.6,0.0,105.6
TXN001824,2024-04-14,2024,4,April,2,Sunday,Face Moisturizer,Beauty,Faisal Raza,LHR-02,Lahore,Debit Card,5,222.25,20.0,1111.25,222.25,889.0
TXN004019,2024-11-29,2024,11,November,4,Friday,Running Shoes,Apparel,Faisal Iqbal,ISB-01,Islamabad,Mobile Wallet,3,120.88,0.0,362.64,0.0,362.64
TXN001866,2026-03-06,2026,3,March,1,Friday,Hair Dryer,Beauty,Zainab Iqbal,ISB-01,Islamabad,Credit Card,3,208.64,10.0,625.92,62.59,563.33
TXN003364,2024-05-20,2024,5,May,2,Monday,Wireless Mouse,Electronics,Hina Butt,LHR-01,Lahore,Mobile Wallet,3,231.11,20.0,693.33,138.67,554.66
TXN004738,2025-01-27,2025,1,January,1,Monday,Football,Sports,Bilal Malik,FSD-01,Faisalabad,Cash,6,77.91,0.0,467.46,0.0,467.46
TXN002748,2024-03-09,2024,3,March,1,Saturday,Cotton T-Shirt,Apparel,Fatima Raza,PSH-01,Peshawar,Cash,3,44.81,20.0,134.43,26.89,107.54
TXN004397,2024-11-15,2024,11,November,4,Friday,Wireless Mouse,Electronics,Ayesha Sheikh,MUL-01,Multan,Cash,4,160.12,0.0,640.48,0.0,640.48
TXN002755,2025-06-07,2025,6,June,2,Saturday,Laptop Stand,Electronics,Bilal Malik,ISB-01,Islamabad,Debit Card,2,103.08,10.0,206.16,20.62,185.54
TXN000459,2024-11-20,2024,11,November,4,Wednesday,Resistance Bands,Sports,Hassan Khan,MUL-01,Multan,Credit Card,3,144.74,0.0,434.22,0.0,434.22
TXN000273,2024-04-26,2024,4,April,2,Friday,Resistance Bands,Sports,Ahmed Raza,KHI-02,Karachi,Debit Card,6,67.86,20.0,407.16,81.43,325.73
TXN002509,2025-02-27,2025,2,February,1,Thursday,Wireless Mouse,Electronics,Noor Farooq,KHI-02,Karachi,Mobile Wallet,4,235.19,0.0,940.76,0.0,940.76
TXN000566,2025-02-10,2025,2,February,1,Monday,Wireless Mouse,Electronics,Faisal Raza,PSH-01,Peshawar,Credit Card,1,7.63,15.0,7.63,1.14,6.49
TXN002126,2025-12-14,2025,12,December,4,Sunday,Shampoo 500ml,Beauty,Zainab Farooq,ISB-01,Islamabad,Credit Card,2,148.34,5.0,296.68,14.83,281.85
TXN002374,2024-01-23,2024,1,January,1,Tuesday,Cycling Helmet,Sports,Faisal Khan,ISB-01,Islamabad,Credit Card,2,10.97,0.0,21.94,0.0,21.94
TXN002194,2025-08-02,2025,8,August,3,Saturday,Laptop Stand,Electronics,Ayesha Malik,KHI-01,Karachi,Credit Card,5,225.79,0.0,1128.95,0.0,1128.95
TXN000992,2025-09-22,2025,9,September,3,Monday,Coffee Maker,Home & Kitchen,Noor Raza,PSH-01,Peshawar,Cash,5,210.36,0.0,1051.8,0.0,1051.8
TXN000535,2025-02-05,2025,2,February,1,Wednesday,Bluetooth Speaker,Electronics,Hassan Iqbal,LHR-01,Lahore,Credit Card,5,87.0,0.0,435.0,0.0,435.0
TXN000527,2024-03-12,2024,3,March,1,Tuesday,Lip Balm,Beauty,Zainab Khan,KHI-02,Karachi,Debit Card,6,26.98,10.0,161.88,16.19,145.69
TXN000345,2024-03-28,2024,3,March,1,Thursday,Face Moisturizer,Beauty,Usman Raza,KHI-02,Karachi,Debit Card,2,186.2,20.0,372.4,74.48,297.92
TXN001944,2024-09-30,2024,9,September,3,Monday,USB-C Cable,Electronics,Omar Farooq,FSD-01,Faisalabad,Credit Card,1,249.43,15.0,249.43,37.41,212.02
TXN003156,2026-06-08,2026,6,June,2,Monday,Sunscreen SPF50,Beauty,Zainab Chaudhry,MUL-01,Multan,Credit Card,6,14.07,0.0,84.42,0.0,84.42
TXN004726,2024-01-15,2024,1,January,1,Monday,Hair Dryer,Beauty,Faisal Iqbal,LHR-02,Lahore,Cash,1,199.72,5.0,199.72,9.99,189.73
TXN003054,2024-01-22,2024,1,January,1,Monday,USB-C Cable,Electronics,Ahmed Farooq,MUL-01,Multan,Cash,3,102.73,5.0,308.19,15.41,292.78
TXN003121,2025-10-17,2025,10,October,4,Friday,Football,Sports,Omar Raza,MUL-01,Multan,Mobile Wallet,1,106.86,0.0,106.86,0.0,106.86
TXN001690,2024-07-07,2024,7,July,3,Sunday,Non-Stick Pan,Home & Kitchen,Mariam Sheikh,MUL-01,Multan,Cash,2,114.05,20.0,228.1,45.62,182.48
TXN002766,2025-12-07,2025,12,December,4,Sunday,Running Shoes,Apparel,Sana Farooq,MUL-01,Multan,Credit Card,5,209.14,5.0,1045.7,52.28,993.42
TXN000956,2024-05-02,2024,5,May,2,Thursday,Non-Stick Pan,Home & Kitchen,Noor Khan,ISB-01,Islamabad,Cash,4,39.75,20.0,159.0,31.8,127.2
TXN000012,2024-01-22,2024,1,January,1,Monday,Lip Balm,Beauty,Kamran Malik,PSH-01,Peshawar,Credit Card,5,140.71,15.0,703.55,105.53,598.02
TXN002228,2024-09-10,2024,9,September,3,Tuesday,Denim Jacket,Apparel,Faisal Butt,FSD-01,Faisalabad,Debit Card,3,152.2,15.0,456.6,68.49,388.11
TXN001772,2025-03-06,2025,3,March,1,Thursday,Wireless Mouse,Electronics,Hassan Chaudhry,LHR-02,Lahore,Credit Card,5,120.79,20.0,603.95,120.79,483.16
TXN001016,2025-01-10,2025,1,January,1,Friday,Wireless Mouse,Electronics,Hina Khan,PSH-01,Peshawar,Cash,6,172.99,0.0,1037.94,0.0,1037.94
TXN002974,2024-12-20,2024,12,December,4,Friday,Laptop Stand,Electronics,Hina Sheikh,MUL-01,Multan,Mobile Wallet,4,231.9,0.0,927.6,0.0,927.6
TXN000327,2026-03-13,2026,3,March,1,Friday,Blender,Home & Kitchen,Faisal Butt,LHR-02,Lahore,Cash,5,121.44,0.0,607.2,0.0,607.2
TXN002818,2025-02-14,2025,2,February,1,Friday,Sunscreen SPF50,Beauty,Sara Farooq,KHI-01,Karachi,Cash,3,92.65,5.0,277.95,13.9,264.05
TXN000058,2025-04-17,2025,4,April,2,Thursday,Yoga Mat,Sports,Sara Butt,MUL-01,Multan,Credit Card,2,163.69,10.0,327.38,32.74,294.64
TXN001487,2025-06-22,2025,6,June,2,Sunday,Face Moisturizer,Beauty,Noor Sheikh,PSH-01,Peshawar,Cash,1,235.15,5.0,235.15,11.76,223.39
TXN004135,2025-12-07,2025,12,December,4,Sunday,Face Moisturizer,Beauty,Ayesha Iqbal,LHR-02,Lahore,Credit Card,5,150.19,15.0,750.95,112.64,638.31
TXN000965,2025-05-31,2025,5,May,2,Saturday,Bluetooth Speaker,Electronics,Bilal Butt,PSH-01,Peshawar,Mobile Wallet,1,126.32,20.0,126.32,25.26,101.06
TXN004221,2024-10-17,2024,10,October,4,Thursday,LED Desk Lamp,Home & Kitchen,Fatima Chaudhry,KHI-01,Karachi,Debit Card,3,130.85,0.0,392.55,0.0,392.55
TXN003146,2024-07-12,2024,7,July,3,Friday,Non-Stick Pan,Home & Kitchen,Noor Sheikh,ISB-01,Islamabad,Debit Card,4,162.47,0.0,649.88,0.0,649.88
TXN000333,2024-01-14,2024,1,January,1,Sunday,Resistance Bands,Sports,Ahmed Raza,ISB-01,Islamabad,Cash,1,165.66,0.0,165.66,0.0,165.66
TXN004831,2025-05-18,2025,5,May,2,Sunday,Hair Dryer,Beauty,Ali Raza,LHR-02,Lahore,Cash,4,18.63,10.0,74.52,7.45,67.07
TXN004729,2024-08-17,2024,8,August,3,Saturday,Resistance Bands,Sports,Hassan Raza,KHI-02,Karachi,Debit Card,4,168.24,5.0,672.96,33.65,639.31
TXN000961,2024-10-26,2024,10,October,4,Saturday,Ceramic Mug Set,Home & Kitchen,Faisal Raza,KHI-01,Karachi,Credit Card,4,204.49,5.0,817.96,40.9,777.06
TXN000911,2024-10-16,2024,10,October,4,Wednesday,Cotton T-Shirt,Apparel,Ali Farooq,LHR-02,Lahore,Cash,4,155.93,5.0,623.72,31.19,592.53
TXN003380,2025-07-27,2025,7,July,3,Sunday,Resistance Bands,Sports,Zainab Iqbal,MUL-01,Multan,Cash,1,61.19,5.0,61.19,3.06,58.13
TXN003387,2025-11-02,2025,11,November,4,Sunday,Laptop Stand,Electronics,Usman Butt,ISB-01,Islamabad,Mobile Wallet,3,88.15,15.0,264.45,39.67,224.78
TXN004432,2025-02-07,2025,2,February,1,Friday,Football,Sports,Ayesha Khan,MUL-01,Multan,Cash,1,126.69,0.0,126.69,0.0,126.69
TXN001781,2025-02-14,2025,2,February,1,Friday,Cotton T-Shirt,Apparel,Fatima Farooq,LHR-02,Lahore,Credit Card,4,18.09,10.0,72.36,7.24,65.12
TXN001504,2024-03-12,2024,3,March,1,Tuesday,Face Moisturizer,Beauty,Faisal Butt,MUL-01,Multan,Mobile Wallet,5,191.94,0.0,959.7,0.0,959.7
TXN000834,2025-10-28,2025,10,October,4,Tuesday,Laptop Stand,Electronics,Ayesha Chaudhry,KHI-02,Karachi,Debit Card,6,60.94,10.0,365.64,36.56,329.08
TXN004630,2025-01-28,2025,1,January,1,Tuesday,Face Moisturizer,Beauty,Fatima Raza,FSD-01,Faisalabad,Credit Card,2,248.3,10.0,496.6,49.66,446.94
TXN000932,2025-01-01,2025,1,January,1,Wednesday,USB-C Cable,Electronics,Sara Chaudhry,FSD-01,Faisalabad,Cash,3,203.69,0.0,611.07,0.0,611.07
TXN003853,2025-08-23,2025,8,August,3,Saturday,Webcam HD,Electronics,Noor Butt,KHI-01,Karachi,Debit Card,6,123.74,0.0,742.44,0.0,742.44
TXN000802,2024-07-27,2024,7,July,3,Saturday,Denim Jacket,Apparel,Zainab Chaudhry,KHI-01,Karachi,Debit Card,2,27.09,20.0,54.18,10.84,43.34
TXN002170,2026-06-02,2026,6,June,2,Tuesday,Face Moisturizer,Beauty,Ayesha Raza,LHR-02,Lahore,Cash,3,46.0,20.0,138.0,27.6,110.4
TXN001130,2025-12-30,2025,12,December,4,Tuesday,Blender,Home & Kitchen,Noor Raza,FSD-01,Faisalabad,Credit Card,5,75.57,0.0,377.85,0.0,377.85
TXN001520,2025-02-24,2025,2,February,1,Monday,Football,Sports,Ayesha Raza,PSH-01,Peshawar,Mobile Wallet,2,249.77,5.0,499.54,24.98,474.56
TXN001020,2024-05-31,2024,5,May,2,Friday,Shampoo 500ml,Beauty,Ahmed Malik,KHI-01,Karachi,Debit Card,2,249.57,20.0,499.14,99.83,399.31
TXN002800,2024-04-24,2024,4,April,2,Wednesday,Hair Dryer,Beauty,Omar Butt,LHR-01,Lahore,Cash,5,29.41,20.0,147.05,29.41,117.64
TXN002059,2025-11-27,2025,11,November,4,Thursday,USB-C Cable,Electronics,Kamran Chaudhry,KHI-02,Karachi,Cash,2,27.76,10.0,55.52,5.55,49.97
TXN000361,2025-03-05,2025,3,March,1,Wednesday,Running Shoes,Apparel,Hina Sheikh,KHI-01,Karachi,Cash,4,80.83,0.0,323.32,0.0,323.32
TXN000416,2024-07-23,2024,7,July,3,Tuesday,Cotton T-Shirt,Apparel,Ayesha Malik,FSD-01,Faisalabad,Cash,1,223.38,5.0,223.38,11.17,212.21
TXN001577,2025-08-11,2025,8,August,3,Monday,Face Moisturizer,Beauty,Hassan Raza,KHI-02,Karachi,Cash,3,136.44,0.0,409.32,0.0,409.32
TXN004921,2025-02-21,2025,2,February,1,Friday,Football,Sports,Mariam Iqbal,KHI-01,Karachi,Mobile Wallet,5,108.57,15.0,542.85,81.43,461.42
TXN001385,2025-07-02,2025,7,July,3,Wednesday,Wireless Mouse,Electronics,Kamran Raza,LHR-02,Lahore,Credit Card,4,230.17,0.0,920.68,0.0,920.68
TXN003069,2024-08-25,2024,8,August,3,Sunday,Wireless Mouse,Electronics,Mariam Khan,KHI-01,Karachi,Cash,3,102.46,5.0,307.38,15.37,292.01
TXN002796,2024-08-21,2024,8,August,3,Wednesday,Resistance Bands,Sports,Hassan Chaudhry,KHI-01,Karachi,Cash,1,129.58,20.0,129.58,25.92,103.66
TXN001428,2026-02-10,2026,2,February,1,Tuesday,Coffee Maker,Home & Kitchen,Ahmed Chaudhry,ISB-01,Islamabad,Mobile Wallet,1,139.18,15.0,139.18,20.88,118.3
TXN001049,2026-05-09,2026,5,May,2,Saturday,Lip Balm,Beauty,Ayesha Farooq,ISB-01,Islamabad,Credit Card,3,241.06,0.0,723.18,0.0,723.18
TXN003362,2025-08-25,2025,8,August,3,Monday,Cycling Helmet,Sports,Faisal Raza,KHI-02,Karachi,Mobile Wallet,2,136.83,15.0,273.66,41.05,232.61
TXN002752,2025-04-26,2025,4,April,2,Saturday,Yoga Mat,Sports,Hina Khan,PSH-01,Peshawar,Credit Card,4,98.27,10.0,393.08,39.31,353.77
TXN001186,2024-10-05,2024,10,October,4,Saturday,Webcam HD,Electronics,Faisal Farooq,LHR-01,Lahore,Cash,4,113.5,20.0,454.0,90.8,363.2
TXN000991,2025-02-22,2025,2,February,1,Saturday,Hair Dryer,Beauty,Kamran Butt,MUL-01,Multan,Mobile Wallet,2,113.81,10.0,227.62,22.76,204.86
TXN003542,2026-05-01,2026,5,May,2,Friday,Non-Stick Pan,Home & Kitchen,Noor Malik,LHR-02,Lahore,Debit Card,3,168.54,0.0,505.62,0.0,505.62
TXN001796,2026-05-06,2026,5,May,2,Wednesday,Cycling Helmet,Sports,Ali Sheikh,KHI-01,Karachi,Credit Card,5,6.79,15.0,33.95,5.09,28.86
TXN001618,2024-08-11,2024,8,August,3,Sunday,Face Moisturizer,Beauty,Faisal Butt,LHR-02,Lahore,Credit Card,3,144.06,10.0,432.18,43.22,388.96
TXN001119,2026-02-12,2026,2,February,1,Thursday,Running Shoes,Apparel,Hassan Khan,LHR-01,Lahore,Credit Card,5,98.33,0.0,491.65,0.0,491.65
TXN002942,2026-05-19,2026,5,May,2,Tuesday,Resistance Bands,Sports,Ali Khan,PSH-01,Peshawar,Credit Card,2,65.8,15.0,131.6,19.74,111.86
TXN001663,2025-12-22,2025,12,December,4,Monday,Cycling Helmet,Sports,Fatima Butt,PSH-01,Peshawar,Debit Card,3,234.32,20.0,702.96,140.59,562.37
TXN003965,2024-04-04,2024,4,April,2,Thursday,Coffee Maker,Home & Kitchen,Zainab Sheikh,PSH-01,Peshawar,Cash,5,127.79,0.0,638.95,0.0,638.95
TXN000686,2025-09-02,2025,9,September,3,Tuesday,Cycling Helmet,Sports,Usman Farooq,KHI-01,Karachi,Cash,3,71.56,5.0,214.68,10.73,203.95
TXN004731,2026-01-18,2026,1,January,1,Sunday,Denim Jacket,Apparel,Ayesha Farooq,PSH-01,Peshawar,Credit Card,2,228.14,5.0,456.28,22.81,433.47
TXN002459,2025-04-21,2025,4,April,2,Monday,USB-C Cable,Electronics,Sana Chaudhry,ISB-01,Islamabad,Mobile Wallet,6,19.35,0.0,116.1,0.0,116.1
TXN000206,2025-08-29,2025,8,August,3,Friday,Ceramic Mug Set,Home & Kitchen,Fatima Sheikh,LHR-02,Lahore,Debit Card,6,20.26,0.0,121.56,0.0,121.56
TXN002817,2024-11-09,2024,11,November,4,Saturday,Coffee Maker,Home & Kitchen,Faisal Butt,ISB-01,Islamabad,Credit Card,3,139.72,20.0,419.16,83.83,335.33
TXN003152,2024-11-05,2024,11,November,4,Tuesday,Hair Dryer,Beauty,Hassan Khan,LHR-01,Lahore,Debit Card,2,13.67,20.0,27.34,5.47,21.87
TXN000613,2026-03-28,2026,3,March,1,Saturday,USB-C Cable,Electronics,Mariam Raza,LHR-02,Lahore,Credit Card,1,72.04,5.0,72.04,3.6,68.44
TXN001685,2024-06-08,2024,6,June,2,Saturday,Hair Dryer,Beauty,Noor Malik,LHR-01,Lahore,Credit Card,6,65.25,10.0,391.5,39.15,352.35
TXN003396,2024-05-17,2024,5,May,2,Friday,Webcam HD,Electronics,Usman Iqbal,KHI-01,Karachi,Credit Card,1,207.22,0.0,207.22,0.0,207.22
TXN002744,2024-07-05,2024,7,July,3,Friday,Running Shoes,Apparel,Sara Farooq,FSD-01,Faisalabad,Cash,6,31.81,0.0,190.86,0.0,190.86
TXN004712,2024-01-08,2024,1,January,1,Monday,Ceramic Mug Set,Home & Kitchen,Fatima Malik,MUL-01,Multan,Cash,4,218.18,0.0,872.72,0.0,872.72
TXN000947,2025-06-21,2025,6,June,2,Saturday,Non-Stick Pan,Home & Kitchen,Omar Malik,MUL-01,Multan,Cash,4,162.25,0.0,649.0,0.0,649.0
TXN001759,2025-09-12,2025,9,September,3,Friday,Coffee Maker,Home & Kitchen,Mariam Raza,PSH-01,Peshawar,Debit Card,6,20.66,15.0,123.96,18.59,105.37
TXN000357,2024-09-08,2024,9,September,3,Sunday,Yoga Mat,Sports,Kamran Farooq,LHR-02,Lahore,Credit Card,6,136.78,20.0,820.68,164.14,656.54
TXN001310,2026-01-29,2026,1,January,1,Thursday,Wireless Mouse,Electronics,Ayesha Farooq,ISB-01,Islamabad,Credit Card,6,170.33,20.0,1021.98,204.4,817.58
TXN000937,2025-06-26,2025,6,June,2,Thursday,Coffee Maker,Home & Kitchen,Zainab Iqbal,FSD-01,Faisalabad,Cash,3,88.57,0.0,265.71,0.0,265.71
TXN000159,2025-02-10,2025,2,February,1,Monday,Dumbbell Set,Sports,Usman Chaudhry,KHI-02,Karachi,Cash,4,96.4,15.0,385.6,57.84,327.76
TXN002063,2025-07-01,2025,7,July,3,Tuesday,Wireless Mouse,Electronics,Ahmed Raza,LHR-02,Lahore,Credit Card,4,105.54,15.0,422.16,63.32,358.84
TXN004192,2026-03-04,2026,3,March,1,Wednesday,Hair Dryer,Beauty,Usman Chaudhry,PSH-01,Peshawar,Mobile Wallet,3,33.6,5.0,100.8,5.04,95.76
TXN003456,2026-01-22,2026,1,January,1,Thursday,Running Shoes,Apparel,Ayesha Iqbal,KHI-02,Karachi,Mobile Wallet,5,118.52,0.0,592.6,0.0,592.6
TXN002756,2024-11-22,2024,11,November,4,Friday,Blender,Home & Kitchen,Ayesha Chaudhry,KHI-01,Karachi,Cash,4,20.83,0.0,83.32,0.0,83.32
TXN002838,2025-04-29,2025,4,April,2,Tuesday,Laptop Stand,Electronics,Fatima Khan,FSD-01,Faisalabad,Mobile Wallet,5,66.35,5.0,331.75,16.59,315.16
TXN003597,2024-03-14,2024,3,March,1,Thursday,Laptop Stand,Electronics,Hina Farooq,KHI-01,Karachi,Credit Card,1,195.78,0.0,195.78,0.0,195.78
TXN001741,2024-04-04,2024,4,April,2,Thursday,Wool Sweater,Apparel,Ali Raza,ISB-01,Islamabad,Debit Card,3,191.85,10.0,575.55,57.55,518.0
TXN000693,2024-01-11,2024,1,January,1,Thursday,Sunscreen SPF50,Beauty,Mariam Malik,LHR-02,Lahore,Cash,3,30.76,0.0,92.28,0.0,92.28
TXN001297,2025-05-23,2025,5,May,2,Friday,Football,Sports,Zainab Chaudhry,MUL-01,Multan,Mobile Wallet,4,77.95,0.0,311.8,0.0,311.8
TXN001152,2025-07-25,2025,7,July,3,Friday,Bluetooth Speaker,Electronics,Hina Malik,ISB-01,Islamabad,Cash,5,101.72,0.0,508.6,0.0,508.6
TXN003393,2024-01-22,2024,1,January,1,Monday,Non-Stick Pan,Home & Kitchen,Ahmed Khan,LHR-02,Lahore,Cash,4,119.36,0.0,477.44,0.0,477.44
TXN000485,2024-04-06,2024,4,April,2,Saturday,Webcam HD,Electronics,Noor Malik,KHI-01,Karachi,Cash,6,11.36,0.0,68.16,0.0,68.16
TXN001704,2024-12-26,2024,12,December,4,Thursday,Coffee Maker,Home & Kitchen,Hassan Butt,LHR-02,Lahore,Cash,1,122.08,5.0,122.08,6.1,115.98
TXN001365,2024-02-01,2024,2,February,1,Thursday,LED Desk Lamp,Home & Kitchen,Ahmed Raza,KHI-02,Karachi,Credit Card,5,52.83,20.0,264.15,52.83,211.32
TXN003661,2025-10-25,2025,10,October,4,Saturday,Lip Balm,Beauty,Omar Iqbal,ISB-01,Islamabad,Cash,6,119.23,5.0,715.38,35.77,679.61
TXN000276,2024-08-21,2024,8,August,3,Wednesday,Wireless Mouse,Electronics,Hina Chaudhry,LHR-01,Lahore,Mobile Wallet,4,104.87,0.0,419.48,0.0,419.48
TXN002493,2025-01-12,2025,1,January,1,Sunday,Shampoo 500ml,Beauty,Noor Malik,KHI-02,Karachi,Debit Card,3,132.11,10.0,396.33,39.63,356.7
TXN004503,2025-01-04,2025,1,January,1,Saturday,Bluetooth Speaker,Electronics,Sana Khan,PSH-01,Peshawar,Cash,5,52.42,15.0,262.1,39.32,222.78
TXN001375,2024-07-05,2024,7,July,3,Friday,Wool Sweater,Apparel,Hina Iqbal,PSH-01,Peshawar,Mobile Wallet,1,58.32,20.0,58.32,11.66,46.66
TXN004825,2025-05-13,2025,5,May,2,Tuesday,Ceramic Mug Set,Home & Kitchen,Sana Sheikh,KHI-01,Karachi,Credit Card,5,151.88,0.0,759.4,0.0,759.4
TXN000976,2025-12-19,2025,12,December,4,Friday,Face Moisturizer,Beauty,Ayesha Butt,LHR-01,Lahore,Credit Card,1,131.89,10.0,131.89,13.19,118.7
TXN002937,2024-01-13,2024,1,January,1,Saturday,Shampoo 500ml,Beauty,Sana Butt,LHR-01,Lahore,Credit Card,6,178.82,10.0,1072.92,107.29,965.63
TXN004352,2025-08-13,2025,8,August,3,Wednesday,Cycling Helmet,Sports,Ali Malik,ISB-01,Islamabad,Credit Card,2,37.0,0.0,74.0,0.0,74.0
TXN004646,2026-03-23,2026,3,March,1,Monday,LED Desk Lamp,Home & Kitchen,Noor Farooq,KHI-02,Karachi,Credit Card,1,236.74,20.0,236.74,47.35,189.39
TXN003686,2026-04-14,2026,4,April,2,Tuesday,Laptop Stand,Electronics,Faisal Raza,PSH-01,Peshawar,Cash,6,24.23,0.0,145.38,0.0,145.38
TXN002492,2024-03-10,2024,3,March,1,Sunday,Resistance Bands,Sports,Hassan Sheikh,PSH-01,Peshawar,Mobile Wallet,3,25.77,15.0,77.31,11.6,65.71
TXN000915,2024-05-24,2024,5,May,2,Friday,Cycling Helmet,Sports,Noor Raza,PSH-01,Peshawar,Cash,6,31.62,20.0,189.72,37.94,151.78
TXN004310,2025-07-23,2025,7,July,3,Wednesday,Blender,Home & Kitchen,Sana Iqbal,PSH-01,Peshawar,Cash,2,144.37,0.0,288.74,0.0,288.74
TXN004068,2024-05-28,2024,5,May,2,Tuesday,Bluetooth Speaker,Electronics,Noor Malik,PSH-01,Peshawar,Cash,2,243.92,10.0,487.84,48.78,439.06
TXN003972,2024-12-08,2024,12,December,4,Sunday,Yoga Mat,Sports,Ahmed Chaudhry,FSD-01,Faisalabad,Cash,4,120.06,0.0,480.24,0.0,480.24
TXN000440,2025-04-17,2025,4,April,2,Thursday,USB-C Cable,Electronics,Hassan Sheikh,LHR-01,Lahore,Debit Card,2,38.2,15.0,76.4,11.46,64.94
TXN004881,2025-10-13,2025,10,October,4,Monday,Bluetooth Speaker,Electronics,Usman Khan,ISB-01,Islamabad,Cash,1,65.31,0.0,65.31,0.0,65.31
TXN001842,2025-12-26,2025,12,December,4,Friday,Shampoo 500ml,Beauty,Usman Chaudhry,LHR-01,Lahore,Credit Card,1,187.71,15.0,187.71,28.16,159.55
TXN003596,2025-03-01,2025,3,March,1,Saturday,Cycling Helmet,Sports,Zainab Farooq,LHR-02,Lahore,Credit Card,2,15.2,0.0,30.4,0.0,30.4
TXN000453,2024-07-02,2024,7,July,3,Tuesday,Cotton T-Shirt,Apparel,Ahmed Malik,LHR-02,Lahore,Credit Card,3,153.12,0.0,459.36,0.0,459.36
TXN004079,2024-08-15,2024,8,August,3,Thursday,Dumbbell Set,Sports,Sara Malik,MUL-01,Multan,Cash,6,100.21,10.0,601.26,60.13,541.13
TXN004745,2025-05-26,2025,5,May,2,Monday,Face Moisturizer,Beauty,Noor Sheikh,ISB-01,Islamabad,Mobile Wallet,3,213.8,0.0,641.4,0.0,641.4
TXN004489,2025-08-16,2025,8,August,3,Saturday,Blender,Home & Kitchen,Ahmed Chaudhry,ISB-01,Islamabad,Cash,2,162.91,5.0,325.82,16.29,309.53
TXN002549,2025-05-22,2025,5,May,2,Thursday,Bluetooth Speaker,Electronics,Noor Iqbal,KHI-01,Karachi,Debit Card,6,224.17,0.0,1345.02,0.0,1345.02
TXN003553,2024-10-24,2024,10,October,4,Thursday,USB-C Cable,Electronics,Hassan Butt,LHR-02,Lahore,Mobile Wallet,5,198.83,0.0,994.15,0.0,994.15
TXN000632,2024-04-11,2024,4,April,2,Thursday,Bluetooth Speaker,Electronics,Ahmed Butt,LHR-02,Lahore,Cash,5,235.75,20.0,1178.75,235.75,943.0
TXN003816,2026-06-18,2026,6,June,2,Thursday,Wireless Mouse,Electronics,Faisal Raza,LHR-02,Lahore,Mobile Wallet,4,81.12,0.0,324.48,0.0,324.48
TXN001221,2024-05-21,2024,5,May,2,Tuesday,Laptop Stand,Electronics,Kamran Chaudhry,PSH-01,Peshawar,Credit Card,5,77.72,10.0,388.6,38.86,349.74
TXN003630,2024-05-31,2024,5,May,2,Friday,Wireless Mouse,Electronics,Ahmed Raza,ISB-01,Islamabad,Cash,4,115.28,20.0,461.12,92.22,368.9
TXN001055,2024-09-19,2024,9,September,3,Thursday,Football,Sports,Ayesha Butt,KHI-01,Karachi,Mobile Wallet,4,229.96,10.0,919.84,91.98,827.86
TXN001746,2024-11-22,2024,11,November,4,Friday,Cycling Helmet,Sports,Mariam Khan,LHR-01,Lahore,Mobile Wallet,6,93.49,0.0,560.94,0.0,560.94
TXN001883,2026-04-24,2026,4,April,2,Friday,Shampoo 500ml,Beauty,Noor Raza,FSD-01,Faisalabad,Cash,3,130.85,5.0,392.55,19.63,372.92
TXN000232,2025-12-08,2025,12,December,4,Monday,Ceramic Mug Set,Home & Kitchen,Faisal Khan,KHI-01,Karachi,Debit Card,4,17.08,0.0,68.32,0.0,68.32
TXN003717,2026-05-23,2026,5,May,2,Saturday,Face Moisturizer,Beauty,Ayesha Sheikh,LHR-02,Lahore,Cash,1,108.84,0.0,108.84,0.0,108.84
TXN002630,2024-02-08,2024,2,February,1,Thursday,Ceramic Mug Set,Home & Kitchen,Omar Iqbal,KHI-02,Karachi,Mobile Wallet,1,50.17,0.0,50.17,0.0,50.17
TXN004055,2024-03-18,2024,3,March,1,Monday,Running Shoes,Apparel,Zainab Chaudhry,LHR-01,Lahore,Cash,4,141.16,20.0,564.64,112.93,451.71
TXN000905,2025-11-28,2025,11,November,4,Friday,Wool Sweater,Apparel,Hina Raza,LHR-02,Lahore,Cash,4,233.0,20.0,932.0,186.4,745.6
TXN003738,2024-05-19,2024,5,May,2,Sunday,Webcam HD,Electronics,Sana Raza,PSH-01,Peshawar,Mobile Wallet,1,138.22,0.0,138.22,0.0,138.22
TXN004540,2024-06-10,2024,6,June,2,Monday,Cycling Helmet,Sports,Faisal Iqbal,PSH-01,Peshawar,Cash,6,95.06,0.0,570.36,0.0,570.36
TXN001404,2025-12-09,2025,12,December,4,Tuesday,Hair Dryer,Beauty,Ali Sheikh,ISB-01,Islamabad,Credit Card,3,148.16,0.0,444.48,0.0,444.48
TXN004715,2025-12-06,2025,12,December,4,Saturday,Face Moisturizer,Beauty,Faisal Butt,LHR-01,Lahore,Cash,5,138.65,10.0,693.25,69.33,623.92
TXN002142,2024-01-11,2024,1,January,1,Thursday,Lip Balm,Beauty,Hina Raza,FSD-01,Faisalabad,Debit Card,1,228.08,20.0,228.08,45.62,182.46
TXN001806,2025-02-15,2025,2,February,1,Saturday,Football,Sports,Hassan Chaudhry,KHI-02,Karachi,Cash,4,97.44,10.0,389.76,38.98,350.78
TXN002836,2025-03-15,2025,3,March,1,Saturday,Cotton T-Shirt,Apparel,Faisal Malik,PSH-01,Peshawar,Cash,3,24.06,5.0,72.18,3.61,68.57
TXN003281,2025-12-31,2025,12,December,4,Wednesday,Football,Sports,Noor Khan,ISB-01,Islamabad,Debit Card,4,107.44,15.0,429.76,64.46,365.3
TXN004970,2025-05-28,2025,5,May,2,Wednesday,LED Desk Lamp,Home & Kitchen,Bilal Sheikh,PSH-01,Peshawar,Credit Card,4,99.84,15.0,399.36,59.9,339.46
TXN001417,2026-02-24,2026,2,February,1,Tuesday,Yoga Mat,Sports,Bilal Butt,KHI-01,Karachi,Cash,2,242.2,0.0,484.4,0.0,484.4
TXN001614,2024-05-06,2024,5,May,2,Monday,Football,Sports,Fatima Butt,KHI-01,Karachi,Cash,4,187.83,0.0,751.32,0.0,751.32
TXN000986,2025-05-21,2025,5,May,2,Wednesday,Football,Sports,Sara Butt,LHR-01,Lahore,Mobile Wallet,5,234.01,10.0,1170.05,117.0,1053.05
TXN003989,2024-10-23,2024,10,October,4,Wednesday,Face Moisturizer,Beauty,Mariam Butt,ISB-01,Islamabad,Cash,3,66.29,10.0,198.87,19.89,178.98
TXN000876,2026-05-08,2026,5,May,2,Friday,Non-Stick Pan,Home & Kitchen,Faisal Iqbal,PSH-01,Peshawar,Debit Card,5,238.75,0.0,1193.75,0.0,1193.75
TXN001077,2025-05-27,2025,5,May,2,Tuesday,Resistance Bands,Sports,Ayesha Malik,LHR-01,Lahore,Cash,3,48.72,5.0,146.16,7.31,138.85
TXN002254,2024-12-04,2024,12,December,4,Wednesday,Hair Dryer,Beauty,Ali Farooq,LHR-01,Lahore,Credit Card,3,151.96,15.0,455.88,68.38,387.5
TXN003101,2024-06-09,2024,6,June,2,Sunday,Cycling Helmet,Sports,Noor Farooq,LHR-02,Lahore,Credit Card,4,15.33,10.0,61.32,6.13,55.19
TXN000899,2024-10-21,2024,10,October,4,Monday,USB-C Cable,Electronics,Faisal Chaudhry,PSH-01,Peshawar,Debit Card,5,176.23,0.0,881.15,0.0,881.15
TXN001789,2026-07-13,2026,7,July,3,Monday,Non-Stick Pan,Home & Kitchen,Omar Malik,KHI-01,Karachi,Credit Card,4,208.86,0.0,835.44,0.0,835.44
TXN002230,2026-06-09,2026,6,June,2,Tuesday,USB-C Cable,Electronics,Ahmed Sheikh,LHR-02,Lahore,Mobile Wallet,5,115.73,0.0,578.65,0.0,578.65
TXN004488,2024-01-10,2024,1,January,1,Wednesday,Wool Sweater,Apparel,Bilal Sheikh,FSD-01,Faisalabad,Debit Card,4,134.88,5.0,539.52,26.98,512.54
TXN000944,2024-07-21,2024,7,July,3,Sunday,Sports Cap,Apparel,Omar Malik,PSH-01,Peshawar,Credit Card,3,153.6,0.0,460.8,0.0,460.8
TXN003293,2026-06-16,2026,6,June,2,Tuesday,Blender,Home & Kitchen,Hassan Sheikh,FSD-01,Faisalabad,Credit Card,6,154.63,5.0,927.78,46.39,881.39
TXN001637,2025-10-18,2025,10,October,4,Saturday,Sunscreen SPF50,Beauty,Zainab Malik,KHI-01,Karachi,Credit Card,6,216.54,15.0,1299.24,194.89,1104.35
TXN001576,2025-10-26,2025,10,October,4,Sunday,Resistance Bands,Sports,Bilal Butt,KHI-01,Karachi,Mobile Wallet,6,19.16,0.0,114.96,0.0,114.96
TXN003110,2024-07-18,2024,7,July,3,Thursday,Webcam HD,Electronics,Hassan Sheikh,LHR-01,Lahore,Cash,5,82.43,0.0,412.15,0.0,412.15
TXN004707,2026-04-11,2026,4,April,2,Saturday,Face Moisturizer,Beauty,Mariam Farooq,FSD-01,Faisalabad,Cash,1,13.52,5.0,13.52,0.68,12.84
TXN001994,2025-06-22,2025,6,June,2,Sunday,Resistance Bands,Sports,Bilal Khan,KHI-01,Karachi,Credit Card,3,246.09,15.0,738.27,110.74,627.53
TXN000680,2024-07-17,2024,7,July,3,Wednesday,Wool Sweater,Apparel,Hina Butt,FSD-01,Faisalabad,Debit Card,6,210.91,20.0,1265.46,253.09,1012.37
TXN002500,2026-05-30,2026,5,May,2,Saturday,Sunscreen SPF50,Beauty,Omar Farooq,FSD-01,Faisalabad,Cash,6,142.23,15.0,853.38,128.01,725.37
TXN000105,2025-09-03,2025,9,September,3,Wednesday,Bluetooth Speaker,Electronics,Kamran Malik,MUL-01,Multan,Mobile Wallet,5,9.03,0.0,45.15,0.0,45.15
TXN002865,2025-06-24,2025,6,June,2,Tuesday,Shampoo 500ml,Beauty,Ali Iqbal,LHR-02,Lahore,Cash,6,47.6,10.0,285.6,28.56,257.04
TXN000672,2025-12-17,2025,12,December,4,Wednesday,LED Desk Lamp,Home & Kitchen,Zainab Chaudhry,LHR-01,Lahore,Cash,4,163.98,20.0,655.92,131.18,524.74
TXN003504,2024-10-14,2024,10,October,4,Monday,Hair Dryer,Beauty,Usman Khan,KHI-02,Karachi,Credit Card,2,168.82,0.0,337.64,0.0,337.64
TXN004547,2024-05-15,2024,5,May,2,Wednesday,Shampoo 500ml,Beauty,Noor Raza,LHR-01,Lahore,Credit Card,3,83.21,5.0,249.63,12.48,237.15
TXN000588,2024-03-06,2024,3,March,1,Wednesday,Yoga Mat,Sports,Sara Chaudhry,KHI-01,Karachi,Credit Card,2,12.27,0.0,24.54,0.0,24.54
TXN000942,2026-06-25,2026,6,June,2,Thursday,Resistance Bands,Sports,Usman Malik,KHI-02,Karachi,Credit Card,5,133.26,5.0,666.3,33.31,632.99
TXN000173,2025-06-15,2025,6,June,2,Sunday,Ceramic Mug Set,Home & Kitchen,Ali Malik,LHR-02,Lahore,Credit Card,5,147.23,5.0,736.15,36.81,699.34
TXN004422,2026-06-11,2026,6,June,2,Thursday,Ceramic Mug Set,Home & Kitchen,Bilal Malik,FSD-01,Faisalabad,Cash,2,91.42,5.0,182.84,9.14,173.7
TXN001471,2026-06-19,2026,6,June,2,Friday,Dumbbell Set,Sports,Bilal Chaudhry,LHR-02,Lahore,Cash,3,19.1,20.0,57.3,11.46,45.84
TXN003628,2025-12-08,2025,12,December,4,Monday,Denim Jacket,Apparel,Mariam Butt,PSH-01,Peshawar,Cash,6,5.82,10.0,34.92,3.49,31.43
TXN000028,2025-06-16,2025,6,June,2,Monday,Yoga Mat,Sports,Usman Chaudhry,MUL-01,Multan,Credit Card,6,173.28,5.0,1039.68,51.98,987.7
TXN003760,2026-04-03,2026,4,April,2,Friday,Webcam HD,Electronics,Kamran Iqbal,LHR-02,Lahore,Mobile Wallet,1,153.3,15.0,153.3,23.0,130.3
TXN004674,2026-01-11,2026,1,January,1,Sunday,Dumbbell Set,Sports,Ali Farooq,KHI-01,Karachi,Debit Card,1,192.55,20.0,192.55,38.51,154.04
TXN002525,2024-05-11,2024,5,May,2,Saturday,Non-Stick Pan,Home & Kitchen,Mariam Iqbal,KHI-01,Karachi,Credit Card,6,237.45,5.0,1424.7,71.23,1353.47
TXN000849,2026-03-10,2026,3,March,1,Tuesday,Lip Balm,Beauty,Sara Malik,FSD-01,Faisalabad,Cash,5,135.28,5.0,676.4,33.82,642.58
TXN002989,2024-10-20,2024,10,October,4,Sunday,Laptop Stand,Electronics,Noor Malik,KHI-01,Karachi,Cash,1,98.53,5.0,98.53,4.93,93.6
TXN001129,2025-03-28,2025,3,March,1,Friday,Sunscreen SPF50,Beauty,Omar Iqbal,LHR-01,Lahore,Debit Card,2,78.17,10.0,156.34,15.63,140.71
TXN003080,2024-01-25,2024,1,January,1,Thursday,Dumbbell Set,Sports,Faisal Butt,KHI-01,Karachi,Mobile Wallet,6,181.21,0.0,1087.26,0.0,1087.26
TXN002052,2024-10-03,2024,10,October,4,Thursday,Running Shoes,Apparel,Mariam Butt,KHI-01,Karachi,Cash,1,210.42,10.0,210.42,21.04,189.38
TXN000283,2024-04-21,2024,4,April,2,Sunday,Ceramic Mug Set,Home & Kitchen,Kamran Raza,PSH-01,Peshawar,Cash,1,163.16,0.0,163.16,0.0,163.16
TXN000408,2026-07-15,2026,7,July,3,Wednesday,Hair Dryer,Beauty,Ayesha Sheikh,LHR-01,Lahore,Credit Card,1,206.08,10.0,206.08,20.61,185.47
TXN003985,2025-07-06,2025,7,July,3,Sunday,Bluetooth Speaker,Electronics,Usman Farooq,FSD-01,Faisalabad,Cash,3,135.6,0.0,406.8,0.0,406.8
TXN002709,2026-01-26,2026,1,January,1,Monday,Running Shoes,Apparel,Zainab Khan,LHR-02,Lahore,Mobile Wallet,5,17.48,0.0,87.4,0.0,87.4
TXN004973,2025-06-08,2025,6,June,2,Sunday,Laptop Stand,Electronics,Omar Chaudhry,MUL-01,Multan,Cash,3,28.87,10.0,86.61,8.66,77.95
TXN000832,2024-06-02,2024,6,June,2,Sunday,Sunscreen SPF50,Beauty,Sara Raza,LHR-01,Lahore,Mobile Wallet,6,154.12,0.0,924.72,0.0,924.72
TXN001006,2025-01-15,2025,1,January,1,Wednesday,Sports Cap,Apparel,Ahmed Khan,ISB-01,Islamabad,Debit Card,3,114.85,10.0,344.55,34.45,310.1
TXN000586,2025-12-14,2025,12,December,4,Sunday,Lip Balm,Beauty,Hina Farooq,LHR-01,Lahore,Debit Card,6,133.62,0.0,801.72,0.0,801.72
TXN002635,2025-06-25,2025,6,June,2,Wednesday,Resistance Bands,Sports,Zainab Malik,MUL-01,Multan,Cash,6,40.32,0.0,241.92,0.0,241.92
TXN002802,2025-05-23,2025,5,May,2,Friday,Coffee Maker,Home & Kitchen,Usman Malik,FSD-01,Faisalabad,Cash,3,135.08,0.0,405.24,0.0,405.24
TXN000513,2024-03-24,2024,3,March,1,Sunday,Running Shoes,Apparel,Fatima Sheikh,PSH-01,Peshawar,Credit Card,2,20.24,0.0,40.48,0.0,40.48
TXN003778,2024-10-24,2024,10,October,4,Thursday,Non-Stick Pan,Home & Kitchen,Fatima Butt,KHI-01,Karachi,Debit Card,1,214.45,10.0,214.45,21.45,193.0
TXN001563,2025-12-27,2025,12,December,4,Saturday,Dumbbell Set,Sports,Hina Farooq,ISB-01,Islamabad,Cash,5,59.84,0.0,299.2,0.0,299.2
TXN004214,2025-07-25,2025,7,July,3,Friday,USB-C Cable,Electronics,Sara Malik,KHI-01,Karachi,Cash,4,216.55,10.0,866.2,86.62,779.58
TXN000394,2026-04-21,2026,4,April,2,Tuesday,Sports Cap,Apparel,Omar Malik,LHR-01,Lahore,Credit Card,4,210.22,5.0,840.88,42.04,798.84
TXN002489,2026-05-19,2026,5,May,2,Tuesday,Cotton T-Shirt,Apparel,Ahmed Iqbal,PSH-01,Peshawar,Debit Card,3,112.25,0.0,336.75,0.0,336.75
TXN003665,2024-11-28,2024,11,November,4,Thursday,Bluetooth Speaker,Electronics,Sara Butt,FSD-01,Faisalabad,Mobile Wallet,6,210.85,0.0,1265.1,0.0,1265.1
TXN004942,2024-04-30,2024,4,April,2,Tuesday,Webcam HD,Electronics,Hina Raza,KHI-02,Karachi,Debit Card,3,99.18,15.0,297.54,44.63,252.91
TXN004534,2025-11-19,2025,11,November,4,Wednesday,Wireless Mouse,Electronics,Omar Farooq,KHI-01,Karachi,Debit Card,2,233.43,20.0,466.86,93.37,373.49
TXN003118,2025-12-18,2025,12,December,4,Thursday,Sunscreen SPF50,Beauty,Noor Malik,KHI-02,Karachi,Cash,4,168.0,0.0,672.0,0.0,672.0
TXN002034,2025-03-10,2025,3,March,1,Monday,Denim Jacket,Apparel,Ayesha Chaudhry,KHI-01,Karachi,Debit Card,1,85.79,0.0,85.79,0.0,85.79
TXN004404,2025-03-30,2025,3,March,1,Sunday,Laptop Stand,Electronics,Ahmed Chaudhry,PSH-01,Peshawar,Credit Card,5,167.99,20.0,839.95,167.99,671.96
TXN002262,2025-01-13,2025,1,January,1,Monday,Wireless Mouse,Electronics,Mariam Butt,FSD-01,Faisalabad,Credit Card,2,47.44,10.0,94.88,9.49,85.39
TXN004037,2025-04-14,2025,4,April,2,Monday,Cotton T-Shirt,Apparel,Hassan Butt,KHI-01,Karachi,Mobile Wallet,3,239.1,15.0,717.3,107.59,609.71
TXN002469,2024-03-05,2024,3,March,1,Tuesday,Dumbbell Set,Sports,Ali Raza,KHI-01,Karachi,Credit Card,4,67.63,10.0,270.52,27.05,243.47
TXN001720,2025-01-01,2025,1,January,1,Wednesday,Dumbbell Set,Sports,Omar Chaudhry,KHI-02,Karachi,Mobile Wallet,5,224.14,5.0,1120.7,56.03,1064.67
TXN003958,2026-06-23,2026,6,June,2,Tuesday,Wireless Mouse,Electronics,Usman Farooq,KHI-02,Karachi,Credit Card,1,221.17,0.0,221.17,0.0,221.17
TXN003409,2026-02-23,2026,2,February,1,Monday,Wireless Mouse,Electronics,Mariam Iqbal,KHI-01,Karachi,Cash,3,212.58,20.0,637.74,127.55,510.19
TXN001079,2025-04-10,2025,4,April,2,Thursday,Laptop Stand,Electronics,Bilal Malik,KHI-02,Karachi,Cash,1,119.28,0.0,119.28,0.0,119.28
TXN003135,2024-03-21,2024,3,March,1,Thursday,Football,Sports,Ayesha Iqbal,LHR-02,Lahore,Credit Card,1,200.26,0.0,200.26,0.0,200.26
TXN001584,2024-10-11,2024,10,October,4,Friday,USB-C Cable,Electronics,Ayesha Khan,LHR-01,Lahore,Mobile Wallet,3,126.12,20.0,378.36,75.67,302.69
TXN002425,2026-06-24,2026,6,June,2,Wednesday,Resistance Bands,Sports,Sara Chaudhry,ISB-01,Islamabad,Debit Card,2,134.66,5.0,269.32,13.47,255.85
TXN002255,2026-03-18,2026,3,March,1,Wednesday,Non-Stick Pan,Home & Kitchen,Noor Sheikh,MUL-01,Multan,Cash,4,166.45,10.0,665.8,66.58,599.22
TXN002927,2025-03-08,2025,3,March,1,Saturday,Wool Sweater,Apparel,Ali Iqbal,LHR-01,Lahore,Mobile Wallet,3,22.79,15.0,68.37,10.26,58.11
TXN000263,2026-01-23,2026,1,January,1,Friday,Yoga Mat,Sports,Kamran Sheikh,PSH-01,Peshawar,Cash,4,140.54,10.0,562.16,56.22,505.94
TXN003501,2024-04-26,2024,4,April,2,Friday,Dumbbell Set,Sports,Sana Butt,PSH-01,Peshawar,Mobile Wallet,1,152.89,10.0,152.89,15.29,137.6
TXN004285,2024-03-19,2024,3,March,1,Tuesday,Face Moisturizer,Beauty,Omar Butt,MUL-01,Multan,Debit Card,6,207.81,0.0,1246.86,0.0,1246.86
TXN002171,2025-07-08,2025,7,July,3,Tuesday,Wireless Mouse,Electronics,Zainab Raza,KHI-01,Karachi,Credit Card,5,228.25,15.0,1141.25,171.19,970.06
TXN004249,2024-06-15,2024,6,June,2,Saturday,Face Moisturizer,Beauty,Usman Farooq,KHI-01,Karachi,Credit Card,5,10.54,0.0,52.7,0.0,52.7
TXN004395,2024-02-10,2024,2,February,1,Saturday,Sunscreen SPF50,Beauty,Noor Chaudhry,KHI-01,Karachi,Cash,5,26.16,0.0,130.8,0.0,130.8
TXN000014,2025-11-20,2025,11,November,4,Thursday,Laptop Stand,Electronics,Noor Iqbal,FSD-01,Faisalabad,Credit Card,1,246.12,20.0,246.12,49.22,196.9
TXN001037,2025-03-11,2025,3,March,1,Tuesday,Cycling Helmet,Sports,Ahmed Raza,LHR-02,Lahore,Credit Card,1,14.54,0.0,14.54,0.0,14.54
TXN004841,2025-12-22,2025,12,December,4,Monday,Yoga Mat,Sports,Bilal Butt,KHI-02,Karachi,Mobile Wallet,4,29.28,15.0,117.12,17.57,99.55
TXN000484,2024-06-21,2024,6,June,2,Friday,Cotton T-Shirt,Apparel,Sara Butt,FSD-01,Faisalabad,Cash,3,129.64,0.0,388.92,0.0,388.92
TXN000898,2026-02-20,2026,2,February,1,Friday,Yoga Mat,Sports,Faisal Butt,FSD-01,Faisalabad,Mobile Wallet,6,76.77,0.0,460.62,0.0,460.62
TXN001131,2026-03-31,2026,3,March,1,Tuesday,Lip Balm,Beauty,Bilal Khan,LHR-01,Lahore,Cash,2,96.26,0.0,192.52,0.0,192.52
TXN004640,2025-06-23,2025,6,June,2,Monday,Resistance Bands,Sports,Sana Sheikh,MUL-01,Multan,Debit Card,3,91.06,0.0,273.18,0.0,273.18
TXN003658,2025-06-15,2025,6,June,2,Sunday,Webcam HD,Electronics,Ahmed Sheikh,LHR-01,Lahore,Debit Card,5,12.81,0.0,64.05,0.0,64.05
TXN000502,2024-04-26,2024,4,April,2,Friday,LED Desk Lamp,Home & Kitchen,Hina Khan,KHI-01,Karachi,Debit Card,5,60.54,0.0,302.7,0.0,302.7
TXN004032,2025-12-12,2025,12,December,4,Friday,USB-C Cable,Electronics,Sana Raza,KHI-02,Karachi,Cash,6,88.51,20.0,531.06,106.21,424.85
TXN004492,2024-03-27,2024,3,March,1,Wednesday,Sunscreen SPF50,Beauty,Hina Sheikh,PSH-01,Peshawar,Cash,1,23.8,0.0,23.8,0.0,23.8
TXN001560,2026-02-02,2026,2,February,1,Monday,Yoga Mat,Sports,Kamran Khan,FSD-01,Faisalabad,Cash,4,122.18,0.0,488.72,0.0,488.72
TXN003519,2025-01-02,2025,1,January,1,Thursday,Cotton T-Shirt,Apparel,Zainab Khan,KHI-01,Karachi,Cash,1,83.5,0.0,83.5,0.0,83.5
TXN000707,2024-01-22,2024,1,January,1,Monday,Resistance Bands,Sports,Fatima Chaudhry,PSH-01,Peshawar,Credit Card,2,244.77,5.0,489.54,24.48,465.06
TXN000732,2025-07-31,2025,7,July,3,Thursday,Bluetooth Speaker,Electronics,Omar Khan,KHI-02,Karachi,Cash,1,177.26,5.0,177.26,8.86,168.4
TXN003803,2025-08-18,2025,8,August,3,Monday,Coffee Maker,Home & Kitchen,Usman Iqbal,ISB-01,Islamabad,Debit Card,4,118.93,5.0,475.72,23.79,451.93
TXN001172,2024-03-26,2024,3,March,1,Tuesday,Yoga Mat,Sports,Mariam Farooq,KHI-02,Karachi,Debit Card,6,240.82,10.0,1444.92,144.49,1300.43
TXN003563,2024-05-16,2024,5,May,2,Thursday,Non-Stick Pan,Home & Kitchen,Bilal Sheikh,ISB-01,Islamabad,Cash,6,187.24,0.0,1123.44,0.0,1123.44
TXN002944,2024-07-29,2024,7,July,3,Monday,Shampoo 500ml,Beauty,Bilal Khan,KHI-01,Karachi,Cash,3,194.04,0.0,582.12,0.0,582.12
TXN004357,2025-01-02,2025,1,January,1,Thursday,Bluetooth Speaker,Electronics,Fatima Raza,MUL-01,Multan,Cash,3,52.02,15.0,156.06,23.41,132.65
TXN003684,2026-01-19,2026,1,January,1,Monday,Bluetooth Speaker,Electronics,Hassan Butt,PSH-01,Peshawar,Cash,4,9.22,0.0,36.88,0.0,36.88
TXN004810,2025-05-20,2025,5,May,2,Tuesday,Denim Jacket,Apparel,Sana Chaudhry,ISB-01,Islamabad,Cash,2,110.48,10.0,220.96,22.1,198.86
TXN000908,2024-07-24,2024,7,July,3,Wednesday,Yoga Mat,Sports,Omar Chaudhry,KHI-01,Karachi,Cash,4,18.82,0.0,75.28,0.0,75.28
TXN000219,2025-07-29,2025,7,July,3,Tuesday,Coffee Maker,Home & Kitchen,Noor Farooq,KHI-01,Karachi,Cash,5,222.95,10.0,1114.75,111.47,1003.28
TXN004666,2025-11-29,2025,11,November,4,Saturday,Running Shoes,Apparel,Sara Iqbal,PSH-01,Peshawar,Cash,4,217.86,0.0,871.44,0.0,871.44
TXN000726,2026-05-10,2026,5,May,2,Sunday,Non-Stick Pan,Home & Kitchen,Sara Farooq,LHR-01,Lahore,Credit Card,3,231.27,0.0,693.81,0.0,693.81
TXN000157,2025-06-01,2025,6,June,2,Sunday,Laptop Stand,Electronics,Ayesha Malik,KHI-01,Karachi,Credit Card,5,96.43,5.0,482.15,24.11,458.04
TXN003996,2024-11-27,2024,11,November,4,Wednesday,Wool Sweater,Apparel,Ali Sheikh,ISB-01,Islamabad,Credit Card,3,49.24,0.0,147.72,0.0,147.72
TXN002173,2025-05-09,2025,5,May,2,Friday,Football,Sports,Sara Iqbal,PSH-01,Peshawar,Cash,6,136.39,10.0,818.34,81.83,736.51
TXN004843,2024-11-15,2024,11,November,4,Friday,Football,Sports,Kamran Farooq,PSH-01,Peshawar,Mobile Wallet,5,146.86,20.0,734.3,146.86,587.44
TXN002389,2024-05-14,2024,5,May,2,Tuesday,LED Desk Lamp,Home & Kitchen,Ayesha Raza,KHI-01,Karachi,Cash,3,56.38,10.0,169.14,16.91,152.23
TXN000866,2025-07-10,2025,7,July,3,Thursday,USB-C Cable,Electronics,Sara Raza,ISB-01,Islamabad,Debit Card,4,28.17,15.0,112.68,16.9,95.78
TXN001556,2025-10-12,2025,10,October,4,Sunday,USB-C Cable,Electronics,Ali Malik,KHI-02,Karachi,Mobile Wallet,1,108.67,10.0,108.67,10.87,97.8
TXN001958,2025-05-03,2025,5,May,2,Saturday,Cycling Helmet,Sports,Omar Butt,MUL-01,Multan,Credit Card,1,199.68,5.0,199.68,9.98,189.7
TXN001387,2024-01-23,2024,1,January,1,Tuesday,LED Desk Lamp,Home & Kitchen,Fatima Butt,PSH-01,Peshawar,Credit Card,1,105.88,15.0,105.88,15.88,90.0
TXN004713,2025-06-27,2025,6,June,2,Friday,Non-Stick Pan,Home & Kitchen,Hassan Butt,PSH-01,Peshawar,Debit Card,6,129.1,15.0,774.6,116.19,658.41
TXN000887,2025-08-28,2025,8,August,3,Thursday,Dumbbell Set,Sports,Hassan Khan,PSH-01,Peshawar,Credit Card,1,20.84,15.0,20.84,3.13,17.71
TXN004474,2024-02-27,2024,2,February,1,Tuesday,Webcam HD,Electronics,Omar Butt,LHR-01,Lahore,Mobile Wallet,2,170.43,10.0,340.86,34.09,306.77
TXN001277,2024-03-05,2024,3,March,1,Tuesday,Non-Stick Pan,Home & Kitchen,Mariam Sheikh,LHR-01,Lahore,Credit Card,3,232.26,0.0,696.78,0.0,696.78
TXN001700,2026-05-22,2026,5,May,2,Friday,Dumbbell Set,Sports,Sana Malik,MUL-01,Multan,Cash,3,161.83,5.0,485.49,24.27,461.22
TXN000185,2026-06-06,2026,6,June,2,Saturday,Blender,Home & Kitchen,Bilal Iqbal,LHR-02,Lahore,Cash,2,36.09,20.0,72.18,14.44,57.74
TXN002708,2025-07-15,2025,7,July,3,Tuesday,Wireless Mouse,Electronics,Mariam Butt,ISB-01,Islamabad,Credit Card,6,71.94,20.0,431.64,86.33,345.31
TXN003201,2024-03-17,2024,3,March,1,Sunday,Blender,Home & Kitchen,Hassan Butt,KHI-01,Karachi,Mobile Wallet,6,134.24,5.0,805.44,40.27,765.17
TXN002204,2026-04-08,2026,4,April,2,Wednesday,Webcam HD,Electronics,Sana Iqbal,LHR-02,Lahore,Cash,5,33.32,0.0,166.6,0.0,166.6
TXN004777,2025-09-15,2025,9,September,3,Monday,Ceramic Mug Set,Home & Kitchen,Hina Farooq,LHR-01,Lahore,Cash,2,53.33,0.0,106.66,0.0,106.66
TXN001610,2025-04-27,2025,4,April,2,Sunday,Face Moisturizer,Beauty,Usman Chaudhry,PSH-01,Peshawar,Cash,2,67.38,15.0,134.76,20.21,114.55
TXN002683,2025-10-08,2025,10,October,4,Wednesday,Blender,Home & Kitchen,Mariam Farooq,FSD-01,Faisalabad,Mobile Wallet,3,136.13,10.0,408.39,40.84,367.55
TXN004020,2024-07-21,2024,7,July,3,Sunday,Face Moisturizer,Beauty,Usman Butt,ISB-01,Islamabad,Cash,1,183.86,0.0,183.86,0.0,183.86
TXN003291,2025-09-25,2025,9,September,3,Thursday,Non-Stick Pan,Home & Kitchen,Noor Khan,KHI-02,Karachi,Debit Card,2,142.28,0.0,284.56,0.0,284.56
TXN001660,2026-04-12,2026,4,April,2,Sunday,Non-Stick Pan,Home & Kitchen,Fatima Khan,PSH-01,Peshawar,Credit Card,5,105.25,20.0,526.25,105.25,421.0
TXN003416,2024-01-07,2024,1,January,1,Sunday,Wool Sweater,Apparel,Ali Farooq,LHR-01,Lahore,Cash,2,188.82,5.0,377.64,18.88,358.76
TXN004003,2025-01-17,2025,1,January,1,Friday,Denim Jacket,Apparel,Ayesha Iqbal,PSH-01,Peshawar,Mobile Wallet,2,126.39,0.0,252.78,0.0,252.78
TXN003176,2025-01-14,2025,1,January,1,Tuesday,Dumbbell Set,Sports,Ahmed Khan,FSD-01,Faisalabad,Debit Card,3,232.39,15.0,697.17,104.58,592.59
TXN004811,2026-06-12,2026,6,June,2,Friday,Yoga Mat,Sports,Usman Malik,KHI-01,Karachi,Cash,2,14.33,15.0,28.66,4.3,24.36
TXN002439,2024-12-06,2024,12,December,4,Friday,Cycling Helmet,Sports,Omar Chaudhry,LHR-02,Lahore,Credit Card,4,119.06,20.0,476.24,95.25,380.99
TXN004369,2024-04-28,2024,4,April,2,Sunday,Denim Jacket,Apparel,Mariam Raza,MUL-01,Multan,Cash,5,18.64,5.0,93.2,4.66,88.54
TXN003800,2026-06-17,2026,6,June,2,Wednesday,Denim Jacket,Apparel,Ahmed Sheikh,KHI-01,Karachi,Credit Card,4,203.31,5.0,813.24,40.66,772.58
TXN001226,2024-05-19,2024,5,May,2,Sunday,Laptop Stand,Electronics,Hina Chaudhry,KHI-01,Karachi,Credit Card,5,22.76,0.0,113.8,0.0,113.8
TXN003920,2024-08-27,2024,8,August,3,Tuesday,Wool Sweater,Apparel,Usman Malik,LHR-02,Lahore,Credit Card,1,73.96,0.0,73.96,0.0,73.96
TXN001670,2024-12-05,2024,12,December,4,Thursday,Resistance Bands,Sports,Ali Iqbal,MUL-01,Multan,Credit Card,2,117.63,5.0,235.26,11.76,223.5
TXN000314,2024-05-28,2024,5,May,2,Tuesday,Football,Sports,Sara Iqbal,PSH-01,Peshawar,Credit Card,3,161.94,5.0,485.82,24.29,461.53
TXN004259,2026-05-10,2026,5,May,2,Sunday,Non-Stick Pan,Home & Kitchen,Mariam Sheikh,LHR-01,Lahore,Credit Card,4,96.39,15.0,385.56,57.83,327.73
TXN000048,2024-05-09,2024,5,May,2,Thursday,Dumbbell Set,Sports,Ahmed Khan,ISB-01,Islamabad,Mobile Wallet,4,132.48,0.0,529.92,0.0,529.92
TXN003020,2024-07-21,2024,7,July,3,Sunday,Cycling Helmet,Sports,Usman Malik,ISB-01,Islamabad,Cash,6,248.44,10.0,1490.64,149.06,1341.58
TXN004189,2025-03-09,2025,3,March,1,Sunday,USB-C Cable,Electronics,Hassan Malik,PSH-01,Peshawar,Mobile Wallet,1,111.23,5.0,111.23,5.56,105.67
TXN000313,2025-11-26,2025,11,November,4,Wednesday,Blender,Home & Kitchen,Mariam Khan,ISB-01,Islamabad,Debit Card,5,53.74,20.0,268.7,53.74,214.96
TXN001582,2024-07-25,2024,7,July,3,Thursday,Resistance Bands,Sports,Zainab Khan,PSH-01,Peshawar,Cash,5,120.24,20.0,601.2,120.24,480.96
TXN001439,2026-07-13,2026,7,July,3,Monday,Coffee Maker,Home & Kitchen,Kamran Iqbal,LHR-01,Lahore,Cash,3,49.6,15.0,148.8,22.32,126.48
TXN002662,2026-07-28,2026,7,July,3,Tuesday,Bluetooth Speaker,Electronics,Mariam Butt,KHI-01,Karachi,Credit Card,2,96.07,5.0,192.14,9.61,182.53
TXN000525,2026-05-16,2026,5,May,2,Saturday,Yoga Mat,Sports,Bilal Chaudhry,KHI-02,Karachi,Cash,2,127.61,20.0,255.22,51.04,204.18
TXN000442,2026-03-08,2026,3,March,1,Sunday,Non-Stick Pan,Home & Kitchen,Bilal Khan,FSD-01,Faisalabad,Cash,2,105.94,0.0,211.88,0.0,211.88
TXN001448,2024-02-16,2024,2,February,1,Friday,USB-C Cable,Electronics,Hassan Sheikh,FSD-01,Faisalabad,Cash,4,203.96,0.0,815.84,0.0,815.84
TXN000867,2024-07-05,2024,7,July,3,Friday,LED Desk Lamp,Home & Kitchen,Noor Malik,PSH-01,Peshawar,Credit Card,5,205.91,0.0,1029.55,0.0,1029.55
TXN004454,2025-10-02,2025,10,October,4,Thursday,Shampoo 500ml,Beauty,Sara Sheikh,LHR-01,Lahore,Credit Card,6,187.86,0.0,1127.16,0.0,1127.16
TXN004056,2024-03-27,2024,3,March,1,Wednesday,Coffee Maker,Home & Kitchen,Sara Chaudhry,MUL-01,Multan,Mobile Wallet,3,152.02,10.0,456.06,45.61,410.45
TXN004595,2024-11-17,2024,11,November,4,Sunday,Wireless Mouse,Electronics,Usman Raza,LHR-02,Lahore,Debit Card,3,98.74,0.0,296.22,0.0,296.22
TXN000923,2025-10-26,2025,10,October,4,Sunday,Coffee Maker,Home & Kitchen,Ali Farooq,ISB-01,Islamabad,Debit Card,3,176.63,0.0,529.89,0.0,529.89
TXN001979,2026-04-07,2026,4,April,2,Tuesday,Cycling Helmet,Sports,Kamran Khan,LHR-02,Lahore,Credit Card,1,11.21,5.0,11.21,0.56,10.65
TXN002871,2025-06-24,2025,6,June,2,Tuesday,Wool Sweater,Apparel,Bilal Iqbal,LHR-02,Lahore,Cash,1,10.67,5.0,10.67,0.53,10.14
TXN002100,2025-03-18,2025,3,March,1,Tuesday,Ceramic Mug Set,Home & Kitchen,Usman Butt,LHR-02,Lahore,Mobile Wallet,4,48.1,0.0,192.4,0.0,192.4
TXN003526,2026-07-17,2026,7,July,3,Friday,Webcam HD,Electronics,Ali Malik,MUL-01,Multan,Cash,3,126.79,0.0,380.37,0.0,380.37
TXN001739,2024-08-20,2024,8,August,3,Tuesday,Coffee Maker,Home & Kitchen,Faisal Raza,LHR-01,Lahore,Mobile Wallet,2,104.98,0.0,209.96,0.0,209.96
TXN002090,2025-04-13,2025,4,April,2,Sunday,Yoga Mat,Sports,Ali Malik,LHR-01,Lahore,Credit Card,2,210.24,0.0,420.48,0.0,420.48
TXN002806,2024-07-07,2024,7,July,3,Sunday,Sunscreen SPF50,Beauty,Usman Butt,MUL-01,Multan,Cash,1,178.6,0.0,178.6,0.0,178.6
TXN004914,2024-05-31,2024,5,May,2,Friday,LED Desk Lamp,Home & Kitchen,Hassan Butt,LHR-02,Lahore,Cash,5,19.93,15.0,99.65,14.95,84.7
TXN003230,2025-01-23,2025,1,January,1,Thursday,Hair Dryer,Beauty,Faisal Khan,LHR-02,Lahore,Cash,6,21.11,10.0,126.66,12.67,113.99
TXN000289,2026-01-04,2026,1,January,1,Sunday,Webcam HD,Electronics,Usman Sheikh,ISB-01,Islamabad,Credit Card,4,166.97,5.0,667.88,33.39,634.49
TXN001027,2024-02-09,2024,2,February,1,Friday,Blender,Home & Kitchen,Kamran Chaudhry,KHI-02,Karachi,Cash,5,168.77,10.0,843.85,84.39,759.46
TXN001895,2025-02-04,2025,2,February,1,Tuesday,Blender,Home & Kitchen,Usman Iqbal,LHR-02,Lahore,Cash,4,238.85,0.0,955.4,0.0,955.4
TXN002045,2025-12-10,2025,12,December,4,Wednesday,Football,Sports,Bilal Khan,KHI-01,Karachi,Cash,6,132.05,0.0,792.3,0.0,792.3
TXN001284,2025-02-16,2025,2,February,1,Sunday,Cotton T-Shirt,Apparel,Noor Chaudhry,PSH-01,Peshawar,Cash,4,54.07,0.0,216.28,0.0,216.28
TXN000522,2024-06-06,2024,6,June,2,Thursday,Webcam HD,Electronics,Zainab Sheikh,KHI-01,Karachi,Cash,6,238.28,0.0,1429.68,0.0,1429.68
TXN004219,2025-11-06,2025,11,November,4,Thursday,Football,Sports,Faisal Farooq,FSD-01,Faisalabad,Credit Card,4,126.53,10.0,506.12,50.61,455.51
TXN000547,2024-09-02,2024,9,September,3,Monday,Bluetooth Speaker,Electronics,Fatima Raza,MUL-01,Multan,Cash,6,203.32,20.0,1219.92,243.98,975.94
TXN003556,2024-11-18,2024,11,November,4,Monday,Lip Balm,Beauty,Hassan Farooq,KHI-01,Karachi,Mobile Wallet,5,44.79,0.0,223.95,0.0,223.95
TXN002487,2025-11-27,2025,11,November,4,Thursday,Running Shoes,Apparel,Zainab Butt,MUL-01,Multan,Credit Card,3,235.24,20.0,705.72,141.14,564.58
TXN001988,2025-10-05,2025,10,October,4,Sunday,Resistance Bands,Sports,Ali Malik,PSH-01,Peshawar,Credit Card,1,85.28,10.0,85.28,8.53,76.75
TXN002013,2025-02-20,2025,2,February,1,Thursday,Blender,Home & Kitchen,Fatima Raza,LHR-01,Lahore,Cash,4,39.96,0.0,159.84,0.0,159.84
TXN002339,2026-01-21,2026,1,January,1,Wednesday,LED Desk Lamp,Home & Kitchen,Ayesha Iqbal,LHR-02,Lahore,Cash,3,7.41,5.0,22.23,1.11,21.12
TXN000701,2025-05-20,2025,5,May,2,Tuesday,Running Shoes,Apparel,Faisal Sheikh,KHI-02,Karachi,Cash,6,111.22,0.0,667.32,0.0,667.32
TXN002231,2024-05-19,2024,5,May,2,Sunday,Lip Balm,Beauty,Noor Khan,MUL-01,Multan,Cash,5,53.16,0.0,265.8,0.0,265.8
TXN003528,2025-05-17,2025,5,May,2,Saturday,Cotton T-Shirt,Apparel,Fatima Chaudhry,KHI-02,Karachi,Cash,1,230.74,20.0,230.74,46.15,184.59
TXN002291,2025-01-18,2025,1,January,1,Saturday,Denim Jacket,Apparel,Sara Farooq,PSH-01,Peshawar,Debit Card,4,134.65,0.0,538.6,0.0,538.6
TXN003450,2025-12-01,2025,12,December,4,Monday,Football,Sports,Ahmed Iqbal,FSD-01,Faisalabad,Mobile Wallet,6,36.47,15.0,218.82,32.82,186.0
TXN004848,2025-05-09,2025,5,May,2,Friday,Football,Sports,Ali Khan,KHI-02,Karachi,Debit Card,1,132.32,0.0,132.32,0.0,132.32
TXN000810,2025-04-02,2025,4,April,2,Wednesday,LED Desk Lamp,Home & Kitchen,Hassan Sheikh,LHR-01,Lahore,Cash,1,77.93,0.0,77.93,0.0,77.93
TXN000576,2024-02-25,2024,2,February,1,Sunday,Lip Balm,Beauty,Ayesha Raza,LHR-01,Lahore,Mobile Wallet,6,247.15,20.0,1482.9,296.58,1186.32
TXN001051,2025-07-23,2025,7,July,3,Wednesday,Bluetooth Speaker,Electronics,Hassan Butt,ISB-01,Islamabad,Credit Card,5,145.73,10.0,728.65,72.86,655.79
TXN000555,2025-02-17,2025,2,February,1,Monday,Sports Cap,Apparel,Ali Chaudhry,ISB-01,Islamabad,Cash,1,206.36,20.0,206.36,41.27,165.09
TXN003284,2025-02-27,2025,2,February,1,Thursday,Bluetooth Speaker,Electronics,Kamran Khan,MUL-01,Multan,Mobile Wallet,4,63.23,0.0,252.92,0.0,252.92
TXN000724,2025-08-17,2025,8,August,3,Sunday,Sunscreen SPF50,Beauty,Hina Chaudhry,PSH-01,Peshawar,Cash,4,148.2,15.0,592.8,88.92,503.88
TXN004708,2024-09-08,2024,9,September,3,Sunday,Yoga Mat,Sports,Hassan Butt,MUL-01,Multan,Credit Card,1,48.18,5.0,48.18,2.41,45.77
TXN004277,2026-01-09,2026,1,January,1,Friday,Cotton T-Shirt,Apparel,Ayesha Raza,ISB-01,Islamabad,Credit Card,4,181.67,20.0,726.68,145.34,581.34
TXN003477,2024-02-25,2024,2,February,1,Sunday,Yoga Mat,Sports,Zainab Iqbal,PSH-01,Peshawar,Debit Card,2,149.28,10.0,298.56,29.86,268.7
TXN003157,2025-06-20,2025,6,June,2,Friday,Wireless Mouse,Electronics,Bilal Chaudhry,LHR-02,Lahore,Credit Card,5,96.12,0.0,480.6,0.0,480.6
TXN003602,2024-09-08,2024,9,September,3,Sunday,Wool Sweater,Apparel,Faisal Farooq,PSH-01,Peshawar,Mobile Wallet,5,6.88,10.0,34.4,3.44,30.96
TXN004022,2024-05-16,2024,5,May,2,Thursday,Face Moisturizer,Beauty,Zainab Farooq,FSD-01,Faisalabad,Mobile Wallet,4,70.63,10.0,282.52,28.25,254.27
TXN002668,2025-08-17,2025,8,August,3,Sunday,Lip Balm,Beauty,Sana Sheikh,KHI-01,Karachi,Debit Card,4,138.31,0.0,553.24,0.0,553.24
TXN002033,2025-11-18,2025,11,November,4,Tuesday,Wool Sweater,Apparel,Usman Sheikh,FSD-01,Faisalabad,Cash,1,86.1,0.0,86.1,0.0,86.1
TXN001593,2025-10-31,2025,10,October,4,Friday,Laptop Stand,Electronics,Ayesha Sheikh,KHI-01,Karachi,Cash,5,34.17,0.0,170.85,0.0,170.85
TXN002558,2024-02-27,2024,2,February,1,Tuesday,Bluetooth Speaker,Electronics,Fatima Malik,KHI-02,Karachi,Cash,4,112.24,0.0,448.96,0.0,448.96
TXN000881,2024-11-26,2024,11,November,4,Tuesday,Lip Balm,Beauty,Kamran Raza,FSD-01,Faisalabad,Cash,5,32.31,15.0,161.55,24.23,137.32
TXN001041,2025-02-19,2025,2,February,1,Wednesday,Webcam HD,Electronics,Fatima Farooq,LHR-01,Lahore,Cash,2,31.19,20.0,62.38,12.48,49.9
TXN000182,2025-01-10,2025,1,January,1,Friday,Hair Dryer,Beauty,Fatima Malik,PSH-01,Peshawar,Mobile Wallet,1,206.54,0.0,206.54,0.0,206.54
TXN001334,2024-08-10,2024,8,August,3,Saturday,Lip Balm,Beauty,Zainab Malik,MUL-01,Multan,Cash,1,166.33,5.0,166.33,8.32,158.01
TXN004457,2024-03-02,2024,3,March,1,Saturday,Wireless Mouse,Electronics,Hina Farooq,LHR-02,Lahore,Cash,4,49.52,0.0,198.08,0.0,198.08
TXN003115,2025-09-23,2025,9,September,3,Tuesday,Football,Sports,Usman Farooq,LHR-02,Lahore,Credit Card,3,84.79,0.0,254.37,0.0,254.37
TXN003211,2026-04-04,2026,4,April,2,Saturday,Sunscreen SPF50,Beauty,Hassan Sheikh,KHI-02,Karachi,Cash,3,30.38,5.0,91.14,4.56,86.58
TXN000359,2024-07-02,2024,7,July,3,Tuesday,Yoga Mat,Sports,Bilal Iqbal,KHI-01,Karachi,Debit Card,6,149.63,0.0,897.78,0.0,897.78
TXN002602,2025-08-13,2025,8,August,3,Wednesday,Webcam HD,Electronics,Kamran Malik,PSH-01,Peshawar,Cash,3,29.71,5.0,89.13,4.46,84.67
TXN000506,2025-02-23,2025,2,February,1,Sunday,Sports Cap,Apparel,Ayesha Sheikh,MUL-01,Multan,Mobile Wallet,5,238.2,0.0,1191.0,0.0,1191.0
TXN002455,2026-04-13,2026,4,April,2,Monday,Yoga Mat,Sports,Bilal Butt,FSD-01,Faisalabad,Credit Card,6,161.1,20.0,966.6,193.32,773.28
TXN001492,2026-02-26,2026,2,February,1,Thursday,Blender,Home & Kitchen,Kamran Chaudhry,KHI-02,Karachi,Cash,3,46.21,20.0,138.63,27.73,110.9
TXN004980,2024-03-15,2024,3,March,1,Friday,Running Shoes,Apparel,Mariam Chaudhry,LHR-01,Lahore,Cash,6,210.49,0.0,1262.94,0.0,1262.94
TXN000760,2026-03-29,2026,3,March,1,Sunday,Bluetooth Speaker,Electronics,Ali Khan,KHI-01,Karachi,Mobile Wallet,1,6.63,10.0,6.63,0.66,5.97
TXN003246,2024-07-15,2024,7,July,3,Monday,Sunscreen SPF50,Beauty,Hina Butt,KHI-02,Karachi,Cash,1,128.71,5.0,128.71,6.44,122.27
TXN003722,2024-09-25,2024,9,September,3,Wednesday,Blender,Home & Kitchen,Omar Khan,MUL-01,Multan,Credit Card,3,127.24,10.0,381.72,38.17,343.55
TXN001624,2024-11-28,2024,11,November,4,Thursday,Webcam HD,Electronics,Ayesha Malik,PSH-01,Peshawar,Cash,3,234.89,5.0,704.67,35.23,669.44
TXN004184,2026-07-03,2026,7,July,3,Friday,Ceramic Mug Set,Home & Kitchen,Mariam Malik,LHR-02,Lahore,Cash,6,87.26,0.0,523.56,0.0,523.56
TXN003594,2024-08-26,2024,8,August,3,Monday,Wool Sweater,Apparel,Usman Khan,MUL-01,Multan,Credit Card,4,59.05,20.0,236.2,47.24,188.96
TXN001705,2024-09-25,2024,9,September,3,Wednesday,Lip Balm,Beauty,Fatima Farooq,PSH-01,Peshawar,Credit Card,5,27.35,20.0,136.75,27.35,109.4
TXN001853,2026-07-16,2026,7,July,3,Thursday,Sports Cap,Apparel,Mariam Sheikh,KHI-01,Karachi,Cash,1,180.64,0.0,180.64,0.0,180.64
TXN000261,2026-03-30,2026,3,March,1,Monday,Face Moisturizer,Beauty,Ayesha Khan,LHR-02,Lahore,Mobile Wallet,3,139.18,0.0,417.54,0.0,417.54
TXN002676,2024-12-25,2024,12,December,4,Wednesday,Webcam HD,Electronics,Sana Raza,LHR-01,Lahore,Cash,3,188.06,0.0,564.18,0.0,564.18
TXN003254,2024-01-25,2024,1,January,1,Thursday,USB-C Cable,Electronics,Bilal Sheikh,FSD-01,Faisalabad,Cash,1,36.09,5.0,36.09,1.8,34.29
TXN001905,2024-06-15,2024,6,June,2,Saturday,Yoga Mat,Sports,Faisal Khan,FSD-01,Faisalabad,Cash,5,17.61,0.0,88.05,0.0,88.05
TXN004509,2025-09-05,2025,9,September,3,Friday,Dumbbell Set,Sports,Bilal Chaudhry,ISB-01,Islamabad,Cash,3,245.39,0.0,736.17,0.0,736.17
TXN000016,2024-03-01,2024,3,March,1,Friday,Denim Jacket,Apparel,Sana Farooq,MUL-01,Multan,Debit Card,4,97.85,5.0,391.4,19.57,371.83
TXN002209,2025-09-05,2025,9,September,3,Friday,Cycling Helmet,Sports,Bilal Iqbal,PSH-01,Peshawar,Credit Card,1,53.4,0.0,53.4,0.0,53.4
TXN000859,2026-07-19,2026,7,July,3,Sunday,Bluetooth Speaker,Electronics,Sana Butt,LHR-01,Lahore,Credit Card,1,157.37,5.0,157.37,7.87,149.5
TXN003405,2024-10-26,2024,10,October,4,Saturday,Football,Sports,Kamran Farooq,FSD-01,Faisalabad,Debit Card,6,159.85,20.0,959.1,191.82,767.28
TXN000924,2024-01-11,2024,1,January,1,Thursday,Face Moisturizer,Beauty,Ahmed Sheikh,FSD-01,Faisalabad,Mobile Wallet,3,145.54,5.0,436.62,21.83,414.79
TXN000006,2026-01-05,2026,1,January,1,Monday,Ceramic Mug Set,Home & Kitchen,Sara Butt,ISB-01,Islamabad,Cash,4,57.09,5.0,228.36,11.42,216.94
TXN003514,2024-12-30,2024,12,December,4,Monday,Blender,Home & Kitchen,Hina Sheikh,KHI-02,Karachi,Cash,2,87.99,15.0,175.98,26.4,149.58
TXN002982,2024-04-13,2024,4,April,2,Saturday,Webcam HD,Electronics,Ali Raza,LHR-02,Lahore,Debit Card,5,117.26,20.0,586.3,117.26,469.04
TXN000300,2025-06-14,2025,6,June,2,Saturday,Wool Sweater,Apparel,Ali Butt,PSH-01,Peshawar,Cash,5,52.71,10.0,263.55,26.36,237.19
TXN003316,2024-12-10,2024,12,December,4,Tuesday,Cycling Helmet,Sports,Ayesha Farooq,LHR-01,Lahore,Debit Card,4,89.7,10.0,358.8,35.88,322.92
TXN004252,2025-01-08,2025,1,January,1,Wednesday,Coffee Maker,Home & Kitchen,Bilal Farooq,KHI-01,Karachi,Debit Card,5,148.4,0.0,742.0,0.0,742.0
TXN003936,2026-07-26,2026,7,July,3,Sunday,Sunscreen SPF50,Beauty,Mariam Iqbal,MUL-01,Multan,Debit Card,2,172.43,0.0,344.86,0.0,344.86
TXN001972,2024-11-13,2024,11,November,4,Wednesday,Denim Jacket,Apparel,Fatima Farooq,FSD-01,Faisalabad,Debit Card,5,128.88,15.0,644.4,96.66,547.74
TXN003324,2024-06-11,2024,6,June,2,Tuesday,Ceramic Mug Set,Home & Kitchen,Ahmed Chaudhry,ISB-01,Islamabad,Credit Card,4,169.08,20.0,676.32,135.26,541.06
TXN003072,2024-11-14,2024,11,November,4,Thursday,Non-Stick Pan,Home & Kitchen,Sana Butt,ISB-01,Islamabad,Debit Card,3,139.57,0.0,418.71,0.0,418.71
TXN002812,2024-11-11,2024,11,November,4,Monday,Face Moisturizer,Beauty,Sara Butt,LHR-01,Lahore,Cash,2,146.98,0.0,293.96,0.0,293.96
TXN002542,2025-06-11,2025,6,June,2,Wednesday,Wireless Mouse,Electronics,Mariam Raza,LHR-02,Lahore,Debit Card,2,39.7,15.0,79.4,11.91,67.49
TXN001438,2026-06-19,2026,6,June,2,Friday,Yoga Mat,Sports,Bilal Sheikh,PSH-01,Peshawar,Cash,4,160.27,0.0,641.08,0.0,641.08
TXN002560,2024-04-23,2024,4,April,2,Tuesday,Bluetooth Speaker,Electronics,Ali Iqbal,MUL-01,Multan,Cash,2,218.62,15.0,437.24,65.59,371.65
TXN000427,2025-07-08,2025,7,July,3,Tuesday,Wool Sweater,Apparel,Usman Khan,KHI-01,Karachi,Cash,4,121.11,0.0,484.44,0.0,484.44
TXN001669,2024-01-01,2024,1,January,1,Monday,Lip Balm,Beauty,Ali Chaudhry,ISB-01,Islamabad,Debit Card,4,152.67,0.0,610.68,0.0,610.68
TXN004274,2026-07-21,2026,7,July,3,Tuesday,Denim Jacket,Apparel,Faisal Farooq,FSD-01,Faisalabad,Credit Card,6,20.75,0.0,124.5,0.0,124.5
TXN001185,2026-07-07,2026,7,July,3,Tuesday,Webcam HD,Electronics,Faisal Malik,MUL-01,Multan,Cash,5,21.01,10.0,105.05,10.51,94.54
TXN001722,2024-09-27,2024,9,September,3,Friday,Sunscreen SPF50,Beauty,Bilal Sheikh,FSD-01,Faisalabad,Credit Card,6,225.9,0.0,1355.4,0.0,1355.4
TXN004965,2025-06-06,2025,6,June,2,Friday,Hair Dryer,Beauty,Bilal Khan,KHI-01,Karachi,Mobile Wallet,2,87.51,10.0,175.02,17.5,157.52
TXN000880,2025-10-16,2025,10,October,4,Thursday,LED Desk Lamp,Home & Kitchen,Omar Chaudhry,KHI-02,Karachi,Debit Card,4,81.67,0.0,326.68,0.0,326.68
TXN000446,2024-04-02,2024,4,April,2,Tuesday,Wireless Mouse,Electronics,Usman Butt,LHR-02,Lahore,Cash,3,212.24,0.0,636.72,0.0,636.72
TXN004832,2025-02-22,2025,2,February,1,Saturday,Cotton T-Shirt,Apparel,Noor Sheikh,KHI-01,Karachi,Mobile Wallet,4,65.34,10.0,261.36,26.14,235.22
TXN003589,2025-03-24,2025,3,March,1,Monday,Sports Cap,Apparel,Usman Chaudhry,PSH-01,Peshawar,Credit Card,2,82.24,0.0,164.48,0.0,164.48
TXN000113,2025-01-15,2025,1,January,1,Wednesday,LED Desk Lamp,Home & Kitchen,Ahmed Sheikh,MUL-01,Multan,Credit Card,5,191.96,0.0,959.8,0.0,959.8
TXN000066,2024-06-10,2024,6,June,2,Monday,Ceramic Mug Set,Home & Kitchen,Ali Farooq,ISB-01,Islamabad,Credit Card,3,113.22,5.0,339.66,16.98,322.68
TXN000925,2024-12-20,2024,12,December,4,Friday,Ceramic Mug Set,Home & Kitchen,Mariam Iqbal,FSD-01,Faisalabad,Credit Card,2,69.09,5.0,138.18,6.91,131.27
TXN001039,2024-12-07,2024,12,December,4,Saturday,Bluetooth Speaker,Electronics,Mariam Malik,LHR-02,Lahore,Cash,2,222.66,0.0,445.32,0.0,445.32
TXN000957,2026-06-09,2026,6,June,2,Tuesday,Laptop Stand,Electronics,Ali Malik,KHI-01,Karachi,Credit Card,3,175.26,5.0,525.78,26.29,499.49
TXN000279,2025-07-04,2025,7,July,3,Friday,Webcam HD,Electronics,Fatima Khan,KHI-01,Karachi,Debit Card,3,237.01,15.0,711.03,106.65,604.38
TXN002667,2026-06-03,2026,6,June,2,Wednesday,USB-C Cable,Electronics,Sara Butt,LHR-02,Lahore,Credit Card,6,219.04,15.0,1314.24,197.14,1117.1
TXN002647,2025-12-29,2025,12,December,4,Monday,Cotton T-Shirt,Apparel,Zainab Chaudhry,LHR-02,Lahore,Cash,2,51.45,20.0,102.9,20.58,82.32
TXN002302,2024-10-15,2024,10,October,4,Tuesday,Dumbbell Set,Sports,Sana Farooq,LHR-02,Lahore,Credit Card,2,115.53,10.0,231.06,23.11,207.95
TXN000524,2025-02-20,2025,2,February,1,Thursday,Resistance Bands,Sports,Fatima Chaudhry,MUL-01,Multan,Debit Card,4,123.62,0.0,494.48,0.0,494.48
TXN000751,2024-04-28,2024,4,April,2,Sunday,Running Shoes,Apparel,Mariam Butt,KHI-02,Karachi,Debit Card,6,64.06,0.0,384.36,0.0,384.36
TXN004462,2025-05-01,2025,5,May,2,Thursday,Blender,Home & Kitchen,Sara Malik,FSD-01,Faisalabad,Mobile Wallet,1,120.37,5.0,120.37,6.02,114.35
TXN000761,2024-05-02,2024,5,May,2,Thursday,Dumbbell Set,Sports,Zainab Malik,PSH-01,Peshawar,Credit Card,4,222.78,0.0,891.12,0.0,891.12
TXN003971,2025-06-10,2025,6,June,2,Tuesday,Running Shoes,Apparel,Omar Sheikh,LHR-02,Lahore,Debit Card,3,246.38,0.0,739.14,0.0,739.14
TXN002781,2024-04-16,2024,4,April,2,Tuesday,Denim Jacket,Apparel,Fatima Malik,LHR-02,Lahore,Cash,6,86.44,5.0,518.64,25.93,492.71
TXN004430,2026-07-11,2026,7,July,3,Saturday,Denim Jacket,Apparel,Usman Farooq,PSH-01,Peshawar,Mobile Wallet,3,32.11,0.0,96.33,0.0,96.33
TXN000332,2026-06-13,2026,6,June,2,Saturday,Non-Stick Pan,Home & Kitchen,Sara Khan,LHR-02,Lahore,Mobile Wallet,4,54.51,15.0,218.04,32.71,185.33
TXN002377,2025-08-09,2025,8,August,3,Saturday,Cycling Helmet,Sports,Hassan Chaudhry,KHI-02,Karachi,Cash,2,43.05,5.0,86.1,4.3,81.8
TXN001372,2026-04-23,2026,4,April,2,Thursday,Hair Dryer,Beauty,Kamran Sheikh,FSD-01,Faisalabad,Cash,6,85.51,0.0,513.06,0.0,513.06
TXN004579,2026-01-01,2026,1,January,1,Thursday,Wool Sweater,Apparel,Sana Sheikh,KHI-01,Karachi,Cash,2,102.59,0.0,205.18,0.0,205.18
TXN002767,2025-10-30,2025,10,October,4,Thursday,Face Moisturizer,Beauty,Sara Butt,ISB-01,Islamabad,Credit Card,2,126.17,0.0,252.34,0.0,252.34
TXN002119,2026-06-17,2026,6,June,2,Wednesday,Wool Sweater,Apparel,Sara Chaudhry,PSH-01,Peshawar,Cash,6,71.81,20.0,430.86,86.17,344.69
TXN001541,2024-02-26,2024,2,February,1,Monday,Dumbbell Set,Sports,Ayesha Raza,KHI-02,Karachi,Cash,4,153.2,10.0,612.8,61.28,551.52
TXN003190,2025-05-13,2025,5,May,2,Tuesday,Yoga Mat,Sports,Hina Chaudhry,LHR-01,Lahore,Credit Card,3,234.52,5.0,703.56,35.18,668.38
TXN000764,2025-09-17,2025,9,September,3,Wednesday,Denim Jacket,Apparel,Usman Khan,LHR-02,Lahore,Credit Card,1,178.95,5.0,178.95,8.95,170.0
TXN004321,2025-03-08,2025,3,March,1,Saturday,Cotton T-Shirt,Apparel,Bilal Farooq,PSH-01,Peshawar,Debit Card,5,59.9,15.0,299.5,44.92,254.58
TXN002206,2024-11-15,2024,11,November,4,Friday,Laptop Stand,Electronics,Zainab Farooq,LHR-01,Lahore,Mobile Wallet,6,235.74,20.0,1414.44,282.89,1131.55
TXN000402,2024-09-13,2024,9,September,3,Friday,Laptop Stand,Electronics,Fatima Khan,ISB-01,Islamabad,Credit Card,4,9.6,0.0,38.4,0.0,38.4
TXN002030,2024-11-09,2024,11,November,4,Saturday,Yoga Mat,Sports,Sana Chaudhry,MUL-01,Multan,Credit Card,6,14.54,15.0,87.24,13.09,74.15
TXN002423,2024-12-10,2024,12,December,4,Tuesday,Running Shoes,Apparel,Noor Sheikh,ISB-01,Islamabad,Debit Card,6,104.97,15.0,629.82,94.47,535.35
TXN000584,2026-07-27,2026,7,July,3,Monday,Sports Cap,Apparel,Ali Malik,KHI-01,Karachi,Mobile Wallet,5,102.43,0.0,512.15,0.0,512.15
TXN002574,2026-06-13,2026,6,June,2,Saturday,Running Shoes,Apparel,Faisal Khan,PSH-01,Peshawar,Mobile Wallet,1,47.84,10.0,47.84,4.78,43.06
TXN001470,2024-09-09,2024,9,September,3,Monday,Coffee Maker,Home & Kitchen,Ayesha Butt,KHI-02,Karachi,Credit Card,5,122.08,10.0,610.4,61.04,549.36
TXN002609,2026-03-27,2026,3,March,1,Friday,Running Shoes,Apparel,Sana Sheikh,ISB-01,Islamabad,Credit Card,4,230.33,5.0,921.32,46.07,875.25
TXN001467,2026-03-06,2026,3,March,1,Friday,Dumbbell Set,Sports,Hina Sheikh,LHR-01,Lahore,Cash,2,221.12,10.0,442.24,44.22,398.02
TXN000011,2025-06-24,2025,6,June,2,Tuesday,Face Moisturizer,Beauty,Bilal Farooq,KHI-01,Karachi,Cash,2,108.67,15.0,217.34,32.6,184.74
TXN002460,2026-01-20,2026,1,January,1,Tuesday,Cotton T-Shirt,Apparel,Ahmed Khan,ISB-01,Islamabad,Credit Card,5,132.32,15.0,661.6,99.24,562.36
TXN000114,2026-03-04,2026,3,March,1,Wednesday,Wireless Mouse,Electronics,Sana Iqbal,KHI-01,Karachi,Cash,2,177.49,5.0,354.98,17.75,337.23
TXN001694,2024-08-08,2024,8,August,3,Thursday,Shampoo 500ml,Beauty,Omar Khan,KHI-02,Karachi,Credit Card,3,172.78,10.0,518.34,51.83,466.51
TXN003698,2024-09-08,2024,9,September,3,Sunday,Blender,Home & Kitchen,Kamran Raza,LHR-01,Lahore,Cash,5,187.4,0.0,937.0,0.0,937.0
TXN003573,2024-12-14,2024,12,December,4,Saturday,Shampoo 500ml,Beauty,Mariam Chaudhry,MUL-01,Multan,Credit Card,1,112.54,15.0,112.54,16.88,95.66
TXN004013,2025-10-14,2025,10,October,4,Tuesday,Running Shoes,Apparel,Ahmed Raza,LHR-02,Lahore,Debit Card,3,118.25,10.0,354.75,35.48,319.27
TXN000107,2025-10-05,2025,10,October,4,Sunday,LED Desk Lamp,Home & Kitchen,Mariam Malik,LHR-01,Lahore,Cash,6,194.02,0.0,1164.12,0.0,1164.12
TXN001783,2025-10-09,2025,10,October,4,Thursday,Blender,Home & Kitchen,Fatima Khan,LHR-02,Lahore,Mobile Wallet,6,214.27,0.0,1285.62,0.0,1285.62
TXN000594,2024-01-30,2024,1,January,1,Tuesday,Denim Jacket,Apparel,Hina Malik,KHI-02,Karachi,Credit Card,3,232.61,0.0,697.83,0.0,697.83
TXN004084,2025-01-15,2025,1,January,1,Wednesday,Cycling Helmet,Sports,Mariam Sheikh,MUL-01,Multan,Debit Card,5,100.93,10.0,504.65,50.47,454.18
TXN001757,2024-08-08,2024,8,August,3,Thursday,Wool Sweater,Apparel,Ayesha Malik,PSH-01,Peshawar,Debit Card,5,196.5,0.0,982.5,0.0,982.5
TXN003781,2025-02-16,2025,2,February,1,Sunday,Running Shoes,Apparel,Bilal Butt,KHI-01,Karachi,Credit Card,2,81.22,20.0,162.44,32.49,129.95
TXN003564,2025-05-15,2025,5,May,2,Thursday,USB-C Cable,Electronics,Hassan Raza,LHR-01,Lahore,Credit Card,4,216.16,20.0,864.64,172.93,691.71
TXN002831,2026-06-16,2026,6,June,2,Tuesday,Denim Jacket,Apparel,Faisal Chaudhry,ISB-01,Islamabad,Credit Card,6,167.42,20.0,1004.52,200.9,803.62
TXN000434,2025-06-08,2025,6,June,2,Sunday,Coffee Maker,Home & Kitchen,Sara Farooq,LHR-01,Lahore,Credit Card,3,52.64,0.0,157.92,0.0,157.92
TXN004653,2026-06-08,2026,6,June,2,Monday,Laptop Stand,Electronics,Ahmed Chaudhry,MUL-01,Multan,Cash,5,185.81,5.0,929.05,46.45,882.6
TXN001431,2025-02-18,2025,2,February,1,Tuesday,Dumbbell Set,Sports,Hassan Iqbal,LHR-02,Lahore,Credit Card,1,217.21,0.0,217.21,0.0,217.21
TXN001983,2024-08-07,2024,8,August,3,Wednesday,Wireless Mouse,Electronics,Hina Iqbal,ISB-01,Islamabad,Mobile Wallet,1,99.55,15.0,99.55,14.93,84.62
TXN002618,2026-01-23,2026,1,January,1,Friday,Sunscreen SPF50,Beauty,Omar Chaudhry,MUL-01,Multan,Mobile Wallet,2,48.8,15.0,97.6,14.64,82.96
TXN002400,2026-07-01,2026,7,July,3,Wednesday,Wool Sweater,Apparel,Omar Farooq,KHI-02,Karachi,Cash,1,247.61,0.0,247.61,0.0,247.61
TXN003850,2025-12-20,2025,12,December,4,Saturday,Sunscreen SPF50,Beauty,Fatima Chaudhry,PSH-01,Peshawar,Credit Card,6,238.4,0.0,1430.4,0.0,1430.4
TXN004770,2024-02-25,2024,2,February,1,Sunday,Hair Dryer,Beauty,Usman Butt,KHI-02,Karachi,Credit Card,4,158.2,0.0,632.8,0.0,632.8
TXN003092,2025-06-21,2025,6,June,2,Saturday,LED Desk Lamp,Home & Kitchen,Noor Raza,KHI-01,Karachi,Cash,2,232.56,5.0,465.12,23.26,441.86
TXN000329,2024-02-10,2024,2,February,1,Saturday,Shampoo 500ml,Beauty,Faisal Raza,LHR-01,Lahore,Cash,5,178.12,0.0,890.6,0.0,890.6
TXN003640,2025-03-04,2025,3,March,1,Tuesday,Cotton T-Shirt,Apparel,Omar Chaudhry,LHR-01,Lahore,Cash,6,124.36,5.0,746.16,37.31,708.85
TXN004667,2024-05-16,2024,5,May,2,Thursday,Cotton T-Shirt,Apparel,Noor Sheikh,MUL-01,Multan,Credit Card,1,198.35,0.0,198.35,0.0,198.35
TXN002669,2026-07-31,2026,7,July,3,Friday,Resistance Bands,Sports,Sana Malik,LHR-01,Lahore,Cash,5,99.12,15.0,495.6,74.34,421.26
TXN000571,2024-12-31,2024,12,December,4,Tuesday,Sports Cap,Apparel,Faisal Iqbal,KHI-02,Karachi,Mobile Wallet,4,126.39,0.0,505.56,0.0,505.56
TXN002265,2025-02-18,2025,2,February,1,Tuesday,Dumbbell Set,Sports,Sara Sheikh,ISB-01,Islamabad,Debit Card,3,76.56,0.0,229.68,0.0,229.68
TXN000836,2024-08-08,2024,8,August,3,Thursday,Face Moisturizer,Beauty,Sara Farooq,PSH-01,Peshawar,Credit Card,1,124.37,0.0,124.37,0.0,124.37
TXN003901,2024-05-03,2024,5,May,2,Friday,Cotton T-Shirt,Apparel,Sana Malik,KHI-02,Karachi,Debit Card,3,233.14,0.0,699.42,0.0,699.42
TXN004469,2026-03-13,2026,3,March,1,Friday,Bluetooth Speaker,Electronics,Fatima Butt,LHR-02,Lahore,Mobile Wallet,5,158.28,10.0,791.4,79.14,712.26
TXN000275,2026-01-29,2026,1,January,1,Thursday,Denim Jacket,Apparel,Fatima Butt,MUL-01,Multan,Credit Card,1,163.41,5.0,163.41,8.17,155.24
TXN004598,2025-09-11,2025,9,September,3,Thursday,Webcam HD,Electronics,Sana Malik,PSH-01,Peshawar,Cash,3,137.47,15.0,412.41,61.86,350.55
TXN001529,2024-03-28,2024,3,March,1,Thursday,Resistance Bands,Sports,Mariam Iqbal,LHR-01,Lahore,Mobile Wallet,2,120.24,10.0,240.48,24.05,216.43
TXN003619,2024-05-09,2024,5,May,2,Thursday,Ceramic Mug Set,Home & Kitchen,Bilal Khan,ISB-01,Islamabad,Credit Card,5,80.83,10.0,404.15,40.41,363.74
TXN002293,2025-09-08,2025,9,September,3,Monday,Laptop Stand,Electronics,Faisal Chaudhry,KHI-02,Karachi,Credit Card,6,205.07,15.0,1230.42,184.56,1045.86
TXN004669,2025-07-07,2025,7,July,3,Monday,Football,Sports,Usman Chaudhry,PSH-01,Peshawar,Credit Card,6,228.05,0.0,1368.3,0.0,1368.3
TXN001602,2026-06-19,2026,6,June,2,Friday,Sunscreen SPF50,Beauty,Fatima Sheikh,KHI-02,Karachi,Debit Card,3,29.54,20.0,88.62,17.72,70.9
TXN001512,2025-09-07,2025,9,September,3,Sunday,Webcam HD,Electronics,Kamran Sheikh,LHR-02,Lahore,Cash,6,139.82,0.0,838.92,0.0,838.92
TXN001564,2024-08-21,2024,8,August,3,Wednesday,Cotton T-Shirt,Apparel,Hassan Khan,LHR-02,Lahore,Credit Card,3,131.49,5.0,394.47,19.72,374.75
TXN004526,2025-03-17,2025,3,March,1,Monday,USB-C Cable,Electronics,Hina Sheikh,ISB-01,Islamabad,Cash,1,192.2,5.0,192.2,9.61,182.59
TXN003091,2026-02-21,2026,2,February,1,Saturday,Denim Jacket,Apparel,Faisal Chaudhry,LHR-01,Lahore,Cash,6,84.82,10.0,508.92,50.89,458.03
TXN004869,2025-07-19,2025,7,July,3,Saturday,Webcam HD,Electronics,Omar Malik,KHI-02,Karachi,Mobile Wallet,4,227.82,0.0,911.28,0.0,911.28
TXN002670,2024-04-17,2024,4,April,2,Wednesday,Face Moisturizer,Beauty,Bilal Butt,LHR-01,Lahore,Debit Card,4,245.25,20.0,981.0,196.2,784.8
TXN001355,2025-10-31,2025,10,October,4,Friday,Ceramic Mug Set,Home & Kitchen,Ahmed Farooq,PSH-01,Peshawar,Credit Card,2,135.05,0.0,270.1,0.0,270.1
TXN001104,2024-12-19,2024,12,December,4,Thursday,Cotton T-Shirt,Apparel,Omar Raza,KHI-01,Karachi,Cash,5,31.63,0.0,158.15,0.0,158.15
TXN004052,2025-11-18,2025,11,November,4,Tuesday,Laptop Stand,Electronics,Sana Chaudhry,KHI-01,Karachi,Cash,3,26.64,15.0,79.92,11.99,67.93
TXN000779,2025-03-21,2025,3,March,1,Friday,Shampoo 500ml,Beauty,Bilal Iqbal,PSH-01,Peshawar,Cash,6,181.39,0.0,1088.34,0.0,1088.34
TXN001244,2024-10-22,2024,10,October,4,Tuesday,Wool Sweater,Apparel,Bilal Butt,ISB-01,Islamabad,Mobile Wallet,3,147.36,5.0,442.08,22.1,419.98
TXN003613,2024-04-07,2024,4,April,2,Sunday,Cotton T-Shirt,Apparel,Sana Iqbal,MUL-01,Multan,Cash,2,142.44,10.0,284.88,28.49,256.39
TXN000005,2025-10-17,2025,10,October,4,Friday,Running Shoes,Apparel,Hina Butt,LHR-02,Lahore,Cash,6,141.45,0.0,848.7,0.0,848.7
TXN003874,2024-02-14,2024,2,February,1,Wednesday,Wool Sweater,Apparel,Sara Iqbal,PSH-01,Peshawar,Cash,1,104.14,20.0,104.14,20.83,83.31
TXN001639,2024-08-17,2024,8,August,3,Saturday,Blender,Home & Kitchen,Ayesha Malik,PSH-01,Peshawar,Credit Card,1,236.85,10.0,236.85,23.68,213.17
TXN001109,2026-04-26,2026,4,April,2,Sunday,Shampoo 500ml,Beauty,Sana Farooq,FSD-01,Faisalabad,Cash,5,219.31,10.0,1096.55,109.66,986.89
TXN002842,2024-05-12,2024,5,May,2,Sunday,Yoga Mat,Sports,Hina Sheikh,LHR-02,Lahore,Cash,4,120.06,10.0,480.24,48.02,432.22
TXN003572,2025-12-30,2025,12,December,4,Tuesday,Coffee Maker,Home & Kitchen,Sara Iqbal,LHR-02,Lahore,Credit Card,3,175.04,0.0,525.12,0.0,525.12
TXN002858,2025-03-17,2025,3,March,1,Monday,Yoga Mat,Sports,Noor Iqbal,KHI-02,Karachi,Credit Card,4,55.85,0.0,223.4,0.0,223.4
TXN003974,2024-03-16,2024,3,March,1,Saturday,Denim Jacket,Apparel,Omar Khan,KHI-02,Karachi,Cash,6,57.87,0.0,347.22,0.0,347.22
TXN001014,2025-05-18,2025,5,May,2,Sunday,USB-C Cable,Electronics,Fatima Chaudhry,FSD-01,Faisalabad,Cash,4,149.16,0.0,596.64,0.0,596.64
TXN001786,2024-07-18,2024,7,July,3,Thursday,Coffee Maker,Home & Kitchen,Fatima Iqbal,KHI-01,Karachi,Debit Card,2,230.63,10.0,461.26,46.13,415.13
TXN001053,2024-09-07,2024,9,September,3,Saturday,Resistance Bands,Sports,Fatima Iqbal,FSD-01,Faisalabad,Debit Card,3,16.22,10.0,48.66,4.87,43.79
TXN000430,2025-08-11,2025,8,August,3,Monday,Denim Jacket,Apparel,Hina Butt,KHI-01,Karachi,Credit Card,3,113.02,0.0,339.06,0.0,339.06
TXN001652,2025-04-15,2025,4,April,2,Tuesday,Bluetooth Speaker,Electronics,Zainab Malik,LHR-02,Lahore,Cash,2,78.27,0.0,156.54,0.0,156.54
TXN002733,2026-03-20,2026,3,March,1,Friday,Sports Cap,Apparel,Bilal Khan,LHR-01,Lahore,Credit Card,2,167.92,0.0,335.84,0.0,335.84
TXN003114,2026-02-22,2026,2,February,1,Sunday,USB-C Cable,Electronics,Ahmed Raza,FSD-01,Faisalabad,Credit Card,4,123.18,0.0,492.72,0.0,492.72
TXN000171,2026-01-02,2026,1,January,1,Friday,Laptop Stand,Electronics,Bilal Chaudhry,PSH-01,Peshawar,Mobile Wallet,1,198.32,10.0,198.32,19.83,178.49
TXN003796,2025-02-08,2025,2,February,1,Saturday,Wireless Mouse,Electronics,Noor Sheikh,ISB-01,Islamabad,Mobile Wallet,1,104.71,20.0,104.71,20.94,83.77
TXN000962,2024-06-17,2024,6,June,2,Monday,Running Shoes,Apparel,Kamran Farooq,FSD-01,Faisalabad,Credit Card,6,89.15,15.0,534.9,80.23,454.67
TXN002297,2025-05-26,2025,5,May,2,Monday,Yoga Mat,Sports,Ahmed Khan,PSH-01,Peshawar,Credit Card,2,104.52,20.0,209.04,41.81,167.23
TXN001460,2025-05-22,2025,5,May,2,Thursday,Resistance Bands,Sports,Fatima Chaudhry,LHR-01,Lahore,Credit Card,1,19.83,5.0,19.83,0.99,18.84
TXN002311,2026-04-26,2026,4,April,2,Sunday,Cycling Helmet,Sports,Usman Malik,KHI-02,Karachi,Cash,5,244.24,5.0,1221.2,61.06,1160.14
TXN001289,2024-02-16,2024,2,February,1,Friday,Lip Balm,Beauty,Sara Raza,MUL-01,Multan,Credit Card,5,83.01,15.0,415.05,62.26,352.79
TXN004722,2025-03-08,2025,3,March,1,Saturday,USB-C Cable,Electronics,Bilal Chaudhry,LHR-02,Lahore,Cash,6,52.92,10.0,317.52,31.75,285.77
TXN002178,2026-06-14,2026,6,June,2,Sunday,Denim Jacket,Apparel,Usman Khan,KHI-02,Karachi,Mobile Wallet,4,129.45,0.0,517.8,0.0,517.8
TXN000145,2025-01-19,2025,1,January,1,Sunday,Wool Sweater,Apparel,Faisal Farooq,FSD-01,Faisalabad,Debit Card,6,172.27,20.0,1033.62,206.72,826.9
TXN002273,2024-06-18,2024,6,June,2,Tuesday,Lip Balm,Beauty,Hassan Butt,ISB-01,Islamabad,Cash,4,13.92,0.0,55.68,0.0,55.68
TXN000377,2025-07-07,2025,7,July,3,Monday,Running Shoes,Apparel,Hina Malik,KHI-02,Karachi,Mobile Wallet,1,17.43,0.0,17.43,0.0,17.43
TXN002857,2026-05-17,2026,5,May,2,Sunday,Wool Sweater,Apparel,Kamran Malik,LHR-01,Lahore,Cash,2,54.88,0.0,109.76,0.0,109.76
TXN000735,2024-08-25,2024,8,August,3,Sunday,Cycling Helmet,Sports,Usman Raza,FSD-01,Faisalabad,Cash,2,149.21,20.0,298.42,59.68,238.74
TXN004926,2025-03-14,2025,3,March,1,Friday,Cycling Helmet,Sports,Hina Farooq,LHR-01,Lahore,Debit Card,1,74.23,15.0,74.23,11.13,63.1
TXN000756,2026-01-11,2026,1,January,1,Sunday,Sunscreen SPF50,Beauty,Zainab Farooq,MUL-01,Multan,Cash,5,229.5,10.0,1147.5,114.75,1032.75
TXN003085,2024-11-01,2024,11,November,4,Friday,Yoga Mat,Sports,Noor Iqbal,PSH-01,Peshawar,Credit Card,6,60.33,5.0,361.98,18.1,343.88
TXN002966,2025-09-10,2025,9,September,3,Wednesday,Wireless Mouse,Electronics,Mariam Malik,MUL-01,Multan,Debit Card,1,104.46,5.0,104.46,5.22,99.24
TXN002559,2025-03-30,2025,3,March,1,Sunday,Resistance Bands,Sports,Ahmed Butt,KHI-01,Karachi,Cash,3,201.94,20.0,605.82,121.16,484.66
TXN002960,2026-05-13,2026,5,May,2,Wednesday,Shampoo 500ml,Beauty,Bilal Raza,MUL-01,Multan,Credit Card,1,71.67,0.0,71.67,0.0,71.67
TXN004206,2025-12-19,2025,12,December,4,Friday,Hair Dryer,Beauty,Fatima Farooq,FSD-01,Faisalabad,Cash,4,106.99,0.0,427.96,0.0,427.96
TXN000086,2024-10-06,2024,10,October,4,Sunday,Wireless Mouse,Electronics,Kamran Iqbal,ISB-01,Islamabad,Credit Card,1,189.96,15.0,189.96,28.49,161.47
TXN003959,2024-07-20,2024,7,July,3,Saturday,Lip Balm,Beauty,Sara Butt,LHR-02,Lahore,Cash,6,147.06,20.0,882.36,176.47,705.89
TXN002915,2026-05-07,2026,5,May,2,Thursday,Cotton T-Shirt,Apparel,Sana Khan,ISB-01,Islamabad,Cash,3,237.94,5.0,713.82,35.69,678.13
TXN003043,2024-10-17,2024,10,October,4,Thursday,Face Moisturizer,Beauty,Sara Butt,PSH-01,Peshawar,Debit Card,3,116.38,20.0,349.14,69.83,279.31
TXN002192,2024-08-19,2024,8,August,3,Monday,Webcam HD,Electronics,Bilal Chaudhry,LHR-02,Lahore,Debit Card,3,31.71,0.0,95.13,0.0,95.13
TXN003214,2024-05-21,2024,5,May,2,Tuesday,Football,Sports,Faisal Sheikh,PSH-01,Peshawar,Debit Card,5,81.44,0.0,407.2,0.0,407.2
TXN001128,2025-06-23,2025,6,June,2,Monday,Wool Sweater,Apparel,Hassan Raza,LHR-01,Lahore,Cash,3,214.83,0.0,644.49,0.0,644.49
TXN004539,2025-11-10,2025,11,November,4,Monday,Blender,Home & Kitchen,Fatima Malik,FSD-01,Faisalabad,Credit Card,1,176.74,20.0,176.74,35.35,141.39
TXN002814,2024-04-19,2024,4,April,2,Friday,Sports Cap,Apparel,Noor Chaudhry,ISB-01,Islamabad,Mobile Wallet,4,43.14,0.0,172.56,0.0,172.56
TXN003571,2025-08-30,2025,8,August,3,Saturday,Denim Jacket,Apparel,Sana Khan,KHI-01,Karachi,Debit Card,4,103.45,10.0,413.8,41.38,372.42
TXN003904,2025-09-09,2025,9,September,3,Tuesday,LED Desk Lamp,Home & Kitchen,Hina Farooq,KHI-01,Karachi,Debit Card,3,40.87,5.0,122.61,6.13,116.48
TXN000455,2024-06-30,2024,6,June,2,Sunday,Laptop Stand,Electronics,Omar Iqbal,PSH-01,Peshawar,Cash,3,166.56,5.0,499.68,24.98,474.7
TXN000805,2024-07-11,2024,7,July,3,Thursday,Blender,Home & Kitchen,Faisal Malik,LHR-01,Lahore,Mobile Wallet,4,56.75,0.0,227.0,0.0,227.0
TXN003645,2025-05-04,2025,5,May,2,Sunday,USB-C Cable,Electronics,Kamran Khan,KHI-02,Karachi,Cash,1,101.14,5.0,101.14,5.06,96.08
TXN002098,2024-01-28,2024,1,January,1,Sunday,Coffee Maker,Home & Kitchen,Sana Raza,FSD-01,Faisalabad,Credit Card,4,231.64,0.0,926.56,0.0,926.56
TXN003305,2024-08-30,2024,8,August,3,Friday,Lip Balm,Beauty,Ahmed Sheikh,LHR-02,Lahore,Mobile Wallet,1,142.08,0.0,142.08,0.0,142.08
TXN000950,2025-12-19,2025,12,December,4,Friday,Sports Cap,Apparel,Usman Butt,LHR-01,Lahore,Cash,3,147.49,5.0,442.47,22.12,420.35
TXN003753,2025-09-30,2025,9,September,3,Tuesday,Cotton T-Shirt,Apparel,Omar Chaudhry,LHR-02,Lahore,Mobile Wallet,4,182.68,0.0,730.72,0.0,730.72
TXN003680,2025-10-06,2025,10,October,4,Monday,Laptop Stand,Electronics,Omar Khan,MUL-01,Multan,Mobile Wallet,4,128.15,0.0,512.6,0.0,512.6
TXN001865,2025-07-16,2025,7,July,3,Wednesday,Sports Cap,Apparel,Ali Farooq,KHI-02,Karachi,Cash,2,26.89,0.0,53.78,0.0,53.78
TXN003574,2025-08-15,2025,8,August,3,Friday,Wool Sweater,Apparel,Noor Khan,FSD-01,Faisalabad,Cash,5,139.26,0.0,696.3,0.0,696.3
TXN002634,2025-10-08,2025,10,October,4,Wednesday,Laptop Stand,Electronics,Mariam Farooq,MUL-01,Multan,Credit Card,3,56.72,20.0,170.16,34.03,136.13
TXN001352,2026-04-14,2026,4,April,2,Tuesday,Bluetooth Speaker,Electronics,Usman Khan,LHR-01,Lahore,Credit Card,5,140.01,20.0,700.05,140.01,560.04
TXN004819,2026-01-31,2026,1,January,1,Saturday,Laptop Stand,Electronics,Ahmed Khan,ISB-01,Islamabad,Cash,3,75.53,0.0,226.59,0.0,226.59
TXN000503,2025-04-13,2025,4,April,2,Sunday,Cycling Helmet,Sports,Fatima Khan,KHI-01,Karachi,Cash,5,243.79,0.0,1218.95,0.0,1218.95
TXN003271,2026-04-28,2026,4,April,2,Tuesday,Face Moisturizer,Beauty,Hina Iqbal,PSH-01,Peshawar,Mobile Wallet,3,31.18,10.0,93.54,9.35,84.19
TXN002529,2025-02-01,2025,2,February,1,Saturday,Shampoo 500ml,Beauty,Ali Raza,PSH-01,Peshawar,Debit Card,2,130.72,0.0,261.44,0.0,261.44
TXN000407,2025-07-03,2025,7,July,3,Thursday,Laptop Stand,Electronics,Usman Farooq,LHR-02,Lahore,Mobile Wallet,2,186.56,0.0,373.12,0.0,373.12
TXN003447,2025-12-01,2025,12,December,4,Monday,Hair Dryer,Beauty,Sara Farooq,PSH-01,Peshawar,Credit Card,6,57.86,0.0,347.16,0.0,347.16
TXN004727,2025-02-03,2025,2,February,1,Monday,Laptop Stand,Electronics,Hassan Raza,FSD-01,Faisalabad,Cash,6,241.53,0.0,1449.18,0.0,1449.18
TXN003506,2025-04-28,2025,4,April,2,Monday,Sports Cap,Apparel,Ali Iqbal,ISB-01,Islamabad,Mobile Wallet,4,69.78,0.0,279.12,0.0,279.12
TXN002321,2025-07-15,2025,7,July,3,Tuesday,Lip Balm,Beauty,Kamran Malik,LHR-02,Lahore,Cash,6,143.63,0.0,861.78,0.0,861.78
TXN003231,2024-01-28,2024,1,January,1,Sunday,Blender,Home & Kitchen,Usman Iqbal,ISB-01,Islamabad,Credit Card,1,108.03,0.0,108.03,0.0,108.03
TXN004935,2025-09-18,2025,9,September,3,Thursday,Lip Balm,Beauty,Sana Sheikh,FSD-01,Faisalabad,Credit Card,1,189.84,10.0,189.84,18.98,170.86
TXN001625,2025-10-08,2025,10,October,4,Wednesday,Laptop Stand,Electronics,Kamran Malik,LHR-02,Lahore,Credit Card,3,83.42,20.0,250.26,50.05,200.21
TXN004106,2024-10-08,2024,10,October,4,Tuesday,Football,Sports,Mariam Iqbal,MUL-01,Multan,Cash,4,43.37,15.0,173.48,26.02,147.46
TXN003263,2025-09-14,2025,9,September,3,Sunday,Lip Balm,Beauty,Hina Chaudhry,ISB-01,Islamabad,Mobile Wallet,4,104.47,10.0,417.88,41.79,376.09
TXN004104,2024-01-19,2024,1,January,1,Friday,Non-Stick Pan,Home & Kitchen,Ayesha Butt,LHR-02,Lahore,Cash,5,88.7,5.0,443.5,22.18,421.32
TXN000683,2025-09-20,2025,9,September,3,Saturday,Bluetooth Speaker,Electronics,Fatima Raza,LHR-01,Lahore,Cash,2,138.89,0.0,277.78,0.0,277.78
TXN000253,2025-10-24,2025,10,October,4,Friday,Ceramic Mug Set,Home & Kitchen,Fatima Khan,LHR-02,Lahore,Credit Card,4,85.52,15.0,342.08,51.31,290.77
TXN002127,2025-11-30,2025,11,November,4,Sunday,Denim Jacket,Apparel,Hassan Farooq,MUL-01,Multan,Cash,1,17.99,0.0,17.99,0.0,17.99
TXN002323,2024-06-06,2024,6,June,2,Thursday,Ceramic Mug Set,Home & Kitchen,Fatima Chaudhry,KHI-02,Karachi,Debit Card,2,226.91,5.0,453.82,22.69,431.13
TXN003916,2025-03-29,2025,3,March,1,Saturday,USB-C Cable,Electronics,Hassan Butt,MUL-01,Multan,Mobile Wallet,1,194.91,0.0,194.91,0.0,194.91
TXN004793,2025-08-30,2025,8,August,3,Saturday,Denim Jacket,Apparel,Noor Sheikh,MUL-01,Multan,Mobile Wallet,4,109.05,20.0,436.2,87.24,348.96
TXN001924,2024-04-19,2024,4,April,2,Friday,Cycling Helmet,Sports,Kamran Khan,LHR-02,Lahore,Cash,5,110.91,15.0,554.55,83.18,471.37
TXN002424,2025-07-05,2025,7,July,3,Saturday,Running Shoes,Apparel,Bilal Iqbal,KHI-02,Karachi,Debit Card,1,238.83,0.0,238.83,0.0,238.83
TXN001749,2024-08-02,2024,8,August,3,Friday,USB-C Cable,Electronics,Ali Sheikh,FSD-01,Faisalabad,Credit Card,1,60.61,0.0,60.61,0.0,60.61
TXN002653,2025-10-08,2025,10,October,4,Wednesday,Resistance Bands,Sports,Kamran Malik,PSH-01,Peshawar,Credit Card,1,203.47,15.0,203.47,30.52,172.95
TXN001515,2025-09-01,2025,9,September,3,Monday,Wool Sweater,Apparel,Hassan Chaudhry,KHI-02,Karachi,Credit Card,2,159.4,10.0,318.8,31.88,286.92
TXN000837,2025-05-19,2025,5,May,2,Monday,Sports Cap,Apparel,Ali Chaudhry,PSH-01,Peshawar,Debit Card,5,48.25,15.0,241.25,36.19,205.06
TXN003187,2026-06-16,2026,6,June,2,Tuesday,Resistance Bands,Sports,Usman Farooq,KHI-02,Karachi,Cash,5,241.03,0.0,1205.15,0.0,1205.15
TXN001953,2024-02-05,2024,2,February,1,Monday,Football,Sports,Faisal Sheikh,FSD-01,Faisalabad,Credit Card,2,122.4,0.0,244.8,0.0,244.8
TXN004334,2024-03-24,2024,3,March,1,Sunday,Bluetooth Speaker,Electronics,Bilal Chaudhry,MUL-01,Multan,Debit Card,6,86.9,5.0,521.4,26.07,495.33
TXN002253,2024-05-09,2024,5,May,2,Thursday,Lip Balm,Beauty,Hina Raza,FSD-01,Faisalabad,Cash,2,131.01,20.0,262.02,52.4,209.62
TXN002347,2024-10-28,2024,10,October,4,Monday,Wireless Mouse,Electronics,Mariam Malik,MUL-01,Multan,Cash,1,5.48,0.0,5.48,0.0,5.48
TXN000998,2025-06-30,2025,6,June,2,Monday,Sports Cap,Apparel,Sara Malik,LHR-02,Lahore,Cash,5,195.87,0.0,979.35,0.0,979.35
TXN002472,2024-03-23,2024,3,March,1,Saturday,Non-Stick Pan,Home & Kitchen,Ali Chaudhry,PSH-01,Peshawar,Credit Card,6,137.89,0.0,827.34,0.0,827.34
TXN002700,2025-10-16,2025,10,October,4,Thursday,Running Shoes,Apparel,Fatima Khan,ISB-01,Islamabad,Debit Card,4,222.64,0.0,890.56,0.0,890.56
TXN003484,2026-06-24,2026,6,June,2,Wednesday,Non-Stick Pan,Home & Kitchen,Ahmed Butt,PSH-01,Peshawar,Credit Card,6,200.56,0.0,1203.36,0.0,1203.36
TXN002331,2024-10-10,2024,10,October,4,Thursday,Football,Sports,Zainab Farooq,KHI-01,Karachi,Credit Card,3,110.9,20.0,332.7,66.54,266.16
TXN002749,2024-07-27,2024,7,July,3,Saturday,LED Desk Lamp,Home & Kitchen,Kamran Butt,MUL-01,Multan,Debit Card,6,23.22,15.0,139.32,20.9,118.42
TXN002037,2024-06-02,2024,6,June,2,Sunday,Non-Stick Pan,Home & Kitchen,Faisal Malik,PSH-01,Peshawar,Debit Card,6,164.03,5.0,984.18,49.21,934.97
TXN001324,2024-01-02,2024,1,January,1,Tuesday,Lip Balm,Beauty,Faisal Butt,ISB-01,Islamabad,Mobile Wallet,2,137.2,0.0,274.4,0.0,274.4
TXN000589,2025-09-09,2025,9,September,3,Tuesday,Webcam HD,Electronics,Fatima Butt,LHR-01,Lahore,Cash,3,246.79,0.0,740.37,0.0,740.37
TXN003696,2025-10-24,2025,10,October,4,Friday,Dumbbell Set,Sports,Fatima Iqbal,MUL-01,Multan,Cash,2,138.64,0.0,277.28,0.0,277.28
TXN004659,2024-09-15,2024,9,September,3,Sunday,Resistance Bands,Sports,Ayesha Chaudhry,LHR-01,Lahore,Debit Card,5,187.51,10.0,937.55,93.75,843.8
TXN004699,2025-07-08,2025,7,July,3,Tuesday,Blender,Home & Kitchen,Mariam Raza,KHI-02,Karachi,Debit Card,4,112.76,0.0,451.04,0.0,451.04
TXN002578,2024-01-03,2024,1,January,1,Wednesday,Sports Cap,Apparel,Mariam Raza,ISB-01,Islamabad,Cash,4,160.74,5.0,642.96,32.15,610.81
TXN004940,2025-06-29,2025,6,June,2,Sunday,Coffee Maker,Home & Kitchen,Mariam Khan,LHR-02,Lahore,Cash,2,95.86,15.0,191.72,28.76,162.96
TXN003605,2026-02-11,2026,2,February,1,Wednesday,Sports Cap,Apparel,Zainab Malik,LHR-02,Lahore,Credit Card,6,176.68,0.0,1060.08,0.0,1060.08
TXN002900,2025-06-15,2025,6,June,2,Sunday,Denim Jacket,Apparel,Usman Iqbal,MUL-01,Multan,Cash,3,93.68,10.0,281.04,28.1,252.94
TXN002429,2026-07-01,2026,7,July,3,Wednesday,Ceramic Mug Set,Home & Kitchen,Hina Iqbal,LHR-02,Lahore,Cash,2,65.53,20.0,131.06,26.21,104.85
TXN000460,2025-05-23,2025,5,May,2,Friday,Ceramic Mug Set,Home & Kitchen,Hina Chaudhry,FSD-01,Faisalabad,Debit Card,1,212.6,0.0,212.6,0.0,212.6
TXN004148,2024-03-09,2024,3,March,1,Saturday,Football,Sports,Mariam Raza,PSH-01,Peshawar,Debit Card,1,65.25,15.0,65.25,9.79,55.46
TXN004331,2026-03-12,2026,3,March,1,Thursday,Cycling Helmet,Sports,Ali Chaudhry,LHR-01,Lahore,Mobile Wallet,4,151.24,0.0,604.96,0.0,604.96
TXN002821,2024-04-12,2024,4,April,2,Friday,Sports Cap,Apparel,Faisal Raza,MUL-01,Multan,Credit Card,2,82.6,0.0,165.2,0.0,165.2
TXN004721,2025-04-19,2025,4,April,2,Saturday,Wool Sweater,Apparel,Ahmed Khan,KHI-02,Karachi,Cash,5,73.08,0.0,365.4,0.0,365.4
TXN000543,2025-12-09,2025,12,December,4,Tuesday,Denim Jacket,Apparel,Sara Raza,KHI-02,Karachi,Cash,3,151.94,0.0,455.82,0.0,455.82
TXN000444,2024-05-25,2024,5,May,2,Saturday,Coffee Maker,Home & Kitchen,Ali Malik,ISB-01,Islamabad,Credit Card,2,60.51,5.0,121.02,6.05,114.97
TXN001381,2026-01-07,2026,1,January,1,Wednesday,Sunscreen SPF50,Beauty,Kamran Malik,KHI-01,Karachi,Credit Card,2,103.23,10.0,206.46,20.65,185.81
TXN000772,2025-12-21,2025,12,December,4,Sunday,Sunscreen SPF50,Beauty,Hassan Malik,KHI-01,Karachi,Credit Card,1,106.77,0.0,106.77,0.0,106.77
TXN001531,2025-09-25,2025,9,September,3,Thursday,Bluetooth Speaker,Electronics,Ayesha Malik,FSD-01,Faisalabad,Cash,1,213.35,5.0,213.35,10.67,202.68
TXN004905,2025-03-15,2025,3,March,1,Saturday,Football,Sports,Ali Farooq,LHR-01,Lahore,Credit Card,2,129.63,0.0,259.26,0.0,259.26
TXN003384,2024-06-12,2024,6,June,2,Wednesday,Denim Jacket,Apparel,Sana Farooq,KHI-02,Karachi,Mobile Wallet,5,248.1,15.0,1240.5,186.07,1054.43
TXN004210,2025-01-23,2025,1,January,1,Thursday,Laptop Stand,Electronics,Sana Sheikh,ISB-01,Islamabad,Cash,3,22.01,10.0,66.03,6.6,59.43
TXN001737,2025-10-15,2025,10,October,4,Wednesday,USB-C Cable,Electronics,Ali Sheikh,LHR-01,Lahore,Credit Card,4,133.1,0.0,532.4,0.0,532.4
TXN002940,2024-03-27,2024,3,March,1,Wednesday,Denim Jacket,Apparel,Noor Farooq,LHR-02,Lahore,Cash,2,53.5,0.0,107.0,0.0,107.0
TXN000324,2025-07-10,2025,7,July,3,Thursday,USB-C Cable,Electronics,Bilal Khan,LHR-02,Lahore,Credit Card,3,49.49,0.0,148.47,0.0,148.47
TXN004582,2024-11-25,2024,11,November,4,Monday,Dumbbell Set,Sports,Mariam Iqbal,PSH-01,Peshawar,Cash,3,84.8,0.0,254.4,0.0,254.4
TXN004456,2026-05-07,2026,5,May,2,Thursday,USB-C Cable,Electronics,Mariam Malik,LHR-01,Lahore,Credit Card,6,10.7,0.0,64.2,0.0,64.2
TXN002677,2025-05-26,2025,5,May,2,Monday,Webcam HD,Electronics,Sana Farooq,MUL-01,Multan,Cash,2,24.45,15.0,48.9,7.33,41.57
TXN000224,2025-09-13,2025,9,September,3,Saturday,Yoga Mat,Sports,Sana Khan,FSD-01,Faisalabad,Credit Card,1,43.49,5.0,43.49,2.17,41.32
TXN004671,2025-06-22,2025,6,June,2,Sunday,Lip Balm,Beauty,Sara Sheikh,LHR-01,Lahore,Credit Card,2,239.56,10.0,479.12,47.91,431.21
TXN001962,2024-08-19,2024,8,August,3,Monday,Yoga Mat,Sports,Ayesha Raza,ISB-01,Islamabad,Cash,6,125.47,10.0,752.82,75.28,677.54
TXN004816,2025-10-11,2025,10,October,4,Saturday,Laptop Stand,Electronics,Zainab Chaudhry,LHR-01,Lahore,Credit Card,2,94.03,0.0,188.06,0.0,188.06
TXN002121,2026-01-14,2026,1,January,1,Wednesday,Football,Sports,Hassan Sheikh,PSH-01,Peshawar,Debit Card,2,187.22,10.0,374.44,37.44,337.0
TXN004297,2025-09-19,2025,9,September,3,Friday,Laptop Stand,Electronics,Mariam Malik,LHR-02,Lahore,Mobile Wallet,5,180.34,0.0,901.7,0.0,901.7
TXN002626,2024-09-24,2024,9,September,3,Tuesday,Lip Balm,Beauty,Bilal Sheikh,KHI-02,Karachi,Credit Card,6,14.59,0.0,87.54,0.0,87.54
TXN002935,2025-01-05,2025,1,January,1,Sunday,Cycling Helmet,Sports,Ayesha Sheikh,FSD-01,Faisalabad,Debit Card,2,128.54,5.0,257.08,12.85,244.23
TXN001178,2025-11-05,2025,11,November,4,Wednesday,Ceramic Mug Set,Home & Kitchen,Fatima Farooq,FSD-01,Faisalabad,Mobile Wallet,2,162.09,10.0,324.18,32.42,291.76
TXN004994,2024-11-03,2024,11,November,4,Sunday,Sports Cap,Apparel,Fatima Malik,LHR-02,Lahore,Mobile Wallet,4,75.98,20.0,303.92,60.78,243.14
TXN003739,2025-11-06,2025,11,November,4,Thursday,Non-Stick Pan,Home & Kitchen,Noor Sheikh,LHR-02,Lahore,Mobile Wallet,1,113.67,10.0,113.67,11.37,102.3
TXN004541,2024-12-06,2024,12,December,4,Friday,Sunscreen SPF50,Beauty,Noor Chaudhry,ISB-01,Islamabad,Mobile Wallet,3,76.28,0.0,228.84,0.0,228.84
TXN003754,2026-03-18,2026,3,March,1,Wednesday,Sunscreen SPF50,Beauty,Zainab Malik,MUL-01,Multan,Credit Card,1,225.81,15.0,225.81,33.87,191.94
TXN004682,2026-07-13,2026,7,July,3,Monday,USB-C Cable,Electronics,Mariam Iqbal,LHR-02,Lahore,Cash,6,135.31,0.0,811.86,0.0,811.86
TXN004629,2025-06-03,2025,6,June,2,Tuesday,USB-C Cable,Electronics,Bilal Farooq,FSD-01,Faisalabad,Credit Card,1,10.24,10.0,10.24,1.02,9.22
TXN003510,2025-03-15,2025,3,March,1,Saturday,Sunscreen SPF50,Beauty,Kamran Sheikh,PSH-01,Peshawar,Cash,4,218.21,0.0,872.84,0.0,872.84
TXN003154,2024-07-13,2024,7,July,3,Saturday,Wool Sweater,Apparel,Mariam Sheikh,LHR-02,Lahore,Cash,1,15.54,5.0,15.54,0.78,14.76
TXN000903,2026-07-12,2026,7,July,3,Sunday,Sports Cap,Apparel,Hassan Iqbal,KHI-02,Karachi,Credit Card,6,80.89,15.0,485.34,72.8,412.54
TXN004159,2026-02-09,2026,2,February,1,Monday,Non-Stick Pan,Home & Kitchen,Fatima Malik,KHI-01,Karachi,Debit Card,6,132.29,15.0,793.74,119.06,674.68
TXN004490,2024-11-02,2024,11,November,4,Saturday,Ceramic Mug Set,Home & Kitchen,Sara Sheikh,PSH-01,Peshawar,Debit Card,4,140.31,0.0,561.24,0.0,561.24
TXN001773,2026-04-10,2026,4,April,2,Friday,Sunscreen SPF50,Beauty,Sara Butt,PSH-01,Peshawar,Mobile Wallet,6,173.58,0.0,1041.48,0.0,1041.48
TXN001084,2025-05-03,2025,5,May,2,Saturday,Webcam HD,Electronics,Fatima Chaudhry,ISB-01,Islamabad,Cash,5,210.33,0.0,1051.65,0.0,1051.65
TXN003490,2025-05-16,2025,5,May,2,Friday,Yoga Mat,Sports,Faisal Farooq,PSH-01,Peshawar,Mobile Wallet,2,7.77,20.0,15.54,3.11,12.43
TXN004275,2024-03-31,2024,3,March,1,Sunday,Coffee Maker,Home & Kitchen,Mariam Sheikh,MUL-01,Multan,Credit Card,2,202.35,20.0,404.7,80.94,323.76
TXN000296,2025-03-12,2025,3,March,1,Wednesday,Yoga Mat,Sports,Usman Raza,MUL-01,Multan,Cash,3,148.42,0.0,445.26,0.0,445.26
TXN004967,2026-02-12,2026,2,February,1,Thursday,Bluetooth Speaker,Electronics,Omar Malik,FSD-01,Faisalabad,Credit Card,4,148.75,0.0,595.0,0.0,595.0
TXN002546,2025-10-06,2025,10,October,4,Monday,Lip Balm,Beauty,Sana Khan,MUL-01,Multan,Debit Card,4,5.62,20.0,22.48,4.5,17.98
TXN000626,2025-03-15,2025,3,March,1,Saturday,Denim Jacket,Apparel,Ali Butt,FSD-01,Faisalabad,Mobile Wallet,4,185.67,0.0,742.68,0.0,742.68
TXN004266,2024-07-13,2024,7,July,3,Saturday,Yoga Mat,Sports,Usman Butt,ISB-01,Islamabad,Debit Card,3,40.88,15.0,122.64,18.4,104.24
TXN002793,2024-04-21,2024,4,April,2,Sunday,Non-Stick Pan,Home & Kitchen,Mariam Raza,LHR-02,Lahore,Mobile Wallet,4,235.32,0.0,941.28,0.0,941.28
TXN001160,2026-03-22,2026,3,March,1,Sunday,Webcam HD,Electronics,Ahmed Butt,LHR-02,Lahore,Mobile Wallet,1,140.69,0.0,140.69,0.0,140.69
TXN001422,2025-03-21,2025,3,March,1,Friday,Bluetooth Speaker,Electronics,Hassan Raza,LHR-01,Lahore,Mobile Wallet,6,59.98,0.0,359.88,0.0,359.88
TXN003487,2024-03-02,2024,3,March,1,Saturday,Laptop Stand,Electronics,Ayesha Malik,MUL-01,Multan,Mobile Wallet,3,217.26,10.0,651.78,65.18,586.6
TXN001755,2025-09-28,2025,9,September,3,Sunday,Webcam HD,Electronics,Fatima Farooq,ISB-01,Islamabad,Credit Card,2,108.85,0.0,217.7,0.0,217.7
TXN000914,2024-05-16,2024,5,May,2,Thursday,Sunscreen SPF50,Beauty,Kamran Raza,MUL-01,Multan,Credit Card,2,134.83,0.0,269.66,0.0,269.66
TXN000248,2025-01-19,2025,1,January,1,Sunday,Resistance Bands,Sports,Fatima Raza,KHI-01,Karachi,Credit Card,5,67.67,0.0,338.35,0.0,338.35
TXN003220,2025-04-06,2025,4,April,2,Sunday,Wireless Mouse,Electronics,Hina Raza,LHR-02,Lahore,Cash,5,193.47,15.0,967.35,145.1,822.25
TXN003673,2026-03-30,2026,3,March,1,Monday,Hair Dryer,Beauty,Mariam Butt,ISB-01,Islamabad,Mobile Wallet,3,8.57,15.0,25.71,3.86,21.85
TXN004817,2024-04-22,2024,4,April,2,Monday,Dumbbell Set,Sports,Ayesha Sheikh,LHR-02,Lahore,Credit Card,4,97.36,10.0,389.44,38.94,350.5
TXN001963,2025-12-10,2025,12,December,4,Wednesday,Lip Balm,Beauty,Noor Iqbal,ISB-01,Islamabad,Debit Card,5,93.01,0.0,465.05,0.0,465.05
TXN004149,2024-06-17,2024,6,June,2,Monday,Yoga Mat,Sports,Ali Malik,ISB-01,Islamabad,Credit Card,3,180.97,15.0,542.91,81.44,461.47
TXN000320,2026-03-28,2026,3,March,1,Saturday,Hair Dryer,Beauty,Sana Farooq,LHR-01,Lahore,Mobile Wallet,1,151.27,10.0,151.27,15.13,136.14
TXN003369,2026-04-13,2026,4,April,2,Monday,Dumbbell Set,Sports,Ahmed Chaudhry,KHI-01,Karachi,Cash,3,63.61,20.0,190.83,38.17,152.66
TXN001120,2025-06-20,2025,6,June,2,Friday,Running Shoes,Apparel,Omar Raza,KHI-01,Karachi,Cash,4,117.87,20.0,471.48,94.3,377.18
TXN002780,2026-03-01,2026,3,March,1,Sunday,Lip Balm,Beauty,Omar Butt,LHR-02,Lahore,Credit Card,4,98.42,15.0,393.68,59.05,334.63
TXN003459,2025-06-11,2025,6,June,2,Wednesday,Running Shoes,Apparel,Hassan Butt,LHR-01,Lahore,Cash,4,132.51,0.0,530.04,0.0,530.04
TXN003666,2024-02-17,2024,2,February,1,Saturday,Football,Sports,Sana Raza,PSH-01,Peshawar,Mobile Wallet,6,48.1,0.0,288.6,0.0,288.6
TXN000595,2024-08-17,2024,8,August,3,Saturday,Face Moisturizer,Beauty,Sana Malik,KHI-01,Karachi,Credit Card,5,192.75,15.0,963.75,144.56,819.19
TXN004840,2025-06-10,2025,6,June,2,Tuesday,Dumbbell Set,Sports,Faisal Farooq,KHI-02,Karachi,Mobile Wallet,3,213.26,10.0,639.78,63.98,575.8
TXN004615,2024-10-27,2024,10,October,4,Sunday,Wool Sweater,Apparel,Ali Raza,FSD-01,Faisalabad,Mobile Wallet,2,133.49,0.0,266.98,0.0,266.98
TXN003515,2025-02-15,2025,2,February,1,Saturday,LED Desk Lamp,Home & Kitchen,Usman Raza,LHR-02,Lahore,Debit Card,2,151.93,0.0,303.86,0.0,303.86
TXN000995,2025-06-13,2025,6,June,2,Friday,LED Desk Lamp,Home & Kitchen,Hina Sheikh,PSH-01,Peshawar,Credit Card,2,135.08,0.0,270.16,0.0,270.16
TXN002094,2024-03-09,2024,3,March,1,Saturday,Resistance Bands,Sports,Sara Iqbal,KHI-01,Karachi,Mobile Wallet,2,159.14,0.0,318.28,0.0,318.28
TXN004434,2025-09-14,2025,9,September,3,Sunday,Resistance Bands,Sports,Zainab Raza,KHI-01,Karachi,Mobile Wallet,1,127.1,0.0,127.1,0.0,127.1
TXN003692,2026-01-11,2026,1,January,1,Sunday,Laptop Stand,Electronics,Usman Iqbal,FSD-01,Faisalabad,Credit Card,2,124.17,15.0,248.34,37.25,211.09
TXN002212,2024-08-18,2024,8,August,3,Sunday,Hair Dryer,Beauty,Sana Khan,LHR-02,Lahore,Debit Card,5,66.84,15.0,334.2,50.13,284.07
TXN002095,2024-05-18,2024,5,May,2,Saturday,LED Desk Lamp,Home & Kitchen,Ahmed Butt,KHI-01,Karachi,Cash,5,159.52,0.0,797.6,0.0,797.6
TXN000449,2024-12-01,2024,12,December,4,Sunday,Dumbbell Set,Sports,Mariam Chaudhry,PSH-01,Peshawar,Mobile Wallet,3,33.35,15.0,100.05,15.01,85.04
TXN002187,2025-07-07,2025,7,July,3,Monday,Sunscreen SPF50,Beauty,Fatima Iqbal,LHR-02,Lahore,Mobile Wallet,2,111.67,0.0,223.34,0.0,223.34
TXN000590,2024-02-28,2024,2,February,1,Wednesday,LED Desk Lamp,Home & Kitchen,Ayesha Raza,FSD-01,Faisalabad,Credit Card,1,218.9,5.0,218.9,10.95,207.95
TXN003762,2024-05-07,2024,5,May,2,Tuesday,Hair Dryer,Beauty,Bilal Iqbal,LHR-02,Lahore,Credit Card,6,119.9,15.0,719.4,107.91,611.49
TXN001938,2024-11-15,2024,11,November,4,Friday,Laptop Stand,Electronics,Kamran Iqbal,ISB-01,Islamabad,Debit Card,5,40.68,15.0,203.4,30.51,172.89
TXN003355,2024-12-22,2024,12,December,4,Sunday,Running Shoes,Apparel,Sara Iqbal,ISB-01,Islamabad,Mobile Wallet,6,163.7,15.0,982.2,147.33,834.87
TXN003013,2025-01-22,2025,1,January,1,Wednesday,Lip Balm,Beauty,Mariam Raza,PSH-01,Peshawar,Mobile Wallet,5,124.31,15.0,621.55,93.23,528.32
TXN003582,2026-04-30,2026,4,April,2,Thursday,Webcam HD,Electronics,Ayesha Raza,MUL-01,Multan,Cash,1,82.95,0.0,82.95,0.0,82.95
TXN001838,2025-12-25,2025,12,December,4,Thursday,Lip Balm,Beauty,Omar Raza,ISB-01,Islamabad,Cash,3,63.16,0.0,189.48,0.0,189.48
TXN004675,2024-01-29,2024,1,January,1,Monday,Coffee Maker,Home & Kitchen,Hina Raza,LHR-02,Lahore,Mobile Wallet,2,190.99,20.0,381.98,76.4,305.58
TXN003404,2026-07-02,2026,7,July,3,Thursday,Hair Dryer,Beauty,Ayesha Raza,LHR-01,Lahore,Debit Card,6,246.58,0.0,1479.48,0.0,1479.48
TXN000161,2025-08-03,2025,8,August,3,Sunday,Webcam HD,Electronics,Ayesha Butt,LHR-01,Lahore,Cash,1,71.42,10.0,71.42,7.14,64.28
TXN001201,2024-05-29,2024,5,May,2,Wednesday,Lip Balm,Beauty,Mariam Chaudhry,ISB-01,Islamabad,Credit Card,1,212.15,0.0,212.15,0.0,212.15
TXN002301,2025-03-10,2025,3,March,1,Monday,Blender,Home & Kitchen,Mariam Khan,KHI-01,Karachi,Debit Card,6,188.02,0.0,1128.12,0.0,1128.12
TXN002518,2024-03-11,2024,3,March,1,Monday,Hair Dryer,Beauty,Omar Chaudhry,FSD-01,Faisalabad,Credit Card,4,149.04,0.0,596.16,0.0,596.16
TXN002590,2024-10-05,2024,10,October,4,Saturday,Webcam HD,Electronics,Ali Raza,FSD-01,Faisalabad,Debit Card,4,130.23,0.0,520.92,0.0,520.92
TXN004892,2024-01-25,2024,1,January,1,Thursday,Dumbbell Set,Sports,Omar Farooq,LHR-01,Lahore,Debit Card,1,92.11,0.0,92.11,0.0,92.11
TXN001916,2024-05-13,2024,5,May,2,Monday,Hair Dryer,Beauty,Ali Sheikh,MUL-01,Multan,Cash,1,34.97,0.0,34.97,0.0,34.97
TXN001149,2025-12-18,2025,12,December,4,Thursday,Denim Jacket,Apparel,Usman Sheikh,LHR-02,Lahore,Credit Card,6,105.48,20.0,632.88,126.58,506.3
TXN002976,2026-04-11,2026,4,April,2,Saturday,Wireless Mouse,Electronics,Noor Raza,KHI-01,Karachi,Mobile Wallet,4,196.45,5.0,785.8,39.29,746.51
TXN002070,2025-12-13,2025,12,December,4,Saturday,Dumbbell Set,Sports,Ali Raza,MUL-01,Multan,Mobile Wallet,1,86.55,0.0,86.55,0.0,86.55
TXN004268,2026-01-13,2026,1,January,1,Tuesday,Running Shoes,Apparel,Sana Butt,KHI-01,Karachi,Credit Card,4,237.86,5.0,951.44,47.57,903.87
TXN002021,2024-05-26,2024,5,May,2,Sunday,Hair Dryer,Beauty,Ali Chaudhry,KHI-02,Karachi,Mobile Wallet,3,219.14,0.0,657.42,0.0,657.42
TXN000233,2024-11-03,2024,11,November,4,Sunday,LED Desk Lamp,Home & Kitchen,Sana Malik,ISB-01,Islamabad,Credit Card,3,113.56,15.0,340.68,51.1,289.58
TXN003489,2024-04-08,2024,4,April,2,Monday,Shampoo 500ml,Beauty,Kamran Raza,KHI-02,Karachi,Cash,4,221.64,10.0,886.56,88.66,797.9
TXN001346,2025-09-23,2025,9,September,3,Tuesday,Sports Cap,Apparel,Fatima Sheikh,FSD-01,Faisalabad,Credit Card,2,150.33,0.0,300.66,0.0,300.66
TXN004760,2025-01-13,2025,1,January,1,Monday,Cycling Helmet,Sports,Hina Malik,FSD-01,Faisalabad,Cash,4,152.37,15.0,609.48,91.42,518.06
TXN004620,2025-08-27,2025,8,August,3,Wednesday,USB-C Cable,Electronics,Faisal Raza,KHI-02,Karachi,Cash,4,179.52,15.0,718.08,107.71,610.37
TXN003048,2026-02-20,2026,2,February,1,Friday,Coffee Maker,Home & Kitchen,Ahmed Butt,LHR-01,Lahore,Cash,2,56.25,5.0,112.5,5.62,106.88
TXN002235,2024-03-28,2024,3,March,1,Thursday,Hair Dryer,Beauty,Omar Iqbal,PSH-01,Peshawar,Cash,6,212.3,0.0,1273.8,0.0,1273.8
TXN003509,2026-03-24,2026,3,March,1,Tuesday,Shampoo 500ml,Beauty,Sana Raza,FSD-01,Faisalabad,Credit Card,4,62.54,5.0,250.16,12.51,237.65
TXN000482,2026-02-21,2026,2,February,1,Saturday,Blender,Home & Kitchen,Noor Sheikh,FSD-01,Faisalabad,Cash,6,141.14,0.0,846.84,0.0,846.84
TXN003611,2025-07-18,2025,7,July,3,Friday,Sports Cap,Apparel,Omar Raza,LHR-02,Lahore,Mobile Wallet,1,133.78,0.0,133.78,0.0,133.78
TXN002312,2024-01-17,2024,1,January,1,Wednesday,Sports Cap,Apparel,Hassan Malik,ISB-01,Islamabad,Cash,4,40.75,0.0,163.0,0.0,163.0
TXN002446,2025-03-24,2025,3,March,1,Monday,Running Shoes,Apparel,Faisal Farooq,PSH-01,Peshawar,Cash,3,43.18,5.0,129.54,6.48,123.06
TXN001977,2025-02-19,2025,2,February,1,Wednesday,Shampoo 500ml,Beauty,Ahmed Malik,LHR-02,Lahore,Mobile Wallet,4,86.41,0.0,345.64,0.0,345.64
TXN001486,2024-01-22,2024,1,January,1,Monday,Wireless Mouse,Electronics,Faisal Khan,KHI-02,Karachi,Mobile Wallet,4,40.17,0.0,160.68,0.0,160.68
TXN003724,2024-10-09,2024,10,October,4,Wednesday,Running Shoes,Apparel,Zainab Raza,LHR-02,Lahore,Debit Card,3,234.44,20.0,703.32,140.66,562.66
TXN004953,2024-04-22,2024,4,April,2,Monday,Running Shoes,Apparel,Kamran Sheikh,FSD-01,Faisalabad,Mobile Wallet,2,10.44,0.0,20.88,0.0,20.88
TXN001187,2025-07-05,2025,7,July,3,Saturday,Dumbbell Set,Sports,Faisal Chaudhry,MUL-01,Multan,Cash,2,202.17,15.0,404.34,60.65,343.69
TXN000628,2024-02-09,2024,2,February,1,Friday,Resistance Bands,Sports,Usman Sheikh,KHI-01,Karachi,Credit Card,2,247.65,0.0,495.3,0.0,495.3
TXN001631,2025-11-26,2025,11,November,4,Wednesday,Bluetooth Speaker,Electronics,Ayesha Chaudhry,KHI-01,Karachi,Debit Card,2,86.65,0.0,173.3,0.0,173.3
TXN001321,2025-07-20,2025,7,July,3,Sunday,Webcam HD,Electronics,Ahmed Butt,PSH-01,Peshawar,Mobile Wallet,6,202.8,0.0,1216.8,0.0,1216.8
TXN002517,2024-01-07,2024,1,January,1,Sunday,LED Desk Lamp,Home & Kitchen,Hassan Raza,MUL-01,Multan,Credit Card,3,68.17,20.0,204.51,40.9,163.61
TXN004041,2025-02-24,2025,2,February,1,Monday,Football,Sports,Sana Sheikh,LHR-01,Lahore,Cash,2,128.44,0.0,256.88,0.0,256.88
TXN001062,2025-07-02,2025,7,July,3,Wednesday,Blender,Home & Kitchen,Ali Butt,KHI-02,Karachi,Cash,5,232.18,0.0,1160.9,0.0,1160.9
TXN003366,2025-06-12,2025,6,June,2,Thursday,Yoga Mat,Sports,Sana Farooq,KHI-02,Karachi,Credit Card,6,159.32,0.0,955.92,0.0,955.92
TXN003558,2026-01-24,2026,1,January,1,Saturday,Football,Sports,Usman Chaudhry,FSD-01,Faisalabad,Mobile Wallet,3,57.55,0.0,172.65,0.0,172.65
TXN004217,2026-03-16,2026,3,March,1,Monday,Cycling Helmet,Sports,Hassan Malik,KHI-01,Karachi,Cash,3,179.95,5.0,539.85,26.99,512.86
TXN001242,2026-02-17,2026,2,February,1,Tuesday,Yoga Mat,Sports,Omar Sheikh,KHI-02,Karachi,Mobile Wallet,6,227.78,0.0,1366.68,0.0,1366.68
TXN001147,2025-08-23,2025,8,August,3,Saturday,Yoga Mat,Sports,Bilal Sheikh,LHR-01,Lahore,Credit Card,1,90.32,0.0,90.32,0.0,90.32
TXN003349,2026-03-03,2026,3,March,1,Tuesday,Non-Stick Pan,Home & Kitchen,Mariam Khan,MUL-01,Multan,Cash,3,106.32,0.0,318.96,0.0,318.96
TXN004211,2026-05-29,2026,5,May,2,Friday,Denim Jacket,Apparel,Zainab Khan,FSD-01,Faisalabad,Credit Card,3,176.98,5.0,530.94,26.55,504.39
TXN002371,2025-10-07,2025,10,October,4,Tuesday,Lip Balm,Beauty,Sana Malik,LHR-01,Lahore,Cash,3,203.03,0.0,609.09,0.0,609.09
TXN001782,2024-06-14,2024,6,June,2,Friday,Cycling Helmet,Sports,Zainab Farooq,PSH-01,Peshawar,Debit Card,1,31.08,5.0,31.08,1.55,29.53
TXN003147,2025-09-16,2025,9,September,3,Tuesday,Denim Jacket,Apparel,Mariam Malik,PSH-01,Peshawar,Cash,1,88.38,0.0,88.38,0.0,88.38
TXN002641,2026-05-31,2026,5,May,2,Sunday,Hair Dryer,Beauty,Hina Sheikh,LHR-01,Lahore,Debit Card,6,126.8,10.0,760.8,76.08,684.72
TXN002925,2024-02-19,2024,2,February,1,Monday,Bluetooth Speaker,Electronics,Ali Khan,MUL-01,Multan,Debit Card,3,110.89,20.0,332.67,66.53,266.14
TXN000563,2024-12-21,2024,12,December,4,Saturday,Sunscreen SPF50,Beauty,Sara Chaudhry,LHR-01,Lahore,Cash,3,211.45,20.0,634.35,126.87,507.48
TXN004658,2026-07-03,2026,7,July,3,Friday,Wool Sweater,Apparel,Omar Raza,LHR-01,Lahore,Credit Card,5,90.7,0.0,453.5,0.0,453.5
TXN004922,2026-02-04,2026,2,February,1,Wednesday,Non-Stick Pan,Home & Kitchen,Omar Iqbal,ISB-01,Islamabad,Credit Card,2,232.99,20.0,465.98,93.2,372.78
TXN003082,2026-03-27,2026,3,March,1,Friday,Sports Cap,Apparel,Faisal Iqbal,PSH-01,Peshawar,Mobile Wallet,6,157.6,5.0,945.6,47.28,898.32
TXN000664,2025-02-12,2025,2,February,1,Wednesday,Bluetooth Speaker,Electronics,Bilal Malik,LHR-01,Lahore,Credit Card,4,59.65,5.0,238.6,11.93,226.67
TXN002430,2024-04-10,2024,4,April,2,Wednesday,Wool Sweater,Apparel,Bilal Malik,LHR-01,Lahore,Cash,2,221.75,5.0,443.5,22.18,421.32
TXN002947,2025-10-28,2025,10,October,4,Tuesday,Hair Dryer,Beauty,Sana Malik,FSD-01,Faisalabad,Mobile Wallet,3,160.32,15.0,480.96,72.14,408.82
TXN004768,2025-10-20,2025,10,October,4,Monday,Non-Stick Pan,Home & Kitchen,Mariam Khan,ISB-01,Islamabad,Credit Card,1,45.83,15.0,45.83,6.87,38.96
TXN003276,2024-08-27,2024,8,August,3,Tuesday,Sunscreen SPF50,Beauty,Noor Khan,KHI-01,Karachi,Cash,6,237.58,0.0,1425.48,0.0,1425.48
TXN000795,2024-07-23,2024,7,July,3,Tuesday,Sports Cap,Apparel,Noor Butt,FSD-01,Faisalabad,Debit Card,3,244.92,5.0,734.76,36.74,698.02
TXN001450,2024-08-09,2024,8,August,3,Friday,Ceramic Mug Set,Home & Kitchen,Sana Butt,ISB-01,Islamabad,Cash,3,124.24,20.0,372.72,74.54,298.18
TXN004372,2024-12-08,2024,12,December,4,Sunday,Football,Sports,Faisal Khan,PSH-01,Peshawar,Mobile Wallet,5,55.2,0.0,276.0,0.0,276.0
TXN003243,2024-04-20,2024,4,April,2,Saturday,Webcam HD,Electronics,Bilal Malik,KHI-02,Karachi,Cash,1,202.55,0.0,202.55,0.0,202.55
TXN000616,2025-04-24,2025,4,April,2,Thursday,Coffee Maker,Home & Kitchen,Kamran Sheikh,MUL-01,Multan,Cash,4,75.27,20.0,301.08,60.22,240.86
TXN001256,2025-08-14,2025,8,August,3,Thursday,Denim Jacket,Apparel,Sara Iqbal,LHR-02,Lahore,Credit Card,1,179.08,15.0,179.08,26.86,152.22
TXN002661,2024-06-23,2024,6,June,2,Sunday,Lip Balm,Beauty,Bilal Malik,PSH-01,Peshawar,Cash,3,193.17,20.0,579.51,115.9,463.61
TXN004158,2026-06-25,2026,6,June,2,Thursday,LED Desk Lamp,Home & Kitchen,Sana Khan,ISB-01,Islamabad,Mobile Wallet,2,88.19,0.0,176.38,0.0,176.38
TXN002420,2025-01-05,2025,1,January,1,Sunday,Sports Cap,Apparel,Faisal Chaudhry,KHI-02,Karachi,Credit Card,5,123.89,10.0,619.45,61.95,557.5
TXN002039,2026-05-28,2026,5,May,2,Thursday,Sunscreen SPF50,Beauty,Usman Butt,ISB-01,Islamabad,Credit Card,5,146.26,5.0,731.3,36.56,694.74
TXN000282,2024-06-21,2024,6,June,2,Friday,Lip Balm,Beauty,Bilal Raza,ISB-01,Islamabad,Debit Card,2,81.74,0.0,163.48,0.0,163.48
TXN001540,2024-01-13,2024,1,January,1,Saturday,Resistance Bands,Sports,Hassan Khan,MUL-01,Multan,Debit Card,2,100.98,5.0,201.96,10.1,191.86
TXN002329,2025-03-12,2025,3,March,1,Wednesday,USB-C Cable,Electronics,Usman Farooq,KHI-01,Karachi,Mobile Wallet,4,101.81,15.0,407.24,61.09,346.15
TXN003671,2025-04-25,2025,4,April,2,Friday,Dumbbell Set,Sports,Hassan Raza,ISB-01,Islamabad,Debit Card,4,165.25,0.0,661.0,0.0,661.0
TXN001841,2025-05-26,2025,5,May,2,Monday,Dumbbell Set,Sports,Bilal Sheikh,MUL-01,Multan,Cash,4,232.33,20.0,929.32,185.86,743.46
TXN000712,2025-08-22,2025,8,August,3,Friday,Dumbbell Set,Sports,Hassan Sheikh,LHR-02,Lahore,Credit Card,1,76.25,20.0,76.25,15.25,61.0
TXN000347,2025-12-14,2025,12,December,4,Sunday,Laptop Stand,Electronics,Hassan Sheikh,LHR-01,Lahore,Credit Card,4,121.41,5.0,485.64,24.28,461.36
TXN001923,2026-06-04,2026,6,June,2,Thursday,Denim Jacket,Apparel,Faisal Khan,KHI-02,Karachi,Credit Card,5,87.22,5.0,436.1,21.8,414.3
TXN001175,2024-03-27,2024,3,March,1,Wednesday,Hair Dryer,Beauty,Zainab Iqbal,LHR-02,Lahore,Cash,4,130.17,20.0,520.68,104.14,416.54
TXN002911,2024-10-07,2024,10,October,4,Monday,Football,Sports,Bilal Khan,PSH-01,Peshawar,Cash,3,208.02,0.0,624.06,0.0,624.06
TXN004226,2025-03-19,2025,3,March,1,Wednesday,Blender,Home & Kitchen,Hassan Malik,KHI-01,Karachi,Credit Card,2,87.83,10.0,175.66,17.57,158.09
TXN003338,2024-08-29,2024,8,August,3,Thursday,Cycling Helmet,Sports,Bilal Iqbal,PSH-01,Peshawar,Cash,1,237.94,5.0,237.94,11.9,226.04
TXN003789,2025-11-26,2025,11,November,4,Wednesday,Webcam HD,Electronics,Bilal Sheikh,KHI-01,Karachi,Debit Card,3,160.42,15.0,481.26,72.19,409.07
TXN001271,2025-01-25,2025,1,January,1,Saturday,Coffee Maker,Home & Kitchen,Bilal Raza,MUL-01,Multan,Credit Card,4,79.01,0.0,316.04,0.0,316.04
TXN003418,2024-04-22,2024,4,April,2,Monday,Laptop Stand,Electronics,Noor Farooq,PSH-01,Peshawar,Mobile Wallet,1,155.4,20.0,155.4,31.08,124.32
TXN003790,2024-09-25,2024,9,September,3,Wednesday,Cycling Helmet,Sports,Zainab Chaudhry,MUL-01,Multan,Credit Card,3,33.92,10.0,101.76,10.18,91.58
TXN002759,2024-11-26,2024,11,November,4,Tuesday,Face Moisturizer,Beauty,Ayesha Khan,LHR-02,Lahore,Mobile Wallet,3,215.37,20.0,646.11,129.22,516.89
TXN000875,2024-12-31,2024,12,December,4,Tuesday,USB-C Cable,Electronics,Hassan Raza,ISB-01,Islamabad,Cash,6,8.17,5.0,49.02,2.45,46.57
TXN004948,2026-05-16,2026,5,May,2,Saturday,Blender,Home & Kitchen,Mariam Raza,FSD-01,Faisalabad,Cash,3,153.36,0.0,460.08,0.0,460.08
TXN003834,2025-06-03,2025,6,June,2,Tuesday,Sunscreen SPF50,Beauty,Noor Iqbal,KHI-02,Karachi,Credit Card,4,147.48,15.0,589.92,88.49,501.43
TXN002449,2024-06-30,2024,6,June,2,Sunday,Ceramic Mug Set,Home & Kitchen,Sana Khan,KHI-01,Karachi,Mobile Wallet,6,196.33,5.0,1177.98,58.9,1119.08
TXN001629,2024-02-02,2024,2,February,1,Friday,Denim Jacket,Apparel,Bilal Sheikh,KHI-01,Karachi,Debit Card,5,61.87,0.0,309.35,0.0,309.35
TXN002994,2025-12-07,2025,12,December,4,Sunday,Football,Sports,Noor Butt,KHI-02,Karachi,Cash,2,131.49,0.0,262.98,0.0,262.98
TXN003178,2024-01-15,2024,1,January,1,Monday,Yoga Mat,Sports,Usman Iqbal,ISB-01,Islamabad,Credit Card,1,37.81,20.0,37.81,7.56,30.25
TXN000675,2024-04-27,2024,4,April,2,Saturday,USB-C Cable,Electronics,Usman Butt,MUL-01,Multan,Mobile Wallet,1,214.8,5.0,214.8,10.74,204.06
TXN004519,2025-08-10,2025,8,August,3,Sunday,Lip Balm,Beauty,Fatima Sheikh,MUL-01,Multan,Cash,1,26.17,0.0,26.17,0.0,26.17
TXN003709,2025-10-03,2025,10,October,4,Friday,Sunscreen SPF50,Beauty,Sana Butt,MUL-01,Multan,Cash,4,8.84,5.0,35.36,1.77,33.59
TXN004944,2026-04-15,2026,4,April,2,Wednesday,Dumbbell Set,Sports,Sara Chaudhry,FSD-01,Faisalabad,Debit Card,3,222.99,0.0,668.97,0.0,668.97
TXN003600,2024-02-06,2024,2,February,1,Tuesday,Blender,Home & Kitchen,Fatima Sheikh,FSD-01,Faisalabad,Credit Card,2,42.35,0.0,84.7,0.0,84.7
TXN001862,2024-10-06,2024,10,October,4,Sunday,Football,Sports,Sana Malik,MUL-01,Multan,Credit Card,3,220.78,5.0,662.34,33.12,629.22
TXN001561,2024-09-04,2024,9,September,3,Wednesday,Webcam HD,Electronics,Hina Khan,KHI-01,Karachi,Cash,2,51.47,5.0,102.94,5.15,97.79
TXN000246,2024-11-15,2024,11,November,4,Friday,Dumbbell Set,Sports,Ali Butt,LHR-01,Lahore,Credit Card,5,30.16,20.0,150.8,30.16,120.64
TXN004718,2024-09-09,2024,9,September,3,Monday,Non-Stick Pan,Home & Kitchen,Ahmed Iqbal,FSD-01,Faisalabad,Cash,6,71.97,15.0,431.82,64.77,367.05
TXN000160,2025-10-14,2025,10,October,4,Tuesday,Wireless Mouse,Electronics,Faisal Iqbal,LHR-02,Lahore,Debit Card,1,177.2,20.0,177.2,35.44,141.76
TXN004026,2026-04-20,2026,4,April,2,Monday,Bluetooth Speaker,Electronics,Hina Raza,LHR-01,Lahore,Mobile Wallet,1,146.37,20.0,146.37,29.27,117.1
TXN004501,2024-12-17,2024,12,December,4,Tuesday,Dumbbell Set,Sports,Faisal Malik,KHI-01,Karachi,Credit Card,5,100.49,10.0,502.45,50.24,452.21
TXN002318,2024-03-19,2024,3,March,1,Tuesday,Wireless Mouse,Electronics,Ahmed Butt,MUL-01,Multan,Credit Card,3,113.17,0.0,339.51,0.0,339.51
TXN004382,2024-01-29,2024,1,January,1,Monday,Football,Sports,Faisal Butt,FSD-01,Faisalabad,Credit Card,3,18.47,5.0,55.41,2.77,52.64
TXN003055,2025-10-12,2025,10,October,4,Sunday,Bluetooth Speaker,Electronics,Hassan Chaudhry,ISB-01,Islamabad,Credit Card,1,145.67,15.0,145.67,21.85,123.82
TXN003681,2024-06-06,2024,6,June,2,Thursday,Cotton T-Shirt,Apparel,Ali Butt,MUL-01,Multan,Cash,1,79.82,0.0,79.82,0.0,79.82
TXN002710,2024-04-15,2024,4,April,2,Monday,Resistance Bands,Sports,Faisal Iqbal,LHR-02,Lahore,Cash,2,223.86,5.0,447.72,22.39,425.33
TXN000186,2026-03-24,2026,3,March,1,Tuesday,Sunscreen SPF50,Beauty,Hassan Iqbal,KHI-01,Karachi,Mobile Wallet,6,103.7,0.0,622.2,0.0,622.2
TXN003742,2025-05-17,2025,5,May,2,Saturday,Wireless Mouse,Electronics,Bilal Butt,ISB-01,Islamabad,Cash,1,25.09,20.0,25.09,5.02,20.07
TXN002494,2024-06-23,2024,6,June,2,Sunday,Ceramic Mug Set,Home & Kitchen,Usman Farooq,MUL-01,Multan,Credit Card,3,61.26,5.0,183.78,9.19,174.59
TXN004767,2024-09-24,2024,9,September,3,Tuesday,Wool Sweater,Apparel,Fatima Sheikh,MUL-01,Multan,Credit Card,4,246.3,20.0,985.2,197.04,788.16
TXN000466,2025-01-07,2025,1,January,1,Tuesday,Wireless Mouse,Electronics,Zainab Malik,FSD-01,Faisalabad,Cash,1,166.07,20.0,166.07,33.21,132.86
TXN004890,2026-03-14,2026,3,March,1,Saturday,Face Moisturizer,Beauty,Ahmed Butt,KHI-02,Karachi,Debit Card,2,76.5,10.0,153.0,15.3,137.7
TXN002488,2024-04-26,2024,4,April,2,Friday,Ceramic Mug Set,Home & Kitchen,Noor Iqbal,LHR-01,Lahore,Debit Card,5,11.49,5.0,57.45,2.87,54.58
TXN003639,2024-09-04,2024,9,September,3,Wednesday,Wool Sweater,Apparel,Ayesha Khan,KHI-02,Karachi,Cash,3,83.03,0.0,249.09,0.0,249.09
TXN000193,2024-10-10,2024,10,October,4,Thursday,Webcam HD,Electronics,Mariam Iqbal,MUL-01,Multan,Credit Card,5,25.64,0.0,128.2,0.0,128.2
TXN001864,2024-06-06,2024,6,June,2,Thursday,Sports Cap,Apparel,Noor Farooq,FSD-01,Faisalabad,Debit Card,1,94.29,0.0,94.29,0.0,94.29
TXN003815,2026-02-20,2026,2,February,1,Friday,Lip Balm,Beauty,Kamran Chaudhry,KHI-02,Karachi,Debit Card,4,141.17,5.0,564.68,28.23,536.45
TXN000578,2024-06-29,2024,6,June,2,Saturday,Laptop Stand,Electronics,Zainab Sheikh,PSH-01,Peshawar,Debit Card,3,66.0,0.0,198.0,0.0,198.0
TXN002381,2024-01-17,2024,1,January,1,Wednesday,Wireless Mouse,Electronics,Faisal Butt,KHI-01,Karachi,Credit Card,2,6.6,10.0,13.2,1.32,11.88
TXN002185,2024-03-28,2024,3,March,1,Thursday,Running Shoes,Apparel,Zainab Farooq,KHI-02,Karachi,Debit Card,2,202.57,20.0,405.14,81.03,324.11
TXN002314,2025-06-25,2025,6,June,2,Wednesday,Sports Cap,Apparel,Mariam Farooq,KHI-02,Karachi,Mobile Wallet,6,200.16,15.0,1200.96,180.14,1020.82
TXN004005,2025-02-09,2025,2,February,1,Sunday,Ceramic Mug Set,Home & Kitchen,Sana Chaudhry,ISB-01,Islamabad,Cash,3,125.17,0.0,375.51,0.0,375.51
TXN000606,2025-03-20,2025,3,March,1,Thursday,Lip Balm,Beauty,Hina Iqbal,LHR-02,Lahore,Cash,1,145.0,20.0,145.0,29.0,116.0
TXN004213,2025-05-01,2025,5,May,2,Thursday,Cotton T-Shirt,Apparel,Kamran Chaudhry,KHI-02,Karachi,Debit Card,1,146.31,0.0,146.31,0.0,146.31
TXN000177,2026-02-09,2026,2,February,1,Monday,Hair Dryer,Beauty,Faisal Khan,MUL-01,Multan,Cash,1,203.14,10.0,203.14,20.31,182.83
TXN000061,2024-11-21,2024,11,November,4,Thursday,Coffee Maker,Home & Kitchen,Faisal Butt,KHI-02,Karachi,Credit Card,4,120.88,20.0,483.52,96.7,386.82
TXN001857,2026-03-19,2026,3,March,1,Thursday,Wool Sweater,Apparel,Omar Malik,PSH-01,Peshawar,Mobile Wallet,4,156.61,10.0,626.44,62.64,563.8
TXN001973,2024-07-21,2024,7,July,3,Sunday,Sunscreen SPF50,Beauty,Zainab Farooq,LHR-02,Lahore,Mobile Wallet,3,69.36,0.0,208.08,0.0,208.08
TXN002451,2026-06-29,2026,6,June,2,Monday,Football,Sports,Hassan Chaudhry,KHI-01,Karachi,Cash,6,189.71,15.0,1138.26,170.74,967.52
TXN004450,2024-03-25,2024,3,March,1,Monday,Resistance Bands,Sports,Noor Malik,KHI-02,Karachi,Cash,2,215.81,15.0,431.62,64.74,366.88
TXN001371,2024-10-10,2024,10,October,4,Thursday,Wireless Mouse,Electronics,Zainab Chaudhry,MUL-01,Multan,Credit Card,5,234.78,20.0,1173.9,234.78,939.12
TXN004428,2025-08-07,2025,8,August,3,Thursday,Wireless Mouse,Electronics,Hassan Farooq,LHR-01,Lahore,Cash,6,15.92,0.0,95.52,0.0,95.52
TXN004677,2025-04-21,2025,4,April,2,Monday,Cotton T-Shirt,Apparel,Bilal Raza,KHI-02,Karachi,Cash,6,59.84,15.0,359.04,53.86,305.18
TXN001920,2025-02-11,2025,2,February,1,Tuesday,Wireless Mouse,Electronics,Mariam Chaudhry,PSH-01,Peshawar,Credit Card,5,134.81,0.0,674.05,0.0,674.05
TXN002120,2024-04-04,2024,4,April,2,Thursday,Sunscreen SPF50,Beauty,Ali Butt,LHR-01,Lahore,Cash,6,239.04,20.0,1434.24,286.85,1147.39
TXN001096,2026-03-13,2026,3,March,1,Friday,Face Moisturizer,Beauty,Noor Raza,KHI-01,Karachi,Debit Card,3,104.53,15.0,313.59,47.04,266.55
TXN002633,2026-01-11,2026,1,January,1,Sunday,Bluetooth Speaker,Electronics,Ali Sheikh,MUL-01,Multan,Credit Card,3,187.55,5.0,562.65,28.13,534.52
TXN001304,2026-07-04,2026,7,July,3,Saturday,Shampoo 500ml,Beauty,Fatima Butt,ISB-01,Islamabad,Credit Card,1,114.16,5.0,114.16,5.71,108.45
TXN002229,2024-10-08,2024,10,October,4,Tuesday,Laptop Stand,Electronics,Kamran Butt,KHI-02,Karachi,Credit Card,6,91.18,20.0,547.08,109.42,437.66
TXN004061,2025-05-18,2025,5,May,2,Sunday,Football,Sports,Kamran Farooq,ISB-01,Islamabad,Credit Card,5,67.65,0.0,338.25,0.0,338.25
TXN001133,2025-12-07,2025,12,December,4,Sunday,Blender,Home & Kitchen,Faisal Farooq,MUL-01,Multan,Credit Card,6,108.65,0.0,651.9,0.0,651.9
TXN000770,2026-01-05,2026,1,January,1,Monday,Dumbbell Set,Sports,Usman Sheikh,FSD-01,Faisalabad,Cash,2,76.1,0.0,152.2,0.0,152.2
TXN000660,2025-03-17,2025,3,March,1,Monday,Ceramic Mug Set,Home & Kitchen,Omar Chaudhry,KHI-01,Karachi,Cash,6,223.22,10.0,1339.32,133.93,1205.39
TXN001386,2024-05-26,2024,5,May,2,Sunday,Resistance Bands,Sports,Bilal Farooq,LHR-01,Lahore,Credit Card,4,107.83,20.0,431.32,86.26,345.06
TXN002774,2024-12-27,2024,12,December,4,Friday,Cycling Helmet,Sports,Fatima Butt,KHI-02,Karachi,Cash,5,220.1,0.0,1100.5,0.0,1100.5
TXN003198,2024-03-01,2024,3,March,1,Friday,Coffee Maker,Home & Kitchen,Ahmed Butt,KHI-01,Karachi,Debit Card,1,179.19,5.0,179.19,8.96,170.23
TXN003169,2024-02-08,2024,2,February,1,Thursday,Hair Dryer,Beauty,Noor Chaudhry,MUL-01,Multan,Mobile Wallet,2,22.17,15.0,44.34,6.65,37.69
TXN000863,2025-03-08,2025,3,March,1,Saturday,Running Shoes,Apparel,Kamran Chaudhry,FSD-01,Faisalabad,Mobile Wallet,5,166.99,15.0,834.95,125.24,709.71
TXN004549,2025-11-15,2025,11,November,4,Saturday,Non-Stick Pan,Home & Kitchen,Usman Raza,MUL-01,Multan,Debit Card,6,131.16,0.0,786.96,0.0,786.96
TXN001418,2025-01-02,2025,1,January,1,Thursday,Laptop Stand,Electronics,Omar Sheikh,ISB-01,Islamabad,Debit Card,4,242.88,0.0,971.52,0.0,971.52
TXN001173,2026-02-15,2026,2,February,1,Sunday,Yoga Mat,Sports,Faisal Chaudhry,LHR-02,Lahore,Cash,3,115.57,0.0,346.71,0.0,346.71
TXN003707,2026-05-14,2026,5,May,2,Thursday,Wool Sweater,Apparel,Noor Malik,MUL-01,Multan,Credit Card,6,218.71,5.0,1312.26,65.61,1246.65
TXN004900,2026-05-22,2026,5,May,2,Friday,Sports Cap,Apparel,Ahmed Chaudhry,FSD-01,Faisalabad,Cash,1,156.33,5.0,156.33,7.82,148.51
TXN002440,2025-12-21,2025,12,December,4,Sunday,Cycling Helmet,Sports,Sana Iqbal,LHR-02,Lahore,Credit Card,5,93.43,0.0,467.15,0.0,467.15
TXN003599,2025-04-25,2025,4,April,2,Friday,Bluetooth Speaker,Electronics,Sana Malik,ISB-01,Islamabad,Credit Card,6,11.01,10.0,66.06,6.61,59.45
TXN002714,2026-05-18,2026,5,May,2,Monday,USB-C Cable,Electronics,Kamran Malik,ISB-01,Islamabad,Debit Card,1,69.31,0.0,69.31,0.0,69.31
TXN002931,2024-10-03,2024,10,October,4,Thursday,Cycling Helmet,Sports,Noor Chaudhry,PSH-01,Peshawar,Debit Card,3,241.49,0.0,724.47,0.0,724.47
TXN004131,2024-08-11,2024,8,August,3,Sunday,Football,Sports,Noor Chaudhry,FSD-01,Faisalabad,Debit Card,2,126.69,0.0,253.38,0.0,253.38
TXN000552,2025-06-08,2025,6,June,2,Sunday,Cotton T-Shirt,Apparel,Kamran Raza,ISB-01,Islamabad,Mobile Wallet,4,87.41,20.0,349.64,69.93,279.71
TXN001283,2024-04-12,2024,4,April,2,Friday,Wool Sweater,Apparel,Fatima Khan,LHR-01,Lahore,Cash,5,162.98,15.0,814.9,122.23,692.67
TXN002889,2024-05-28,2024,5,May,2,Tuesday,Lip Balm,Beauty,Zainab Butt,ISB-01,Islamabad,Credit Card,3,177.04,5.0,531.12,26.56,504.56
TXN004862,2025-08-01,2025,8,August,3,Friday,Bluetooth Speaker,Electronics,Sana Sheikh,ISB-01,Islamabad,Mobile Wallet,2,125.06,5.0,250.12,12.51,237.61
TXN004592,2025-04-19,2025,4,April,2,Saturday,Hair Dryer,Beauty,Zainab Farooq,KHI-02,Karachi,Cash,4,40.04,5.0,160.16,8.01,152.15
TXN004656,2025-09-28,2025,9,September,3,Sunday,Non-Stick Pan,Home & Kitchen,Usman Chaudhry,KHI-02,Karachi,Cash,6,83.55,0.0,501.3,0.0,501.3
TXN002188,2026-05-09,2026,5,May,2,Saturday,Football,Sports,Ahmed Malik,PSH-01,Peshawar,Mobile Wallet,6,187.77,0.0,1126.62,0.0,1126.62
TXN001702,2026-03-16,2026,3,March,1,Monday,Wireless Mouse,Electronics,Omar Chaudhry,LHR-02,Lahore,Cash,6,180.27,0.0,1081.62,0.0,1081.62
TXN003379,2024-11-12,2024,11,November,4,Tuesday,LED Desk Lamp,Home & Kitchen,Zainab Iqbal,ISB-01,Islamabad,Credit Card,3,21.71,0.0,65.13,0.0,65.13
TXN002061,2024-02-05,2024,2,February,1,Monday,USB-C Cable,Electronics,Faisal Malik,ISB-01,Islamabad,Credit Card,3,19.29,15.0,57.87,8.68,49.19
TXN003814,2024-07-09,2024,7,July,3,Tuesday,Yoga Mat,Sports,Fatima Raza,ISB-01,Islamabad,Mobile Wallet,4,78.98,5.0,315.92,15.8,300.12
TXN000667,2026-02-15,2026,2,February,1,Sunday,Ceramic Mug Set,Home & Kitchen,Usman Khan,PSH-01,Peshawar,Debit Card,3,108.62,0.0,325.86,0.0,325.86
TXN004747,2026-05-12,2026,5,May,2,Tuesday,Resistance Bands,Sports,Omar Farooq,FSD-01,Faisalabad,Credit Card,1,61.14,0.0,61.14,0.0,61.14
TXN002697,2025-07-24,2025,7,July,3,Thursday,Bluetooth Speaker,Electronics,Omar Butt,PSH-01,Peshawar,Mobile Wallet,6,32.35,0.0,194.1,0.0,194.1
TXN002278,2026-05-03,2026,5,May,2,Sunday,Yoga Mat,Sports,Mariam Farooq,ISB-01,Islamabad,Cash,4,147.19,0.0,588.76,0.0,588.76
TXN004467,2025-10-22,2025,10,October,4,Wednesday,Sports Cap,Apparel,Usman Chaudhry,KHI-02,Karachi,Credit Card,3,237.58,10.0,712.74,71.27,641.47
TXN003882,2026-05-19,2026,5,May,2,Tuesday,Wireless Mouse,Electronics,Usman Sheikh,LHR-01,Lahore,Debit Card,1,119.29,5.0,119.29,5.96,113.33
TXN003622,2025-02-03,2025,2,February,1,Monday,Denim Jacket,Apparel,Ali Malik,LHR-02,Lahore,Cash,5,247.22,5.0,1236.1,61.8,1174.3
TXN001309,2025-11-17,2025,11,November,4,Monday,Bluetooth Speaker,Electronics,Hina Butt,ISB-01,Islamabad,Debit Card,2,38.25,0.0,76.5,0.0,76.5
TXN004070,2025-02-06,2025,2,February,1,Thursday,Webcam HD,Electronics,Sana Butt,MUL-01,Multan,Debit Card,5,240.54,0.0,1202.7,0.0,1202.7
TXN003411,2024-01-15,2024,1,January,1,Monday,Non-Stick Pan,Home & Kitchen,Usman Iqbal,LHR-01,Lahore,Credit Card,6,144.23,20.0,865.38,173.08,692.3
TXN004223,2026-02-22,2026,2,February,1,Sunday,Football,Sports,Ahmed Raza,LHR-01,Lahore,Debit Card,5,27.35,10.0,136.75,13.68,123.07
TXN001785,2025-12-15,2025,12,December,4,Monday,Webcam HD,Electronics,Ahmed Iqbal,KHI-02,Karachi,Mobile Wallet,2,130.37,0.0,260.74,0.0,260.74
TXN002621,2025-11-12,2025,11,November,4,Wednesday,USB-C Cable,Electronics,Ali Farooq,LHR-02,Lahore,Debit Card,1,245.54,10.0,245.54,24.55,220.99
TXN002362,2024-10-17,2024,10,October,4,Thursday,Laptop Stand,Electronics,Bilal Chaudhry,PSH-01,Peshawar,Cash,5,10.47,15.0,52.35,7.85,44.5
TXN004572,2025-05-30,2025,5,May,2,Friday,Yoga Mat,Sports,Mariam Khan,PSH-01,Peshawar,Credit Card,1,157.13,0.0,157.13,0.0,157.13
TXN002735,2024-06-27,2024,6,June,2,Thursday,Denim Jacket,Apparel,Hina Sheikh,KHI-02,Karachi,Cash,1,67.7,15.0,67.7,10.15,57.55
TXN002983,2025-03-20,2025,3,March,1,Thursday,Non-Stick Pan,Home & Kitchen,Fatima Chaudhry,MUL-01,Multan,Credit Card,6,55.78,15.0,334.68,50.2,284.48
TXN002317,2024-10-09,2024,10,October,4,Wednesday,Non-Stick Pan,Home & Kitchen,Sara Farooq,PSH-01,Peshawar,Debit Card,1,98.84,0.0,98.84,0.0,98.84
TXN004732,2024-07-13,2024,7,July,3,Saturday,Face Moisturizer,Beauty,Sara Butt,MUL-01,Multan,Cash,4,133.75,0.0,535.0,0.0,535.0
TXN001692,2024-10-21,2024,10,October,4,Monday,Blender,Home & Kitchen,Hina Sheikh,MUL-01,Multan,Debit Card,1,95.06,0.0,95.06,0.0,95.06
TXN003394,2024-08-08,2024,8,August,3,Thursday,Running Shoes,Apparel,Mariam Malik,PSH-01,Peshawar,Cash,5,215.77,0.0,1078.85,0.0,1078.85
TXN000415,2026-07-05,2026,7,July,3,Sunday,Webcam HD,Electronics,Hina Khan,KHI-01,Karachi,Credit Card,5,181.74,15.0,908.7,136.31,772.39
TXN001673,2026-02-24,2026,2,February,1,Tuesday,Denim Jacket,Apparel,Hassan Sheikh,KHI-01,Karachi,Debit Card,4,72.11,15.0,288.44,43.27,245.17
TXN003570,2024-04-25,2024,4,April,2,Thursday,Webcam HD,Electronics,Ahmed Sheikh,LHR-01,Lahore,Mobile Wallet,3,212.78,0.0,638.34,0.0,638.34
TXN002575,2024-07-26,2024,7,July,3,Friday,Cycling Helmet,Sports,Kamran Butt,MUL-01,Multan,Cash,5,9.03,5.0,45.15,2.26,42.89
TXN001747,2025-09-09,2025,9,September,3,Tuesday,Wireless Mouse,Electronics,Usman Chaudhry,PSH-01,Peshawar,Mobile Wallet,6,143.95,15.0,863.7,129.56,734.14
TXN000251,2025-12-05,2025,12,December,4,Friday,Ceramic Mug Set,Home & Kitchen,Hina Khan,ISB-01,Islamabad,Cash,1,86.0,0.0,86.0,0.0,86.0
TXN003931,2025-02-13,2025,2,February,1,Thursday,Sports Cap,Apparel,Sara Iqbal,KHI-02,Karachi,Cash,3,64.75,0.0,194.25,0.0,194.25
TXN000749,2025-06-04,2025,6,June,2,Wednesday,Yoga Mat,Sports,Usman Raza,LHR-02,Lahore,Credit Card,2,179.65,15.0,359.3,53.9,305.4
TXN001802,2024-04-14,2024,4,April,2,Sunday,Denim Jacket,Apparel,Ayesha Butt,ISB-01,Islamabad,Cash,4,134.07,0.0,536.28,0.0,536.28
TXN000443,2024-05-14,2024,5,May,2,Tuesday,Resistance Bands,Sports,Noor Farooq,LHR-02,Lahore,Cash,3,122.48,5.0,367.44,18.37,349.07
TXN004759,2026-03-27,2026,3,March,1,Friday,Denim Jacket,Apparel,Omar Farooq,LHR-01,Lahore,Cash,4,17.29,20.0,69.16,13.83,55.33
TXN004144,2025-01-11,2025,1,January,1,Saturday,USB-C Cable,Electronics,Sana Butt,KHI-02,Karachi,Credit Card,3,67.53,0.0,202.59,0.0,202.59
TXN002143,2025-10-24,2025,10,October,4,Friday,Laptop Stand,Electronics,Omar Malik,KHI-02,Karachi,Debit Card,4,71.58,0.0,286.32,0.0,286.32
TXN003182,2026-02-19,2026,2,February,1,Thursday,Wool Sweater,Apparel,Fatima Sheikh,LHR-01,Lahore,Credit Card,4,11.31,0.0,45.24,0.0,45.24
TXN002799,2025-11-13,2025,11,November,4,Thursday,Blender,Home & Kitchen,Ali Farooq,PSH-01,Peshawar,Mobile Wallet,4,170.03,10.0,680.12,68.01,612.11
TXN003647,2024-10-16,2024,10,October,4,Wednesday,Coffee Maker,Home & Kitchen,Hassan Malik,KHI-01,Karachi,Credit Card,5,107.55,15.0,537.75,80.66,457.09
TXN001855,2025-05-01,2025,5,May,2,Thursday,Dumbbell Set,Sports,Hassan Chaudhry,PSH-01,Peshawar,Debit Card,2,40.91,5.0,81.82,4.09,77.73
TXN000968,2025-03-08,2025,3,March,1,Saturday,Non-Stick Pan,Home & Kitchen,Sana Iqbal,ISB-01,Islamabad,Mobile Wallet,3,148.85,0.0,446.55,0.0,446.55
TXN002624,2024-12-08,2024,12,December,4,Sunday,Lip Balm,Beauty,Usman Farooq,LHR-02,Lahore,Debit Card,2,21.39,20.0,42.78,8.56,34.22
TXN000267,2024-03-04,2024,3,March,1,Monday,Bluetooth Speaker,Electronics,Hina Chaudhry,ISB-01,Islamabad,Mobile Wallet,2,197.17,20.0,394.34,78.87,315.47
TXN004105,2024-03-30,2024,3,March,1,Saturday,Webcam HD,Electronics,Ali Chaudhry,KHI-02,Karachi,Credit Card,1,94.58,0.0,94.58,0.0,94.58
TXN002807,2026-03-04,2026,3,March,1,Wednesday,Shampoo 500ml,Beauty,Sana Sheikh,PSH-01,Peshawar,Mobile Wallet,5,121.33,10.0,606.65,60.66,545.99
TXN003719,2025-10-25,2025,10,October,4,Saturday,Bluetooth Speaker,Electronics,Sara Butt,KHI-01,Karachi,Credit Card,1,12.93,0.0,12.93,0.0,12.93
TXN001317,2024-02-23,2024,2,February,1,Friday,Wireless Mouse,Electronics,Hina Sheikh,PSH-01,Peshawar,Cash,6,19.33,15.0,115.98,17.4,98.58
TXN001280,2025-09-22,2025,9,September,3,Monday,Webcam HD,Electronics,Sana Butt,KHI-01,Karachi,Cash,6,207.68,0.0,1246.08,0.0,1246.08
TXN000467,2024-05-05,2024,5,May,2,Sunday,Resistance Bands,Sports,Hassan Farooq,LHR-02,Lahore,Cash,5,85.68,15.0,428.4,64.26,364.14
TXN001805,2025-07-16,2025,7,July,3,Wednesday,Laptop Stand,Electronics,Omar Khan,MUL-01,Multan,Debit Card,1,54.35,0.0,54.35,0.0,54.35
TXN004107,2026-04-04,2026,4,April,2,Saturday,Cycling Helmet,Sports,Ahmed Malik,LHR-02,Lahore,Cash,6,247.62,0.0,1485.72,0.0,1485.72
TXN000032,2025-11-02,2025,11,November,4,Sunday,Laptop Stand,Electronics,Usman Iqbal,MUL-01,Multan,Credit Card,1,6.36,20.0,6.36,1.27,5.09
TXN003311,2025-01-30,2025,1,January,1,Thursday,Football,Sports,Ayesha Iqbal,LHR-02,Lahore,Cash,4,110.61,0.0,442.44,0.0,442.44
TXN004839,2024-05-02,2024,5,May,2,Thursday,Face Moisturizer,Beauty,Hina Sheikh,LHR-01,Lahore,Mobile Wallet,2,70.64,5.0,141.28,7.06,134.22
TXN002740,2026-06-26,2026,6,June,2,Friday,Non-Stick Pan,Home & Kitchen,Ahmed Malik,LHR-02,Lahore,Cash,2,129.1,5.0,258.2,12.91,245.29
TXN003026,2024-10-31,2024,10,October,4,Thursday,Webcam HD,Electronics,Noor Butt,PSH-01,Peshawar,Cash,2,137.11,15.0,274.22,41.13,233.09
TXN002499,2024-06-10,2024,6,June,2,Monday,Non-Stick Pan,Home & Kitchen,Ayesha Raza,FSD-01,Faisalabad,Debit Card,4,162.02,10.0,648.08,64.81,583.27
TXN001320,2025-10-04,2025,10,October,4,Saturday,Hair Dryer,Beauty,Hassan Sheikh,ISB-01,Islamabad,Credit Card,1,115.59,0.0,115.59,0.0,115.59
TXN003094,2025-10-04,2025,10,October,4,Saturday,Sports Cap,Apparel,Sana Sheikh,MUL-01,Multan,Cash,1,17.52,20.0,17.52,3.5,14.02
TXN003780,2025-03-31,2025,3,March,1,Monday,Bluetooth Speaker,Electronics,Mariam Farooq,ISB-01,Islamabad,Credit Card,5,98.25,0.0,491.25,0.0,491.25
TXN002084,2024-12-05,2024,12,December,4,Thursday,USB-C Cable,Electronics,Hassan Khan,KHI-01,Karachi,Credit Card,4,87.75,15.0,351.0,52.65,298.35
TXN004578,2024-03-14,2024,3,March,1,Thursday,Bluetooth Speaker,Electronics,Sara Butt,ISB-01,Islamabad,Credit Card,4,99.26,15.0,397.04,59.56,337.48
TXN003047,2024-08-03,2024,8,August,3,Saturday,LED Desk Lamp,Home & Kitchen,Ahmed Sheikh,LHR-01,Lahore,Credit Card,1,145.87,0.0,145.87,0.0,145.87
TXN000981,2026-07-28,2026,7,July,3,Tuesday,USB-C Cable,Electronics,Faisal Chaudhry,ISB-01,Islamabad,Mobile Wallet,5,79.36,20.0,396.8,79.36,317.44
TXN003962,2026-07-04,2026,7,July,3,Saturday,Wireless Mouse,Electronics,Faisal Chaudhry,LHR-01,Lahore,Cash,2,50.18,15.0,100.36,15.05,85.31
TXN000069,2024-10-29,2024,10,October,4,Tuesday,USB-C Cable,Electronics,Ahmed Raza,PSH-01,Peshawar,Cash,2,188.13,0.0,376.26,0.0,376.26
TXN004476,2025-12-25,2025,12,December,4,Thursday,Lip Balm,Beauty,Usman Farooq,LHR-01,Lahore,Cash,3,7.61,10.0,22.83,2.28,20.55
TXN004356,2024-12-15,2024,12,December,4,Sunday,Dumbbell Set,Sports,Sara Chaudhry,PSH-01,Peshawar,Mobile Wallet,3,186.88,0.0,560.64,0.0,560.64
TXN004818,2025-01-24,2025,1,January,1,Friday,Face Moisturizer,Beauty,Ahmed Farooq,LHR-01,Lahore,Credit Card,3,172.16,0.0,516.48,0.0,516.48
TXN004010,2026-04-12,2026,4,April,2,Sunday,Football,Sports,Noor Sheikh,LHR-02,Lahore,Cash,4,64.95,5.0,259.8,12.99,246.81
TXN004154,2024-05-01,2024,5,May,2,Wednesday,Resistance Bands,Sports,Faisal Khan,ISB-01,Islamabad,Credit Card,2,78.56,15.0,157.12,23.57,133.55
TXN002826,2024-04-10,2024,4,April,2,Wednesday,Denim Jacket,Apparel,Ahmed Malik,PSH-01,Peshawar,Cash,3,220.88,0.0,662.64,0.0,662.64
TXN004893,2025-10-15,2025,10,October,4,Wednesday,Cotton T-Shirt,Apparel,Ali Iqbal,MUL-01,Multan,Cash,5,70.09,5.0,350.45,17.52,332.93
TXN003749,2025-11-03,2025,11,November,4,Monday,Football,Sports,Sana Malik,MUL-01,Multan,Credit Card,6,203.32,0.0,1219.92,0.0,1219.92
TXN000716,2025-04-18,2025,4,April,2,Friday,Coffee Maker,Home & Kitchen,Ahmed Iqbal,ISB-01,Islamabad,Credit Card,1,117.75,15.0,117.75,17.66,100.09
TXN003626,2024-12-13,2024,12,December,4,Friday,Football,Sports,Hina Iqbal,PSH-01,Peshawar,Cash,4,89.57,15.0,358.28,53.74,304.54
TXN001442,2024-04-28,2024,4,April,2,Sunday,Yoga Mat,Sports,Mariam Sheikh,KHI-02,Karachi,Cash,2,120.06,0.0,240.12,0.0,240.12
TXN000458,2024-03-08,2024,3,March,1,Friday,Bluetooth Speaker,Electronics,Ayesha Chaudhry,KHI-02,Karachi,Credit Card,1,33.05,5.0,33.05,1.65,31.4
TXN004023,2024-02-14,2024,2,February,1,Wednesday,Cycling Helmet,Sports,Fatima Malik,PSH-01,Peshawar,Credit Card,6,61.91,0.0,371.46,0.0,371.46
TXN002442,2025-10-11,2025,10,October,4,Saturday,Running Shoes,Apparel,Hassan Raza,LHR-02,Lahore,Mobile Wallet,2,210.6,5.0,421.2,21.06,400.14
TXN001307,2025-09-01,2025,9,September,3,Monday,Bluetooth Speaker,Electronics,Omar Iqbal,PSH-01,Peshawar,Credit Card,5,51.63,5.0,258.15,12.91,245.24
TXN004441,2024-09-23,2024,9,September,3,Monday,Face Moisturizer,Beauty,Ayesha Farooq,FSD-01,Faisalabad,Mobile Wallet,4,23.77,20.0,95.08,19.02,76.06
TXN000838,2026-02-13,2026,2,February,1,Friday,Dumbbell Set,Sports,Hassan Chaudhry,FSD-01,Faisalabad,Cash,3,124.46,5.0,373.38,18.67,354.71
TXN001846,2025-05-29,2025,5,May,2,Thursday,Hair Dryer,Beauty,Ahmed Khan,FSD-01,Faisalabad,Cash,3,148.18,0.0,444.54,0.0,444.54
TXN004877,2025-11-07,2025,11,November,4,Friday,Shampoo 500ml,Beauty,Fatima Iqbal,LHR-02,Lahore,Credit Card,4,221.91,0.0,887.64,0.0,887.64
TXN003272,2024-06-13,2024,6,June,2,Thursday,Wool Sweater,Apparel,Mariam Khan,KHI-01,Karachi,Cash,3,185.02,10.0,555.06,55.51,499.55
TXN003298,2024-10-30,2024,10,October,4,Wednesday,Lip Balm,Beauty,Noor Khan,LHR-02,Lahore,Credit Card,1,196.9,5.0,196.9,9.85,187.05
TXN001633,2024-12-30,2024,12,December,4,Monday,Shampoo 500ml,Beauty,Mariam Sheikh,ISB-01,Islamabad,Mobile Wallet,1,209.54,5.0,209.54,10.48,199.06
TXN000111,2024-06-19,2024,6,June,2,Wednesday,Wireless Mouse,Electronics,Zainab Chaudhry,FSD-01,Faisalabad,Cash,4,113.76,0.0,455.04,0.0,455.04
TXN001193,2025-06-02,2025,6,June,2,Monday,Webcam HD,Electronics,Zainab Raza,PSH-01,Peshawar,Mobile Wallet,2,12.08,0.0,24.16,0.0,24.16
TXN003503,2025-09-08,2025,9,September,3,Monday,Sunscreen SPF50,Beauty,Noor Farooq,PSH-01,Peshawar,Cash,1,23.43,15.0,23.43,3.51,19.92
TXN002038,2024-12-14,2024,12,December,4,Saturday,Cycling Helmet,Sports,Ali Chaudhry,KHI-02,Karachi,Mobile Wallet,2,86.58,0.0,173.16,0.0,173.16
TXN001498,2025-12-13,2025,12,December,4,Saturday,Non-Stick Pan,Home & Kitchen,Ahmed Khan,FSD-01,Faisalabad,Credit Card,1,146.33,0.0,146.33,0.0,146.33
TXN003672,2024-06-10,2024,6,June,2,Monday,Hair Dryer,Beauty,Usman Malik,PSH-01,Peshawar,Cash,3,202.06,0.0,606.18,0.0,606.18
TXN003131,2024-10-31,2024,10,October,4,Thursday,Yoga Mat,Sports,Hassan Butt,KHI-01,Karachi,Credit Card,5,198.6,0.0,993.0,0.0,993.0
TXN000984,2024-07-28,2024,7,July,3,Sunday,Dumbbell Set,Sports,Usman Raza,ISB-01,Islamabad,Credit Card,2,147.53,0.0,295.06,0.0,295.06
TXN001143,2024-11-30,2024,11,November,4,Saturday,Football,Sports,Fatima Butt,PSH-01,Peshawar,Cash,5,147.0,0.0,735.0,0.0,735.0
TXN001098,2025-02-12,2025,2,February,1,Wednesday,Blender,Home & Kitchen,Fatima Chaudhry,FSD-01,Faisalabad,Debit Card,5,41.49,10.0,207.45,20.75,186.7
TXN004681,2025-07-19,2025,7,July,3,Saturday,Laptop Stand,Electronics,Omar Raza,MUL-01,Multan,Credit Card,5,36.97,5.0,184.85,9.24,175.61
TXN003817,2024-05-05,2024,5,May,2,Sunday,Ceramic Mug Set,Home & Kitchen,Hassan Butt,KHI-02,Karachi,Cash,6,11.63,10.0,69.78,6.98,62.8
TXN002855,2026-05-07,2026,5,May,2,Thursday,USB-C Cable,Electronics,Sara Raza,FSD-01,Faisalabad,Mobile Wallet,2,57.99,0.0,115.98,0.0,115.98
TXN004001,2026-06-23,2026,6,June,2,Tuesday,Laptop Stand,Electronics,Bilal Sheikh,ISB-01,Islamabad,Debit Card,4,156.66,15.0,626.64,94.0,532.64
TXN002380,2025-12-28,2025,12,December,4,Sunday,Wool Sweater,Apparel,Fatima Farooq,MUL-01,Multan,Debit Card,3,192.78,5.0,578.34,28.92,549.42
TXN002794,2026-05-03,2026,5,May,2,Sunday,Lip Balm,Beauty,Sana Iqbal,PSH-01,Peshawar,Cash,6,158.33,20.0,949.98,190.0,759.98
TXN000250,2024-10-16,2024,10,October,4,Wednesday,Cycling Helmet,Sports,Noor Malik,KHI-01,Karachi,Cash,4,197.27,0.0,789.08,0.0,789.08
TXN002516,2025-08-19,2025,8,August,3,Tuesday,Cycling Helmet,Sports,Sara Iqbal,FSD-01,Faisalabad,Mobile Wallet,6,188.54,20.0,1131.24,226.25,904.99
TXN000128,2025-11-20,2025,11,November,4,Thursday,Resistance Bands,Sports,Zainab Farooq,PSH-01,Peshawar,Credit Card,5,245.08,20.0,1225.4,245.08,980.32
TXN000380,2025-04-17,2025,4,April,2,Thursday,Ceramic Mug Set,Home & Kitchen,Ali Malik,PSH-01,Peshawar,Mobile Wallet,3,74.15,0.0,222.45,0.0,222.45
TXN004231,2026-04-04,2026,4,April,2,Saturday,Sunscreen SPF50,Beauty,Bilal Malik,MUL-01,Multan,Debit Card,1,243.36,20.0,243.36,48.67,194.69
TXN001412,2025-02-01,2025,2,February,1,Saturday,Wool Sweater,Apparel,Kamran Farooq,KHI-02,Karachi,Credit Card,6,137.74,20.0,826.44,165.29,661.15
TXN000009,2024-09-26,2024,9,September,3,Thursday,Ceramic Mug Set,Home & Kitchen,Kamran Khan,KHI-01,Karachi,Credit Card,5,191.68,0.0,958.4,0.0,958.4
TXN002208,2024-05-10,2024,5,May,2,Friday,Denim Jacket,Apparel,Fatima Sheikh,KHI-01,Karachi,Cash,2,147.35,20.0,294.7,58.94,235.76
TXN002295,2025-04-05,2025,4,April,2,Saturday,Laptop Stand,Electronics,Noor Sheikh,FSD-01,Faisalabad,Credit Card,2,147.34,20.0,294.68,58.94,235.74
TXN003890,2026-04-01,2026,4,April,2,Wednesday,LED Desk Lamp,Home & Kitchen,Sara Sheikh,LHR-01,Lahore,Debit Card,3,203.21,10.0,609.63,60.96,548.67
TXN001083,2025-02-05,2025,2,February,1,Wednesday,Blender,Home & Kitchen,Noor Khan,LHR-02,Lahore,Cash,3,154.39,0.0,463.17,0.0,463.17
TXN000129,2025-10-06,2025,10,October,4,Monday,Football,Sports,Ayesha Khan,ISB-01,Islamabad,Cash,4,156.84,0.0,627.36,0.0,627.36
TXN004977,2024-04-09,2024,4,April,2,Tuesday,Non-Stick Pan,Home & Kitchen,Ahmed Butt,ISB-01,Islamabad,Credit Card,4,144.45,0.0,577.8,0.0,577.8
TXN004706,2025-04-30,2025,4,April,2,Wednesday,Resistance Bands,Sports,Kamran Raza,MUL-01,Multan,Credit Card,3,27.81,0.0,83.43,0.0,83.43
TXN004344,2024-03-04,2024,3,March,1,Monday,Running Shoes,Apparel,Ayesha Sheikh,LHR-02,Lahore,Credit Card,2,11.25,0.0,22.5,0.0,22.5
TXN000077,2024-09-28,2024,9,September,3,Saturday,Bluetooth Speaker,Electronics,Mariam Butt,LHR-01,Lahore,Mobile Wallet,4,36.06,5.0,144.24,7.21,137.03
TXN002307,2024-06-18,2024,6,June,2,Tuesday,Resistance Bands,Sports,Zainab Raza,KHI-02,Karachi,Mobile Wallet,2,38.67,10.0,77.34,7.73,69.61
TXN003735,2024-05-19,2024,5,May,2,Sunday,Hair Dryer,Beauty,Hina Raza,LHR-02,Lahore,Debit Card,5,195.57,0.0,977.85,0.0,977.85
TXN002666,2026-03-22,2026,3,March,1,Sunday,Wireless Mouse,Electronics,Usman Iqbal,MUL-01,Multan,Mobile Wallet,1,92.88,10.0,92.88,9.29,83.59
TXN002519,2025-10-19,2025,10,October,4,Sunday,Ceramic Mug Set,Home & Kitchen,Ahmed Butt,PSH-01,Peshawar,Credit Card,6,226.41,0.0,1358.46,0.0,1358.46
TXN002112,2026-06-10,2026,6,June,2,Wednesday,Blender,Home & Kitchen,Mariam Raza,KHI-01,Karachi,Credit Card,1,56.84,20.0,56.84,11.37,45.47
TXN003171,2026-06-26,2026,6,June,2,Friday,Running Shoes,Apparel,Ayesha Raza,LHR-01,Lahore,Credit Card,1,51.79,0.0,51.79,0.0,51.79
TXN000346,2024-08-04,2024,8,August,3,Sunday,USB-C Cable,Electronics,Sana Khan,PSH-01,Peshawar,Credit Card,3,138.87,0.0,416.61,0.0,416.61
TXN003518,2026-04-04,2026,4,April,2,Saturday,Dumbbell Set,Sports,Hassan Raza,LHR-02,Lahore,Cash,5,147.84,10.0,739.2,73.92,665.28
TXN003359,2026-07-15,2026,7,July,3,Wednesday,Coffee Maker,Home & Kitchen,Ali Chaudhry,LHR-02,Lahore,Debit Card,5,204.34,5.0,1021.7,51.09,970.61
TXN004847,2025-09-18,2025,9,September,3,Thursday,Coffee Maker,Home & Kitchen,Ali Iqbal,LHR-02,Lahore,Credit Card,1,20.13,0.0,20.13,0.0,20.13
TXN002096,2026-05-28,2026,5,May,2,Thursday,Dumbbell Set,Sports,Ahmed Butt,ISB-01,Islamabad,Debit Card,1,47.21,0.0,47.21,0.0,47.21
TXN003193,2025-07-17,2025,7,July,3,Thursday,USB-C Cable,Electronics,Omar Khan,ISB-01,Islamabad,Cash,2,52.44,5.0,104.88,5.24,99.64
TXN001585,2024-06-05,2024,6,June,2,Wednesday,Football,Sports,Sana Sheikh,PSH-01,Peshawar,Credit Card,2,70.84,10.0,141.68,14.17,127.51
TXN004799,2025-06-01,2025,6,June,2,Sunday,Lip Balm,Beauty,Ali Malik,LHR-01,Lahore,Debit Card,5,164.77,0.0,823.85,0.0,823.85
TXN004229,2024-05-05,2024,5,May,2,Sunday,Wool Sweater,Apparel,Fatima Farooq,LHR-02,Lahore,Debit Card,3,56.2,0.0,168.6,0.0,168.6
TXN000818,2025-10-01,2025,10,October,4,Wednesday,LED Desk Lamp,Home & Kitchen,Kamran Khan,PSH-01,Peshawar,Cash,4,143.4,0.0,573.6,0.0,573.6
TXN001319,2024-03-06,2024,3,March,1,Wednesday,Football,Sports,Sana Sheikh,KHI-01,Karachi,Credit Card,5,43.11,20.0,215.55,43.11,172.44
TXN004132,2025-03-03,2025,3,March,1,Monday,Football,Sports,Mariam Chaudhry,ISB-01,Islamabad,Cash,5,131.85,0.0,659.25,0.0,659.25
TXN003763,2025-05-17,2025,5,May,2,Saturday,Cotton T-Shirt,Apparel,Kamran Khan,LHR-02,Lahore,Credit Card,1,195.25,0.0,195.25,0.0,195.25
TXN000860,2026-07-07,2026,7,July,3,Tuesday,Wool Sweater,Apparel,Faisal Sheikh,LHR-01,Lahore,Cash,1,27.57,5.0,27.57,1.38,26.19
TXN004152,2026-05-16,2026,5,May,2,Saturday,Face Moisturizer,Beauty,Kamran Chaudhry,PSH-01,Peshawar,Debit Card,6,93.16,0.0,558.96,0.0,558.96
TXN001269,2025-01-14,2025,1,January,1,Tuesday,Sunscreen SPF50,Beauty,Omar Butt,ISB-01,Islamabad,Cash,3,120.69,10.0,362.07,36.21,325.86
TXN000971,2026-07-12,2026,7,July,3,Sunday,Hair Dryer,Beauty,Hassan Malik,LHR-01,Lahore,Credit Card,2,76.88,5.0,153.76,7.69,146.07
TXN004322,2024-11-23,2024,11,November,4,Saturday,Wool Sweater,Apparel,Ahmed Malik,LHR-02,Lahore,Credit Card,2,98.37,5.0,196.74,9.84,186.9
TXN002062,2025-03-23,2025,3,March,1,Sunday,Lip Balm,Beauty,Omar Khan,ISB-01,Islamabad,Credit Card,3,49.75,5.0,149.25,7.46,141.79
TXN001458,2026-03-09,2026,3,March,1,Monday,Ceramic Mug Set,Home & Kitchen,Fatima Farooq,MUL-01,Multan,Cash,5,43.62,20.0,218.1,43.62,174.48
TXN002998,2026-07-24,2026,7,July,3,Friday,Face Moisturizer,Beauty,Ahmed Butt,MUL-01,Multan,Mobile Wallet,5,131.89,10.0,659.45,65.94,593.51
TXN001081,2026-03-08,2026,3,March,1,Sunday,Lip Balm,Beauty,Fatima Farooq,MUL-01,Multan,Cash,5,124.31,0.0,621.55,0.0,621.55
TXN000796,2024-06-08,2024,6,June,2,Saturday,Blender,Home & Kitchen,Hina Khan,PSH-01,Peshawar,Debit Card,6,144.33,15.0,865.98,129.9,736.08
TXN004069,2025-12-24,2025,12,December,4,Wednesday,Resistance Bands,Sports,Sara Chaudhry,ISB-01,Islamabad,Credit Card,4,34.84,15.0,139.36,20.9,118.46
TXN002727,2026-06-25,2026,6,June,2,Thursday,Resistance Bands,Sports,Usman Malik,FSD-01,Faisalabad,Mobile Wallet,5,224.05,0.0,1120.25,0.0,1120.25
TXN001420,2025-04-20,2025,4,April,2,Sunday,LED Desk Lamp,Home & Kitchen,Zainab Iqbal,LHR-01,Lahore,Credit Card,1,47.36,0.0,47.36,0.0,47.36
TXN004477,2026-07-09,2026,7,July,3,Thursday,Cotton T-Shirt,Apparel,Bilal Khan,LHR-02,Lahore,Mobile Wallet,2,228.03,0.0,456.06,0.0,456.06
TXN000116,2025-05-20,2025,5,May,2,Tuesday,Running Shoes,Apparel,Fatima Butt,KHI-02,Karachi,Cash,5,93.42,10.0,467.1,46.71,420.39
TXN001294,2024-07-31,2024,7,July,3,Wednesday,Laptop Stand,Electronics,Sana Iqbal,FSD-01,Faisalabad,Credit Card,6,172.81,10.0,1036.86,103.69,933.17
TXN000794,2026-07-12,2026,7,July,3,Sunday,Running Shoes,Apparel,Sara Butt,PSH-01,Peshawar,Debit Card,6,188.12,15.0,1128.72,169.31,959.41
TXN000307,2026-07-07,2026,7,July,3,Tuesday,Yoga Mat,Sports,Mariam Raza,PSH-01,Peshawar,Debit Card,4,217.85,10.0,871.4,87.14,784.26
TXN003143,2026-05-24,2026,5,May,2,Sunday,Shampoo 500ml,Beauty,Hina Sheikh,KHI-01,Karachi,Cash,6,53.21,0.0,319.26,0.0,319.26
TXN002873,2024-08-19,2024,8,August,3,Monday,Coffee Maker,Home & Kitchen,Fatima Farooq,KHI-02,Karachi,Mobile Wallet,3,202.76,5.0,608.28,30.41,577.87
TXN002043,2024-04-25,2024,4,April,2,Thursday,Sports Cap,Apparel,Hina Iqbal,LHR-02,Lahore,Mobile Wallet,1,213.27,0.0,213.27,0.0,213.27
TXN004473,2025-11-26,2025,11,November,4,Wednesday,Webcam HD,Electronics,Hina Chaudhry,LHR-01,Lahore,Mobile Wallet,2,126.48,15.0,252.96,37.94,215.02
TXN004060,2026-04-09,2026,4,April,2,Thursday,USB-C Cable,Electronics,Hassan Sheikh,MUL-01,Multan,Cash,2,184.82,0.0,369.64,0.0,369.64
TXN004338,2025-02-16,2025,2,February,1,Sunday,Running Shoes,Apparel,Zainab Khan,KHI-01,Karachi,Cash,3,193.64,0.0,580.92,0.0,580.92
TXN004008,2024-03-07,2024,3,March,1,Thursday,Webcam HD,Electronics,Noor Farooq,KHI-01,Karachi,Credit Card,4,27.6,0.0,110.4,0.0,110.4
TXN003627,2026-02-17,2026,2,February,1,Tuesday,Resistance Bands,Sports,Ahmed Iqbal,ISB-01,Islamabad,Debit Card,5,174.34,0.0,871.7,0.0,871.7
TXN001681,2026-01-14,2026,1,January,1,Wednesday,Ceramic Mug Set,Home & Kitchen,Mariam Raza,LHR-02,Lahore,Debit Card,5,146.94,0.0,734.7,0.0,734.7
TXN000390,2025-11-15,2025,11,November,4,Saturday,Webcam HD,Electronics,Ayesha Farooq,LHR-02,Lahore,Debit Card,5,172.6,0.0,863.0,0.0,863.0
TXN001349,2025-04-14,2025,4,April,2,Monday,Sports Cap,Apparel,Fatima Iqbal,ISB-01,Islamabad,Cash,3,236.21,10.0,708.63,70.86,637.77
TXN003637,2026-03-19,2026,3,March,1,Thursday,Cotton T-Shirt,Apparel,Ayesha Chaudhry,LHR-02,Lahore,Cash,2,215.32,0.0,430.64,0.0,430.64
TXN004121,2025-06-19,2025,6,June,2,Thursday,Wireless Mouse,Electronics,Fatima Farooq,KHI-01,Karachi,Credit Card,5,116.01,10.0,580.05,58.01,522.04
TXN003137,2024-10-21,2024,10,October,4,Monday,LED Desk Lamp,Home & Kitchen,Bilal Chaudhry,KHI-01,Karachi,Credit Card,2,10.48,0.0,20.96,0.0,20.96
TXN003234,2025-07-18,2025,7,July,3,Friday,Blender,Home & Kitchen,Zainab Farooq,LHR-01,Lahore,Cash,3,85.96,5.0,257.88,12.89,244.99
TXN002684,2025-05-09,2025,5,May,2,Friday,Shampoo 500ml,Beauty,Hina Raza,FSD-01,Faisalabad,Debit Card,6,63.07,10.0,378.42,37.84,340.58
TXN004641,2025-10-30,2025,10,October,4,Thursday,Blender,Home & Kitchen,Kamran Malik,LHR-02,Lahore,Cash,4,237.93,10.0,951.72,95.17,856.55
TXN002981,2024-01-20,2024,1,January,1,Saturday,Webcam HD,Electronics,Ahmed Butt,KHI-02,Karachi,Cash,6,185.72,10.0,1114.32,111.43,1002.89
TXN004898,2024-12-09,2024,12,December,4,Monday,Cycling Helmet,Sports,Ayesha Khan,MUL-01,Multan,Mobile Wallet,1,21.91,0.0,21.91,0.0,21.91
TXN002032,2025-08-24,2025,8,August,3,Sunday,Cycling Helmet,Sports,Ali Butt,ISB-01,Islamabad,Cash,5,88.32,15.0,441.6,66.24,375.36
TXN000147,2026-06-29,2026,6,June,2,Monday,Coffee Maker,Home & Kitchen,Ahmed Iqbal,LHR-02,Lahore,Credit Card,1,63.96,10.0,63.96,6.4,57.56
TXN000542,2025-11-04,2025,11,November,4,Tuesday,Blender,Home & Kitchen,Zainab Raza,FSD-01,Faisalabad,Credit Card,2,40.43,20.0,80.86,16.17,64.69
TXN001455,2024-09-20,2024,9,September,3,Friday,Shampoo 500ml,Beauty,Sara Raza,MUL-01,Multan,Credit Card,6,82.0,5.0,492.0,24.6,467.4
TXN004516,2026-04-21,2026,4,April,2,Tuesday,Bluetooth Speaker,Electronics,Sara Malik,ISB-01,Islamabad,Credit Card,6,39.02,0.0,234.12,0.0,234.12
TXN002884,2024-04-05,2024,4,April,2,Friday,Laptop Stand,Electronics,Faisal Malik,LHR-01,Lahore,Credit Card,1,168.89,0.0,168.89,0.0,168.89
TXN001511,2024-06-08,2024,6,June,2,Saturday,Wool Sweater,Apparel,Fatima Farooq,LHR-01,Lahore,Cash,1,159.55,0.0,159.55,0.0,159.55
TXN001239,2026-05-04,2026,5,May,2,Monday,Running Shoes,Apparel,Kamran Raza,ISB-01,Islamabad,Cash,4,29.47,5.0,117.88,5.89,111.99
TXN003659,2025-09-12,2025,9,September,3,Friday,Shampoo 500ml,Beauty,Usman Sheikh,ISB-01,Islamabad,Credit Card,6,51.12,20.0,306.72,61.34,245.38
TXN002376,2026-03-03,2026,3,March,1,Tuesday,Running Shoes,Apparel,Sana Chaudhry,LHR-02,Lahore,Credit Card,3,58.31,15.0,174.93,26.24,148.69
TXN002567,2024-06-19,2024,6,June,2,Wednesday,Dumbbell Set,Sports,Usman Khan,MUL-01,Multan,Mobile Wallet,6,248.87,0.0,1493.22,0.0,1493.22
TXN002833,2025-05-18,2025,5,May,2,Sunday,Football,Sports,Mariam Farooq,FSD-01,Faisalabad,Debit Card,3,139.36,15.0,418.08,62.71,355.37
TXN001844,2024-12-24,2024,12,December,4,Tuesday,Shampoo 500ml,Beauty,Usman Farooq,ISB-01,Islamabad,Credit Card,2,77.33,0.0,154.66,0.0,154.66
TXN003585,2026-07-16,2026,7,July,3,Thursday,Football,Sports,Kamran Chaudhry,ISB-01,Islamabad,Cash,1,22.14,10.0,22.14,2.21,19.93
TXN003607,2024-08-06,2024,8,August,3,Tuesday,Cycling Helmet,Sports,Fatima Iqbal,ISB-01,Islamabad,Cash,2,240.58,15.0,481.16,72.17,408.99
TXN000599,2025-08-10,2025,8,August,3,Sunday,Webcam HD,Electronics,Zainab Malik,FSD-01,Faisalabad,Credit Card,2,159.61,5.0,319.22,15.96,303.26
TXN004399,2024-01-18,2024,1,January,1,Thursday,Sunscreen SPF50,Beauty,Noor Chaudhry,ISB-01,Islamabad,Debit Card,2,131.96,0.0,263.92,0.0,263.92
TXN001662,2025-06-22,2025,6,June,2,Sunday,Dumbbell Set,Sports,Ali Chaudhry,ISB-01,Islamabad,Debit Card,5,92.69,0.0,463.45,0.0,463.45
TXN004911,2025-11-04,2025,11,November,4,Tuesday,Shampoo 500ml,Beauty,Faisal Malik,KHI-01,Karachi,Cash,4,155.79,5.0,623.16,31.16,592.0
TXN000970,2025-08-30,2025,8,August,3,Saturday,Blender,Home & Kitchen,Usman Iqbal,PSH-01,Peshawar,Debit Card,5,196.3,5.0,981.5,49.08,932.42
TXN004780,2025-07-23,2025,7,July,3,Wednesday,USB-C Cable,Electronics,Omar Sheikh,KHI-02,Karachi,Cash,6,16.1,10.0,96.6,9.66,86.94
TXN001117,2025-10-04,2025,10,October,4,Saturday,Football,Sports,Faisal Malik,ISB-01,Islamabad,Cash,4,243.47,10.0,973.88,97.39,876.49
TXN003858,2024-02-04,2024,2,February,1,Sunday,Wool Sweater,Apparel,Omar Malik,KHI-02,Karachi,Credit Card,4,240.22,20.0,960.88,192.18,768.7
TXN000878,2026-04-01,2026,4,April,2,Wednesday,Bluetooth Speaker,Electronics,Ali Raza,KHI-01,Karachi,Cash,3,183.62,0.0,550.86,0.0,550.86
TXN004855,2025-06-19,2025,6,June,2,Thursday,Wool Sweater,Apparel,Ahmed Chaudhry,LHR-02,Lahore,Credit Card,5,98.06,0.0,490.3,0.0,490.3
TXN000661,2025-07-14,2025,7,July,3,Monday,Sports Cap,Apparel,Fatima Khan,PSH-01,Peshawar,Credit Card,4,127.23,0.0,508.92,0.0,508.92
TXN000170,2025-11-29,2025,11,November,4,Saturday,Ceramic Mug Set,Home & Kitchen,Fatima Butt,FSD-01,Faisalabad,Debit Card,6,11.59,5.0,69.54,3.48,66.06
TXN002949,2024-04-11,2024,4,April,2,Thursday,Football,Sports,Sara Malik,LHR-01,Lahore,Credit Card,2,150.98,5.0,301.96,15.1,286.86
TXN002576,2025-09-15,2025,9,September,3,Monday,Sports Cap,Apparel,Ayesha Butt,LHR-01,Lahore,Cash,3,131.31,0.0,393.93,0.0,393.93
TXN004461,2024-12-30,2024,12,December,4,Monday,Ceramic Mug Set,Home & Kitchen,Ali Malik,FSD-01,Faisalabad,Credit Card,6,108.32,20.0,649.92,129.98,519.94
TXN002772,2024-07-01,2024,7,July,3,Monday,Laptop Stand,Electronics,Usman Raza,FSD-01,Faisalabad,Debit Card,5,104.23,20.0,521.15,104.23,416.92
TXN004264,2025-11-04,2025,11,November,4,Tuesday,Face Moisturizer,Beauty,Sana Iqbal,KHI-02,Karachi,Credit Card,4,219.4,0.0,877.6,0.0,877.6
TXN001945,2026-04-12,2026,4,April,2,Sunday,Ceramic Mug Set,Home & Kitchen,Sara Malik,ISB-01,Islamabad,Credit Card,2,214.68,20.0,429.36,85.87,343.49
TXN001549,2026-05-07,2026,5,May,2,Thursday,USB-C Cable,Electronics,Bilal Malik,LHR-01,Lahore,Credit Card,5,157.84,10.0,789.2,78.92,710.28
TXN000489,2026-06-25,2026,6,June,2,Thursday,Dumbbell Set,Sports,Fatima Raza,FSD-01,Faisalabad,Debit Card,5,121.73,5.0,608.65,30.43,578.22
TXN000630,2024-08-05,2024,8,August,3,Monday,Non-Stick Pan,Home & Kitchen,Ahmed Khan,KHI-01,Karachi,Debit Card,5,120.65,5.0,603.25,30.16,573.09
TXN004569,2024-10-26,2024,10,October,4,Saturday,Sports Cap,Apparel,Kamran Chaudhry,KHI-02,Karachi,Debit Card,3,225.0,5.0,675.0,33.75,641.25
TXN002969,2025-11-20,2025,11,November,4,Thursday,Blender,Home & Kitchen,Sara Khan,PSH-01,Peshawar,Debit Card,4,60.73,0.0,242.92,0.0,242.92
TXN004373,2024-11-04,2024,11,November,4,Monday,LED Desk Lamp,Home & Kitchen,Faisal Malik,LHR-01,Lahore,Debit Card,4,198.17,15.0,792.68,118.9,673.78
TXN003356,2025-11-14,2025,11,November,4,Friday,Non-Stick Pan,Home & Kitchen,Ali Khan,KHI-01,Karachi,Debit Card,4,189.75,0.0,759.0,0.0,759.0
TXN004113,2024-08-21,2024,8,August,3,Wednesday,Ceramic Mug Set,Home & Kitchen,Sara Farooq,LHR-02,Lahore,Credit Card,6,17.54,5.0,105.24,5.26,99.98
TXN001022,2026-04-02,2026,4,April,2,Thursday,Wool Sweater,Apparel,Mariam Malik,KHI-02,Karachi,Credit Card,4,100.44,20.0,401.76,80.35,321.41
TXN003755,2024-10-07,2024,10,October,4,Monday,Wireless Mouse,Electronics,Ali Iqbal,LHR-02,Lahore,Credit Card,4,62.62,10.0,250.48,25.05,225.43
TXN003759,2025-08-03,2025,8,August,3,Sunday,Cotton T-Shirt,Apparel,Mariam Khan,PSH-01,Peshawar,Mobile Wallet,4,165.59,0.0,662.36,0.0,662.36
TXN000075,2025-09-03,2025,9,September,3,Wednesday,Coffee Maker,Home & Kitchen,Kamran Malik,LHR-02,Lahore,Cash,3,17.39,10.0,52.17,5.22,46.95
TXN004897,2026-06-28,2026,6,June,2,Sunday,Coffee Maker,Home & Kitchen,Kamran Malik,KHI-02,Karachi,Cash,1,136.24,15.0,136.24,20.44,115.8
TXN002370,2025-11-16,2025,11,November,4,Sunday,Blender,Home & Kitchen,Ayesha Raza,FSD-01,Faisalabad,Credit Card,3,233.57,10.0,700.71,70.07,630.64
TXN001514,2025-07-24,2025,7,July,3,Thursday,Football,Sports,Hina Farooq,LHR-02,Lahore,Credit Card,1,134.94,0.0,134.94,0.0,134.94
TXN004387,2024-08-21,2024,8,August,3,Wednesday,Hair Dryer,Beauty,Zainab Raza,KHI-01,Karachi,Mobile Wallet,3,57.49,0.0,172.47,0.0,172.47
TXN000115,2024-11-23,2024,11,November,4,Saturday,Laptop Stand,Electronics,Kamran Malik,KHI-01,Karachi,Cash,1,90.12,0.0,90.12,0.0,90.12
TXN003866,2025-08-13,2025,8,August,3,Wednesday,LED Desk Lamp,Home & Kitchen,Omar Khan,FSD-01,Faisalabad,Cash,3,138.74,5.0,416.22,20.81,395.41
TXN000734,2026-02-23,2026,2,February,1,Monday,Wireless Mouse,Electronics,Faisal Khan,KHI-02,Karachi,Mobile Wallet,4,175.38,0.0,701.52,0.0,701.52
TXN003120,2024-11-02,2024,11,November,4,Saturday,Bluetooth Speaker,Electronics,Ali Raza,MUL-01,Multan,Debit Card,6,39.29,0.0,235.74,0.0,235.74
TXN001105,2024-08-31,2024,8,August,3,Saturday,Webcam HD,Electronics,Ali Iqbal,KHI-01,Karachi,Debit Card,3,244.99,10.0,734.97,73.5,661.47
TXN000132,2024-10-31,2024,10,October,4,Thursday,Blender,Home & Kitchen,Usman Butt,PSH-01,Peshawar,Cash,6,177.7,0.0,1066.2,0.0,1066.2
TXN001768,2026-02-28,2026,2,February,1,Saturday,Wireless Mouse,Electronics,Hina Raza,KHI-02,Karachi,Mobile Wallet,6,186.36,15.0,1118.16,167.72,950.44
TXN000627,2025-12-18,2025,12,December,4,Thursday,Sports Cap,Apparel,Ayesha Chaudhry,KHI-01,Karachi,Credit Card,4,168.25,20.0,673.0,134.6,538.4
TXN004215,2025-04-18,2025,4,April,2,Friday,Laptop Stand,Electronics,Usman Butt,LHR-01,Lahore,Credit Card,2,213.38,5.0,426.76,21.34,405.42
TXN003153,2026-01-20,2026,1,January,1,Tuesday,Coffee Maker,Home & Kitchen,Ali Iqbal,KHI-01,Karachi,Debit Card,4,39.36,0.0,157.44,0.0,157.44
TXN004529,2024-07-24,2024,7,July,3,Wednesday,Shampoo 500ml,Beauty,Ahmed Khan,LHR-02,Lahore,Mobile Wallet,6,151.22,0.0,907.32,0.0,907.32
TXN001823,2024-03-21,2024,3,March,1,Thursday,Wireless Mouse,Electronics,Kamran Khan,ISB-01,Islamabad,Credit Card,2,19.68,20.0,39.36,7.87,31.49
TXN002373,2026-01-29,2026,1,January,1,Thursday,Laptop Stand,Electronics,Faisal Chaudhry,KHI-01,Karachi,Cash,3,117.08,10.0,351.24,35.12,316.12
TXN003801,2024-10-23,2024,10,October,4,Wednesday,Hair Dryer,Beauty,Hina Sheikh,KHI-02,Karachi,Mobile Wallet,1,172.5,15.0,172.5,25.88,146.62
TXN004394,2026-02-07,2026,2,February,1,Saturday,Denim Jacket,Apparel,Ali Iqbal,MUL-01,Multan,Cash,2,169.79,0.0,339.58,0.0,339.58
TXN002008,2024-01-19,2024,1,January,1,Friday,Bluetooth Speaker,Electronics,Mariam Raza,FSD-01,Faisalabad,Cash,1,221.83,15.0,221.83,33.27,188.56
TXN004424,2025-05-10,2025,5,May,2,Saturday,Face Moisturizer,Beauty,Ahmed Raza,LHR-02,Lahore,Debit Card,5,62.24,0.0,311.2,0.0,311.2
TXN000533,2026-06-21,2026,6,June,2,Sunday,Dumbbell Set,Sports,Bilal Chaudhry,LHR-02,Lahore,Credit Card,3,183.58,15.0,550.74,82.61,468.13
TXN000964,2025-07-15,2025,7,July,3,Tuesday,Running Shoes,Apparel,Fatima Raza,PSH-01,Peshawar,Credit Card,4,133.16,5.0,532.64,26.63,506.01
TXN003168,2025-12-25,2025,12,December,4,Thursday,Blender,Home & Kitchen,Bilal Raza,ISB-01,Islamabad,Mobile Wallet,2,206.1,0.0,412.2,0.0,412.2
TXN000561,2026-01-30,2026,1,January,1,Friday,Ceramic Mug Set,Home & Kitchen,Hina Malik,MUL-01,Multan,Credit Card,2,100.3,5.0,200.6,10.03,190.57
TXN004169,2026-02-19,2026,2,February,1,Thursday,Sunscreen SPF50,Beauty,Zainab Chaudhry,KHI-01,Karachi,Credit Card,3,5.76,0.0,17.28,0.0,17.28
TXN001155,2026-01-30,2026,1,January,1,Friday,Lip Balm,Beauty,Usman Khan,KHI-01,Karachi,Cash,4,11.28,0.0,45.12,0.0,45.12
TXN003949,2024-02-15,2024,2,February,1,Thursday,Resistance Bands,Sports,Sana Raza,ISB-01,Islamabad,Mobile Wallet,5,201.27,0.0,1006.35,0.0,1006.35
TXN004736,2026-05-03,2026,5,May,2,Sunday,Football,Sports,Hina Butt,FSD-01,Faisalabad,Credit Card,2,162.24,20.0,324.48,64.9,259.58
TXN003797,2026-06-11,2026,6,June,2,Thursday,Shampoo 500ml,Beauty,Ayesha Malik,ISB-01,Islamabad,Cash,3,105.34,0.0,316.02,0.0,316.02
TXN004446,2024-09-06,2024,9,September,3,Friday,USB-C Cable,Electronics,Omar Malik,ISB-01,Islamabad,Mobile Wallet,5,162.04,5.0,810.2,40.51,769.69
TXN003610,2026-04-05,2026,4,April,2,Sunday,Laptop Stand,Electronics,Hassan Iqbal,ISB-01,Islamabad,Credit Card,2,31.07,0.0,62.14,0.0,62.14
TXN001627,2024-12-09,2024,12,December,4,Monday,Cotton T-Shirt,Apparel,Noor Raza,KHI-01,Karachi,Credit Card,3,9.62,0.0,28.86,0.0,28.86
TXN003842,2024-04-17,2024,4,April,2,Wednesday,Cotton T-Shirt,Apparel,Ali Butt,KHI-02,Karachi,Debit Card,2,113.05,10.0,226.1,22.61,203.49
TXN004329,2024-01-21,2024,1,January,1,Sunday,Denim Jacket,Apparel,Ayesha Farooq,PSH-01,Peshawar,Cash,3,171.11,10.0,513.33,51.33,462.0
TXN001059,2025-01-10,2025,1,January,1,Friday,Shampoo 500ml,Beauty,Ahmed Malik,KHI-01,Karachi,Credit Card,3,190.36,15.0,571.08,85.66,485.42
TXN000719,2024-07-07,2024,7,July,3,Sunday,Football,Sports,Ahmed Malik,MUL-01,Multan,Credit Card,5,211.22,5.0,1056.1,52.8,1003.3
TXN004133,2026-05-05,2026,5,May,2,Tuesday,Wool Sweater,Apparel,Ali Khan,KHI-02,Karachi,Cash,1,124.89,15.0,124.89,18.73,106.16
TXN003921,2024-06-30,2024,6,June,2,Sunday,Hair Dryer,Beauty,Mariam Chaudhry,ISB-01,Islamabad,Cash,6,44.6,0.0,267.6,0.0,267.6
TXN001257,2026-01-04,2026,1,January,1,Sunday,Bluetooth Speaker,Electronics,Hassan Sheikh,LHR-01,Lahore,Credit Card,2,127.02,0.0,254.04,0.0,254.04
TXN000094,2026-05-07,2026,5,May,2,Thursday,Blender,Home & Kitchen,Bilal Khan,PSH-01,Peshawar,Credit Card,1,245.68,0.0,245.68,0.0,245.68
TXN001379,2024-11-18,2024,11,November,4,Monday,Wireless Mouse,Electronics,Bilal Farooq,KHI-02,Karachi,Cash,6,34.71,15.0,208.26,31.24,177.02
TXN001671,2025-07-27,2025,7,July,3,Sunday,Coffee Maker,Home & Kitchen,Noor Malik,PSH-01,Peshawar,Credit Card,5,78.22,15.0,391.1,58.66,332.44
TXN003323,2026-06-13,2026,6,June,2,Saturday,Yoga Mat,Sports,Hina Malik,ISB-01,Islamabad,Cash,4,147.05,0.0,588.2,0.0,588.2
TXN000615,2025-12-31,2025,12,December,4,Wednesday,Resistance Bands,Sports,Sana Sheikh,MUL-01,Multan,Credit Card,2,166.1,0.0,332.2,0.0,332.2
TXN000257,2025-10-18,2025,10,October,4,Saturday,Blender,Home & Kitchen,Noor Butt,LHR-02,Lahore,Credit Card,5,41.42,0.0,207.1,0.0,207.1
TXN003924,2024-12-20,2024,12,December,4,Friday,Face Moisturizer,Beauty,Hassan Sheikh,LHR-01,Lahore,Credit Card,2,50.4,0.0,100.8,0.0,100.8
TXN004867,2026-05-16,2026,5,May,2,Saturday,Non-Stick Pan,Home & Kitchen,Bilal Farooq,LHR-02,Lahore,Mobile Wallet,2,178.68,0.0,357.36,0.0,357.36
TXN002539,2025-02-13,2025,2,February,1,Thursday,Football,Sports,Sana Iqbal,PSH-01,Peshawar,Cash,3,25.8,0.0,77.4,0.0,77.4
TXN001344,2024-04-29,2024,4,April,2,Monday,Coffee Maker,Home & Kitchen,Bilal Farooq,LHR-02,Lahore,Cash,6,229.96,5.0,1379.76,68.99,1310.77
TXN004383,2024-07-17,2024,7,July,3,Wednesday,Bluetooth Speaker,Electronics,Faisal Butt,LHR-01,Lahore,Credit Card,1,234.23,20.0,234.23,46.85,187.38
TXN003601,2025-10-03,2025,10,October,4,Friday,Denim Jacket,Apparel,Sara Malik,FSD-01,Faisalabad,Credit Card,6,147.73,10.0,886.38,88.64,797.74
TXN001812,2026-06-14,2026,6,June,2,Sunday,Sports Cap,Apparel,Sana Iqbal,FSD-01,Faisalabad,Cash,1,130.97,0.0,130.97,0.0,130.97
TXN003615,2024-04-06,2024,4,April,2,Saturday,Ceramic Mug Set,Home & Kitchen,Ali Khan,KHI-02,Karachi,Debit Card,1,32.87,0.0,32.87,0.0,32.87
TXN000208,2026-04-06,2026,4,April,2,Monday,Wool Sweater,Apparel,Kamran Chaudhry,ISB-01,Islamabad,Debit Card,6,79.53,20.0,477.18,95.44,381.74
TXN003258,2026-04-07,2026,4,April,2,Tuesday,Blender,Home & Kitchen,Ayesha Sheikh,KHI-02,Karachi,Mobile Wallet,1,61.91,0.0,61.91,0.0,61.91
TXN004609,2024-07-14,2024,7,July,3,Sunday,Dumbbell Set,Sports,Sana Raza,PSH-01,Peshawar,Credit Card,5,143.87,5.0,719.35,35.97,683.38
TXN003025,2025-02-01,2025,2,February,1,Saturday,Hair Dryer,Beauty,Faisal Chaudhry,PSH-01,Peshawar,Cash,5,124.29,10.0,621.45,62.15,559.3
TXN004198,2025-08-18,2025,8,August,3,Monday,Cotton T-Shirt,Apparel,Faisal Farooq,MUL-01,Multan,Mobile Wallet,5,8.65,0.0,43.25,0.0,43.25
TXN002358,2024-01-16,2024,1,January,1,Tuesday,Ceramic Mug Set,Home & Kitchen,Kamran Raza,LHR-02,Lahore,Mobile Wallet,1,28.22,10.0,28.22,2.82,25.4
TXN000843,2025-07-27,2025,7,July,3,Sunday,LED Desk Lamp,Home & Kitchen,Omar Iqbal,LHR-01,Lahore,Credit Card,2,53.87,0.0,107.74,0.0,107.74
TXN001366,2026-06-29,2026,6,June,2,Monday,Sports Cap,Apparel,Noor Khan,KHI-01,Karachi,Cash,5,203.96,5.0,1019.8,50.99,968.81
TXN003410,2025-02-21,2025,2,February,1,Friday,Wool Sweater,Apparel,Ayesha Khan,LHR-02,Lahore,Cash,1,198.65,15.0,198.65,29.8,168.85
TXN003843,2025-04-18,2025,4,April,2,Friday,USB-C Cable,Electronics,Sana Raza,LHR-02,Lahore,Mobile Wallet,2,38.84,20.0,77.68,15.54,62.14
TXN004701,2024-06-12,2024,6,June,2,Wednesday,Resistance Bands,Sports,Ali Butt,MUL-01,Multan,Credit Card,2,54.54,0.0,109.08,0.0,109.08
TXN004024,2024-07-02,2024,7,July,3,Tuesday,Football,Sports,Faisal Iqbal,PSH-01,Peshawar,Debit Card,6,8.36,5.0,50.16,2.51,47.65
TXN000873,2026-05-08,2026,5,May,2,Friday,Shampoo 500ml,Beauty,Omar Chaudhry,LHR-02,Lahore,Credit Card,4,32.65,15.0,130.6,19.59,111.01
TXN001350,2024-06-19,2024,6,June,2,Wednesday,Lip Balm,Beauty,Hassan Chaudhry,LHR-01,Lahore,Credit Card,4,161.8,0.0,647.2,0.0,647.2
TXN002652,2024-05-20,2024,5,May,2,Monday,Wireless Mouse,Electronics,Kamran Butt,ISB-01,Islamabad,Debit Card,5,170.3,20.0,851.5,170.3,681.2
TXN001052,2026-01-20,2026,1,January,1,Tuesday,USB-C Cable,Electronics,Omar Khan,MUL-01,Multan,Cash,4,181.62,10.0,726.48,72.65,653.83
TXN000169,2025-02-11,2025,2,February,1,Tuesday,Dumbbell Set,Sports,Omar Butt,ISB-01,Islamabad,Cash,6,76.4,20.0,458.4,91.68,366.72
TXN004875,2024-02-11,2024,2,February,1,Sunday,Sunscreen SPF50,Beauty,Hina Malik,PSH-01,Peshawar,Credit Card,6,199.68,0.0,1198.08,0.0,1198.08
TXN000745,2024-10-09,2024,10,October,4,Wednesday,USB-C Cable,Electronics,Sara Farooq,FSD-01,Faisalabad,Cash,2,217.92,20.0,435.84,87.17,348.67
TXN000356,2026-03-05,2026,3,March,1,Thursday,Hair Dryer,Beauty,Omar Farooq,PSH-01,Peshawar,Cash,4,153.94,15.0,615.76,92.36,523.4
TXN004089,2025-03-05,2025,3,March,1,Wednesday,Face Moisturizer,Beauty,Mariam Malik,PSH-01,Peshawar,Cash,3,206.33,0.0,618.99,0.0,618.99
TXN003219,2024-01-09,2024,1,January,1,Tuesday,Dumbbell Set,Sports,Faisal Chaudhry,KHI-02,Karachi,Credit Card,2,240.44,15.0,480.88,72.13,408.75
TXN001237,2026-07-30,2026,7,July,3,Thursday,Face Moisturizer,Beauty,Hina Khan,KHI-01,Karachi,Credit Card,3,82.21,0.0,246.63,0.0,246.63
TXN004485,2024-07-27,2024,7,July,3,Saturday,Football,Sports,Hina Khan,KHI-02,Karachi,Credit Card,4,184.83,5.0,739.32,36.97,702.35
TXN003252,2024-09-07,2024,9,September,3,Saturday,Cotton T-Shirt,Apparel,Omar Farooq,ISB-01,Islamabad,Cash,4,76.3,0.0,305.2,0.0,305.2
TXN002851,2025-05-08,2025,5,May,2,Thursday,USB-C Cable,Electronics,Fatima Raza,LHR-01,Lahore,Mobile Wallet,5,226.21,0.0,1131.05,0.0,1131.05
TXN002885,2025-10-23,2025,10,October,4,Thursday,Denim Jacket,Apparel,Noor Chaudhry,PSH-01,Peshawar,Credit Card,4,191.88,15.0,767.52,115.13,652.39
TXN004021,2025-03-31,2025,3,March,1,Monday,Yoga Mat,Sports,Faisal Chaudhry,PSH-01,Peshawar,Credit Card,2,46.03,0.0,92.06,0.0,92.06
TXN002258,2024-12-10,2024,12,December,4,Tuesday,LED Desk Lamp,Home & Kitchen,Ayesha Chaudhry,FSD-01,Faisalabad,Credit Card,2,231.29,10.0,462.58,46.26,416.32
TXN003434,2024-03-06,2024,3,March,1,Wednesday,Wireless Mouse,Electronics,Kamran Iqbal,FSD-01,Faisalabad,Debit Card,5,54.49,0.0,272.45,0.0,272.45
TXN004791,2026-05-14,2026,5,May,2,Thursday,Football,Sports,Fatima Malik,KHI-02,Karachi,Credit Card,4,39.72,0.0,158.88,0.0,158.88
TXN004381,2025-09-11,2025,9,September,3,Thursday,Hair Dryer,Beauty,Hina Chaudhry,MUL-01,Multan,Credit Card,5,107.09,0.0,535.45,0.0,535.45
TXN002798,2026-06-03,2026,6,June,2,Wednesday,Cycling Helmet,Sports,Ali Chaudhry,LHR-01,Lahore,Cash,4,67.49,10.0,269.96,27.0,242.96
TXN001114,2026-03-13,2026,3,March,1,Friday,Resistance Bands,Sports,Ayesha Iqbal,ISB-01,Islamabad,Debit Card,2,217.68,20.0,435.36,87.07,348.29
TXN000539,2025-03-14,2025,3,March,1,Friday,Face Moisturizer,Beauty,Ayesha Khan,MUL-01,Multan,Mobile Wallet,3,156.71,0.0,470.13,0.0,470.13
TXN002138,2025-12-24,2025,12,December,4,Wednesday,Dumbbell Set,Sports,Ahmed Farooq,KHI-01,Karachi,Cash,5,144.81,10.0,724.05,72.41,651.64
TXN003270,2026-03-11,2026,3,March,1,Wednesday,Running Shoes,Apparel,Kamran Chaudhry,KHI-02,Karachi,Debit Card,2,10.8,5.0,21.6,1.08,20.52
TXN003009,2025-06-13,2025,6,June,2,Friday,Ceramic Mug Set,Home & Kitchen,Ahmed Sheikh,PSH-01,Peshawar,Credit Card,5,156.37,5.0,781.85,39.09,742.76
TXN003358,2025-09-23,2025,9,September,3,Tuesday,Webcam HD,Electronics,Hassan Khan,PSH-01,Peshawar,Debit Card,5,94.92,0.0,474.6,0.0,474.6
TXN001898,2024-09-16,2024,9,September,3,Monday,Ceramic Mug Set,Home & Kitchen,Omar Malik,KHI-02,Karachi,Credit Card,6,145.61,0.0,873.66,0.0,873.66
TXN004203,2025-02-17,2025,2,February,1,Monday,Sports Cap,Apparel,Bilal Malik,KHI-02,Karachi,Credit Card,3,165.02,0.0,495.06,0.0,495.06
TXN001048,2024-10-21,2024,10,October,4,Monday,Cotton T-Shirt,Apparel,Kamran Chaudhry,LHR-01,Lahore,Cash,2,129.04,20.0,258.08,51.62,206.46
TXN001362,2024-05-23,2024,5,May,2,Thursday,Cycling Helmet,Sports,Hina Chaudhry,KHI-01,Karachi,Mobile Wallet,1,215.51,0.0,215.51,0.0,215.51
TXN004908,2026-03-28,2026,3,March,1,Saturday,Cotton T-Shirt,Apparel,Noor Farooq,MUL-01,Multan,Credit Card,4,147.24,5.0,588.96,29.45,559.51
TXN004704,2026-03-07,2026,3,March,1,Saturday,Shampoo 500ml,Beauty,Usman Malik,LHR-01,Lahore,Debit Card,1,210.53,10.0,210.53,21.05,189.48
TXN000510,2024-01-29,2024,1,January,1,Monday,Coffee Maker,Home & Kitchen,Zainab Raza,LHR-02,Lahore,Cash,2,150.16,5.0,300.32,15.02,285.3
TXN001406,2024-01-10,2024,1,January,1,Wednesday,Football,Sports,Usman Farooq,KHI-01,Karachi,Cash,3,133.75,15.0,401.25,60.19,341.06
TXN002882,2025-10-28,2025,10,October,4,Tuesday,Cycling Helmet,Sports,Bilal Farooq,MUL-01,Multan,Credit Card,1,43.29,20.0,43.29,8.66,34.63
TXN003697,2026-07-01,2026,7,July,3,Wednesday,Coffee Maker,Home & Kitchen,Ali Iqbal,KHI-01,Karachi,Credit Card,3,167.77,0.0,503.31,0.0,503.31
TXN002058,2025-11-27,2025,11,November,4,Thursday,Lip Balm,Beauty,Hina Raza,ISB-01,Islamabad,Credit Card,3,192.07,0.0,576.21,0.0,576.21
TXN004393,2025-05-19,2025,5,May,2,Monday,Coffee Maker,Home & Kitchen,Ayesha Chaudhry,FSD-01,Faisalabad,Credit Card,6,104.59,15.0,627.54,94.13,533.41
TXN000486,2025-05-06,2025,5,May,2,Tuesday,USB-C Cable,Electronics,Ali Malik,KHI-01,Karachi,Credit Card,3,126.12,0.0,378.36,0.0,378.36
TXN001724,2024-07-21,2024,7,July,3,Sunday,Face Moisturizer,Beauty,Usman Khan,MUL-01,Multan,Cash,4,83.47,5.0,333.88,16.69,317.19
TXN001790,2025-01-01,2025,1,January,1,Wednesday,Wool Sweater,Apparel,Fatima Iqbal,LHR-01,Lahore,Cash,2,28.93,0.0,57.86,0.0,57.86
TXN001181,2025-05-06,2025,5,May,2,Tuesday,Hair Dryer,Beauty,Ahmed Iqbal,KHI-02,Karachi,Credit Card,5,247.7,5.0,1238.5,61.92,1176.58
TXN001110,2026-01-26,2026,1,January,1,Monday,Ceramic Mug Set,Home & Kitchen,Omar Butt,LHR-01,Lahore,Mobile Wallet,6,125.74,5.0,754.44,37.72,716.72
TXN000211,2024-12-05,2024,12,December,4,Thursday,Bluetooth Speaker,Electronics,Bilal Malik,PSH-01,Peshawar,Credit Card,4,15.46,5.0,61.84,3.09,58.75
TXN003970,2024-12-18,2024,12,December,4,Wednesday,USB-C Cable,Electronics,Ahmed Khan,LHR-02,Lahore,Mobile Wallet,2,160.69,0.0,321.38,0.0,321.38
TXN000469,2024-01-22,2024,1,January,1,Monday,Running Shoes,Apparel,Mariam Farooq,KHI-01,Karachi,Credit Card,5,241.87,20.0,1209.35,241.87,967.48
TXN000708,2024-04-20,2024,4,April,2,Saturday,Lip Balm,Beauty,Sara Butt,KHI-02,Karachi,Cash,6,219.9,10.0,1319.4,131.94,1187.46
TXN001982,2025-08-04,2025,8,August,3,Monday,Sports Cap,Apparel,Noor Raza,ISB-01,Islamabad,Debit Card,1,122.61,0.0,122.61,0.0,122.61
TXN002029,2025-08-09,2025,8,August,3,Saturday,Dumbbell Set,Sports,Ahmed Farooq,FSD-01,Faisalabad,Mobile Wallet,3,94.15,15.0,282.45,42.37,240.08
TXN001894,2026-04-13,2026,4,April,2,Monday,Blender,Home & Kitchen,Sana Khan,LHR-01,Lahore,Credit Card,6,249.52,0.0,1497.12,0.0,1497.12
TXN003034,2024-06-23,2024,6,June,2,Sunday,Cycling Helmet,Sports,Fatima Sheikh,ISB-01,Islamabad,Cash,6,226.74,0.0,1360.44,0.0,1360.44
TXN000117,2026-04-23,2026,4,April,2,Thursday,Wireless Mouse,Electronics,Faisal Farooq,ISB-01,Islamabad,Cash,3,23.07,15.0,69.21,10.38,58.83
TXN004899,2025-07-07,2025,7,July,3,Monday,Cycling Helmet,Sports,Mariam Raza,LHR-02,Lahore,Cash,2,207.72,0.0,415.44,0.0,415.44
TXN003006,2025-11-22,2025,11,November,4,Saturday,Hair Dryer,Beauty,Ayesha Iqbal,ISB-01,Islamabad,Cash,3,121.53,20.0,364.59,72.92,291.67
TXN000551,2024-08-11,2024,8,August,3,Sunday,Yoga Mat,Sports,Ayesha Butt,KHI-02,Karachi,Debit Card,4,109.13,0.0,436.52,0.0,436.52
TXN003385,2024-10-14,2024,10,October,4,Monday,Dumbbell Set,Sports,Ayesha Sheikh,MUL-01,Multan,Cash,6,220.36,20.0,1322.16,264.43,1057.73
TXN000470,2025-07-01,2025,7,July,3,Tuesday,Running Shoes,Apparel,Zainab Raza,MUL-01,Multan,Debit Card,1,215.12,0.0,215.12,0.0,215.12
TXN001036,2026-05-13,2026,5,May,2,Wednesday,LED Desk Lamp,Home & Kitchen,Ali Raza,MUL-01,Multan,Mobile Wallet,5,150.69,5.0,753.45,37.67,715.78
TXN001204,2024-05-28,2024,5,May,2,Tuesday,Cotton T-Shirt,Apparel,Ayesha Raza,MUL-01,Multan,Credit Card,2,157.91,0.0,315.82,0.0,315.82
TXN002929,2025-05-11,2025,5,May,2,Sunday,Cycling Helmet,Sports,Hassan Khan,KHI-01,Karachi,Credit Card,6,172.62,0.0,1035.72,0.0,1035.72
TXN003075,2025-05-14,2025,5,May,2,Wednesday,Webcam HD,Electronics,Ayesha Sheikh,MUL-01,Multan,Debit Card,6,41.98,0.0,251.88,0.0,251.88
TXN003295,2024-08-24,2024,8,August,3,Saturday,Face Moisturizer,Beauty,Ali Khan,LHR-01,Lahore,Debit Card,4,182.18,0.0,728.72,0.0,728.72
TXN004716,2025-12-07,2025,12,December,4,Sunday,LED Desk Lamp,Home & Kitchen,Hassan Raza,KHI-02,Karachi,Cash,5,37.74,20.0,188.7,37.74,150.96
TXN004183,2024-08-25,2024,8,August,3,Sunday,LED Desk Lamp,Home & Kitchen,Mariam Malik,ISB-01,Islamabad,Cash,1,52.48,0.0,52.48,0.0,52.48
TXN000136,2026-07-30,2026,7,July,3,Thursday,Wireless Mouse,Electronics,Ahmed Sheikh,KHI-02,Karachi,Debit Card,4,249.31,15.0,997.24,149.59,847.65
TXN002330,2025-12-05,2025,12,December,4,Friday,Cotton T-Shirt,Apparel,Kamran Raza,LHR-01,Lahore,Credit Card,2,10.01,0.0,20.02,0.0,20.02
TXN000689,2024-08-10,2024,8,August,3,Saturday,Cycling Helmet,Sports,Sara Iqbal,KHI-02,Karachi,Credit Card,6,142.43,20.0,854.58,170.92,683.66
TXN001751,2024-07-06,2024,7,July,3,Saturday,Wool Sweater,Apparel,Bilal Iqbal,ISB-01,Islamabad,Cash,6,89.27,0.0,535.62,0.0,535.62
TXN004138,2025-07-01,2025,7,July,3,Tuesday,Laptop Stand,Electronics,Fatima Malik,KHI-01,Karachi,Cash,1,22.0,0.0,22.0,0.0,22.0
TXN003058,2025-01-30,2025,1,January,1,Thursday,Dumbbell Set,Sports,Usman Khan,LHR-02,Lahore,Cash,5,160.71,0.0,803.55,0.0,803.55
TXN003785,2025-09-03,2025,9,September,3,Wednesday,Sunscreen SPF50,Beauty,Mariam Malik,MUL-01,Multan,Credit Card,6,56.59,20.0,339.54,67.91,271.63
TXN001990,2026-03-26,2026,3,March,1,Thursday,Wool Sweater,Apparel,Ali Khan,LHR-01,Lahore,Credit Card,6,168.47,5.0,1010.82,50.54,960.28
TXN000720,2024-06-23,2024,6,June,2,Sunday,Shampoo 500ml,Beauty,Hina Sheikh,LHR-01,Lahore,Credit Card,5,186.71,0.0,933.55,0.0,933.55
TXN001896,2024-06-27,2024,6,June,2,Thursday,Wool Sweater,Apparel,Omar Sheikh,KHI-01,Karachi,Cash,6,108.74,15.0,652.44,97.87,554.57
TXN001559,2024-08-28,2024,8,August,3,Wednesday,Ceramic Mug Set,Home & Kitchen,Noor Raza,KHI-02,Karachi,Cash,6,220.87,15.0,1325.22,198.78,1126.44
TXN003725,2024-03-18,2024,3,March,1,Monday,Webcam HD,Electronics,Hassan Butt,LHR-01,Lahore,Credit Card,4,72.94,10.0,291.76,29.18,262.58
TXN004004,2026-06-25,2026,6,June,2,Thursday,Webcam HD,Electronics,Usman Khan,FSD-01,Faisalabad,Cash,4,231.21,0.0,924.84,0.0,924.84
TXN004140,2026-03-21,2026,3,March,1,Saturday,Hair Dryer,Beauty,Faisal Raza,PSH-01,Peshawar,Debit Card,3,99.45,0.0,298.35,0.0,298.35
TXN001947,2026-07-04,2026,7,July,3,Saturday,Face Moisturizer,Beauty,Sana Raza,FSD-01,Faisalabad,Cash,2,110.9,15.0,221.8,33.27,188.53
TXN000285,2025-11-09,2025,11,November,4,Sunday,Cycling Helmet,Sports,Kamran Malik,KHI-01,Karachi,Mobile Wallet,5,212.76,0.0,1063.8,0.0,1063.8
TXN001937,2024-11-28,2024,11,November,4,Thursday,Wool Sweater,Apparel,Zainab Farooq,KHI-01,Karachi,Credit Card,2,15.46,10.0,30.92,3.09,27.83
TXN003095,2025-01-22,2025,1,January,1,Wednesday,Hair Dryer,Beauty,Hina Butt,KHI-01,Karachi,Credit Card,1,100.94,20.0,100.94,20.19,80.75
TXN004535,2026-02-18,2026,2,February,1,Wednesday,Denim Jacket,Apparel,Bilal Sheikh,ISB-01,Islamabad,Debit Card,3,40.32,15.0,120.96,18.14,102.82
TXN004458,2026-07-22,2026,7,July,3,Wednesday,Yoga Mat,Sports,Fatima Chaudhry,PSH-01,Peshawar,Debit Card,1,152.08,0.0,152.08,0.0,152.08
TXN001465,2024-11-07,2024,11,November,4,Thursday,Sunscreen SPF50,Beauty,Hina Farooq,FSD-01,Faisalabad,Cash,5,244.42,15.0,1222.1,183.31,1038.79
TXN004676,2024-07-22,2024,7,July,3,Monday,Sunscreen SPF50,Beauty,Hina Farooq,LHR-01,Lahore,Cash,1,37.64,10.0,37.64,3.76,33.88
TXN001215,2025-02-03,2025,2,February,1,Monday,USB-C Cable,Electronics,Ahmed Iqbal,LHR-01,Lahore,Debit Card,1,70.82,0.0,70.82,0.0,70.82
TXN000633,2026-06-17,2026,6,June,2,Wednesday,Cotton T-Shirt,Apparel,Usman Iqbal,KHI-01,Karachi,Credit Card,3,243.91,5.0,731.73,36.59,695.14
TXN003188,2025-11-16,2025,11,November,4,Sunday,USB-C Cable,Electronics,Hassan Butt,ISB-01,Islamabad,Cash,2,193.22,0.0,386.44,0.0,386.44
TXN004602,2024-04-06,2024,4,April,2,Saturday,Hair Dryer,Beauty,Sara Iqbal,PSH-01,Peshawar,Cash,5,20.71,0.0,103.55,0.0,103.55
TXN001341,2024-11-08,2024,11,November,4,Friday,Football,Sports,Faisal Farooq,KHI-01,Karachi,Cash,1,5.2,20.0,5.2,1.04,4.16
TXN000663,2025-10-01,2025,10,October,4,Wednesday,LED Desk Lamp,Home & Kitchen,Noor Sheikh,MUL-01,Multan,Credit Card,6,96.55,15.0,579.3,86.89,492.41
TXN002007,2025-03-23,2025,3,March,1,Sunday,Webcam HD,Electronics,Bilal Farooq,ISB-01,Islamabad,Credit Card,4,180.54,0.0,722.16,0.0,722.16
TXN004644,2026-01-11,2026,1,January,1,Sunday,Lip Balm,Beauty,Ayesha Khan,KHI-02,Karachi,Cash,3,144.64,5.0,433.92,21.7,412.22
TXN003896,2025-05-19,2025,5,May,2,Monday,Yoga Mat,Sports,Ali Iqbal,PSH-01,Peshawar,Credit Card,3,180.16,20.0,540.48,108.1,432.38
TXN002595,2025-09-14,2025,9,September,3,Sunday,Coffee Maker,Home & Kitchen,Mariam Malik,KHI-02,Karachi,Mobile Wallet,4,85.51,5.0,342.04,17.1,324.94
TXN004794,2024-01-28,2024,1,January,1,Sunday,Sunscreen SPF50,Beauty,Usman Malik,KHI-02,Karachi,Credit Card,2,50.38,20.0,100.76,20.15,80.61
TXN002888,2024-10-07,2024,10,October,4,Monday,Coffee Maker,Home & Kitchen,Ayesha Khan,KHI-01,Karachi,Cash,6,61.59,0.0,369.54,0.0,369.54
TXN002054,2025-07-15,2025,7,July,3,Tuesday,Wireless Mouse,Electronics,Zainab Khan,PSH-01,Peshawar,Credit Card,4,96.38,0.0,385.52,0.0,385.52
TXN004111,2025-03-28,2025,3,March,1,Friday,Face Moisturizer,Beauty,Omar Butt,KHI-02,Karachi,Debit Card,3,41.64,15.0,124.92,18.74,106.18
TXN004933,2024-08-13,2024,8,August,3,Tuesday,Resistance Bands,Sports,Kamran Butt,ISB-01,Islamabad,Mobile Wallet,3,99.32,15.0,297.96,44.69,253.27
TXN002327,2026-01-13,2026,1,January,1,Tuesday,Running Shoes,Apparel,Hassan Khan,KHI-01,Karachi,Credit Card,4,230.68,20.0,922.72,184.54,738.18
TXN002926,2025-05-21,2025,5,May,2,Wednesday,Yoga Mat,Sports,Fatima Butt,FSD-01,Faisalabad,Cash,1,143.34,0.0,143.34,0.0,143.34
TXN004522,2024-03-16,2024,3,March,1,Saturday,Webcam HD,Electronics,Faisal Chaudhry,MUL-01,Multan,Credit Card,6,27.82,20.0,166.92,33.38,133.54
TXN001928,2025-09-07,2025,9,September,3,Sunday,Blender,Home & Kitchen,Ayesha Iqbal,PSH-01,Peshawar,Credit Card,5,131.7,0.0,658.5,0.0,658.5
TXN003318,2024-07-26,2024,7,July,3,Friday,Denim Jacket,Apparel,Sana Butt,MUL-01,Multan,Cash,6,136.27,0.0,817.62,0.0,817.62
TXN000653,2026-06-21,2026,6,June,2,Sunday,Sunscreen SPF50,Beauty,Kamran Khan,FSD-01,Faisalabad,Mobile Wallet,2,124.56,20.0,249.12,49.82,199.3
TXN002086,2024-10-12,2024,10,October,4,Saturday,Shampoo 500ml,Beauty,Omar Iqbal,MUL-01,Multan,Cash,3,169.44,15.0,508.32,76.25,432.07
TXN004931,2025-11-06,2025,11,November,4,Thursday,USB-C Cable,Electronics,Hassan Iqbal,LHR-01,Lahore,Cash,4,151.05,20.0,604.2,120.84,483.36
TXN003247,2025-11-21,2025,11,November,4,Friday,Yoga Mat,Sports,Hassan Khan,PSH-01,Peshawar,Credit Card,1,144.99,0.0,144.99,0.0,144.99
TXN003460,2025-07-18,2025,7,July,3,Friday,Cotton T-Shirt,Apparel,Fatima Iqbal,PSH-01,Peshawar,Mobile Wallet,6,150.14,0.0,900.84,0.0,900.84
TXN001546,2025-09-24,2025,9,September,3,Wednesday,Cotton T-Shirt,Apparel,Sara Chaudhry,PSH-01,Peshawar,Mobile Wallet,2,88.04,20.0,176.08,35.22,140.86
TXN000027,2025-08-17,2025,8,August,3,Sunday,Football,Sports,Ali Malik,FSD-01,Faisalabad,Mobile Wallet,5,14.37,0.0,71.85,0.0,71.85
TXN001674,2025-08-21,2025,8,August,3,Thursday,Hair Dryer,Beauty,Omar Raza,LHR-02,Lahore,Debit Card,4,99.12,0.0,396.48,0.0,396.48
TXN003464,2026-01-31,2026,1,January,1,Saturday,Dumbbell Set,Sports,Ayesha Raza,LHR-02,Lahore,Debit Card,4,170.71,0.0,682.84,0.0,682.84
TXN004781,2024-04-18,2024,4,April,2,Thursday,Cycling Helmet,Sports,Faisal Sheikh,LHR-02,Lahore,Debit Card,4,69.08,15.0,276.32,41.45,234.87
TXN000514,2025-12-06,2025,12,December,4,Saturday,Resistance Bands,Sports,Hassan Farooq,MUL-01,Multan,Mobile Wallet,4,184.27,0.0,737.08,0.0,737.08
TXN000354,2024-03-22,2024,3,March,1,Friday,Resistance Bands,Sports,Ayesha Butt,ISB-01,Islamabad,Credit Card,2,196.06,15.0,392.12,58.82,333.3
TXN004739,2025-01-02,2025,1,January,1,Thursday,Cotton T-Shirt,Apparel,Noor Raza,PSH-01,Peshawar,Mobile Wallet,6,32.95,10.0,197.7,19.77,177.93
TXN003612,2024-01-16,2024,1,January,1,Tuesday,Running Shoes,Apparel,Omar Iqbal,KHI-02,Karachi,Cash,1,197.22,15.0,197.22,29.58,167.64
TXN000676,2024-11-10,2024,11,November,4,Sunday,Face Moisturizer,Beauty,Ayesha Chaudhry,FSD-01,Faisalabad,Credit Card,1,169.96,0.0,169.96,0.0,169.96
TXN001478,2025-05-19,2025,5,May,2,Monday,LED Desk Lamp,Home & Kitchen,Hina Khan,LHR-02,Lahore,Cash,6,110.7,0.0,664.2,0.0,664.2
TXN000003,2025-07-03,2025,7,July,3,Thursday,Face Moisturizer,Beauty,Mariam Chaudhry,FSD-01,Faisalabad,Cash,4,243.41,15.0,973.64,146.05,827.59
TXN001043,2025-11-13,2025,11,November,4,Thursday,Blender,Home & Kitchen,Sana Butt,KHI-02,Karachi,Mobile Wallet,5,52.16,10.0,260.8,26.08,234.72
TXN001093,2024-04-20,2024,4,April,2,Saturday,USB-C Cable,Electronics,Zainab Butt,LHR-01,Lahore,Mobile Wallet,2,210.6,5.0,421.2,21.06,400.14
TXN002507,2026-04-28,2026,4,April,2,Tuesday,Yoga Mat,Sports,Sara Iqbal,PSH-01,Peshawar,Debit Card,2,201.83,0.0,403.66,0.0,403.66
TXN002840,2026-02-02,2026,2,February,1,Monday,Webcam HD,Electronics,Fatima Raza,KHI-01,Karachi,Mobile Wallet,5,157.43,20.0,787.15,157.43,629.72
TXN003912,2026-01-16,2026,1,January,1,Friday,Webcam HD,Electronics,Bilal Farooq,PSH-01,Peshawar,Mobile Wallet,5,221.14,20.0,1105.7,221.14,884.56
TXN004507,2026-03-02,2026,3,March,1,Monday,Denim Jacket,Apparel,Zainab Butt,KHI-02,Karachi,Mobile Wallet,2,169.7,0.0,339.4,0.0,339.4
TXN002296,2026-03-17,2026,3,March,1,Tuesday,Wireless Mouse,Electronics,Ali Malik,MUL-01,Multan,Cash,1,111.82,0.0,111.82,0.0,111.82
TXN003469,2024-12-25,2024,12,December,4,Wednesday,Resistance Bands,Sports,Sana Chaudhry,PSH-01,Peshawar,Credit Card,1,58.4,20.0,58.4,11.68,46.72
TXN004129,2025-03-01,2025,3,March,1,Saturday,Laptop Stand,Electronics,Hassan Butt,FSD-01,Faisalabad,Cash,3,58.75,10.0,176.25,17.62,158.63
TXN002585,2025-06-03,2025,6,June,2,Tuesday,Dumbbell Set,Sports,Hina Sheikh,ISB-01,Islamabad,Cash,1,225.61,0.0,225.61,0.0,225.61
TXN001810,2025-10-23,2025,10,October,4,Thursday,Resistance Bands,Sports,Ali Chaudhry,FSD-01,Faisalabad,Mobile Wallet,4,196.48,0.0,785.92,0.0,785.92
TXN002510,2025-05-31,2025,5,May,2,Saturday,LED Desk Lamp,Home & Kitchen,Omar Khan,ISB-01,Islamabad,Credit Card,6,155.28,15.0,931.68,139.75,791.93
TXN001794,2024-06-23,2024,6,June,2,Sunday,Running Shoes,Apparel,Hina Chaudhry,LHR-01,Lahore,Credit Card,3,213.49,20.0,640.47,128.09,512.38
TXN002367,2026-02-05,2026,2,February,1,Thursday,LED Desk Lamp,Home & Kitchen,Noor Farooq,KHI-01,Karachi,Mobile Wallet,5,204.99,20.0,1024.95,204.99,819.96
TXN002761,2024-01-19,2024,1,January,1,Friday,Lip Balm,Beauty,Hassan Khan,LHR-01,Lahore,Cash,1,228.42,10.0,228.42,22.84,205.58
TXN003053,2024-02-24,2024,2,February,1,Saturday,Wool Sweater,Apparel,Kamran Raza,LHR-02,Lahore,Credit Card,1,140.28,0.0,140.28,0.0,140.28
TXN002503,2024-09-25,2024,9,September,3,Wednesday,Bluetooth Speaker,Electronics,Hassan Khan,FSD-01,Faisalabad,Mobile Wallet,6,88.91,0.0,533.46,0.0,533.46
TXN004025,2024-01-31,2024,1,January,1,Wednesday,Sports Cap,Apparel,Bilal Butt,KHI-01,Karachi,Credit Card,2,81.14,15.0,162.28,24.34,137.94
TXN003539,2025-04-02,2025,4,April,2,Wednesday,Bluetooth Speaker,Electronics,Sana Chaudhry,FSD-01,Faisalabad,Credit Card,4,11.76,10.0,47.04,4.7,42.34
TXN004207,2025-04-17,2025,4,April,2,Thursday,Football,Sports,Hina Raza,ISB-01,Islamabad,Mobile Wallet,6,233.26,0.0,1399.56,0.0,1399.56
TXN001667,2026-07-23,2026,7,July,3,Thursday,Resistance Bands,Sports,Ali Iqbal,KHI-02,Karachi,Cash,1,162.41,10.0,162.41,16.24,146.17
TXN001449,2024-02-07,2024,2,February,1,Wednesday,Ceramic Mug Set,Home & Kitchen,Hassan Iqbal,FSD-01,Faisalabad,Cash,1,20.84,20.0,20.84,4.17,16.67
TXN000737,2024-12-31,2024,12,December,4,Tuesday,Wireless Mouse,Electronics,Hassan Butt,LHR-02,Lahore,Credit Card,3,113.67,0.0,341.01,0.0,341.01
TXN000198,2026-01-28,2026,1,January,1,Wednesday,Laptop Stand,Electronics,Kamran Khan,LHR-02,Lahore,Debit Card,6,121.41,5.0,728.46,36.42,692.04
TXN001595,2024-07-26,2024,7,July,3,Friday,Cycling Helmet,Sports,Sara Farooq,ISB-01,Islamabad,Mobile Wallet,5,133.58,20.0,667.9,133.58,534.32
TXN002890,2026-02-21,2026,2,February,1,Saturday,Non-Stick Pan,Home & Kitchen,Sana Farooq,ISB-01,Islamabad,Credit Card,5,181.25,20.0,906.25,181.25,725.0
TXN002042,2026-07-04,2026,7,July,3,Saturday,Dumbbell Set,Sports,Zainab Khan,ISB-01,Islamabad,Cash,4,228.53,15.0,914.12,137.12,777.0
TXN003238,2025-04-08,2025,4,April,2,Tuesday,Cycling Helmet,Sports,Usman Khan,PSH-01,Peshawar,Cash,1,55.51,10.0,55.51,5.55,49.96
TXN000218,2026-05-31,2026,5,May,2,Sunday,Non-Stick Pan,Home & Kitchen,Bilal Sheikh,LHR-01,Lahore,Credit Card,3,240.34,10.0,721.02,72.1,648.92
TXN002478,2025-07-24,2025,7,July,3,Thursday,Blender,Home & Kitchen,Hassan Sheikh,ISB-01,Islamabad,Cash,4,83.18,15.0,332.72,49.91,282.81
TXN003776,2024-02-18,2024,2,February,1,Sunday,Face Moisturizer,Beauty,Faisal Butt,MUL-01,Multan,Credit Card,2,248.71,10.0,497.42,49.74,447.68
TXN004405,2024-10-20,2024,10,October,4,Sunday,Coffee Maker,Home & Kitchen,Mariam Sheikh,KHI-01,Karachi,Credit Card,4,6.63,0.0,26.52,0.0,26.52
TXN003265,2024-09-05,2024,9,September,3,Thursday,Cycling Helmet,Sports,Bilal Farooq,FSD-01,Faisalabad,Credit Card,1,160.33,10.0,160.33,16.03,144.3
TXN004648,2024-05-24,2024,5,May,2,Friday,Sports Cap,Apparel,Noor Butt,MUL-01,Multan,Debit Card,4,7.34,5.0,29.36,1.47,27.89
TXN000755,2024-12-10,2024,12,December,4,Tuesday,Hair Dryer,Beauty,Zainab Malik,KHI-02,Karachi,Debit Card,1,154.15,15.0,154.15,23.12,131.03
TXN002428,2025-03-24,2025,3,March,1,Monday,Wool Sweater,Apparel,Mariam Raza,MUL-01,Multan,Cash,4,113.73,0.0,454.92,0.0,454.92
TXN001111,2026-07-10,2026,7,July,3,Friday,Laptop Stand,Electronics,Ahmed Iqbal,PSH-01,Peshawar,Credit Card,2,121.41,20.0,242.82,48.56,194.26
TXN001298,2025-02-20,2025,2,February,1,Thursday,Lip Balm,Beauty,Ahmed Chaudhry,MUL-01,Multan,Credit Card,6,91.49,10.0,548.94,54.89,494.05
TXN004934,2024-06-07,2024,6,June,2,Friday,Webcam HD,Electronics,Ahmed Butt,MUL-01,Multan,Cash,2,172.45,0.0,344.9,0.0,344.9
TXN003886,2024-08-14,2024,8,August,3,Wednesday,Wireless Mouse,Electronics,Kamran Chaudhry,PSH-01,Peshawar,Debit Card,4,247.7,15.0,990.8,148.62,842.18
TXN003466,2025-02-27,2025,2,February,1,Thursday,Shampoo 500ml,Beauty,Fatima Raza,PSH-01,Peshawar,Cash,6,136.08,0.0,816.48,0.0,816.48
TXN000087,2024-07-28,2024,7,July,3,Sunday,Cycling Helmet,Sports,Ayesha Iqbal,LHR-01,Lahore,Credit Card,2,236.6,0.0,473.2,0.0,473.2
TXN003902,2025-02-22,2025,2,February,1,Saturday,Resistance Bands,Sports,Ayesha Chaudhry,LHR-01,Lahore,Cash,6,9.83,5.0,58.98,2.95,56.03
TXN003712,2026-06-27,2026,6,June,2,Saturday,Cotton T-Shirt,Apparel,Kamran Sheikh,FSD-01,Faisalabad,Credit Card,6,245.87,10.0,1475.22,147.52,1327.7
TXN003873,2024-12-09,2024,12,December,4,Monday,Cotton T-Shirt,Apparel,Kamran Iqbal,ISB-01,Islamabad,Cash,6,134.25,0.0,805.5,0.0,805.5
TXN000074,2025-03-31,2025,3,March,1,Monday,Hair Dryer,Beauty,Hassan Khan,MUL-01,Multan,Debit Card,1,214.59,15.0,214.59,32.19,182.4
TXN004416,2025-07-09,2025,7,July,3,Wednesday,Wool Sweater,Apparel,Ayesha Raza,LHR-01,Lahore,Debit Card,3,143.81,15.0,431.43,64.71,366.72
TXN003383,2024-03-11,2024,3,March,1,Monday,Denim Jacket,Apparel,Kamran Sheikh,KHI-02,Karachi,Credit Card,2,123.34,15.0,246.68,37.0,209.68
TXN003557,2024-08-03,2024,8,August,3,Saturday,Wool Sweater,Apparel,Noor Iqbal,PSH-01,Peshawar,Cash,1,185.12,0.0,185.12,0.0,185.12
TXN000718,2024-03-09,2024,3,March,1,Saturday,Running Shoes,Apparel,Ali Farooq,ISB-01,Islamabad,Mobile Wallet,1,42.49,0.0,42.49,0.0,42.49
TXN000134,2025-08-23,2025,8,August,3,Saturday,Shampoo 500ml,Beauty,Hassan Chaudhry,KHI-02,Karachi,Credit Card,6,64.4,0.0,386.4,0.0,386.4
TXN003839,2026-01-02,2026,1,January,1,Friday,Ceramic Mug Set,Home & Kitchen,Mariam Malik,KHI-02,Karachi,Cash,3,217.29,20.0,651.87,130.37,521.5
TXN002046,2025-05-30,2025,5,May,2,Friday,Resistance Bands,Sports,Zainab Chaudhry,LHR-01,Lahore,Cash,6,84.39,0.0,506.34,0.0,506.34
TXN002867,2026-03-16,2026,3,March,1,Monday,Laptop Stand,Electronics,Hina Chaudhry,KHI-01,Karachi,Credit Card,1,248.38,10.0,248.38,24.84,223.54
TXN000534,2024-02-23,2024,2,February,1,Friday,Blender,Home & Kitchen,Ali Iqbal,PSH-01,Peshawar,Mobile Wallet,4,110.97,5.0,443.88,22.19,421.69
TXN002617,2025-09-30,2025,9,September,3,Tuesday,Non-Stick Pan,Home & Kitchen,Faisal Malik,KHI-01,Karachi,Credit Card,2,60.48,0.0,120.96,0.0,120.96
TXN004838,2025-01-20,2025,1,January,1,Monday,Non-Stick Pan,Home & Kitchen,Usman Sheikh,PSH-01,Peshawar,Credit Card,5,130.32,10.0,651.6,65.16,586.44
TXN002075,2024-11-22,2024,11,November,4,Friday,Laptop Stand,Electronics,Sana Khan,KHI-01,Karachi,Mobile Wallet,3,221.09,10.0,663.27,66.33,596.94
TXN002803,2024-10-11,2024,10,October,4,Friday,Ceramic Mug Set,Home & Kitchen,Noor Farooq,KHI-02,Karachi,Credit Card,4,121.98,0.0,487.92,0.0,487.92
TXN002456,2025-09-01,2025,9,September,3,Monday,Cotton T-Shirt,Apparel,Sana Khan,KHI-01,Karachi,Cash,1,123.56,0.0,123.56,0.0,123.56
TXN003140,2024-10-08,2024,10,October,4,Tuesday,Non-Stick Pan,Home & Kitchen,Kamran Raza,PSH-01,Peshawar,Mobile Wallet,1,140.2,0.0,140.2,0.0,140.2
TXN002342,2025-08-18,2025,8,August,3,Monday,Coffee Maker,Home & Kitchen,Sara Sheikh,LHR-02,Lahore,Debit Card,4,64.82,0.0,259.28,0.0,259.28
TXN002536,2024-12-17,2024,12,December,4,Tuesday,Running Shoes,Apparel,Fatima Butt,KHI-02,Karachi,Credit Card,4,212.13,5.0,848.52,42.43,806.09
TXN001612,2026-06-29,2026,6,June,2,Monday,Non-Stick Pan,Home & Kitchen,Zainab Chaudhry,KHI-02,Karachi,Mobile Wallet,3,177.78,5.0,533.34,26.67,506.67
TXN003419,2026-03-02,2026,3,March,1,Monday,Sports Cap,Apparel,Bilal Raza,KHI-01,Karachi,Credit Card,5,228.47,5.0,1142.35,57.12,1085.23
TXN002155,2024-06-21,2024,6,June,2,Friday,Bluetooth Speaker,Electronics,Hina Chaudhry,FSD-01,Faisalabad,Mobile Wallet,3,30.28,15.0,90.84,13.63,77.21
TXN004236,2024-07-17,2024,7,July,3,Wednesday,Cycling Helmet,Sports,Faisal Butt,FSD-01,Faisalabad,Cash,2,228.63,15.0,457.26,68.59,388.67
TXN000189,2024-04-05,2024,4,April,2,Friday,Shampoo 500ml,Beauty,Zainab Sheikh,KHI-01,Karachi,Credit Card,1,93.31,0.0,93.31,0.0,93.31
TXN001675,2024-12-12,2024,12,December,4,Thursday,Face Moisturizer,Beauty,Usman Butt,KHI-02,Karachi,Debit Card,3,151.95,0.0,455.85,0.0,455.85
TXN004607,2024-08-27,2024,8,August,3,Tuesday,Dumbbell Set,Sports,Fatima Sheikh,PSH-01,Peshawar,Credit Card,5,180.93,5.0,904.65,45.23,859.42
TXN004448,2025-12-11,2025,12,December,4,Thursday,Webcam HD,Electronics,Hina Butt,PSH-01,Peshawar,Debit Card,5,208.36,5.0,1041.8,52.09,989.71
TXN000847,2025-01-05,2025,1,January,1,Sunday,LED Desk Lamp,Home & Kitchen,Usman Sheikh,PSH-01,Peshawar,Cash,6,53.75,0.0,322.5,0.0,322.5
TXN003786,2024-11-10,2024,11,November,4,Sunday,Sports Cap,Apparel,Ali Sheikh,KHI-01,Karachi,Mobile Wallet,5,134.56,20.0,672.8,134.56,538.24
TXN001535,2025-12-05,2025,12,December,4,Friday,Lip Balm,Beauty,Sara Farooq,LHR-02,Lahore,Cash,3,214.07,15.0,642.21,96.33,545.88
TXN001645,2025-09-08,2025,9,September,3,Monday,Blender,Home & Kitchen,Fatima Iqbal,LHR-01,Lahore,Cash,1,184.19,0.0,184.19,0.0,184.19
TXN001116,2024-08-28,2024,8,August,3,Wednesday,Hair Dryer,Beauty,Ahmed Farooq,PSH-01,Peshawar,Cash,4,103.41,15.0,413.64,62.05,351.59
TXN002655,2026-04-03,2026,4,April,2,Friday,Webcam HD,Electronics,Kamran Malik,MUL-01,Multan,Cash,1,167.63,0.0,167.63,0.0,167.63
TXN003406,2025-05-21,2025,5,May,2,Wednesday,Dumbbell Set,Sports,Omar Iqbal,PSH-01,Peshawar,Cash,1,134.36,5.0,134.36,6.72,127.64
TXN000600,2026-05-27,2026,5,May,2,Wednesday,Coffee Maker,Home & Kitchen,Ayesha Khan,KHI-02,Karachi,Cash,3,183.21,20.0,549.63,109.93,439.7
TXN004134,2026-06-26,2026,6,June,2,Friday,Cotton T-Shirt,Apparel,Mariam Iqbal,LHR-01,Lahore,Credit Card,5,168.07,15.0,840.35,126.05,714.3
TXN001367,2024-05-05,2024,5,May,2,Sunday,USB-C Cable,Electronics,Hina Raza,MUL-01,Multan,Credit Card,4,174.42,0.0,697.68,0.0,697.68
TXN000029,2024-11-30,2024,11,November,4,Saturday,Blender,Home & Kitchen,Fatima Chaudhry,FSD-01,Faisalabad,Credit Card,5,175.82,5.0,879.1,43.95,835.15
TXN001695,2025-07-17,2025,7,July,3,Thursday,Non-Stick Pan,Home & Kitchen,Bilal Butt,KHI-01,Karachi,Debit Card,6,234.05,0.0,1404.3,0.0,1404.3
TXN004663,2024-10-07,2024,10,October,4,Monday,Football,Sports,Ali Raza,LHR-02,Lahore,Mobile Wallet,5,218.75,5.0,1093.75,54.69,1039.06
TXN004281,2025-10-10,2025,10,October,4,Friday,Sunscreen SPF50,Beauty,Omar Raza,LHR-01,Lahore,Mobile Wallet,1,172.56,15.0,172.56,25.88,146.68
TXN003769,2024-12-21,2024,12,December,4,Saturday,Cotton T-Shirt,Apparel,Sana Farooq,FSD-01,Faisalabad,Mobile Wallet,2,21.1,20.0,42.2,8.44,33.76
TXN003668,2026-06-29,2026,6,June,2,Monday,Sports Cap,Apparel,Hassan Butt,FSD-01,Faisalabad,Credit Card,6,62.85,0.0,377.1,0.0,377.1
TXN004109,2024-12-22,2024,12,December,4,Sunday,Blender,Home & Kitchen,Sara Butt,MUL-01,Multan,Credit Card,1,173.72,0.0,173.72,0.0,173.72
TXN002172,2024-02-07,2024,2,February,1,Wednesday,Resistance Bands,Sports,Usman Iqbal,LHR-02,Lahore,Cash,5,87.33,20.0,436.65,87.33,349.32
TXN001723,2026-03-19,2026,3,March,1,Thursday,Cotton T-Shirt,Apparel,Ahmed Malik,MUL-01,Multan,Cash,1,83.31,0.0,83.31,0.0,83.31
TXN003595,2026-05-31,2026,5,May,2,Sunday,Cotton T-Shirt,Apparel,Ali Sheikh,PSH-01,Peshawar,Debit Card,5,34.55,10.0,172.75,17.27,155.48
TXN003327,2026-04-22,2026,4,April,2,Wednesday,Laptop Stand,Electronics,Bilal Sheikh,LHR-01,Lahore,Cash,6,26.57,0.0,159.42,0.0,159.42
TXN002399,2026-07-13,2026,7,July,3,Monday,Football,Sports,Faisal Sheikh,FSD-01,Faisalabad,Credit Card,1,39.19,0.0,39.19,0.0,39.19
TXN002099,2024-03-30,2024,3,March,1,Saturday,Running Shoes,Apparel,Noor Khan,ISB-01,Islamabad,Debit Card,3,54.97,0.0,164.91,0.0,164.91
TXN002834,2025-10-06,2025,10,October,4,Monday,LED Desk Lamp,Home & Kitchen,Hassan Sheikh,KHI-01,Karachi,Debit Card,1,134.86,0.0,134.86,0.0,134.86
TXN003537,2026-04-30,2026,4,April,2,Thursday,Wool Sweater,Apparel,Sana Butt,ISB-01,Islamabad,Cash,4,198.24,20.0,792.96,158.59,634.37
TXN004244,2024-05-04,2024,5,May,2,Saturday,Wool Sweater,Apparel,Fatima Raza,PSH-01,Peshawar,Debit Card,3,188.51,5.0,565.53,28.28,537.25
TXN000472,2024-12-26,2024,12,December,4,Thursday,Lip Balm,Beauty,Fatima Sheikh,MUL-01,Multan,Credit Card,5,152.52,0.0,762.6,0.0,762.6
TXN004136,2026-04-06,2026,4,April,2,Monday,Non-Stick Pan,Home & Kitchen,Sana Farooq,ISB-01,Islamabad,Credit Card,5,130.59,0.0,652.95,0.0,652.95
TXN001445,2024-08-24,2024,8,August,3,Saturday,Sunscreen SPF50,Beauty,Faisal Chaudhry,FSD-01,Faisalabad,Credit Card,5,217.6,10.0,1088.0,108.8,979.2
TXN004237,2025-11-15,2025,11,November,4,Saturday,Shampoo 500ml,Beauty,Kamran Raza,KHI-02,Karachi,Credit Card,3,49.49,10.0,148.47,14.85,133.62
TXN002361,2026-04-10,2026,4,April,2,Friday,Running Shoes,Apparel,Noor Farooq,MUL-01,Multan,Cash,2,19.66,20.0,39.32,7.86,31.46
TXN004038,2024-02-08,2024,2,February,1,Thursday,Lip Balm,Beauty,Ayesha Raza,LHR-01,Lahore,Mobile Wallet,4,193.39,20.0,773.56,154.71,618.85
TXN004044,2024-04-22,2024,4,April,2,Monday,Cotton T-Shirt,Apparel,Ahmed Raza,LHR-02,Lahore,Cash,4,98.67,0.0,394.68,0.0,394.68
TXN000857,2024-02-16,2024,2,February,1,Friday,Laptop Stand,Electronics,Ali Chaudhry,PSH-01,Peshawar,Cash,2,212.62,0.0,425.24,0.0,425.24
TXN001231,2025-11-10,2025,11,November,4,Monday,Wireless Mouse,Electronics,Omar Khan,ISB-01,Islamabad,Cash,6,103.8,0.0,622.8,0.0,622.8
TXN002597,2026-02-20,2026,2,February,1,Friday,Lip Balm,Beauty,Ayesha Butt,KHI-01,Karachi,Mobile Wallet,3,63.88,20.0,191.64,38.33,153.31
TXN000999,2025-05-31,2025,5,May,2,Saturday,Cotton T-Shirt,Apparel,Hina Chaudhry,FSD-01,Faisalabad,Cash,2,101.48,0.0,202.96,0.0,202.96
TXN001654,2024-10-17,2024,10,October,4,Thursday,Face Moisturizer,Beauty,Hina Butt,ISB-01,Islamabad,Credit Card,2,23.65,0.0,47.3,0.0,47.3
TXN003160,2024-03-31,2024,3,March,1,Sunday,Coffee Maker,Home & Kitchen,Ali Raza,LHR-02,Lahore,Mobile Wallet,5,183.35,5.0,916.75,45.84,870.91
TXN002383,2026-04-19,2026,4,April,2,Sunday,Denim Jacket,Apparel,Omar Chaudhry,KHI-02,Karachi,Mobile Wallet,4,248.72,15.0,994.88,149.23,845.65
TXN002543,2024-06-06,2024,6,June,2,Thursday,Dumbbell Set,Sports,Ali Malik,MUL-01,Multan,Credit Card,4,117.62,0.0,470.48,0.0,470.48
TXN003704,2026-01-29,2026,1,January,1,Thursday,Sunscreen SPF50,Beauty,Omar Iqbal,ISB-01,Islamabad,Credit Card,5,109.44,15.0,547.2,82.08,465.12
TXN001286,2025-09-24,2025,9,September,3,Wednesday,Denim Jacket,Apparel,Faisal Khan,FSD-01,Faisalabad,Credit Card,6,56.71,20.0,340.26,68.05,272.21
TXN004464,2025-07-03,2025,7,July,3,Thursday,Football,Sports,Sara Raza,KHI-01,Karachi,Mobile Wallet,4,7.29,10.0,29.16,2.92,26.24
TXN001134,2024-03-12,2024,3,March,1,Tuesday,Bluetooth Speaker,Electronics,Hina Raza,FSD-01,Faisalabad,Credit Card,2,58.52,0.0,117.04,0.0,117.04
TXN000108,2025-04-13,2025,4,April,2,Sunday,Wool Sweater,Apparel,Hina Sheikh,PSH-01,Peshawar,Debit Card,1,76.89,0.0,76.89,0.0,76.89
TXN000912,2026-01-18,2026,1,January,1,Sunday,Sunscreen SPF50,Beauty,Kamran Raza,KHI-01,Karachi,Credit Card,4,240.94,0.0,963.76,0.0,963.76
TXN002257,2025-12-11,2025,12,December,4,Thursday,Lip Balm,Beauty,Sara Chaudhry,KHI-02,Karachi,Credit Card,1,54.48,20.0,54.48,10.9,43.58
TXN004063,2024-03-26,2024,3,March,1,Tuesday,Non-Stick Pan,Home & Kitchen,Noor Raza,FSD-01,Faisalabad,Cash,1,185.5,15.0,185.5,27.82,157.68
TXN001817,2025-04-17,2025,4,April,2,Thursday,Shampoo 500ml,Beauty,Kamran Chaudhry,LHR-02,Lahore,Mobile Wallet,4,47.4,5.0,189.6,9.48,180.12
TXN002502,2025-10-01,2025,10,October,4,Wednesday,Dumbbell Set,Sports,Noor Raza,ISB-01,Islamabad,Cash,6,126.61,10.0,759.66,75.97,683.69
TXN002346,2024-10-13,2024,10,October,4,Sunday,USB-C Cable,Electronics,Ali Butt,PSH-01,Peshawar,Debit Card,6,162.84,0.0,977.04,0.0,977.04
TXN003723,2025-09-20,2025,9,September,3,Saturday,Wool Sweater,Apparel,Kamran Khan,ISB-01,Islamabad,Credit Card,6,211.82,10.0,1270.92,127.09,1143.83
TXN004982,2025-10-10,2025,10,October,4,Friday,Sunscreen SPF50,Beauty,Kamran Raza,LHR-02,Lahore,Mobile Wallet,4,112.22,15.0,448.88,67.33,381.55
TXN003576,2026-06-08,2026,6,June,2,Monday,Cotton T-Shirt,Apparel,Ahmed Chaudhry,LHR-02,Lahore,Debit Card,5,183.57,20.0,917.85,183.57,734.28
TXN003992,2024-08-06,2024,8,August,3,Tuesday,Shampoo 500ml,Beauty,Zainab Chaudhry,ISB-01,Islamabad,Credit Card,6,232.01,0.0,1392.06,0.0,1392.06
TXN000215,2026-07-28,2026,7,July,3,Tuesday,Denim Jacket,Apparel,Ayesha Butt,LHR-02,Lahore,Debit Card,2,18.7,5.0,37.4,1.87,35.53
TXN001426,2026-05-26,2026,5,May,2,Tuesday,Running Shoes,Apparel,Kamran Iqbal,LHR-02,Lahore,Cash,3,198.58,15.0,595.74,89.36,506.38
TXN000517,2024-02-15,2024,2,February,1,Thursday,Denim Jacket,Apparel,Ali Malik,PSH-01,Peshawar,Mobile Wallet,3,122.89,20.0,368.67,73.73,294.94
TXN002923,2026-04-29,2026,4,April,2,Wednesday,Dumbbell Set,Sports,Zainab Iqbal,KHI-01,Karachi,Cash,4,161.97,0.0,647.88,0.0,647.88
TXN004623,2024-06-23,2024,6,June,2,Sunday,Dumbbell Set,Sports,Kamran Raza,MUL-01,Multan,Debit Card,4,132.48,0.0,529.92,0.0,529.92
TXN000109,2024-02-18,2024,2,February,1,Sunday,Football,Sports,Ahmed Butt,ISB-01,Islamabad,Credit Card,1,86.32,5.0,86.32,4.32,82.0
TXN001903,2024-09-27,2024,9,September,3,Friday,Shampoo 500ml,Beauty,Sana Butt,LHR-02,Lahore,Mobile Wallet,6,198.86,0.0,1193.16,0.0,1193.16
TXN001335,2024-09-16,2024,9,September,3,Monday,Denim Jacket,Apparel,Zainab Malik,LHR-01,Lahore,Cash,1,58.15,10.0,58.15,5.82,52.33
TXN002355,2026-01-06,2026,1,January,1,Tuesday,Cycling Helmet,Sports,Ahmed Raza,KHI-01,Karachi,Credit Card,6,190.16,20.0,1140.96,228.19,912.77
TXN003813,2025-12-07,2025,12,December,4,Sunday,Hair Dryer,Beauty,Ali Chaudhry,ISB-01,Islamabad,Mobile Wallet,5,61.29,0.0,306.45,0.0,306.45
TXN001184,2024-09-25,2024,9,September,3,Wednesday,Non-Stick Pan,Home & Kitchen,Mariam Chaudhry,KHI-01,Karachi,Credit Card,4,155.99,0.0,623.96,0.0,623.96
TXN001619,2026-04-11,2026,4,April,2,Saturday,Dumbbell Set,Sports,Sana Farooq,KHI-01,Karachi,Cash,1,78.16,20.0,78.16,15.63,62.53
TXN001839,2025-09-04,2025,9,September,3,Thursday,Sports Cap,Apparel,Bilal Iqbal,LHR-02,Lahore,Credit Card,1,88.6,10.0,88.6,8.86,79.74
TXN003550,2026-07-27,2026,7,July,3,Monday,Shampoo 500ml,Beauty,Omar Khan,MUL-01,Multan,Cash,1,99.53,5.0,99.53,4.98,94.55
TXN002416,2024-06-06,2024,6,June,2,Thursday,LED Desk Lamp,Home & Kitchen,Omar Raza,PSH-01,Peshawar,Mobile Wallet,3,101.21,10.0,303.63,30.36,273.27
TXN001550,2024-09-25,2024,9,September,3,Wednesday,Cotton T-Shirt,Apparel,Ali Sheikh,KHI-02,Karachi,Cash,2,43.73,0.0,87.46,0.0,87.46
TXN003330,2025-07-25,2025,7,July,3,Friday,Shampoo 500ml,Beauty,Usman Butt,KHI-02,Karachi,Credit Card,6,223.45,10.0,1340.7,134.07,1206.63
TXN000939,2026-07-22,2026,7,July,3,Wednesday,Cycling Helmet,Sports,Bilal Raza,KHI-02,Karachi,Cash,5,178.49,5.0,892.45,44.62,847.83
TXN003662,2025-08-10,2025,8,August,3,Sunday,Blender,Home & Kitchen,Ahmed Iqbal,LHR-01,Lahore,Mobile Wallet,2,119.51,0.0,239.02,0.0,239.02
TXN002340,2026-05-13,2026,5,May,2,Wednesday,Denim Jacket,Apparel,Hassan Sheikh,KHI-02,Karachi,Cash,4,197.78,15.0,791.12,118.67,672.45
TXN002237,2025-06-01,2025,6,June,2,Sunday,Denim Jacket,Apparel,Noor Farooq,PSH-01,Peshawar,Mobile Wallet,1,124.87,20.0,124.87,24.97,99.9
TXN001082,2025-09-03,2025,9,September,3,Wednesday,Webcam HD,Electronics,Omar Iqbal,LHR-02,Lahore,Credit Card,2,231.46,15.0,462.92,69.44,393.48
TXN002357,2024-10-10,2024,10,October,4,Thursday,Wireless Mouse,Electronics,Kamran Sheikh,LHR-01,Lahore,Credit Card,5,193.41,0.0,967.05,0.0,967.05
TXN003591,2025-02-13,2025,2,February,1,Thursday,Hair Dryer,Beauty,Ali Farooq,KHI-02,Karachi,Cash,1,39.73,0.0,39.73,0.0,39.73
TXN004696,2024-04-14,2024,4,April,2,Sunday,Resistance Bands,Sports,Ali Farooq,KHI-02,Karachi,Credit Card,5,27.47,20.0,137.35,27.47,109.88
TXN001361,2024-10-04,2024,10,October,4,Friday,Laptop Stand,Electronics,Bilal Farooq,KHI-02,Karachi,Credit Card,6,162.42,0.0,974.52,0.0,974.52
TXN001031,2025-10-16,2025,10,October,4,Thursday,Running Shoes,Apparel,Zainab Chaudhry,LHR-02,Lahore,Cash,2,23.68,0.0,47.36,0.0,47.36
TXN001970,2024-05-26,2024,5,May,2,Sunday,Wireless Mouse,Electronics,Omar Iqbal,KHI-01,Karachi,Debit Card,4,182.94,0.0,731.76,0.0,731.76
TXN003654,2025-09-22,2025,9,September,3,Monday,Cotton T-Shirt,Apparel,Sara Butt,ISB-01,Islamabad,Credit Card,4,162.2,20.0,648.8,129.76,519.04
TXN004122,2024-05-17,2024,5,May,2,Friday,Football,Sports,Faisal Khan,ISB-01,Islamabad,Cash,4,66.47,10.0,265.88,26.59,239.29
TXN001074,2024-09-05,2024,9,September,3,Thursday,Hair Dryer,Beauty,Hina Chaudhry,ISB-01,Islamabad,Mobile Wallet,2,190.34,10.0,380.68,38.07,342.61
TXN004885,2024-09-06,2024,9,September,3,Friday,Wool Sweater,Apparel,Ali Iqbal,FSD-01,Faisalabad,Mobile Wallet,1,232.69,0.0,232.69,0.0,232.69
TXN004146,2024-04-13,2024,4,April,2,Saturday,Bluetooth Speaker,Electronics,Fatima Butt,MUL-01,Multan,Credit Card,3,28.66,0.0,85.98,0.0,85.98
TXN003948,2025-06-14,2025,6,June,2,Saturday,Wool Sweater,Apparel,Usman Iqbal,ISB-01,Islamabad,Mobile Wallet,6,121.19,20.0,727.14,145.43,581.71
TXN000640,2024-07-03,2024,7,July,3,Wednesday,Wool Sweater,Apparel,Hina Butt,KHI-01,Karachi,Credit Card,3,74.1,5.0,222.3,11.12,211.18
TXN003905,2026-07-01,2026,7,July,3,Wednesday,Denim Jacket,Apparel,Sara Iqbal,KHI-01,Karachi,Cash,5,47.8,10.0,239.0,23.9,215.1
TXN001649,2026-02-27,2026,2,February,1,Friday,Webcam HD,Electronics,Ayesha Chaudhry,LHR-01,Lahore,Cash,6,68.17,0.0,409.02,0.0,409.02
TXN004714,2024-09-13,2024,9,September,3,Friday,Denim Jacket,Apparel,Hina Chaudhry,FSD-01,Faisalabad,Credit Card,2,225.96,10.0,451.92,45.19,406.73
TXN002717,2025-03-23,2025,3,March,1,Sunday,Sunscreen SPF50,Beauty,Sana Chaudhry,LHR-01,Lahore,Credit Card,1,211.99,15.0,211.99,31.8,180.19
TXN002259,2024-12-30,2024,12,December,4,Monday,Ceramic Mug Set,Home & Kitchen,Noor Khan,MUL-01,Multan,Credit Card,6,78.87,5.0,473.22,23.66,449.56
TXN003782,2025-09-20,2025,9,September,3,Saturday,Webcam HD,Electronics,Hina Malik,PSH-01,Peshawar,Cash,1,113.27,15.0,113.27,16.99,96.28
TXN001435,2026-06-24,2026,6,June,2,Wednesday,Hair Dryer,Beauty,Ahmed Malik,MUL-01,Multan,Credit Card,3,191.34,20.0,574.02,114.8,459.22
TXN001235,2024-12-07,2024,12,December,4,Saturday,Shampoo 500ml,Beauty,Hina Khan,KHI-02,Karachi,Credit Card,4,31.25,0.0,125.0,0.0,125.0
TXN004679,2024-03-27,2024,3,March,1,Wednesday,Resistance Bands,Sports,Faisal Raza,LHR-01,Lahore,Credit Card,3,34.83,0.0,104.49,0.0,104.49
TXN002247,2025-10-15,2025,10,October,4,Wednesday,Hair Dryer,Beauty,Usman Sheikh,PSH-01,Peshawar,Cash,5,85.22,0.0,426.1,0.0,426.1
TXN000100,2026-04-08,2026,4,April,2,Wednesday,Hair Dryer,Beauty,Kamran Butt,ISB-01,Islamabad,Mobile Wallet,2,226.47,5.0,452.94,22.65,430.29
TXN002726,2024-01-12,2024,1,January,1,Friday,Webcam HD,Electronics,Fatima Iqbal,LHR-01,Lahore,Cash,2,66.14,20.0,132.28,26.46,105.82
TXN004410,2025-08-14,2025,8,August,3,Thursday,Blender,Home & Kitchen,Sara Raza,MUL-01,Multan,Cash,3,215.13,0.0,645.39,0.0,645.39
TXN000385,2024-03-04,2024,3,March,1,Monday,Lip Balm,Beauty,Ali Iqbal,LHR-02,Lahore,Credit Card,1,225.76,0.0,225.76,0.0,225.76
TXN002713,2024-08-13,2024,8,August,3,Tuesday,Webcam HD,Electronics,Kamran Malik,LHR-01,Lahore,Cash,4,190.82,0.0,763.28,0.0,763.28
TXN001401,2024-11-09,2024,11,November,4,Saturday,Webcam HD,Electronics,Sara Farooq,KHI-01,Karachi,Cash,2,104.73,0.0,209.46,0.0,209.46
TXN003367,2024-06-19,2024,6,June,2,Wednesday,Wool Sweater,Apparel,Hina Butt,FSD-01,Faisalabad,Credit Card,1,24.98,20.0,24.98,5.0,19.98
TXN004670,2024-02-10,2024,2,February,1,Saturday,Shampoo 500ml,Beauty,Faisal Farooq,PSH-01,Peshawar,Cash,1,105.14,10.0,105.14,10.51,94.63
TXN003642,2026-01-13,2026,1,January,1,Tuesday,Running Shoes,Apparel,Faisal Sheikh,PSH-01,Peshawar,Cash,2,150.8,20.0,301.6,60.32,241.28
TXN001589,2026-01-25,2026,1,January,1,Sunday,Blender,Home & Kitchen,Fatima Chaudhry,FSD-01,Faisalabad,Cash,6,248.39,0.0,1490.34,0.0,1490.34
TXN000202,2024-07-02,2024,7,July,3,Tuesday,LED Desk Lamp,Home & Kitchen,Mariam Malik,LHR-02,Lahore,Debit Card,1,202.06,5.0,202.06,10.1,191.96
TXN002847,2025-10-17,2025,10,October,4,Friday,Webcam HD,Electronics,Zainab Malik,KHI-02,Karachi,Credit Card,3,112.07,0.0,336.21,0.0,336.21
TXN004968,2024-12-11,2024,12,December,4,Wednesday,Blender,Home & Kitchen,Sana Khan,PSH-01,Peshawar,Cash,3,47.77,0.0,143.31,0.0,143.31
TXN002852,2024-08-17,2024,8,August,3,Saturday,Shampoo 500ml,Beauty,Omar Khan,KHI-01,Karachi,Debit Card,6,8.22,0.0,49.32,0.0,49.32
TXN002214,2025-05-14,2025,5,May,2,Wednesday,Shampoo 500ml,Beauty,Faisal Farooq,PSH-01,Peshawar,Debit Card,3,144.15,0.0,432.45,0.0,432.45
TXN003350,2026-06-12,2026,6,June,2,Friday,Blender,Home & Kitchen,Omar Iqbal,KHI-01,Karachi,Credit Card,4,109.06,0.0,436.24,0.0,436.24
TXN000179,2024-07-06,2024,7,July,3,Saturday,Blender,Home & Kitchen,Bilal Raza,LHR-02,Lahore,Mobile Wallet,5,174.89,10.0,874.45,87.44,787.01
TXN002310,2026-01-20,2026,1,January,1,Tuesday,Dumbbell Set,Sports,Hina Khan,PSH-01,Peshawar,Mobile Wallet,6,98.23,0.0,589.38,0.0,589.38
TXN003423,2026-04-01,2026,4,April,2,Wednesday,Cotton T-Shirt,Apparel,Ali Iqbal,KHI-01,Karachi,Mobile Wallet,2,36.91,5.0,73.82,3.69,70.13
TXN001519,2026-06-13,2026,6,June,2,Saturday,Webcam HD,Electronics,Mariam Chaudhry,PSH-01,Peshawar,Cash,3,207.63,10.0,622.89,62.29,560.6
TXN002639,2025-01-14,2025,1,January,1,Tuesday,Cotton T-Shirt,Apparel,Faisal Raza,MUL-01,Multan,Credit Card,4,229.26,5.0,917.04,45.85,871.19
TXN003269,2025-04-25,2025,4,April,2,Friday,LED Desk Lamp,Home & Kitchen,Hina Raza,FSD-01,Faisalabad,Mobile Wallet,3,160.49,15.0,481.47,72.22,409.25
TXN002898,2025-12-31,2025,12,December,4,Wednesday,Wool Sweater,Apparel,Hina Farooq,KHI-02,Karachi,Credit Card,2,219.01,0.0,438.02,0.0,438.02
TXN000570,2026-05-05,2026,5,May,2,Tuesday,USB-C Cable,Electronics,Sara Butt,KHI-02,Karachi,Debit Card,2,46.13,20.0,92.26,18.45,73.81
TXN000619,2025-11-21,2025,11,November,4,Friday,Hair Dryer,Beauty,Ayesha Khan,FSD-01,Faisalabad,Debit Card,2,226.43,10.0,452.86,45.29,407.57
TXN004809,2025-06-29,2025,6,June,2,Sunday,Blender,Home & Kitchen,Zainab Iqbal,PSH-01,Peshawar,Mobile Wallet,3,108.73,0.0,326.19,0.0,326.19
TXN001453,2024-05-08,2024,5,May,2,Wednesday,Coffee Maker,Home & Kitchen,Sana Iqbal,MUL-01,Multan,Credit Card,4,223.81,10.0,895.24,89.52,805.72
TXN003677,2025-04-27,2025,4,April,2,Sunday,Bluetooth Speaker,Electronics,Sara Malik,LHR-02,Lahore,Cash,1,173.19,0.0,173.19,0.0,173.19
TXN001148,2024-03-25,2024,3,March,1,Monday,Dumbbell Set,Sports,Usman Khan,LHR-01,Lahore,Mobile Wallet,4,173.26,0.0,693.04,0.0,693.04
TXN003688,2024-12-21,2024,12,December,4,Saturday,Wool Sweater,Apparel,Ayesha Malik,MUL-01,Multan,Debit Card,5,133.49,5.0,667.45,33.37,634.08
TXN004528,2024-06-07,2024,6,June,2,Friday,Football,Sports,Sana Khan,ISB-01,Islamabad,Credit Card,4,13.23,20.0,52.92,10.58,42.34
TXN004870,2024-04-15,2024,4,April,2,Monday,Sunscreen SPF50,Beauty,Usman Raza,LHR-02,Lahore,Cash,3,147.18,15.0,441.54,66.23,375.31
TXN000477,2025-03-17,2025,3,March,1,Monday,Denim Jacket,Apparel,Hassan Chaudhry,KHI-02,Karachi,Mobile Wallet,3,152.02,0.0,456.06,0.0,456.06
TXN004179,2024-03-13,2024,3,March,1,Wednesday,Blender,Home & Kitchen,Omar Malik,MUL-01,Multan,Cash,2,36.14,15.0,72.28,10.84,61.44
TXN000207,2024-05-19,2024,5,May,2,Sunday,Lip Balm,Beauty,Kamran Chaudhry,FSD-01,Faisalabad,Credit Card,1,31.7,5.0,31.7,1.58,30.12
TXN000024,2026-06-14,2026,6,June,2,Sunday,USB-C Cable,Electronics,Ayesha Malik,KHI-02,Karachi,Cash,6,243.59,20.0,1461.54,292.31,1169.23
TXN000685,2024-07-16,2024,7,July,3,Tuesday,USB-C Cable,Electronics,Kamran Farooq,ISB-01,Islamabad,Credit Card,6,47.38,5.0,284.28,14.21,270.07
TXN000933,2024-11-28,2024,11,November,4,Thursday,Denim Jacket,Apparel,Ahmed Raza,KHI-01,Karachi,Mobile Wallet,4,118.59,20.0,474.36,94.87,379.49
TXN003824,2024-06-06,2024,6,June,2,Thursday,Ceramic Mug Set,Home & Kitchen,Bilal Chaudhry,LHR-01,Lahore,Credit Card,4,131.8,10.0,527.2,52.72,474.48
TXN000432,2026-02-11,2026,2,February,1,Wednesday,Resistance Bands,Sports,Zainab Farooq,FSD-01,Faisalabad,Credit Card,5,168.39,0.0,841.95,0.0,841.95
TXN000082,2026-02-07,2026,2,February,1,Saturday,Coffee Maker,Home & Kitchen,Omar Malik,LHR-01,Lahore,Debit Card,6,217.68,0.0,1306.08,0.0,1306.08
TXN001282,2025-04-15,2025,4,April,2,Tuesday,Cycling Helmet,Sports,Sana Iqbal,LHR-01,Lahore,Cash,4,130.31,0.0,521.24,0.0,521.24
TXN004218,2024-07-31,2024,7,July,3,Wednesday,Webcam HD,Electronics,Sara Sheikh,LHR-01,Lahore,Mobile Wallet,4,91.7,15.0,366.8,55.02,311.78
TXN003508,2025-10-22,2025,10,October,4,Wednesday,Wireless Mouse,Electronics,Noor Sheikh,MUL-01,Multan,Debit Card,3,174.07,0.0,522.21,0.0,522.21
TXN000039,2024-12-24,2024,12,December,4,Tuesday,Lip Balm,Beauty,Sana Khan,LHR-02,Lahore,Cash,6,164.29,0.0,985.74,0.0,985.74
TXN003520,2025-07-18,2025,7,July,3,Friday,Face Moisturizer,Beauty,Mariam Iqbal,ISB-01,Islamabad,Cash,3,131.89,20.0,395.67,79.13,316.54
TXN000642,2024-05-26,2024,5,May,2,Sunday,Wireless Mouse,Electronics,Ahmed Sheikh,LHR-01,Lahore,Debit Card,1,151.91,15.0,151.91,22.79,129.12
TXN001427,2025-06-06,2025,6,June,2,Friday,Running Shoes,Apparel,Ahmed Iqbal,LHR-01,Lahore,Cash,4,127.65,0.0,510.6,0.0,510.6
TXN001533,2024-11-01,2024,11,November,4,Friday,Yoga Mat,Sports,Sana Butt,KHI-02,Karachi,Mobile Wallet,3,50.04,20.0,150.12,30.02,120.1
TXN001888,2025-07-03,2025,7,July,3,Thursday,Webcam HD,Electronics,Kamran Iqbal,KHI-02,Karachi,Credit Card,1,216.18,0.0,216.18,0.0,216.18
TXN003105,2025-12-15,2025,12,December,4,Monday,Lip Balm,Beauty,Bilal Raza,KHI-01,Karachi,Debit Card,4,218.94,10.0,875.76,87.58,788.18
TXN003010,2026-05-04,2026,5,May,2,Monday,Wool Sweater,Apparel,Usman Sheikh,MUL-01,Multan,Debit Card,6,248.25,5.0,1489.5,74.47,1415.03
TXN002308,2024-02-26,2024,2,February,1,Monday,Bluetooth Speaker,Electronics,Kamran Raza,ISB-01,Islamabad,Cash,4,84.79,5.0,339.16,16.96,322.2
TXN001856,2024-10-10,2024,10,October,4,Thursday,Blender,Home & Kitchen,Sana Chaudhry,KHI-01,Karachi,Mobile Wallet,1,241.91,10.0,241.91,24.19,217.72
TXN000152,2025-11-18,2025,11,November,4,Tuesday,Resistance Bands,Sports,Sara Butt,LHR-01,Lahore,Cash,2,58.17,0.0,116.34,0.0,116.34
TXN004081,2025-02-22,2025,2,February,1,Saturday,Wireless Mouse,Electronics,Mariam Iqbal,FSD-01,Faisalabad,Cash,4,151.08,5.0,604.32,30.22,574.1
TXN002056,2025-04-29,2025,4,April,2,Tuesday,Cotton T-Shirt,Apparel,Ahmed Sheikh,FSD-01,Faisalabad,Credit Card,6,173.09,0.0,1038.54,0.0,1038.54
TXN002174,2025-08-28,2025,8,August,3,Thursday,Cycling Helmet,Sports,Sana Malik,LHR-01,Lahore,Debit Card,2,55.85,10.0,111.7,11.17,100.53
TXN004166,2024-08-25,2024,8,August,3,Sunday,Shampoo 500ml,Beauty,Ali Malik,FSD-01,Faisalabad,Credit Card,5,234.38,20.0,1171.9,234.38,937.52
TXN000826,2026-04-11,2026,4,April,2,Saturday,Resistance Bands,Sports,Kamran Farooq,LHR-01,Lahore,Cash,6,207.94,15.0,1247.64,187.15,1060.49
TXN000540,2026-03-19,2026,3,March,1,Thursday,Dumbbell Set,Sports,Fatima Khan,LHR-02,Lahore,Mobile Wallet,2,226.57,5.0,453.14,22.66,430.48
TXN004182,2025-05-07,2025,5,May,2,Wednesday,Wireless Mouse,Electronics,Usman Sheikh,LHR-02,Lahore,Mobile Wallet,1,18.88,0.0,18.88,0.0,18.88
TXN003361,2024-04-04,2024,4,April,2,Thursday,Face Moisturizer,Beauty,Faisal Khan,PSH-01,Peshawar,Credit Card,3,108.82,20.0,326.46,65.29,261.17
TXN003296,2024-05-17,2024,5,May,2,Friday,Wool Sweater,Apparel,Hassan Sheikh,FSD-01,Faisalabad,Credit Card,6,177.42,0.0,1064.52,0.0,1064.52
TXN001912,2024-01-03,2024,1,January,1,Wednesday,Laptop Stand,Electronics,Faisal Chaudhry,LHR-01,Lahore,Mobile Wallet,6,154.93,10.0,929.58,92.96,836.62
TXN004894,2026-01-23,2026,1,January,1,Friday,Running Shoes,Apparel,Bilal Farooq,MUL-01,Multan,Credit Card,4,247.14,20.0,988.56,197.71,790.85
TXN001499,2025-03-14,2025,3,March,1,Friday,Football,Sports,Zainab Butt,LHR-01,Lahore,Mobile Wallet,1,87.68,0.0,87.68,0.0,87.68
TXN004889,2026-07-30,2026,7,July,3,Thursday,Football,Sports,Noor Farooq,FSD-01,Faisalabad,Cash,3,159.75,15.0,479.25,71.89,407.36
TXN002584,2025-05-26,2025,5,May,2,Monday,Blender,Home & Kitchen,Ayesha Butt,FSD-01,Faisalabad,Credit Card,5,67.41,15.0,337.05,50.56,286.49
TXN003465,2024-11-24,2024,11,November,4,Sunday,Sunscreen SPF50,Beauty,Sara Malik,FSD-01,Faisalabad,Cash,4,189.6,5.0,758.4,37.92,720.48
TXN000934,2026-03-21,2026,3,March,1,Saturday,Bluetooth Speaker,Electronics,Faisal Sheikh,FSD-01,Faisalabad,Credit Card,2,226.81,0.0,453.62,0.0,453.62
TXN002809,2025-05-08,2025,5,May,2,Thursday,LED Desk Lamp,Home & Kitchen,Zainab Butt,KHI-01,Karachi,Mobile Wallet,1,208.61,5.0,208.61,10.43,198.18
TXN003848,2024-06-21,2024,6,June,2,Friday,Wool Sweater,Apparel,Hina Malik,FSD-01,Faisalabad,Cash,6,195.75,0.0,1174.5,0.0,1174.5
TXN000674,2025-02-25,2025,2,February,1,Tuesday,Yoga Mat,Sports,Fatima Malik,LHR-02,Lahore,Cash,5,126.62,5.0,633.1,31.66,601.44
TXN004792,2026-07-17,2026,7,July,3,Friday,Webcam HD,Electronics,Bilal Farooq,KHI-02,Karachi,Mobile Wallet,3,153.5,0.0,460.5,0.0,460.5
TXN000717,2025-06-07,2025,6,June,2,Saturday,USB-C Cable,Electronics,Omar Khan,PSH-01,Peshawar,Mobile Wallet,6,180.65,15.0,1083.9,162.59,921.31
TXN004728,2024-07-06,2024,7,July,3,Saturday,Non-Stick Pan,Home & Kitchen,Ayesha Chaudhry,FSD-01,Faisalabad,Credit Card,2,207.2,20.0,414.4,82.88,331.52
TXN003424,2024-01-12,2024,1,January,1,Friday,Lip Balm,Beauty,Hina Sheikh,ISB-01,Islamabad,Cash,5,228.44,0.0,1142.2,0.0,1142.2
TXN000146,2025-04-19,2025,4,April,2,Saturday,Football,Sports,Ayesha Khan,KHI-01,Karachi,Mobile Wallet,4,181.18,0.0,724.72,0.0,724.72
TXN001216,2025-09-20,2025,9,September,3,Saturday,Bluetooth Speaker,Electronics,Ali Farooq,ISB-01,Islamabad,Debit Card,5,70.87,0.0,354.35,0.0,354.35
TXN004419,2025-11-05,2025,11,November,4,Wednesday,Denim Jacket,Apparel,Usman Butt,PSH-01,Peshawar,Debit Card,5,210.66,0.0,1053.3,0.0,1053.3
TXN002728,2025-03-06,2025,3,March,1,Thursday,USB-C Cable,Electronics,Ali Iqbal,LHR-02,Lahore,Cash,4,62.74,0.0,250.96,0.0,250.96
TXN000022,2024-02-15,2024,2,February,1,Thursday,Football,Sports,Ahmed Malik,ISB-01,Islamabad,Mobile Wallet,2,86.72,15.0,173.44,26.02,147.42
TXN003664,2025-08-26,2025,8,August,3,Tuesday,Dumbbell Set,Sports,Zainab Butt,PSH-01,Peshawar,Credit Card,1,27.55,20.0,27.55,5.51,22.04
TXN004650,2024-03-21,2024,3,March,1,Thursday,Yoga Mat,Sports,Hassan Sheikh,ISB-01,Islamabad,Debit Card,3,86.21,15.0,258.63,38.79,219.84
TXN000368,2025-10-14,2025,10,October,4,Tuesday,Bluetooth Speaker,Electronics,Noor Khan,MUL-01,Multan,Debit Card,2,7.77,0.0,15.54,0.0,15.54
TXN001336,2025-09-16,2025,9,September,3,Tuesday,Wireless Mouse,Electronics,Kamran Sheikh,PSH-01,Peshawar,Cash,3,244.31,15.0,732.93,109.94,622.99
TXN000399,2025-01-19,2025,1,January,1,Sunday,Webcam HD,Electronics,Fatima Malik,KHI-02,Karachi,Credit Card,6,192.15,0.0,1152.9,0.0,1152.9
TXN003183,2025-02-18,2025,2,February,1,Tuesday,Cotton T-Shirt,Apparel,Ayesha Chaudhry,KHI-01,Karachi,Credit Card,1,151.33,5.0,151.33,7.57,143.76
TXN002132,2024-09-03,2024,9,September,3,Tuesday,LED Desk Lamp,Home & Kitchen,Sara Malik,MUL-01,Multan,Debit Card,4,190.77,15.0,763.08,114.46,648.62
TXN000494,2025-04-16,2025,4,April,2,Wednesday,Yoga Mat,Sports,Faisal Malik,LHR-01,Lahore,Debit Card,6,104.25,5.0,625.5,31.27,594.23
TXN000158,2024-10-20,2024,10,October,4,Sunday,Webcam HD,Electronics,Ali Khan,MUL-01,Multan,Credit Card,6,128.04,0.0,768.24,0.0,768.24
TXN004319,2025-09-22,2025,9,September,3,Monday,Wireless Mouse,Electronics,Ayesha Khan,PSH-01,Peshawar,Debit Card,1,215.83,5.0,215.83,10.79,205.04
TXN002732,2025-04-27,2025,4,April,2,Sunday,Hair Dryer,Beauty,Fatima Chaudhry,KHI-01,Karachi,Cash,6,18.21,0.0,109.26,0.0,109.26
TXN000801,2024-02-25,2024,2,February,1,Sunday,Blender,Home & Kitchen,Bilal Sheikh,KHI-02,Karachi,Mobile Wallet,2,80.77,0.0,161.54,0.0,161.54
TXN002601,2025-05-23,2025,5,May,2,Friday,Yoga Mat,Sports,Ali Chaudhry,LHR-01,Lahore,Credit Card,6,110.18,5.0,661.08,33.05,628.03
TXN004335,2026-01-11,2026,1,January,1,Sunday,Lip Balm,Beauty,Omar Iqbal,ISB-01,Islamabad,Debit Card,6,40.41,0.0,242.46,0.0,242.46
TXN001505,2025-03-04,2025,3,March,1,Tuesday,Resistance Bands,Sports,Sara Sheikh,KHI-01,Karachi,Mobile Wallet,2,84.1,0.0,168.2,0.0,168.2
TXN002531,2025-06-20,2025,6,June,2,Friday,Wool Sweater,Apparel,Ali Butt,KHI-02,Karachi,Credit Card,3,178.81,0.0,536.43,0.0,536.43
TXN004440,2024-05-27,2024,5,May,2,Monday,Coffee Maker,Home & Kitchen,Hina Khan,MUL-01,Multan,Credit Card,5,181.03,15.0,905.15,135.77,769.38
TXN003966,2026-07-23,2026,7,July,3,Thursday,Sports Cap,Apparel,Sara Khan,KHI-02,Karachi,Cash,1,151.31,15.0,151.31,22.7,128.61
TXN001716,2024-10-21,2024,10,October,4,Monday,Sunscreen SPF50,Beauty,Ahmed Iqbal,ISB-01,Islamabad,Debit Card,5,8.94,20.0,44.7,8.94,35.76
TXN003480,2024-02-24,2024,2,February,1,Saturday,Denim Jacket,Apparel,Hina Chaudhry,FSD-01,Faisalabad,Credit Card,6,179.44,15.0,1076.64,161.5,915.14
TXN004665,2026-07-15,2026,7,July,3,Wednesday,Blender,Home & Kitchen,Noor Raza,ISB-01,Islamabad,Mobile Wallet,3,8.7,0.0,26.1,0.0,26.1
TXN002768,2024-02-05,2024,2,February,1,Monday,Coffee Maker,Home & Kitchen,Zainab Sheikh,LHR-02,Lahore,Mobile Wallet,4,150.51,10.0,602.04,60.2,541.84
TXN003378,2025-04-03,2025,4,April,2,Thursday,USB-C Cable,Electronics,Hassan Chaudhry,PSH-01,Peshawar,Mobile Wallet,5,126.12,0.0,630.6,0.0,630.6
TXN004251,2025-01-06,2025,1,January,1,Monday,Non-Stick Pan,Home & Kitchen,Mariam Farooq,FSD-01,Faisalabad,Cash,5,20.53,20.0,102.65,20.53,82.12
TXN003893,2024-04-11,2024,4,April,2,Thursday,Wool Sweater,Apparel,Zainab Sheikh,LHR-01,Lahore,Cash,4,13.3,0.0,53.2,0.0,53.2
TXN004047,2025-07-15,2025,7,July,3,Tuesday,Blender,Home & Kitchen,Faisal Khan,LHR-01,Lahore,Cash,5,131.19,0.0,655.95,0.0,655.95
TXN004834,2026-05-19,2026,5,May,2,Tuesday,LED Desk Lamp,Home & Kitchen,Kamran Farooq,LHR-01,Lahore,Cash,1,182.04,5.0,182.04,9.1,172.94
TXN002566,2024-05-21,2024,5,May,2,Tuesday,Denim Jacket,Apparel,Ayesha Chaudhry,KHI-01,Karachi,Debit Card,4,193.48,20.0,773.92,154.78,619.14
TXN003212,2025-04-30,2025,4,April,2,Wednesday,Face Moisturizer,Beauty,Hina Malik,MUL-01,Multan,Credit Card,5,62.46,0.0,312.3,0.0,312.3
TXN002961,2024-07-26,2024,7,July,3,Friday,Non-Stick Pan,Home & Kitchen,Ayesha Sheikh,KHI-02,Karachi,Debit Card,5,216.91,0.0,1084.55,0.0,1084.55
TXN004813,2024-03-09,2024,3,March,1,Saturday,Webcam HD,Electronics,Omar Khan,PSH-01,Peshawar,Cash,2,33.86,10.0,67.72,6.77,60.95
TXN003381,2025-05-26,2025,5,May,2,Monday,Bluetooth Speaker,Electronics,Ayesha Iqbal,LHR-02,Lahore,Cash,2,68.85,5.0,137.7,6.88,130.82
TXN002973,2024-06-26,2024,6,June,2,Wednesday,Lip Balm,Beauty,Sana Khan,LHR-02,Lahore,Credit Card,3,46.6,15.0,139.8,20.97,118.83
TXN004765,2025-02-08,2025,2,February,1,Saturday,Ceramic Mug Set,Home & Kitchen,Bilal Khan,ISB-01,Islamabad,Debit Card,5,247.43,5.0,1237.15,61.86,1175.29
TXN003019,2026-06-06,2026,6,June,2,Saturday,Non-Stick Pan,Home & Kitchen,Faisal Malik,KHI-01,Karachi,Cash,2,155.05,10.0,310.1,31.01,279.09
TXN004525,2025-01-08,2025,1,January,1,Wednesday,Blender,Home & Kitchen,Ayesha Malik,PSH-01,Peshawar,Cash,5,142.73,0.0,713.65,0.0,713.65
TXN002616,2025-10-31,2025,10,October,4,Friday,Face Moisturizer,Beauty,Faisal Farooq,ISB-01,Islamabad,Debit Card,4,172.1,0.0,688.4,0.0,688.4
TXN002441,2026-01-24,2026,1,January,1,Saturday,Denim Jacket,Apparel,Omar Sheikh,PSH-01,Peshawar,Cash,6,128.88,0.0,773.28,0.0,773.28
TXN000410,2025-03-01,2025,3,March,1,Saturday,Cotton T-Shirt,Apparel,Omar Malik,KHI-01,Karachi,Credit Card,5,175.59,10.0,877.95,87.8,790.15
TXN004533,2025-09-06,2025,9,September,3,Saturday,Running Shoes,Apparel,Mariam Chaudhry,PSH-01,Peshawar,Cash,1,113.76,10.0,113.76,11.38,102.38
TXN001002,2025-01-11,2025,1,January,1,Saturday,Shampoo 500ml,Beauty,Bilal Khan,PSH-01,Peshawar,Debit Card,4,33.31,0.0,133.24,0.0,133.24
TXN003262,2025-10-04,2025,10,October,4,Saturday,Football,Sports,Ali Khan,FSD-01,Faisalabad,Credit Card,4,21.54,0.0,86.16,0.0,86.16
TXN001647,2026-07-19,2026,7,July,3,Sunday,Wireless Mouse,Electronics,Sana Butt,MUL-01,Multan,Credit Card,1,27.33,15.0,27.33,4.1,23.23
TXN000877,2025-04-16,2025,4,April,2,Wednesday,Football,Sports,Ahmed Raza,MUL-01,Multan,Credit Card,1,216.54,15.0,216.54,32.48,184.06
TXN003530,2026-06-04,2026,6,June,2,Thursday,USB-C Cable,Electronics,Usman Malik,FSD-01,Faisalabad,Credit Card,3,228.65,15.0,685.95,102.89,583.06
TXN002999,2024-12-12,2024,12,December,4,Thursday,Laptop Stand,Electronics,Noor Chaudhry,KHI-01,Karachi,Cash,5,12.42,0.0,62.1,0.0,62.1
TXN004750,2024-04-27,2024,4,April,2,Saturday,Face Moisturizer,Beauty,Mariam Sheikh,LHR-01,Lahore,Mobile Wallet,5,189.91,20.0,949.55,189.91,759.64
TXN004320,2024-04-22,2024,4,April,2,Monday,Non-Stick Pan,Home & Kitchen,Ahmed Raza,PSH-01,Peshawar,Debit Card,2,243.76,20.0,487.52,97.5,390.02
TXN004313,2024-04-19,2024,4,April,2,Friday,Blender,Home & Kitchen,Mariam Iqbal,MUL-01,Multan,Debit Card,2,18.25,0.0,36.5,0.0,36.5
TXN004966,2024-02-03,2024,2,February,1,Saturday,Lip Balm,Beauty,Ayesha Sheikh,KHI-01,Karachi,Debit Card,1,139.74,0.0,139.74,0.0,139.74
TXN000216,2025-12-18,2025,12,December,4,Thursday,Denim Jacket,Apparel,Omar Raza,KHI-02,Karachi,Mobile Wallet,5,237.15,20.0,1185.75,237.15,948.6
TXN004208,2024-06-02,2024,6,June,2,Sunday,Resistance Bands,Sports,Ahmed Iqbal,ISB-01,Islamabad,Credit Card,1,89.51,20.0,89.51,17.9,71.61
TXN004123,2024-03-22,2024,3,March,1,Friday,Sunscreen SPF50,Beauty,Mariam Butt,KHI-02,Karachi,Credit Card,6,32.43,0.0,194.58,0.0,194.58
TXN002391,2024-10-13,2024,10,October,4,Sunday,Non-Stick Pan,Home & Kitchen,Omar Khan,PSH-01,Peshawar,Mobile Wallet,1,236.97,10.0,236.97,23.7,213.27
TXN002246,2024-12-20,2024,12,December,4,Friday,USB-C Cable,Electronics,Ahmed Butt,LHR-02,Lahore,Mobile Wallet,6,135.02,0.0,810.12,0.0,810.12
TXN004796,2025-11-28,2025,11,November,4,Friday,LED Desk Lamp,Home & Kitchen,Kamran Raza,ISB-01,Islamabad,Cash,5,43.65,5.0,218.25,10.91,207.34
TXN001354,2025-01-31,2025,1,January,1,Friday,Face Moisturizer,Beauty,Usman Khan,FSD-01,Faisalabad,Cash,3,28.79,5.0,86.37,4.32,82.05
TXN003522,2026-03-15,2026,3,March,1,Sunday,Face Moisturizer,Beauty,Faisal Iqbal,FSD-01,Faisalabad,Debit Card,3,131.89,15.0,395.67,59.35,336.32
TXN000450,2025-11-26,2025,11,November,4,Wednesday,Lip Balm,Beauty,Usman Malik,MUL-01,Multan,Cash,6,48.93,5.0,293.58,14.68,278.9
TXN003386,2024-10-03,2024,10,October,4,Thursday,Resistance Bands,Sports,Fatima Malik,LHR-02,Lahore,Debit Card,4,142.53,0.0,570.12,0.0,570.12
TXN001911,2026-03-05,2026,3,March,1,Thursday,Laptop Stand,Electronics,Zainab Butt,KHI-01,Karachi,Debit Card,2,17.71,0.0,35.42,0.0,35.42
TXN003865,2025-09-23,2025,9,September,3,Tuesday,Running Shoes,Apparel,Omar Khan,PSH-01,Peshawar,Mobile Wallet,1,224.13,0.0,224.13,0.0,224.13
TXN002980,2026-04-08,2026,4,April,2,Wednesday,Webcam HD,Electronics,Ahmed Raza,LHR-02,Lahore,Mobile Wallet,1,193.99,0.0,193.99,0.0,193.99
TXN000752,2026-04-27,2026,4,April,2,Monday,USB-C Cable,Electronics,Ayesha Farooq,PSH-01,Peshawar,Credit Card,2,231.8,10.0,463.6,46.36,417.24
TXN000882,2025-09-04,2025,9,September,3,Thursday,Resistance Bands,Sports,Faisal Malik,KHI-01,Karachi,Mobile Wallet,3,104.14,0.0,312.42,0.0,312.42
TXN001197,2025-05-07,2025,5,May,2,Wednesday,Wireless Mouse,Electronics,Fatima Farooq,LHR-01,Lahore,Cash,5,126.16,0.0,630.8,0.0,630.8
TXN003059,2024-10-01,2024,10,October,4,Tuesday,Laptop Stand,Electronics,Sara Iqbal,ISB-01,Islamabad,Cash,5,237.6,0.0,1188.0,0.0,1188.0
TXN000577,2025-10-11,2025,10,October,4,Saturday,Wool Sweater,Apparel,Sara Farooq,LHR-01,Lahore,Cash,2,234.88,20.0,469.76,93.95,375.81
TXN002556,2025-11-16,2025,11,November,4,Sunday,Non-Stick Pan,Home & Kitchen,Sana Butt,KHI-02,Karachi,Cash,1,164.86,5.0,164.86,8.24,156.62
TXN004233,2024-07-25,2024,7,July,3,Thursday,Dumbbell Set,Sports,Ahmed Khan,MUL-01,Multan,Cash,2,51.27,5.0,102.54,5.13,97.41
TXN001469,2026-03-26,2026,3,March,1,Thursday,LED Desk Lamp,Home & Kitchen,Fatima Butt,LHR-01,Lahore,Cash,1,172.32,10.0,172.32,17.23,155.09
TXN003337,2024-12-19,2024,12,December,4,Thursday,Denim Jacket,Apparel,Bilal Khan,ISB-01,Islamabad,Credit Card,1,23.45,15.0,23.45,3.52,19.93
TXN001314,2025-04-24,2025,4,April,2,Thursday,Denim Jacket,Apparel,Ayesha Khan,LHR-01,Lahore,Mobile Wallet,6,21.59,20.0,129.54,25.91,103.63
TXN003617,2025-09-15,2025,9,September,3,Monday,Yoga Mat,Sports,Sara Farooq,LHR-01,Lahore,Debit Card,1,65.45,10.0,65.45,6.54,58.91
TXN000383,2026-04-19,2026,4,April,2,Sunday,Running Shoes,Apparel,Sara Malik,MUL-01,Multan,Cash,6,85.22,20.0,511.32,102.26,409.06
TXN000728,2025-07-13,2025,7,July,3,Sunday,Bluetooth Speaker,Electronics,Bilal Khan,LHR-01,Lahore,Cash,6,88.47,15.0,530.82,79.62,451.2
TXN002751,2025-10-27,2025,10,October,4,Monday,Laptop Stand,Electronics,Sara Farooq,MUL-01,Multan,Credit Card,6,32.77,0.0,196.62,0.0,196.62
TXN001018,2025-10-20,2025,10,October,4,Monday,Cycling Helmet,Sports,Sara Farooq,KHI-01,Karachi,Mobile Wallet,4,131.15,0.0,524.6,0.0,524.6
TXN001157,2026-04-27,2026,4,April,2,Monday,Running Shoes,Apparel,Omar Raza,LHR-02,Lahore,Credit Card,1,159.78,0.0,159.78,0.0,159.78
TXN003840,2026-05-13,2026,5,May,2,Wednesday,Laptop Stand,Electronics,Faisal Farooq,LHR-02,Lahore,Cash,1,179.36,0.0,179.36,0.0,179.36
TXN000180,2026-05-12,2026,5,May,2,Tuesday,Hair Dryer,Beauty,Hina Farooq,KHI-01,Karachi,Mobile Wallet,3,156.76,0.0,470.28,0.0,470.28
TXN001918,2026-04-17,2026,4,April,2,Friday,USB-C Cable,Electronics,Zainab Raza,KHI-01,Karachi,Mobile Wallet,6,121.1,0.0,726.6,0.0,726.6
TXN001273,2026-04-09,2026,4,April,2,Thursday,Wool Sweater,Apparel,Zainab Raza,LHR-02,Lahore,Credit Card,4,115.94,0.0,463.76,0.0,463.76
TXN001433,2024-06-16,2024,6,June,2,Sunday,Wool Sweater,Apparel,Fatima Iqbal,KHI-01,Karachi,Cash,2,249.88,20.0,499.76,99.95,399.81
TXN004039,2024-08-20,2024,8,August,3,Tuesday,Running Shoes,Apparel,Faisal Farooq,LHR-01,Lahore,Credit Card,6,99.05,20.0,594.3,118.86,475.44
TXN000388,2024-12-29,2024,12,December,4,Sunday,Football,Sports,Kamran Iqbal,KHI-01,Karachi,Cash,1,50.52,15.0,50.52,7.58,42.94
TXN002406,2025-07-06,2025,7,July,3,Sunday,Blender,Home & Kitchen,Noor Malik,MUL-01,Multan,Cash,1,127.37,0.0,127.37,0.0,127.37
TXN003783,2026-01-01,2026,1,January,1,Thursday,Laptop Stand,Electronics,Noor Chaudhry,PSH-01,Peshawar,Credit Card,6,198.24,20.0,1189.44,237.89,951.55
TXN002151,2025-07-23,2025,7,July,3,Wednesday,Football,Sports,Usman Chaudhry,FSD-01,Faisalabad,Cash,5,160.74,10.0,803.7,80.37,723.33
TXN002203,2025-09-06,2025,9,September,3,Saturday,Wireless Mouse,Electronics,Usman Chaudhry,LHR-01,Lahore,Credit Card,6,94.25,10.0,565.5,56.55,508.95
TXN000750,2024-02-22,2024,2,February,1,Thursday,Wireless Mouse,Electronics,Noor Malik,KHI-02,Karachi,Cash,5,120.72,0.0,603.6,0.0,603.6
TXN002238,2025-04-10,2025,4,April,2,Thursday,Non-Stick Pan,Home & Kitchen,Noor Chaudhry,LHR-01,Lahore,Credit Card,5,55.22,10.0,276.1,27.61,248.49
TXN000389,2024-04-25,2024,4,April,2,Thursday,Ceramic Mug Set,Home & Kitchen,Ahmed Khan,FSD-01,Faisalabad,Debit Card,6,122.98,10.0,737.88,73.79,664.09
TXN004196,2024-01-03,2024,1,January,1,Wednesday,Yoga Mat,Sports,Kamran Iqbal,ISB-01,Islamabad,Cash,6,102.05,5.0,612.3,30.61,581.69
TXN000481,2024-05-10,2024,5,May,2,Friday,Blender,Home & Kitchen,Bilal Chaudhry,MUL-01,Multan,Debit Card,3,218.56,0.0,655.68,0.0,655.68
TXN002589,2025-02-24,2025,2,February,1,Monday,Coffee Maker,Home & Kitchen,Ali Butt,FSD-01,Faisalabad,Cash,1,67.39,0.0,67.39,0.0,67.39
TXN000754,2024-01-25,2024,1,January,1,Thursday,Blender,Home & Kitchen,Fatima Sheikh,PSH-01,Peshawar,Mobile Wallet,1,45.9,5.0,45.9,2.29,43.61
TXN001142,2026-05-18,2026,5,May,2,Monday,Blender,Home & Kitchen,Fatima Sheikh,PSH-01,Peshawar,Credit Card,2,112.51,0.0,225.02,0.0,225.02
TXN000872,2026-03-01,2026,3,March,1,Sunday,Running Shoes,Apparel,Ali Malik,FSD-01,Faisalabad,Cash,2,151.62,0.0,303.24,0.0,303.24
TXN003357,2024-04-08,2024,4,April,2,Monday,Shampoo 500ml,Beauty,Noor Khan,KHI-02,Karachi,Cash,1,82.05,0.0,82.05,0.0,82.05
TXN002207,2025-02-16,2025,2,February,1,Sunday,Ceramic Mug Set,Home & Kitchen,Sana Chaudhry,PSH-01,Peshawar,Mobile Wallet,3,125.6,5.0,376.8,18.84,357.96
TXN000205,2024-05-25,2024,5,May,2,Saturday,Bluetooth Speaker,Electronics,Noor Farooq,KHI-02,Karachi,Mobile Wallet,1,73.56,10.0,73.56,7.36,66.2
TXN001343,2026-02-12,2026,2,February,1,Thursday,Laptop Stand,Electronics,Sana Iqbal,PSH-01,Peshawar,Cash,5,182.22,10.0,911.1,91.11,819.99
TXN002790,2024-02-08,2024,2,February,1,Thursday,LED Desk Lamp,Home & Kitchen,Ali Khan,ISB-01,Islamabad,Mobile Wallet,4,76.76,10.0,307.04,30.7,276.34
TXN002110,2024-07-21,2024,7,July,3,Sunday,Wireless Mouse,Electronics,Sara Chaudhry,PSH-01,Peshawar,Mobile Wallet,3,49.74,20.0,149.22,29.84,119.38
TXN004932,2025-09-09,2025,9,September,3,Tuesday,Wireless Mouse,Electronics,Ahmed Khan,KHI-01,Karachi,Credit Card,2,133.78,0.0,267.56,0.0,267.56
TXN004622,2025-07-25,2025,7,July,3,Friday,USB-C Cable,Electronics,Faisal Raza,LHR-01,Lahore,Credit Card,4,30.32,20.0,121.28,24.26,97.02
TXN000278,2026-05-19,2026,5,May,2,Tuesday,Laptop Stand,Electronics,Ayesha Sheikh,KHI-01,Karachi,Credit Card,6,77.27,20.0,463.62,92.72,370.9
TXN000892,2024-07-24,2024,7,July,3,Wednesday,Coffee Maker,Home & Kitchen,Hassan Farooq,MUL-01,Multan,Credit Card,6,91.04,20.0,546.24,109.25,436.99
TXN003435,2025-07-24,2025,7,July,3,Thursday,Dumbbell Set,Sports,Mariam Malik,LHR-02,Lahore,Credit Card,6,20.22,0.0,121.32,0.0,121.32
TXN002019,2024-11-12,2024,11,November,4,Tuesday,Football,Sports,Noor Malik,LHR-02,Lahore,Debit Card,2,48.63,15.0,97.26,14.59,82.67
TXN000763,2026-06-12,2026,6,June,2,Friday,Cycling Helmet,Sports,Ahmed Khan,KHI-02,Karachi,Credit Card,3,169.97,0.0,509.91,0.0,509.91
TXN004591,2025-12-17,2025,12,December,4,Wednesday,Cycling Helmet,Sports,Fatima Khan,LHR-02,Lahore,Credit Card,6,115.6,10.0,693.6,69.36,624.24
TXN000305,2024-10-02,2024,10,October,4,Wednesday,Non-Stick Pan,Home & Kitchen,Sana Raza,KHI-01,Karachi,Cash,6,237.04,15.0,1422.24,213.34,1208.9
TXN003173,2024-01-21,2024,1,January,1,Sunday,Face Moisturizer,Beauty,Noor Malik,MUL-01,Multan,Cash,6,71.36,10.0,428.16,42.82,385.34
TXN001070,2024-08-21,2024,8,August,3,Wednesday,Sunscreen SPF50,Beauty,Ayesha Iqbal,LHR-02,Lahore,Cash,1,95.54,20.0,95.54,19.11,76.43
TXN000548,2025-01-18,2025,1,January,1,Saturday,Wireless Mouse,Electronics,Bilal Butt,KHI-01,Karachi,Cash,6,151.89,10.0,911.34,91.13,820.21
TXN002829,2025-08-08,2025,8,August,3,Friday,Non-Stick Pan,Home & Kitchen,Omar Butt,LHR-02,Lahore,Mobile Wallet,6,154.76,0.0,928.56,0.0,928.56
TXN001566,2026-05-02,2026,5,May,2,Saturday,Resistance Bands,Sports,Usman Butt,LHR-02,Lahore,Mobile Wallet,2,198.21,20.0,396.42,79.28,317.14
TXN000985,2024-10-04,2024,10,October,4,Friday,Cycling Helmet,Sports,Sana Raza,KHI-01,Karachi,Credit Card,3,117.47,0.0,352.41,0.0,352.41
TXN003225,2025-05-09,2025,5,May,2,Friday,Ceramic Mug Set,Home & Kitchen,Usman Raza,ISB-01,Islamabad,Mobile Wallet,1,225.42,10.0,225.42,22.54,202.88
TXN000244,2025-10-08,2025,10,October,4,Wednesday,Football,Sports,Omar Sheikh,KHI-01,Karachi,Cash,1,81.79,20.0,81.79,16.36,65.43
TXN002216,2024-02-03,2024,2,February,1,Saturday,Resistance Bands,Sports,Sana Iqbal,LHR-01,Lahore,Credit Card,2,23.37,10.0,46.74,4.67,42.07
TXN000596,2024-04-24,2024,4,April,2,Wednesday,Hair Dryer,Beauty,Ayesha Butt,MUL-01,Multan,Cash,5,88.36,0.0,441.8,0.0,441.8
TXN002688,2026-06-16,2026,6,June,2,Tuesday,Laptop Stand,Electronics,Ayesha Butt,FSD-01,Faisalabad,Credit Card,4,95.26,10.0,381.04,38.1,342.94
TXN003038,2024-11-14,2024,11,November,4,Thursday,Denim Jacket,Apparel,Ayesha Raza,KHI-02,Karachi,Mobile Wallet,5,9.88,5.0,49.4,2.47,46.93
TXN001400,2026-04-03,2026,4,April,2,Friday,Football,Sports,Faisal Farooq,LHR-02,Lahore,Credit Card,6,82.47,20.0,494.82,98.96,395.86
TXN002453,2026-04-03,2026,4,April,2,Friday,Wireless Mouse,Electronics,Usman Chaudhry,MUL-01,Multan,Cash,2,163.12,20.0,326.24,65.25,260.99
TXN004242,2026-04-05,2026,4,April,2,Sunday,Lip Balm,Beauty,Hassan Raza,FSD-01,Faisalabad,Mobile Wallet,6,215.69,10.0,1294.14,129.41,1164.73
TXN001818,2026-05-29,2026,5,May,2,Friday,Webcam HD,Electronics,Sana Chaudhry,PSH-01,Peshawar,Cash,6,155.25,0.0,931.5,0.0,931.5
TXN000813,2025-10-30,2025,10,October,4,Thursday,Ceramic Mug Set,Home & Kitchen,Ali Sheikh,MUL-01,Multan,Debit Card,4,221.32,10.0,885.28,88.53,796.75
TXN004888,2024-01-04,2024,1,January,1,Thursday,Non-Stick Pan,Home & Kitchen,Sana Raza,LHR-01,Lahore,Cash,5,144.3,0.0,721.5,0.0,721.5
TXN002313,2024-03-13,2024,3,March,1,Wednesday,Blender,Home & Kitchen,Fatima Khan,KHI-01,Karachi,Credit Card,6,138.7,10.0,832.2,83.22,748.98
TXN001954,2024-12-26,2024,12,December,4,Thursday,Yoga Mat,Sports,Kamran Sheikh,ISB-01,Islamabad,Credit Card,4,74.27,15.0,297.08,44.56,252.52
TXN004262,2026-07-04,2026,7,July,3,Saturday,Cotton T-Shirt,Apparel,Mariam Malik,LHR-02,Lahore,Mobile Wallet,2,243.72,0.0,487.44,0.0,487.44
TXN003210,2025-01-29,2025,1,January,1,Wednesday,Bluetooth Speaker,Electronics,Ali Chaudhry,ISB-01,Islamabad,Cash,6,182.38,15.0,1094.28,164.14,930.14
TXN002619,2025-03-20,2025,3,March,1,Thursday,Coffee Maker,Home & Kitchen,Ayesha Sheikh,FSD-01,Faisalabad,Cash,1,119.26,0.0,119.26,0.0,119.26
TXN002053,2026-03-09,2026,3,March,1,Monday,Yoga Mat,Sports,Ali Malik,PSH-01,Peshawar,Credit Card,4,172.86,0.0,691.44,0.0,691.44
TXN004725,2025-07-31,2025,7,July,3,Thursday,Shampoo 500ml,Beauty,Omar Raza,KHI-01,Karachi,Credit Card,2,66.06,20.0,132.12,26.42,105.7
TXN001483,2024-10-21,2024,10,October,4,Monday,Cotton T-Shirt,Apparel,Hina Sheikh,LHR-02,Lahore,Credit Card,1,129.04,15.0,129.04,19.36,109.68
TXN003863,2024-12-24,2024,12,December,4,Tuesday,Non-Stick Pan,Home & Kitchen,Ali Chaudhry,KHI-01,Karachi,Debit Card,3,198.39,0.0,595.17,0.0,595.17
TXN002876,2025-04-28,2025,4,April,2,Monday,Dumbbell Set,Sports,Kamran Sheikh,LHR-01,Lahore,Debit Card,4,71.47,20.0,285.88,57.18,228.7
TXN000592,2025-09-19,2025,9,September,3,Friday,Non-Stick Pan,Home & Kitchen,Kamran Butt,FSD-01,Faisalabad,Credit Card,4,90.34,0.0,361.36,0.0,361.36
TXN003002,2025-02-02,2025,2,February,1,Sunday,USB-C Cable,Electronics,Hina Butt,MUL-01,Multan,Credit Card,1,140.37,5.0,140.37,7.02,133.35
TXN001270,2025-01-13,2025,1,January,1,Monday,Laptop Stand,Electronics,Hassan Sheikh,KHI-02,Karachi,Debit Card,1,136.19,10.0,136.19,13.62,122.57
TXN003177,2025-12-16,2025,12,December,4,Tuesday,Running Shoes,Apparel,Noor Malik,KHI-02,Karachi,Credit Card,5,151.08,5.0,755.4,37.77,717.63
TXN000454,2024-09-24,2024,9,September,3,Tuesday,Football,Sports,Usman Chaudhry,PSH-01,Peshawar,Mobile Wallet,5,89.19,0.0,445.95,0.0,445.95
TXN003313,2025-08-31,2025,8,August,3,Sunday,Hair Dryer,Beauty,Ali Iqbal,ISB-01,Islamabad,Mobile Wallet,2,114.34,10.0,228.68,22.87,205.81
TXN002813,2025-12-14,2025,12,December,4,Sunday,Hair Dryer,Beauty,Hassan Chaudhry,KHI-01,Karachi,Credit Card,6,169.82,0.0,1018.92,0.0,1018.92
TXN000861,2024-11-26,2024,11,November,4,Tuesday,Yoga Mat,Sports,Sana Farooq,ISB-01,Islamabad,Credit Card,5,137.3,5.0,686.5,34.33,652.17
TXN001394,2025-07-18,2025,7,July,3,Friday,Dumbbell Set,Sports,Hassan Raza,KHI-01,Karachi,Credit Card,5,23.44,0.0,117.2,0.0,117.2
TXN003761,2026-05-12,2026,5,May,2,Tuesday,LED Desk Lamp,Home & Kitchen,Usman Butt,FSD-01,Faisalabad,Cash,6,111.48,10.0,668.88,66.89,601.99
TXN002844,2024-03-19,2024,3,March,1,Tuesday,Yoga Mat,Sports,Fatima Iqbal,FSD-01,Faisalabad,Debit Card,2,177.79,20.0,355.58,71.12,284.46
TXN000993,2024-09-11,2024,9,September,3,Wednesday,Shampoo 500ml,Beauty,Usman Butt,MUL-01,Multan,Credit Card,2,76.22,0.0,152.44,0.0,152.44
TXN000242,2026-06-11,2026,6,June,2,Thursday,Blender,Home & Kitchen,Omar Malik,KHI-01,Karachi,Credit Card,3,108.02,5.0,324.06,16.2,307.86
TXN000237,2026-06-04,2026,6,June,2,Thursday,Denim Jacket,Apparel,Usman Chaudhry,KHI-02,Karachi,Cash,2,7.18,0.0,14.36,0.0,14.36
TXN000500,2025-12-29,2025,12,December,4,Monday,Sports Cap,Apparel,Omar Farooq,KHI-02,Karachi,Cash,6,240.15,5.0,1440.9,72.05,1368.85
TXN002292,2026-01-08,2026,1,January,1,Thursday,Shampoo 500ml,Beauty,Ali Malik,KHI-02,Karachi,Cash,5,223.66,20.0,1118.3,223.66,894.64
TXN004193,2026-03-11,2026,3,March,1,Wednesday,Laptop Stand,Electronics,Zainab Khan,FSD-01,Faisalabad,Cash,3,191.39,10.0,574.17,57.42,516.75
TXN000827,2025-08-16,2025,8,August,3,Saturday,Sunscreen SPF50,Beauty,Fatima Sheikh,LHR-02,Lahore,Mobile Wallet,3,181.89,0.0,545.67,0.0,545.67
TXN002569,2026-06-07,2026,6,June,2,Sunday,Ceramic Mug Set,Home & Kitchen,Hina Iqbal,PSH-01,Peshawar,Credit Card,5,229.91,0.0,1149.55,0.0,1149.55
TXN000940,2025-05-17,2025,5,May,2,Saturday,USB-C Cable,Electronics,Faisal Sheikh,LHR-02,Lahore,Cash,6,152.64,20.0,915.84,183.17,732.67
TXN000021,2025-07-20,2025,7,July,3,Sunday,Cycling Helmet,Sports,Bilal Chaudhry,LHR-02,Lahore,Credit Card,5,71.73,15.0,358.65,53.8,304.85
TXN000340,2026-02-28,2026,2,February,1,Saturday,Webcam HD,Electronics,Ahmed Iqbal,ISB-01,Islamabad,Cash,4,90.24,20.0,360.96,72.19,288.77
TXN003445,2025-05-16,2025,5,May,2,Friday,Bluetooth Speaker,Electronics,Hina Chaudhry,FSD-01,Faisalabad,Debit Card,1,35.14,5.0,35.14,1.76,33.38
TXN004348,2025-11-02,2025,11,November,4,Sunday,Laptop Stand,Electronics,Ayesha Khan,MUL-01,Multan,Credit Card,1,213.64,0.0,213.64,0.0,213.64
TXN003073,2026-04-29,2026,4,April,2,Wednesday,Sunscreen SPF50,Beauty,Sana Farooq,MUL-01,Multan,Credit Card,4,96.61,0.0,386.44,0.0,386.44
TXN002103,2025-02-05,2025,2,February,1,Wednesday,Yoga Mat,Sports,Bilal Malik,LHR-01,Lahore,Cash,6,183.13,0.0,1098.78,0.0,1098.78
TXN000151,2025-10-24,2025,10,October,4,Friday,Football,Sports,Bilal Iqbal,MUL-01,Multan,Credit Card,3,230.95,0.0,692.85,0.0,692.85
TXN001135,2024-03-01,2024,3,March,1,Friday,Bluetooth Speaker,Electronics,Bilal Khan,KHI-02,Karachi,Cash,1,185.88,5.0,185.88,9.29,176.59
TXN004709,2025-09-22,2025,9,September,3,Monday,Cycling Helmet,Sports,Sara Malik,ISB-01,Islamabad,Mobile Wallet,4,41.68,0.0,166.72,0.0,166.72
TXN000310,2024-07-03,2024,7,July,3,Wednesday,Shampoo 500ml,Beauty,Mariam Raza,MUL-01,Multan,Debit Card,5,37.13,15.0,185.65,27.85,157.8
TXN001698,2026-05-19,2026,5,May,2,Tuesday,Face Moisturizer,Beauty,Usman Iqbal,MUL-01,Multan,Cash,1,109.45,20.0,109.45,21.89,87.56
TXN003159,2025-12-31,2025,12,December,4,Wednesday,Blender,Home & Kitchen,Ali Chaudhry,KHI-01,Karachi,Credit Card,3,75.84,5.0,227.52,11.38,216.14
TXN003282,2024-10-31,2024,10,October,4,Thursday,Dumbbell Set,Sports,Sana Khan,KHI-02,Karachi,Credit Card,6,98.31,20.0,589.86,117.97,471.89
TXN002508,2025-10-07,2025,10,October,4,Tuesday,Coffee Maker,Home & Kitchen,Noor Khan,MUL-01,Multan,Credit Card,1,229.92,10.0,229.92,22.99,206.93
TXN001803,2025-09-27,2025,9,September,3,Saturday,LED Desk Lamp,Home & Kitchen,Zainab Butt,KHI-01,Karachi,Credit Card,1,140.85,0.0,140.85,0.0,140.85
TXN000747,2024-04-25,2024,4,April,2,Thursday,Blender,Home & Kitchen,Ayesha Raza,LHR-01,Lahore,Credit Card,2,23.98,20.0,47.96,9.59,38.37
TXN004093,2025-01-26,2025,1,January,1,Sunday,Resistance Bands,Sports,Hassan Raza,KHI-02,Karachi,Mobile Wallet,4,99.72,0.0,398.88,0.0,398.88
TXN001580,2024-06-25,2024,6,June,2,Tuesday,Football,Sports,Omar Raza,FSD-01,Faisalabad,Mobile Wallet,1,120.21,10.0,120.21,12.02,108.19
TXN001574,2024-09-14,2024,9,September,3,Saturday,Yoga Mat,Sports,Omar Chaudhry,LHR-02,Lahore,Credit Card,1,6.0,15.0,6.0,0.9,5.1
TXN001906,2025-08-12,2025,8,August,3,Tuesday,Ceramic Mug Set,Home & Kitchen,Fatima Malik,MUL-01,Multan,Mobile Wallet,4,101.09,0.0,404.36,0.0,404.36
TXN003417,2024-03-19,2024,3,March,1,Tuesday,Yoga Mat,Sports,Fatima Khan,FSD-01,Faisalabad,Credit Card,6,227.62,0.0,1365.72,0.0,1365.72
TXN003603,2025-01-20,2025,1,January,1,Monday,Lip Balm,Beauty,Zainab Chaudhry,LHR-02,Lahore,Credit Card,1,117.58,20.0,117.58,23.52,94.06
TXN003108,2025-06-29,2025,6,June,2,Sunday,Webcam HD,Electronics,Sana Farooq,FSD-01,Faisalabad,Credit Card,4,123.68,0.0,494.72,0.0,494.72
TXN000464,2025-09-07,2025,9,September,3,Sunday,Bluetooth Speaker,Electronics,Hassan Chaudhry,MUL-01,Multan,Debit Card,1,104.44,20.0,104.44,20.89,83.55
TXN000825,2025-02-20,2025,2,February,1,Thursday,Denim Jacket,Apparel,Sara Khan,PSH-01,Peshawar,Credit Card,4,248.91,0.0,995.64,0.0,995.64
TXN001811,2025-07-03,2025,7,July,3,Thursday,Bluetooth Speaker,Electronics,Hina Iqbal,ISB-01,Islamabad,Cash,3,46.12,0.0,138.36,0.0,138.36
TXN001658,2024-06-08,2024,6,June,2,Saturday,Cycling Helmet,Sports,Hina Farooq,KHI-01,Karachi,Mobile Wallet,6,104.03,0.0,624.18,0.0,624.18
TXN004586,2025-09-26,2025,9,September,3,Friday,Face Moisturizer,Beauty,Sara Sheikh,ISB-01,Islamabad,Cash,3,171.43,5.0,514.29,25.71,488.58
TXN003242,2024-06-08,2024,6,June,2,Saturday,Running Shoes,Apparel,Noor Malik,FSD-01,Faisalabad,Mobile Wallet,6,240.43,10.0,1442.58,144.26,1298.32
TXN002934,2024-12-13,2024,12,December,4,Friday,Cotton T-Shirt,Apparel,Ali Malik,KHI-02,Karachi,Credit Card,3,104.32,0.0,312.96,0.0,312.96
TXN000729,2024-05-21,2024,5,May,2,Tuesday,Sports Cap,Apparel,Mariam Raza,PSH-01,Peshawar,Cash,6,112.53,0.0,675.18,0.0,675.18
TXN001170,2026-04-22,2026,4,April,2,Wednesday,Resistance Bands,Sports,Fatima Farooq,ISB-01,Islamabad,Credit Card,4,45.46,0.0,181.84,0.0,181.84
TXN000788,2025-05-29,2025,5,May,2,Thursday,Cotton T-Shirt,Apparel,Omar Malik,ISB-01,Islamabad,Credit Card,1,153.66,5.0,153.66,7.68,145.98
TXN004363,2025-10-24,2025,10,October,4,Friday,Football,Sports,Ali Chaudhry,KHI-02,Karachi,Mobile Wallet,3,10.69,15.0,32.07,4.81,27.26
TXN001211,2024-08-23,2024,8,August,3,Friday,Denim Jacket,Apparel,Fatima Khan,KHI-01,Karachi,Mobile Wallet,1,222.8,5.0,222.8,11.14,211.66
TXN001035,2024-11-25,2024,11,November,4,Monday,Hair Dryer,Beauty,Ayesha Farooq,LHR-02,Lahore,Debit Card,1,95.37,10.0,95.37,9.54,85.83
TXN002952,2024-06-29,2024,6,June,2,Saturday,Hair Dryer,Beauty,Omar Iqbal,PSH-01,Peshawar,Cash,5,141.05,20.0,705.25,141.05,564.2
TXN004880,2024-09-28,2024,9,September,3,Saturday,Sports Cap,Apparel,Bilal Butt,ISB-01,Islamabad,Cash,3,163.33,0.0,489.99,0.0,489.99
TXN003608,2024-01-15,2024,1,January,1,Monday,Laptop Stand,Electronics,Bilal Butt,KHI-02,Karachi,Mobile Wallet,6,83.43,0.0,500.58,0.0,500.58
TXN000490,2025-10-25,2025,10,October,4,Saturday,Sunscreen SPF50,Beauty,Ahmed Raza,LHR-02,Lahore,Debit Card,4,179.84,0.0,719.36,0.0,719.36
TXN002627,2025-09-07,2025,9,September,3,Sunday,Bluetooth Speaker,Electronics,Sara Chaudhry,PSH-01,Peshawar,Credit Card,4,66.51,10.0,266.04,26.6,239.44
TXN003014,2025-06-19,2025,6,June,2,Thursday,USB-C Cable,Electronics,Ahmed Raza,MUL-01,Multan,Credit Card,3,158.26,0.0,474.78,0.0,474.78
TXN001481,2025-10-14,2025,10,October,4,Tuesday,Shampoo 500ml,Beauty,Mariam Chaudhry,KHI-01,Karachi,Cash,1,185.59,10.0,185.59,18.56,167.03
TXN000526,2025-09-27,2025,9,September,3,Saturday,Hair Dryer,Beauty,Ahmed Khan,PSH-01,Peshawar,Debit Card,1,165.0,5.0,165.0,8.25,156.75
TXN002405,2026-07-17,2026,7,July,3,Friday,Face Moisturizer,Beauty,Ayesha Farooq,MUL-01,Multan,Credit Card,6,223.55,0.0,1341.3,0.0,1341.3
TXN002417,2026-06-19,2026,6,June,2,Friday,Ceramic Mug Set,Home & Kitchen,Omar Malik,KHI-02,Karachi,Cash,5,53.93,15.0,269.65,40.45,229.2
TXN000271,2024-08-13,2024,8,August,3,Tuesday,Cycling Helmet,Sports,Mariam Malik,PSH-01,Peshawar,Credit Card,5,132.55,5.0,662.75,33.14,629.61
TXN001809,2025-11-30,2025,11,November,4,Sunday,Wireless Mouse,Electronics,Sana Chaudhry,MUL-01,Multan,Credit Card,6,55.08,10.0,330.48,33.05,297.43
TXN003132,2025-08-14,2025,8,August,3,Thursday,Denim Jacket,Apparel,Kamran Sheikh,LHR-01,Lahore,Credit Card,3,75.79,0.0,227.37,0.0,227.37
TXN001815,2024-07-17,2024,7,July,3,Wednesday,Sunscreen SPF50,Beauty,Usman Iqbal,LHR-01,Lahore,Cash,3,108.5,15.0,325.5,48.83,276.67
TXN002316,2024-12-15,2024,12,December,4,Sunday,Ceramic Mug Set,Home & Kitchen,Ali Sheikh,KHI-01,Karachi,Credit Card,4,66.41,0.0,265.64,0.0,265.64
TXN003098,2026-03-03,2026,3,March,1,Tuesday,Blender,Home & Kitchen,Mariam Malik,FSD-01,Faisalabad,Debit Card,2,61.28,10.0,122.56,12.26,110.3
TXN002686,2024-10-20,2024,10,October,4,Sunday,Sports Cap,Apparel,Ali Khan,LHR-01,Lahore,Debit Card,4,186.16,0.0,744.64,0.0,744.64
TXN001609,2026-05-25,2026,5,May,2,Monday,LED Desk Lamp,Home & Kitchen,Ayesha Butt,KHI-01,Karachi,Cash,5,96.35,10.0,481.75,48.17,433.58
TXN000308,2024-12-21,2024,12,December,4,Saturday,Dumbbell Set,Sports,Noor Farooq,LHR-01,Lahore,Mobile Wallet,2,215.8,10.0,431.6,43.16,388.44
TXN004498,2025-05-29,2025,5,May,2,Thursday,Dumbbell Set,Sports,Sana Raza,LHR-02,Lahore,Debit Card,1,78.65,15.0,78.65,11.8,66.85
TXN000941,2024-12-01,2024,12,December,4,Sunday,Coffee Maker,Home & Kitchen,Ahmed Farooq,FSD-01,Faisalabad,Mobile Wallet,4,207.09,0.0,828.36,0.0,828.36
TXN002337,2024-06-24,2024,6,June,2,Monday,Cycling Helmet,Sports,Hassan Chaudhry,LHR-02,Lahore,Cash,5,225.56,20.0,1127.8,225.56,902.24
TXN004976,2026-06-17,2026,6,June,2,Wednesday,Laptop Stand,Electronics,Omar Butt,KHI-02,Karachi,Credit Card,5,22.34,10.0,111.7,11.17,100.53
TXN003478,2025-07-09,2025,7,July,3,Wednesday,Dumbbell Set,Sports,Sana Iqbal,KHI-01,Karachi,Cash,5,245.72,0.0,1228.6,0.0,1228.6
TXN002226,2025-03-29,2025,3,March,1,Saturday,LED Desk Lamp,Home & Kitchen,Bilal Chaudhry,LHR-01,Lahore,Credit Card,1,46.57,15.0,46.57,6.99,39.58
TXN003646,2025-05-08,2025,5,May,2,Thursday,Denim Jacket,Apparel,Usman Sheikh,ISB-01,Islamabad,Mobile Wallet,4,108.01,5.0,432.04,21.6,410.44
TXN003649,2026-05-17,2026,5,May,2,Sunday,Coffee Maker,Home & Kitchen,Ayesha Chaudhry,PSH-01,Peshawar,Cash,5,156.15,0.0,780.75,0.0,780.75
TXN004304,2025-02-05,2025,2,February,1,Wednesday,Sports Cap,Apparel,Sara Chaudhry,FSD-01,Faisalabad,Credit Card,3,54.65,5.0,163.95,8.2,155.75
TXN002309,2024-07-30,2024,7,July,3,Tuesday,Coffee Maker,Home & Kitchen,Bilal Chaudhry,LHR-02,Lahore,Debit Card,6,65.67,5.0,394.02,19.7,374.32
TXN000384,2024-07-19,2024,7,July,3,Friday,Bluetooth Speaker,Electronics,Kamran Chaudhry,KHI-01,Karachi,Debit Card,3,171.97,15.0,515.91,77.39,438.52
TXN000688,2025-01-15,2025,1,January,1,Wednesday,Ceramic Mug Set,Home & Kitchen,Mariam Butt,KHI-01,Karachi,Debit Card,1,195.98,15.0,195.98,29.4,166.58
TXN004742,2024-01-15,2024,1,January,1,Monday,Yoga Mat,Sports,Kamran Butt,FSD-01,Faisalabad,Credit Card,6,120.06,0.0,720.36,0.0,720.36
TXN002967,2024-01-22,2024,1,January,1,Monday,Non-Stick Pan,Home & Kitchen,Faisal Farooq,KHI-01,Karachi,Credit Card,4,103.3,15.0,413.2,61.98,351.22
TXN002715,2026-05-09,2026,5,May,2,Saturday,Dumbbell Set,Sports,Zainab Raza,MUL-01,Multan,Mobile Wallet,1,200.55,20.0,200.55,40.11,160.44
TXN002758,2026-05-18,2026,5,May,2,Monday,Ceramic Mug Set,Home & Kitchen,Fatima Khan,KHI-02,Karachi,Credit Card,4,16.15,15.0,64.6,9.69,54.91
TXN002824,2024-04-03,2024,4,April,2,Wednesday,Cycling Helmet,Sports,Faisal Farooq,FSD-01,Faisalabad,Credit Card,6,121.9,0.0,731.4,0.0,731.4
TXN003139,2025-02-24,2025,2,February,1,Monday,Sports Cap,Apparel,Faisal Malik,FSD-01,Faisalabad,Mobile Wallet,6,149.15,15.0,894.9,134.24,760.66
TXN004054,2026-03-18,2026,3,March,1,Wednesday,Shampoo 500ml,Beauty,Omar Malik,LHR-01,Lahore,Credit Card,2,7.55,0.0,15.1,0.0,15.1
TXN004227,2024-12-29,2024,12,December,4,Sunday,Face Moisturizer,Beauty,Bilal Khan,KHI-02,Karachi,Credit Card,4,136.64,20.0,546.56,109.31,437.25
TXN001537,2025-02-05,2025,2,February,1,Wednesday,Wireless Mouse,Electronics,Kamran Chaudhry,FSD-01,Faisalabad,Credit Card,5,94.61,0.0,473.05,0.0,473.05
TXN001158,2025-04-07,2025,4,April,2,Monday,Wireless Mouse,Electronics,Faisal Farooq,FSD-01,Faisalabad,Credit Card,3,108.68,10.0,326.04,32.6,293.44
TXN004689,2025-01-17,2025,1,January,1,Friday,Yoga Mat,Sports,Ayesha Butt,KHI-01,Karachi,Credit Card,2,38.7,15.0,77.4,11.61,65.79
TXN001230,2025-10-01,2025,10,October,4,Wednesday,Cycling Helmet,Sports,Sana Malik,ISB-01,Islamabad,Cash,2,131.09,0.0,262.18,0.0,262.18
TXN001980,2024-07-21,2024,7,July,3,Sunday,Sunscreen SPF50,Beauty,Sana Raza,KHI-02,Karachi,Mobile Wallet,1,204.89,0.0,204.89,0.0,204.89
TXN000783,2024-04-14,2024,4,April,2,Sunday,Cotton T-Shirt,Apparel,Fatima Butt,KHI-01,Karachi,Cash,5,200.24,10.0,1001.2,100.12,901.08
TXN003452,2026-01-03,2026,1,January,1,Saturday,Non-Stick Pan,Home & Kitchen,Faisal Sheikh,KHI-01,Karachi,Cash,1,165.8,5.0,165.8,8.29,157.51
TXN004577,2025-02-15,2025,2,February,1,Saturday,Cotton T-Shirt,Apparel,Ayesha Farooq,PSH-01,Peshawar,Mobile Wallet,4,92.96,0.0,371.84,0.0,371.84
TXN002073,2025-10-12,2025,10,October,4,Sunday,Coffee Maker,Home & Kitchen,Faisal Khan,LHR-02,Lahore,Cash,1,64.11,15.0,64.11,9.62,54.49
TXN000140,2025-05-29,2025,5,May,2,Thursday,Coffee Maker,Home & Kitchen,Fatima Farooq,LHR-01,Lahore,Debit Card,6,193.61,0.0,1161.66,0.0,1161.66
TXN000085,2024-11-15,2024,11,November,4,Friday,Wireless Mouse,Electronics,Faisal Iqbal,KHI-02,Karachi,Cash,5,84.47,0.0,422.35,0.0,422.35
TXN004437,2024-04-10,2024,4,April,2,Wednesday,Running Shoes,Apparel,Hassan Malik,LHR-02,Lahore,Debit Card,4,205.49,20.0,821.96,164.39,657.57
TXN001234,2025-03-30,2025,3,March,1,Sunday,Ceramic Mug Set,Home & Kitchen,Ahmed Raza,KHI-01,Karachi,Credit Card,4,177.65,0.0,710.6,0.0,710.6
TXN002922,2026-01-14,2026,1,January,1,Wednesday,Non-Stick Pan,Home & Kitchen,Usman Butt,LHR-02,Lahore,Credit Card,3,26.52,10.0,79.56,7.96,71.6
TXN003616,2025-08-03,2025,8,August,3,Sunday,USB-C Cable,Electronics,Ali Chaudhry,KHI-02,Karachi,Mobile Wallet,5,135.47,10.0,677.35,67.73,609.62
TXN001851,2026-06-22,2026,6,June,2,Monday,Coffee Maker,Home & Kitchen,Kamran Sheikh,ISB-01,Islamabad,Cash,4,239.54,20.0,958.16,191.63,766.53
TXN001765,2024-12-20,2024,12,December,4,Friday,Sports Cap,Apparel,Ahmed Butt,PSH-01,Peshawar,Credit Card,3,46.67,5.0,140.01,7.0,133.01
TXN001901,2026-04-08,2026,4,April,2,Wednesday,Ceramic Mug Set,Home & Kitchen,Omar Malik,LHR-01,Lahore,Mobile Wallet,6,191.39,0.0,1148.34,0.0,1148.34
TXN004095,2024-12-20,2024,12,December,4,Friday,Denim Jacket,Apparel,Ahmed Khan,KHI-01,Karachi,Debit Card,4,171.34,0.0,685.36,0.0,685.36
TXN004748,2025-08-05,2025,8,August,3,Tuesday,Yoga Mat,Sports,Hassan Chaudhry,PSH-01,Peshawar,Cash,1,174.07,0.0,174.07,0.0,174.07
TXN000396,2025-04-04,2025,4,April,2,Friday,Sunscreen SPF50,Beauty,Bilal Iqbal,ISB-01,Islamabad,Credit Card,5,171.23,10.0,856.15,85.61,770.54
TXN004075,2026-02-03,2026,2,February,1,Tuesday,USB-C Cable,Electronics,Ahmed Chaudhry,LHR-01,Lahore,Cash,6,184.51,0.0,1107.06,0.0,1107.06
TXN001664,2024-04-30,2024,4,April,2,Tuesday,Shampoo 500ml,Beauty,Bilal Khan,KHI-01,Karachi,Cash,6,176.55,0.0,1059.3,0.0,1059.3
TXN002189,2024-12-14,2024,12,December,4,Saturday,Cotton T-Shirt,Apparel,Omar Sheikh,KHI-01,Karachi,Debit Card,6,88.68,10.0,532.08,53.21,478.87
TXN003336,2024-07-08,2024,7,July,3,Monday,Webcam HD,Electronics,Mariam Chaudhry,KHI-02,Karachi,Debit Card,5,100.72,0.0,503.6,0.0,503.6
TXN002866,2026-01-14,2026,1,January,1,Wednesday,Laptop Stand,Electronics,Sara Sheikh,MUL-01,Multan,Credit Card,5,95.52,10.0,477.6,47.76,429.84
TXN003744,2026-03-19,2026,3,March,1,Thursday,Resistance Bands,Sports,Omar Chaudhry,KHI-02,Karachi,Credit Card,2,61.85,20.0,123.7,24.74,98.96
TXN003372,2026-06-30,2026,6,June,2,Tuesday,Wool Sweater,Apparel,Hassan Butt,PSH-01,Peshawar,Credit Card,6,210.71,0.0,1264.26,0.0,1264.26
TXN004505,2024-09-15,2024,9,September,3,Sunday,Coffee Maker,Home & Kitchen,Faisal Sheikh,KHI-01,Karachi,Credit Card,2,45.96,15.0,91.92,13.79,78.13
TXN003150,2024-05-22,2024,5,May,2,Wednesday,Ceramic Mug Set,Home & Kitchen,Ahmed Iqbal,FSD-01,Faisalabad,Cash,1,211.89,20.0,211.89,42.38,169.51
TXN003689,2024-08-16,2024,8,August,3,Friday,Ceramic Mug Set,Home & Kitchen,Fatima Butt,FSD-01,Faisalabad,Credit Card,2,182.52,15.0,365.04,54.76,310.28
TXN000673,2024-06-15,2024,6,June,2,Saturday,Non-Stick Pan,Home & Kitchen,Kamran Iqbal,KHI-01,Karachi,Credit Card,3,111.79,5.0,335.37,16.77,318.6
TXN003326,2024-08-21,2024,8,August,3,Wednesday,Lip Balm,Beauty,Zainab Khan,LHR-02,Lahore,Credit Card,4,237.9,0.0,951.6,0.0,951.6
TXN001686,2024-07-22,2024,7,July,3,Monday,Laptop Stand,Electronics,Noor Butt,PSH-01,Peshawar,Cash,5,124.14,20.0,620.7,124.14,496.56
TXN002180,2024-03-07,2024,3,March,1,Thursday,Football,Sports,Zainab Raza,LHR-01,Lahore,Mobile Wallet,2,126.69,0.0,253.38,0.0,253.38
TXN003342,2024-05-17,2024,5,May,2,Friday,Denim Jacket,Apparel,Kamran Farooq,LHR-02,Lahore,Cash,6,195.46,10.0,1172.76,117.28,1055.48
TXN000214,2025-09-03,2025,9,September,3,Wednesday,Football,Sports,Omar Iqbal,FSD-01,Faisalabad,Debit Card,3,12.18,10.0,36.54,3.65,32.89
TXN001360,2026-07-10,2026,7,July,3,Friday,LED Desk Lamp,Home & Kitchen,Usman Malik,FSD-01,Faisalabad,Credit Card,6,18.81,0.0,112.86,0.0,112.86
TXN003109,2024-02-07,2024,2,February,1,Wednesday,Ceramic Mug Set,Home & Kitchen,Ali Malik,KHI-01,Karachi,Credit Card,4,174.24,0.0,696.96,0.0,696.96
TXN001623,2025-03-21,2025,3,March,1,Friday,USB-C Cable,Electronics,Omar Chaudhry,LHR-01,Lahore,Cash,2,28.22,0.0,56.44,0.0,56.44
TXN000344,2024-12-18,2024,12,December,4,Wednesday,Yoga Mat,Sports,Noor Iqbal,LHR-02,Lahore,Mobile Wallet,3,165.58,20.0,496.74,99.35,397.39
TXN001729,2024-07-26,2024,7,July,3,Friday,Blender,Home & Kitchen,Ayesha Khan,KHI-02,Karachi,Cash,5,114.73,10.0,573.65,57.37,516.28
TXN004150,2024-05-20,2024,5,May,2,Monday,Cotton T-Shirt,Apparel,Ayesha Chaudhry,ISB-01,Islamabad,Mobile Wallet,1,241.41,0.0,241.41,0.0,241.41
TXN004459,2025-08-02,2025,8,August,3,Saturday,Resistance Bands,Sports,Sana Raza,LHR-02,Lahore,Credit Card,3,141.11,10.0,423.33,42.33,381.0
TXN003652,2024-10-16,2024,10,October,4,Wednesday,Football,Sports,Noor Iqbal,LHR-01,Lahore,Debit Card,1,230.24,15.0,230.24,34.54,195.7
TXN002730,2024-02-03,2024,2,February,1,Saturday,Running Shoes,Apparel,Noor Sheikh,LHR-01,Lahore,Credit Card,4,84.15,5.0,336.6,16.83,319.77
TXN002152,2025-08-31,2025,8,August,3,Sunday,Dumbbell Set,Sports,Sara Raza,KHI-02,Karachi,Debit Card,5,96.66,0.0,483.3,0.0,483.3
TXN003532,2025-09-02,2025,9,September,3,Tuesday,USB-C Cable,Electronics,Zainab Chaudhry,LHR-02,Lahore,Mobile Wallet,3,150.51,0.0,451.53,0.0,451.53
TXN001072,2024-05-05,2024,5,May,2,Sunday,Dumbbell Set,Sports,Sara Khan,KHI-01,Karachi,Credit Card,5,66.94,10.0,334.7,33.47,301.23
TXN000966,2024-07-31,2024,7,July,3,Wednesday,Sports Cap,Apparel,Usman Khan,LHR-02,Lahore,Mobile Wallet,6,207.78,0.0,1246.68,0.0,1246.68
TXN002177,2024-04-22,2024,4,April,2,Monday,Cycling Helmet,Sports,Noor Raza,LHR-02,Lahore,Credit Card,1,140.82,0.0,140.82,0.0,140.82
TXN003273,2025-02-01,2025,2,February,1,Saturday,USB-C Cable,Electronics,Noor Raza,LHR-01,Lahore,Cash,6,32.81,10.0,196.86,19.69,177.17
TXN004378,2025-03-16,2025,3,March,1,Sunday,Ceramic Mug Set,Home & Kitchen,Hassan Chaudhry,KHI-01,Karachi,Credit Card,2,136.81,10.0,273.62,27.36,246.26
TXN004697,2025-10-16,2025,10,October,4,Thursday,Cotton T-Shirt,Apparel,Faisal Malik,KHI-01,Karachi,Cash,1,109.15,15.0,109.15,16.37,92.78
TXN002407,2025-08-08,2025,8,August,3,Friday,Non-Stick Pan,Home & Kitchen,Hina Iqbal,PSH-01,Peshawar,Cash,2,25.13,10.0,50.26,5.03,45.23
TXN003791,2024-10-03,2024,10,October,4,Thursday,Face Moisturizer,Beauty,Sara Butt,PSH-01,Peshawar,Mobile Wallet,2,226.36,15.0,452.72,67.91,384.81
TXN001112,2024-06-12,2024,6,June,2,Wednesday,Cotton T-Shirt,Apparel,Hina Butt,KHI-01,Karachi,Debit Card,6,248.08,20.0,1488.48,297.7,1190.78
TXN004562,2025-06-22,2025,6,June,2,Sunday,Bluetooth Speaker,Electronics,Fatima Chaudhry,MUL-01,Multan,Credit Card,3,76.64,0.0,229.92,0.0,229.92
TXN003334,2026-04-23,2026,4,April,2,Thursday,Cotton T-Shirt,Apparel,Kamran Malik,MUL-01,Multan,Cash,1,138.29,10.0,138.29,13.83,124.46
TXN004294,2024-09-09,2024,9,September,3,Monday,Wireless Mouse,Electronics,Hassan Raza,MUL-01,Multan,Mobile Wallet,3,37.85,15.0,113.55,17.03,96.52
TXN002107,2025-05-24,2025,5,May,2,Saturday,Laptop Stand,Electronics,Fatima Iqbal,KHI-02,Karachi,Credit Card,1,128.44,15.0,128.44,19.27,109.17
TXN000714,2025-07-12,2025,7,July,3,Saturday,Running Shoes,Apparel,Sara Chaudhry,ISB-01,Islamabad,Debit Card,4,97.11,15.0,388.44,58.27,330.17
TXN004554,2024-09-29,2024,9,September,3,Sunday,Non-Stick Pan,Home & Kitchen,Noor Iqbal,LHR-01,Lahore,Mobile Wallet,1,147.61,0.0,147.61,0.0,147.61
TXN000351,2024-11-15,2024,11,November,4,Friday,Hair Dryer,Beauty,Noor Butt,KHI-02,Karachi,Cash,5,85.67,10.0,428.35,42.84,385.51
TXN002454,2024-03-19,2024,3,March,1,Tuesday,Resistance Bands,Sports,Sara Sheikh,LHR-01,Lahore,Credit Card,5,57.69,0.0,288.45,0.0,288.45
TXN004216,2026-04-13,2026,4,April,2,Monday,Blender,Home & Kitchen,Bilal Sheikh,KHI-01,Karachi,Cash,3,108.18,20.0,324.54,64.91,259.63
TXN002497,2026-07-17,2026,7,July,3,Friday,Sunscreen SPF50,Beauty,Noor Butt,LHR-01,Lahore,Credit Card,4,9.19,0.0,36.76,0.0,36.76
TXN001326,2025-02-10,2025,2,February,1,Monday,Coffee Maker,Home & Kitchen,Sana Chaudhry,PSH-01,Peshawar,Debit Card,2,160.49,15.0,320.98,48.15,272.83
TXN002078,2025-11-16,2025,11,November,4,Sunday,Cycling Helmet,Sports,Ahmed Raza,PSH-01,Peshawar,Mobile Wallet,2,210.74,20.0,421.48,84.3,337.18
TXN001522,2025-01-28,2025,1,January,1,Tuesday,Football,Sports,Hina Iqbal,KHI-01,Karachi,Cash,4,102.55,5.0,410.2,20.51,389.69
TXN002220,2025-08-04,2025,8,August,3,Monday,Lip Balm,Beauty,Hina Khan,KHI-02,Karachi,Mobile Wallet,2,112.51,10.0,225.02,22.5,202.52
TXN003838,2025-12-10,2025,12,December,4,Wednesday,Shampoo 500ml,Beauty,Bilal Khan,PSH-01,Peshawar,Mobile Wallet,4,20.59,15.0,82.36,12.35,70.01
TXN001808,2025-01-02,2025,1,January,1,Thursday,Sports Cap,Apparel,Kamran Malik,ISB-01,Islamabad,Credit Card,1,110.87,10.0,110.87,11.09,99.78
TXN004936,2026-03-21,2026,3,March,1,Saturday,Shampoo 500ml,Beauty,Noor Iqbal,LHR-01,Lahore,Cash,4,126.59,5.0,506.36,25.32,481.04
TXN002240,2026-06-08,2026,6,June,2,Monday,Sports Cap,Apparel,Ali Butt,LHR-01,Lahore,Cash,6,64.99,0.0,389.94,0.0,389.94
TXN000241,2025-06-03,2025,6,June,2,Tuesday,Dumbbell Set,Sports,Ayesha Farooq,FSD-01,Faisalabad,Mobile Wallet,6,212.13,0.0,1272.78,0.0,1272.78
TXN000418,2024-10-29,2024,10,October,4,Tuesday,Laptop Stand,Electronics,Noor Sheikh,PSH-01,Peshawar,Cash,6,43.41,10.0,260.46,26.05,234.41
TXN002504,2025-11-22,2025,11,November,4,Saturday,Ceramic Mug Set,Home & Kitchen,Ayesha Raza,FSD-01,Faisalabad,Debit Card,4,218.33,10.0,873.32,87.33,785.99
TXN000629,2025-03-13,2025,3,March,1,Thursday,Cycling Helmet,Sports,Ayesha Raza,KHI-02,Karachi,Credit Card,1,17.66,0.0,17.66,0.0,17.66
TXN004806,2025-09-29,2025,9,September,3,Monday,USB-C Cable,Electronics,Ali Khan,LHR-02,Lahore,Cash,5,5.8,5.0,29.0,1.45,27.55
TXN002348,2024-05-30,2024,5,May,2,Thursday,Ceramic Mug Set,Home & Kitchen,Bilal Khan,ISB-01,Islamabad,Credit Card,6,171.84,5.0,1031.04,51.55,979.49
TXN002382,2025-06-22,2025,6,June,2,Sunday,Laptop Stand,Electronics,Omar Raza,ISB-01,Islamabad,Mobile Wallet,4,237.11,5.0,948.44,47.42,901.02
TXN002012,2024-04-11,2024,4,April,2,Thursday,USB-C Cable,Electronics,Hassan Chaudhry,FSD-01,Faisalabad,Debit Card,5,100.79,10.0,503.95,50.4,453.55
TXN002579,2024-03-22,2024,3,March,1,Friday,Cycling Helmet,Sports,Fatima Khan,LHR-02,Lahore,Credit Card,4,98.75,20.0,395.0,79.0,316.0
TXN003133,2025-09-01,2025,9,September,3,Monday,Non-Stick Pan,Home & Kitchen,Noor Iqbal,FSD-01,Faisalabad,Mobile Wallet,6,160.29,10.0,961.74,96.17,865.57
TXN001069,2024-09-24,2024,9,September,3,Tuesday,Football,Sports,Ali Khan,PSH-01,Peshawar,Debit Card,6,97.58,10.0,585.48,58.55,526.93
TXN004151,2025-04-01,2025,4,April,2,Tuesday,Football,Sports,Zainab Malik,KHI-02,Karachi,Credit Card,6,55.94,5.0,335.64,16.78,318.86
TXN003588,2025-10-16,2025,10,October,4,Thursday,Running Shoes,Apparel,Zainab Raza,LHR-02,Lahore,Credit Card,3,57.07,10.0,171.21,17.12,154.09
TXN000411,2024-04-01,2024,4,April,2,Monday,Football,Sports,Ali Farooq,KHI-01,Karachi,Mobile Wallet,3,164.68,20.0,494.04,98.81,395.23
TXN001813,2024-08-14,2024,8,August,3,Wednesday,Dumbbell Set,Sports,Ahmed Iqbal,MUL-01,Multan,Cash,1,181.42,20.0,181.42,36.28,145.14
TXN000784,2024-04-03,2024,4,April,2,Wednesday,Football,Sports,Hina Khan,KHI-02,Karachi,Credit Card,2,126.69,0.0,253.38,0.0,253.38
TXN003898,2024-08-06,2024,8,August,3,Tuesday,Sunscreen SPF50,Beauty,Kamran Butt,KHI-01,Karachi,Credit Card,6,43.62,0.0,261.72,0.0,261.72
TXN001356,2024-11-06,2024,11,November,4,Wednesday,Wool Sweater,Apparel,Fatima Khan,FSD-01,Faisalabad,Credit Card,5,37.22,0.0,186.1,0.0,186.1
TXN001004,2024-02-22,2024,2,February,1,Thursday,Sunscreen SPF50,Beauty,Mariam Butt,PSH-01,Peshawar,Debit Card,6,237.19,0.0,1423.14,0.0,1423.14
TXN003185,2025-12-07,2025,12,December,4,Sunday,Face Moisturizer,Beauty,Bilal Sheikh,MUL-01,Multan,Credit Card,1,37.4,15.0,37.4,5.61,31.79
TXN001302,2024-09-07,2024,9,September,3,Saturday,Non-Stick Pan,Home & Kitchen,Fatima Iqbal,ISB-01,Islamabad,Mobile Wallet,6,64.4,10.0,386.4,38.64,347.76
TXN004842,2025-06-12,2025,6,June,2,Thursday,Lip Balm,Beauty,Ayesha Raza,KHI-02,Karachi,Credit Card,2,225.37,5.0,450.74,22.54,428.2
TXN003266,2026-02-24,2026,2,February,1,Tuesday,Lip Balm,Beauty,Fatima Butt,ISB-01,Islamabad,Credit Card,6,91.22,20.0,547.32,109.46,437.86
TXN004961,2025-11-30,2025,11,November,4,Sunday,Denim Jacket,Apparel,Kamran Khan,LHR-02,Lahore,Credit Card,3,172.7,5.0,518.1,25.91,492.19
TXN001034,2026-02-13,2026,2,February,1,Friday,Dumbbell Set,Sports,Mariam Khan,PSH-01,Peshawar,Cash,5,30.37,0.0,151.85,0.0,151.85
TXN000451,2026-01-29,2026,1,January,1,Thursday,Wireless Mouse,Electronics,Faisal Iqbal,KHI-01,Karachi,Credit Card,2,20.85,5.0,41.7,2.08,39.62
TXN004610,2025-11-07,2025,11,November,4,Friday,Shampoo 500ml,Beauty,Noor Chaudhry,KHI-01,Karachi,Cash,4,193.98,0.0,775.92,0.0,775.92
TXN001931,2025-10-18,2025,10,October,4,Saturday,Sports Cap,Apparel,Ayesha Chaudhry,LHR-01,Lahore,Credit Card,4,35.71,0.0,142.84,0.0,142.84
TXN003403,2024-01-24,2024,1,January,1,Wednesday,Wireless Mouse,Electronics,Hassan Sheikh,FSD-01,Faisalabad,Credit Card,2,186.63,20.0,373.26,74.65,298.61
TXN001224,2026-01-21,2026,1,January,1,Wednesday,Denim Jacket,Apparel,Sana Khan,FSD-01,Faisalabad,Mobile Wallet,4,20.53,0.0,82.12,0.0,82.12
TXN000342,2024-05-15,2024,5,May,2,Wednesday,Resistance Bands,Sports,Ayesha Iqbal,LHR-02,Lahore,Credit Card,5,25.22,0.0,126.1,0.0,126.1
TXN001241,2024-08-07,2024,8,August,3,Wednesday,Yoga Mat,Sports,Hassan Raza,LHR-01,Lahore,Credit Card,5,16.17,0.0,80.85,0.0,80.85
TXN003956,2026-01-03,2026,1,January,1,Saturday,Resistance Bands,Sports,Ali Chaudhry,KHI-01,Karachi,Cash,6,57.65,0.0,345.9,0.0,345.9
TXN001516,2025-11-08,2025,11,November,4,Saturday,Face Moisturizer,Beauty,Hina Khan,LHR-02,Lahore,Cash,2,39.94,5.0,79.88,3.99,75.89
TXN000809,2024-02-10,2024,2,February,1,Saturday,Blender,Home & Kitchen,Usman Farooq,ISB-01,Islamabad,Debit Card,4,217.63,15.0,870.52,130.58,739.94
TXN003758,2024-07-14,2024,7,July,3,Sunday,Hair Dryer,Beauty,Usman Butt,LHR-02,Lahore,Mobile Wallet,5,102.4,20.0,512.0,102.4,409.6
TXN000212,2024-10-13,2024,10,October,4,Sunday,Laptop Stand,Electronics,Hina Raza,MUL-01,Multan,Debit Card,1,221.44,15.0,221.44,33.22,188.22
TXN000110,2024-09-30,2024,9,September,3,Monday,Lip Balm,Beauty,Sana Farooq,KHI-01,Karachi,Cash,1,183.13,0.0,183.13,0.0,183.13
TXN003938,2025-02-04,2025,2,February,1,Tuesday,Sports Cap,Apparel,Ayesha Malik,LHR-01,Lahore,Debit Card,4,166.53,20.0,666.12,133.22,532.9
TXN001621,2024-03-08,2024,3,March,1,Friday,Dumbbell Set,Sports,Zainab Farooq,LHR-01,Lahore,Debit Card,3,231.66,0.0,694.98,0.0,694.98
TXN000163,2026-05-08,2026,5,May,2,Friday,Ceramic Mug Set,Home & Kitchen,Sara Raza,KHI-01,Karachi,Debit Card,5,88.45,20.0,442.25,88.45,353.8
TXN001067,2025-11-19,2025,11,November,4,Wednesday,Cycling Helmet,Sports,Ali Sheikh,LHR-01,Lahore,Cash,5,199.7,0.0,998.5,0.0,998.5
TXN001503,2024-03-01,2024,3,March,1,Friday,Non-Stick Pan,Home & Kitchen,Bilal Sheikh,ISB-01,Islamabad,Cash,5,163.74,0.0,818.7,0.0,818.7
TXN004306,2025-01-14,2025,1,January,1,Tuesday,Sunscreen SPF50,Beauty,Hina Malik,LHR-01,Lahore,Credit Card,6,159.86,0.0,959.16,0.0,959.16
TXN003806,2026-03-11,2026,3,March,1,Wednesday,Face Moisturizer,Beauty,Hina Sheikh,PSH-01,Peshawar,Credit Card,5,146.27,10.0,731.35,73.14,658.21
TXN001770,2024-01-24,2024,1,January,1,Wednesday,Resistance Bands,Sports,Sana Iqbal,ISB-01,Islamabad,Mobile Wallet,3,36.7,0.0,110.1,0.0,110.1
TXN004194,2025-10-12,2025,10,October,4,Sunday,Hair Dryer,Beauty,Kamran Malik,FSD-01,Faisalabad,Cash,3,154.88,5.0,464.64,23.23,441.41
TXN000238,2024-11-05,2024,11,November,4,Tuesday,LED Desk Lamp,Home & Kitchen,Faisal Raza,MUL-01,Multan,Credit Card,5,132.56,10.0,662.8,66.28,596.52
TXN000353,2026-04-21,2026,4,April,2,Tuesday,Cotton T-Shirt,Apparel,Noor Iqbal,FSD-01,Faisalabad,Cash,3,233.65,0.0,700.95,0.0,700.95
TXN001875,2025-11-01,2025,11,November,4,Saturday,Non-Stick Pan,Home & Kitchen,Noor Sheikh,KHI-02,Karachi,Mobile Wallet,1,78.98,0.0,78.98,0.0,78.98
TXN001934,2026-02-09,2026,2,February,1,Monday,USB-C Cable,Electronics,Kamran Butt,KHI-01,Karachi,Mobile Wallet,2,50.16,0.0,100.32,0.0,100.32
TXN002959,2025-12-07,2025,12,December,4,Sunday,LED Desk Lamp,Home & Kitchen,Ali Iqbal,LHR-01,Lahore,Credit Card,3,222.42,0.0,667.26,0.0,667.26
TXN000240,2025-11-02,2025,11,November,4,Sunday,Dumbbell Set,Sports,Faisal Raza,LHR-01,Lahore,Credit Card,3,249.38,15.0,748.14,112.22,635.92
TXN002159,2024-05-06,2024,5,May,2,Monday,Dumbbell Set,Sports,Noor Iqbal,LHR-02,Lahore,Credit Card,3,152.79,15.0,458.37,68.76,389.61
TXN002638,2026-05-10,2026,5,May,2,Sunday,Webcam HD,Electronics,Mariam Chaudhry,KHI-02,Karachi,Cash,4,170.46,10.0,681.84,68.18,613.66
TXN004972,2025-02-24,2025,2,February,1,Monday,Ceramic Mug Set,Home & Kitchen,Kamran Raza,PSH-01,Peshawar,Debit Card,2,95.02,0.0,190.04,0.0,190.04
TXN001764,2024-10-07,2024,10,October,4,Monday,Lip Balm,Beauty,Sara Raza,FSD-01,Faisalabad,Credit Card,1,17.52,5.0,17.52,0.88,16.64
TXN004406,2026-04-06,2026,4,April,2,Monday,Cotton T-Shirt,Apparel,Mariam Farooq,LHR-01,Lahore,Credit Card,4,183.7,20.0,734.8,146.96,587.84
TXN002002,2025-04-11,2025,4,April,2,Friday,Bluetooth Speaker,Electronics,Mariam Farooq,FSD-01,Faisalabad,Debit Card,3,52.91,0.0,158.73,0.0,158.73
TXN001167,2024-11-20,2024,11,November,4,Wednesday,Blender,Home & Kitchen,Omar Butt,LHR-01,Lahore,Debit Card,5,15.36,10.0,76.8,7.68,69.12
TXN000817,2025-08-08,2025,8,August,3,Friday,Shampoo 500ml,Beauty,Faisal Chaudhry,KHI-01,Karachi,Cash,5,159.69,15.0,798.45,119.77,678.68
TXN002906,2025-12-01,2025,12,December,4,Monday,Hair Dryer,Beauty,Hina Farooq,KHI-02,Karachi,Cash,4,178.68,5.0,714.72,35.74,678.98
TXN001376,2025-08-13,2025,8,August,3,Wednesday,Wireless Mouse,Electronics,Sana Malik,KHI-02,Karachi,Credit Card,1,222.44,20.0,222.44,44.49,177.95
TXN003155,2025-01-07,2025,1,January,1,Tuesday,Webcam HD,Electronics,Ayesha Malik,FSD-01,Faisalabad,Cash,4,185.72,5.0,742.88,37.14,705.74
TXN003113,2024-05-19,2024,5,May,2,Sunday,LED Desk Lamp,Home & Kitchen,Ayesha Chaudhry,KHI-02,Karachi,Credit Card,6,70.05,5.0,420.3,21.02,399.28
TXN003819,2025-05-27,2025,5,May,2,Tuesday,Ceramic Mug Set,Home & Kitchen,Fatima Chaudhry,MUL-01,Multan,Cash,1,50.59,15.0,50.59,7.59,43.0
TXN003467,2025-08-29,2025,8,August,3,Friday,Bluetooth Speaker,Electronics,Zainab Iqbal,KHI-02,Karachi,Credit Card,5,212.16,15.0,1060.8,159.12,901.68
TXN000174,2024-03-28,2024,3,March,1,Thursday,Dumbbell Set,Sports,Ali Farooq,FSD-01,Faisalabad,Cash,6,208.67,5.0,1252.02,62.6,1189.42
TXN002457,2025-12-06,2025,12,December,4,Saturday,Cotton T-Shirt,Apparel,Sana Raza,PSH-01,Peshawar,Credit Card,1,6.91,15.0,6.91,1.04,5.87
TXN002917,2024-02-21,2024,2,February,1,Wednesday,Football,Sports,Mariam Khan,LHR-02,Lahore,Mobile Wallet,4,102.53,20.0,410.12,82.02,328.1
TXN003389,2024-05-16,2024,5,May,2,Thursday,Wireless Mouse,Electronics,Kamran Butt,LHR-02,Lahore,Mobile Wallet,1,163.75,15.0,163.75,24.56,139.19
TXN001199,2025-12-14,2025,12,December,4,Sunday,Bluetooth Speaker,Electronics,Ayesha Farooq,ISB-01,Islamabad,Credit Card,5,183.73,20.0,918.65,183.73,734.92
TXN004267,2026-04-23,2026,4,April,2,Thursday,Non-Stick Pan,Home & Kitchen,Ayesha Chaudhry,LHR-02,Lahore,Mobile Wallet,6,38.89,20.0,233.34,46.67,186.67
TXN002598,2026-06-04,2026,6,June,2,Thursday,Cycling Helmet,Sports,Hina Farooq,KHI-02,Karachi,Credit Card,3,27.78,20.0,83.34,16.67,66.67
TXN004988,2026-06-03,2026,6,June,2,Wednesday,Webcam HD,Electronics,Fatima Malik,FSD-01,Faisalabad,Mobile Wallet,2,171.39,15.0,342.78,51.42,291.36
TXN002179,2025-12-18,2025,12,December,4,Thursday,Cotton T-Shirt,Apparel,Omar Iqbal,ISB-01,Islamabad,Mobile Wallet,1,249.13,15.0,249.13,37.37,211.76
TXN000290,2025-08-29,2025,8,August,3,Friday,Sports Cap,Apparel,Noor Khan,KHI-01,Karachi,Cash,5,38.01,0.0,190.05,0.0,190.05
TXN000858,2025-03-05,2025,3,March,1,Wednesday,Wireless Mouse,Electronics,Zainab Raza,KHI-02,Karachi,Credit Card,5,47.79,20.0,238.95,47.79,191.16
TXN004851,2024-07-13,2024,7,July,3,Saturday,Sunscreen SPF50,Beauty,Zainab Chaudhry,LHR-02,Lahore,Credit Card,1,115.88,15.0,115.88,17.38,98.5
TXN003354,2025-09-03,2025,9,September,3,Wednesday,Blender,Home & Kitchen,Sara Raza,PSH-01,Peshawar,Debit Card,5,72.57,10.0,362.85,36.28,326.57
TXN002854,2024-04-04,2024,4,April,2,Thursday,Bluetooth Speaker,Electronics,Hassan Malik,LHR-02,Lahore,Mobile Wallet,1,29.95,0.0,29.95,0.0,29.95
TXN000614,2026-06-05,2026,6,June,2,Friday,Bluetooth Speaker,Electronics,Sana Malik,ISB-01,Islamabad,Mobile Wallet,5,140.13,0.0,700.65,0.0,700.65
TXN004849,2024-01-01,2024,1,January,1,Monday,Running Shoes,Apparel,Zainab Khan,FSD-01,Faisalabad,Credit Card,5,85.16,15.0,425.8,63.87,361.93
TXN002285,2026-04-02,2026,4,April,2,Thursday,Dumbbell Set,Sports,Ayesha Raza,KHI-01,Karachi,Cash,1,191.26,0.0,191.26,0.0,191.26
TXN004550,2025-02-26,2025,2,February,1,Wednesday,Denim Jacket,Apparel,Ahmed Iqbal,MUL-01,Multan,Mobile Wallet,1,36.71,0.0,36.71,0.0,36.71
TXN002403,2026-04-15,2026,4,April,2,Wednesday,Cycling Helmet,Sports,Hassan Farooq,MUL-01,Multan,Mobile Wallet,1,185.41,0.0,185.41,0.0,185.41
TXN004789,2025-07-05,2025,7,July,3,Saturday,Hair Dryer,Beauty,Faisal Malik,KHI-01,Karachi,Credit Card,5,236.66,15.0,1183.3,177.5,1005.8
TXN001590,2024-09-07,2024,9,September,3,Saturday,Sports Cap,Apparel,Faisal Chaudhry,FSD-01,Faisalabad,Credit Card,2,192.78,15.0,385.56,57.83,327.73
TXN003517,2025-10-25,2025,10,October,4,Saturday,Wireless Mouse,Electronics,Sana Chaudhry,KHI-01,Karachi,Cash,2,20.64,10.0,41.28,4.13,37.15
TXN002010,2024-07-21,2024,7,July,3,Sunday,Cotton T-Shirt,Apparel,Hassan Sheikh,KHI-02,Karachi,Cash,2,86.07,20.0,172.14,34.43,137.71
TXN003116,2024-01-06,2024,1,January,1,Saturday,Running Shoes,Apparel,Kamran Farooq,LHR-02,Lahore,Cash,4,179.89,0.0,719.56,0.0,719.56
TXN000403,2026-01-15,2026,1,January,1,Thursday,Running Shoes,Apparel,Ali Farooq,MUL-01,Multan,Mobile Wallet,1,137.33,20.0,137.33,27.47,109.86
TXN003777,2025-12-18,2025,12,December,4,Thursday,Laptop Stand,Electronics,Fatima Sheikh,LHR-01,Lahore,Cash,3,87.37,0.0,262.11,0.0,262.11
TXN000787,2026-07-31,2026,7,July,3,Friday,USB-C Cable,Electronics,Mariam Iqbal,PSH-01,Peshawar,Mobile Wallet,2,98.7,0.0,197.4,0.0,197.4
TXN004201,2024-01-02,2024,1,January,1,Tuesday,Resistance Bands,Sports,Ahmed Chaudhry,LHR-01,Lahore,Cash,5,174.74,0.0,873.7,0.0,873.7
TXN003982,2025-04-09,2025,4,April,2,Wednesday,Face Moisturizer,Beauty,Ahmed Malik,KHI-01,Karachi,Mobile Wallet,2,131.89,20.0,263.78,52.76,211.02
TXN000262,2024-08-08,2024,8,August,3,Thursday,Face Moisturizer,Beauty,Usman Butt,ISB-01,Islamabad,Credit Card,2,207.02,5.0,414.04,20.7,393.34
TXN004631,2024-08-22,2024,8,August,3,Thursday,Denim Jacket,Apparel,Zainab Chaudhry,LHR-02,Lahore,Cash,1,108.7,0.0,108.7,0.0,108.7
TXN004175,2025-11-18,2025,11,November,4,Tuesday,Cycling Helmet,Sports,Zainab Farooq,LHR-01,Lahore,Cash,4,54.63,5.0,218.52,10.93,207.59
TXN001408,2024-10-02,2024,10,October,4,Wednesday,Wool Sweater,Apparel,Usman Raza,KHI-01,Karachi,Credit Card,4,112.08,0.0,448.32,0.0,448.32
TXN004876,2025-03-08,2025,3,March,1,Saturday,Shampoo 500ml,Beauty,Sana Sheikh,KHI-02,Karachi,Mobile Wallet,1,176.95,15.0,176.95,26.54,150.41
TXN000709,2025-06-16,2025,6,June,2,Monday,LED Desk Lamp,Home & Kitchen,Noor Chaudhry,MUL-01,Multan,Debit Card,5,89.1,10.0,445.5,44.55,400.95
TXN001910,2024-02-26,2024,2,February,1,Monday,Wool Sweater,Apparel,Hina Farooq,PSH-01,Peshawar,Cash,3,191.03,5.0,573.09,28.65,544.44
TXN003297,2026-06-04,2026,6,June,2,Thursday,Coffee Maker,Home & Kitchen,Omar Khan,KHI-01,Karachi,Debit Card,2,50.96,0.0,101.92,0.0,101.92
TXN000560,2024-10-17,2024,10,October,4,Thursday,Football,Sports,Hina Butt,LHR-01,Lahore,Cash,6,62.09,0.0,372.54,0.0,372.54
TXN000666,2024-05-29,2024,5,May,2,Wednesday,Face Moisturizer,Beauty,Kamran Khan,ISB-01,Islamabad,Credit Card,5,57.3,5.0,286.5,14.32,272.18
TXN002105,2026-03-11,2026,3,March,1,Wednesday,Lip Balm,Beauty,Omar Khan,LHR-01,Lahore,Debit Card,2,10.62,10.0,21.24,2.12,19.12
TXN001573,2024-08-15,2024,8,August,3,Thursday,Denim Jacket,Apparel,Noor Chaudhry,MUL-01,Multan,Cash,4,68.03,15.0,272.12,40.82,231.3
TXN002250,2024-10-28,2024,10,October,4,Monday,Football,Sports,Fatima Raza,MUL-01,Multan,Debit Card,5,140.83,20.0,704.15,140.83,563.32
TXN004746,2024-09-06,2024,9,September,3,Friday,Coffee Maker,Home & Kitchen,Noor Sheikh,PSH-01,Peshawar,Cash,3,28.4,15.0,85.2,12.78,72.42
TXN003257,2024-04-07,2024,4,April,2,Sunday,Ceramic Mug Set,Home & Kitchen,Ahmed Raza,FSD-01,Faisalabad,Debit Card,4,40.29,15.0,161.16,24.17,136.99
TXN000281,2024-12-04,2024,12,December,4,Wednesday,USB-C Cable,Electronics,Hassan Malik,LHR-02,Lahore,Cash,6,36.41,0.0,218.46,0.0,218.46
TXN002849,2024-01-06,2024,1,January,1,Saturday,Face Moisturizer,Beauty,Hassan Butt,MUL-01,Multan,Credit Card,5,74.25,0.0,371.25,0.0,371.25
TXN000886,2025-06-03,2025,6,June,2,Tuesday,Running Shoes,Apparel,Bilal Malik,KHI-02,Karachi,Credit Card,3,121.56,0.0,364.68,0.0,364.68
TXN000372,2025-12-23,2025,12,December,4,Tuesday,Sports Cap,Apparel,Hina Malik,MUL-01,Multan,Debit Card,3,178.91,0.0,536.73,0.0,536.73
TXN000691,2024-01-05,2024,1,January,1,Friday,Sports Cap,Apparel,Zainab Khan,LHR-01,Lahore,Credit Card,4,74.67,10.0,298.68,29.87,268.81
TXN003544,2024-01-08,2024,1,January,1,Monday,Shampoo 500ml,Beauty,Sana Iqbal,KHI-02,Karachi,Credit Card,2,156.68,10.0,313.36,31.34,282.02
TXN000807,2025-04-10,2025,4,April,2,Thursday,Face Moisturizer,Beauty,Omar Sheikh,KHI-01,Karachi,Mobile Wallet,6,124.1,0.0,744.6,0.0,744.6
TXN000657,2024-11-12,2024,11,November,4,Tuesday,Resistance Bands,Sports,Sana Khan,LHR-01,Lahore,Mobile Wallet,3,245.23,0.0,735.69,0.0,735.69
TXN004014,2026-06-10,2026,6,June,2,Wednesday,Wireless Mouse,Electronics,Kamran Chaudhry,ISB-01,Islamabad,Credit Card,2,45.11,20.0,90.22,18.04,72.18
TXN000840,2026-03-15,2026,3,March,1,Sunday,Blender,Home & Kitchen,Bilal Raza,KHI-02,Karachi,Mobile Wallet,5,213.83,10.0,1069.15,106.92,962.23
TXN001316,2026-01-03,2026,1,January,1,Saturday,Denim Jacket,Apparel,Sana Sheikh,ISB-01,Islamabad,Cash,5,16.43,20.0,82.15,16.43,65.72
TXN001125,2025-01-07,2025,1,January,1,Tuesday,Bluetooth Speaker,Electronics,Ayesha Chaudhry,FSD-01,Faisalabad,Debit Card,1,101.66,0.0,101.66,0.0,101.66
TXN000428,2025-05-12,2025,5,May,2,Monday,Sports Cap,Apparel,Noor Raza,FSD-01,Faisalabad,Cash,5,168.13,0.0,840.65,0.0,840.65
TXN004600,2025-06-02,2025,6,June,2,Monday,Laptop Stand,Electronics,Hina Sheikh,KHI-02,Karachi,Mobile Wallet,6,162.34,20.0,974.04,194.81,779.23
TXN002637,2024-05-01,2024,5,May,2,Wednesday,Sports Cap,Apparel,Mariam Farooq,FSD-01,Faisalabad,Cash,6,187.74,10.0,1126.44,112.64,1013.8
TXN003485,2026-05-15,2026,5,May,2,Friday,USB-C Cable,Electronics,Fatima Farooq,PSH-01,Peshawar,Credit Card,4,191.11,20.0,764.44,152.89,611.55
TXN000040,2024-08-11,2024,8,August,3,Sunday,Dumbbell Set,Sports,Bilal Farooq,KHI-02,Karachi,Credit Card,3,176.37,15.0,529.11,79.37,449.74
TXN000907,2026-02-26,2026,2,February,1,Thursday,Bluetooth Speaker,Electronics,Mariam Farooq,MUL-01,Multan,Credit Card,5,167.4,0.0,837.0,0.0,837.0
TXN002092,2026-07-07,2026,7,July,3,Tuesday,Blender,Home & Kitchen,Mariam Raza,FSD-01,Faisalabad,Credit Card,6,63.8,15.0,382.8,57.42,325.38
TXN004204,2026-05-24,2026,5,May,2,Sunday,Coffee Maker,Home & Kitchen,Ali Butt,PSH-01,Peshawar,Mobile Wallet,1,236.29,0.0,236.29,0.0,236.29
TXN004085,2025-02-05,2025,2,February,1,Wednesday,Football,Sports,Zainab Butt,ISB-01,Islamabad,Debit Card,3,72.04,0.0,216.12,0.0,216.12
TXN002009,2025-03-04,2025,3,March,1,Tuesday,Denim Jacket,Apparel,Hina Butt,MUL-01,Multan,Credit Card,2,249.03,0.0,498.06,0.0,498.06
TXN003700,2025-05-17,2025,5,May,2,Saturday,Denim Jacket,Apparel,Sara Iqbal,LHR-02,Lahore,Credit Card,1,168.04,0.0,168.04,0.0,168.04
TXN000610,2024-08-08,2024,8,August,3,Thursday,Wireless Mouse,Electronics,Ahmed Butt,KHI-02,Karachi,Cash,2,152.53,15.0,305.06,45.76,259.3
TXN003771,2024-01-02,2024,1,January,1,Tuesday,Sunscreen SPF50,Beauty,Usman Butt,KHI-01,Karachi,Debit Card,6,117.97,5.0,707.82,35.39,672.43
TXN003348,2025-05-24,2025,5,May,2,Saturday,Running Shoes,Apparel,Zainab Raza,MUL-01,Multan,Mobile Wallet,3,107.33,5.0,321.99,16.1,305.89
TXN003084,2025-10-03,2025,10,October,4,Friday,Sports Cap,Apparel,Omar Chaudhry,ISB-01,Islamabad,Credit Card,1,6.74,0.0,6.74,0.0,6.74
TXN004058,2025-08-15,2025,8,August,3,Friday,Yoga Mat,Sports,Mariam Butt,MUL-01,Multan,Credit Card,6,151.15,20.0,906.9,181.38,725.52
TXN003590,2024-05-27,2024,5,May,2,Monday,Face Moisturizer,Beauty,Zainab Khan,MUL-01,Multan,Cash,6,232.76,0.0,1396.56,0.0,1396.56
TXN004260,2024-09-30,2024,9,September,3,Monday,Lip Balm,Beauty,Ali Khan,FSD-01,Faisalabad,Credit Card,1,249.26,15.0,249.26,37.39,211.87
TXN002573,2024-03-02,2024,3,March,1,Saturday,Shampoo 500ml,Beauty,Usman Sheikh,LHR-02,Lahore,Debit Card,5,107.37,5.0,536.85,26.84,510.01
TXN001165,2025-02-28,2025,2,February,1,Friday,Denim Jacket,Apparel,Ali Khan,PSH-01,Peshawar,Credit Card,3,29.54,0.0,88.62,0.0,88.62
TXN004593,2025-10-25,2025,10,October,4,Saturday,Laptop Stand,Electronics,Fatima Farooq,KHI-01,Karachi,Credit Card,2,176.68,15.0,353.36,53.0,300.36
TXN002746,2024-06-03,2024,6,June,2,Monday,USB-C Cable,Electronics,Mariam Farooq,LHR-01,Lahore,Mobile Wallet,6,179.77,20.0,1078.62,215.72,862.9
TXN002938,2024-06-12,2024,6,June,2,Wednesday,Blender,Home & Kitchen,Zainab Khan,KHI-01,Karachi,Cash,3,97.87,15.0,293.61,44.04,249.57
TXN001033,2024-01-19,2024,1,January,1,Friday,USB-C Cable,Electronics,Faisal Butt,KHI-01,Karachi,Cash,1,202.07,0.0,202.07,0.0,202.07
TXN001025,2026-01-31,2026,1,January,1,Saturday,Dumbbell Set,Sports,Bilal Raza,KHI-02,Karachi,Cash,4,71.99,10.0,287.96,28.8,259.16
TXN000703,2024-01-04,2024,1,January,1,Thursday,Denim Jacket,Apparel,Mariam Chaudhry,KHI-02,Karachi,Credit Card,6,50.34,20.0,302.04,60.41,241.63
TXN003166,2025-08-27,2025,8,August,3,Wednesday,Face Moisturizer,Beauty,Ali Butt,LHR-02,Lahore,Cash,6,236.26,0.0,1417.56,0.0,1417.56
TXN002725,2025-07-21,2025,7,July,3,Monday,Sunscreen SPF50,Beauty,Omar Butt,LHR-01,Lahore,Credit Card,2,135.83,20.0,271.66,54.33,217.33
TXN000694,2024-02-19,2024,2,February,1,Monday,Blender,Home & Kitchen,Ahmed Chaudhry,LHR-01,Lahore,Debit Card,3,23.39,5.0,70.17,3.51,66.66
TXN002064,2025-05-27,2025,5,May,2,Tuesday,Denim Jacket,Apparel,Ayesha Raza,LHR-02,Lahore,Debit Card,6,56.36,15.0,338.16,50.72,287.44
TXN002580,2025-09-19,2025,9,September,3,Friday,Face Moisturizer,Beauty,Noor Khan,ISB-01,Islamabad,Credit Card,5,87.2,20.0,436.0,87.2,348.8
TXN002234,2024-12-18,2024,12,December,4,Wednesday,LED Desk Lamp,Home & Kitchen,Usman Raza,PSH-01,Peshawar,Mobile Wallet,6,190.56,0.0,1143.36,0.0,1143.36
TXN001526,2024-08-10,2024,8,August,3,Saturday,USB-C Cable,Electronics,Ahmed Chaudhry,KHI-02,Karachi,Cash,2,33.96,0.0,67.92,0.0,67.92
TXN003994,2024-05-25,2024,5,May,2,Saturday,Wool Sweater,Apparel,Zainab Iqbal,LHR-02,Lahore,Credit Card,5,79.84,15.0,399.2,59.88,339.32
TXN000226,2024-03-24,2024,3,March,1,Sunday,Shampoo 500ml,Beauty,Ali Butt,LHR-02,Lahore,Debit Card,3,211.72,15.0,635.16,95.27,539.89
TXN004011,2025-07-22,2025,7,July,3,Tuesday,Hair Dryer,Beauty,Usman Butt,KHI-01,Karachi,Credit Card,4,219.46,15.0,877.84,131.68,746.16
TXN001065,2024-03-23,2024,3,March,1,Saturday,Webcam HD,Electronics,Kamran Malik,KHI-01,Karachi,Debit Card,4,191.23,20.0,764.92,152.98,611.94
TXN002965,2024-06-14,2024,6,June,2,Friday,LED Desk Lamp,Home & Kitchen,Zainab Iqbal,FSD-01,Faisalabad,Cash,1,28.93,0.0,28.93,0.0,28.93
TXN003309,2024-12-20,2024,12,December,4,Friday,Cycling Helmet,Sports,Ahmed Sheikh,FSD-01,Faisalabad,Cash,5,34.03,0.0,170.15,0.0,170.15
TXN001992,2026-06-30,2026,6,June,2,Tuesday,Denim Jacket,Apparel,Faisal Khan,ISB-01,Islamabad,Credit Card,4,205.88,0.0,823.52,0.0,823.52
TXN002437,2024-10-17,2024,10,October,4,Thursday,Denim Jacket,Apparel,Noor Farooq,FSD-01,Faisalabad,Debit Card,4,95.57,15.0,382.28,57.34,324.94
TXN003428,2024-06-26,2024,6,June,2,Wednesday,Dumbbell Set,Sports,Kamran Butt,KHI-01,Karachi,Cash,4,193.04,15.0,772.16,115.82,656.34
TXN001892,2024-08-15,2024,8,August,3,Thursday,Football,Sports,Zainab Malik,LHR-01,Lahore,Debit Card,6,60.42,15.0,362.52,54.38,308.14
TXN002184,2025-11-04,2025,11,November,4,Tuesday,Lip Balm,Beauty,Hassan Malik,KHI-01,Karachi,Mobile Wallet,3,76.14,15.0,228.42,34.26,194.16
TXN003805,2024-01-01,2024,1,January,1,Monday,Denim Jacket,Apparel,Faisal Raza,LHR-02,Lahore,Cash,5,99.94,0.0,499.7,0.0,499.7
TXN001946,2026-01-30,2026,1,January,1,Friday,Yoga Mat,Sports,Ayesha Raza,LHR-02,Lahore,Credit Card,3,183.66,20.0,550.98,110.2,440.78
TXN002689,2025-06-21,2025,6,June,2,Saturday,Football,Sports,Hina Malik,KHI-01,Karachi,Cash,6,142.23,15.0,853.38,128.01,725.37
TXN001854,2026-05-01,2026,5,May,2,Friday,Cotton T-Shirt,Apparel,Omar Iqbal,MUL-01,Multan,Mobile Wallet,4,123.81,10.0,495.24,49.52,445.72
TXN004949,2024-04-22,2024,4,April,2,Monday,Bluetooth Speaker,Electronics,Hina Raza,MUL-01,Multan,Cash,2,190.97,20.0,381.94,76.39,305.55
TXN002773,2026-07-17,2026,7,July,3,Friday,Bluetooth Speaker,Electronics,Bilal Sheikh,KHI-02,Karachi,Mobile Wallet,2,141.64,15.0,283.28,42.49,240.79
TXN001735,2025-12-28,2025,12,December,4,Sunday,Dumbbell Set,Sports,Ali Raza,FSD-01,Faisalabad,Debit Card,4,35.58,5.0,142.32,7.12,135.2
TXN004455,2024-12-22,2024,12,December,4,Sunday,Laptop Stand,Electronics,Omar Sheikh,ISB-01,Islamabad,Credit Card,5,17.55,10.0,87.75,8.78,78.97
TXN002461,2024-01-26,2024,1,January,1,Friday,Bluetooth Speaker,Electronics,Hina Malik,KHI-02,Karachi,Cash,6,215.97,0.0,1295.82,0.0,1295.82
TXN000871,2024-10-09,2024,10,October,4,Wednesday,Wool Sweater,Apparel,Usman Butt,MUL-01,Multan,Cash,1,223.7,15.0,223.7,33.55,190.15
TXN000002,2024-01-07,2024,1,January,1,Sunday,Dumbbell Set,Sports,Ayesha Farooq,MUL-01,Multan,Debit Card,3,176.04,20.0,528.12,105.62,422.5
TXN001251,2025-10-24,2025,10,October,4,Friday,Yoga Mat,Sports,Usman Iqbal,KHI-01,Karachi,Credit Card,2,182.76,10.0,365.52,36.55,328.97
TXN001013,2025-11-09,2025,11,November,4,Sunday,Cycling Helmet,Sports,Sara Butt,ISB-01,Islamabad,Mobile Wallet,1,194.87,0.0,194.87,0.0,194.87
TXN002281,2025-09-16,2025,9,September,3,Tuesday,USB-C Cable,Electronics,Ayesha Sheikh,PSH-01,Peshawar,Mobile Wallet,2,113.65,5.0,227.3,11.37,215.93
TXN002298,2025-11-18,2025,11,November,4,Tuesday,Football,Sports,Sana Farooq,PSH-01,Peshawar,Credit Card,6,118.72,0.0,712.32,0.0,712.32
TXN003829,2025-11-17,2025,11,November,4,Monday,Resistance Bands,Sports,Hassan Chaudhry,LHR-02,Lahore,Debit Card,2,57.58,15.0,115.16,17.27,97.89
TXN002325,2025-09-13,2025,9,September,3,Saturday,Yoga Mat,Sports,Faisal Farooq,KHI-02,Karachi,Credit Card,3,228.72,10.0,686.16,68.62,617.54
TXN000955,2025-01-25,2025,1,January,1,Saturday,Webcam HD,Electronics,Ali Chaudhry,LHR-01,Lahore,Cash,2,144.19,15.0,288.38,43.26,245.12
TXN001836,2024-04-02,2024,4,April,2,Tuesday,Bluetooth Speaker,Electronics,Omar Sheikh,LHR-02,Lahore,Credit Card,4,77.45,0.0,309.8,0.0,309.8
TXN003579,2024-03-26,2024,3,March,1,Tuesday,Sports Cap,Apparel,Ali Chaudhry,MUL-01,Multan,Cash,6,74.38,0.0,446.28,0.0,446.28
TXN004173,2025-02-02,2025,2,February,1,Sunday,Cotton T-Shirt,Apparel,Bilal Farooq,LHR-02,Lahore,Mobile Wallet,2,247.73,20.0,495.46,99.09,396.37
TXN004546,2025-01-10,2025,1,January,1,Friday,Face Moisturizer,Beauty,Ahmed Iqbal,LHR-02,Lahore,Mobile Wallet,5,72.55,15.0,362.75,54.41,308.34
TXN000419,2026-01-17,2026,1,January,1,Saturday,Laptop Stand,Electronics,Usman Farooq,PSH-01,Peshawar,Cash,2,185.36,0.0,370.72,0.0,370.72
TXN002734,2026-05-13,2026,5,May,2,Wednesday,Ceramic Mug Set,Home & Kitchen,Omar Farooq,ISB-01,Islamabad,Credit Card,1,155.93,10.0,155.93,15.59,140.34
TXN004695,2025-06-30,2025,6,June,2,Monday,Laptop Stand,Electronics,Fatima Butt,LHR-01,Lahore,Cash,1,171.2,0.0,171.2,0.0,171.2
TXN000162,2025-02-11,2025,2,February,1,Tuesday,Running Shoes,Apparel,Usman Sheikh,LHR-01,Lahore,Credit Card,5,78.32,5.0,391.6,19.58,372.02
TXN002788,2025-10-23,2025,10,October,4,Thursday,Sunscreen SPF50,Beauty,Ali Sheikh,ISB-01,Islamabad,Credit Card,5,200.73,0.0,1003.65,0.0,1003.65
TXN002388,2024-06-03,2024,6,June,2,Monday,Webcam HD,Electronics,Noor Khan,KHI-01,Karachi,Credit Card,6,11.74,0.0,70.44,0.0,70.44
TXN001005,2024-02-11,2024,2,February,1,Sunday,Sunscreen SPF50,Beauty,Zainab Raza,LHR-02,Lahore,Credit Card,3,21.6,0.0,64.8,0.0,64.8
TXN001551,2025-09-30,2025,9,September,3,Tuesday,Cycling Helmet,Sports,Fatima Sheikh,KHI-02,Karachi,Mobile Wallet,1,135.69,0.0,135.69,0.0,135.69
TXN003867,2024-03-23,2024,3,March,1,Saturday,Sunscreen SPF50,Beauty,Usman Khan,PSH-01,Peshawar,Mobile Wallet,1,54.38,20.0,54.38,10.88,43.5
TXN004561,2024-12-21,2024,12,December,4,Saturday,Running Shoes,Apparel,Noor Sheikh,MUL-01,Multan,Cash,3,39.47,20.0,118.41,23.68,94.73
TXN003373,2024-08-26,2024,8,August,3,Monday,Laptop Stand,Electronics,Ayesha Butt,KHI-02,Karachi,Cash,2,127.7,0.0,255.4,0.0,255.4
TXN003765,2024-05-22,2024,5,May,2,Wednesday,Ceramic Mug Set,Home & Kitchen,Noor Khan,PSH-01,Peshawar,Debit Card,4,154.03,0.0,616.12,0.0,616.12
TXN000381,2025-09-27,2025,9,September,3,Saturday,USB-C Cable,Electronics,Zainab Farooq,LHR-02,Lahore,Credit Card,4,139.25,20.0,557.0,111.4,445.6
TXN002505,2024-05-24,2024,5,May,2,Friday,Coffee Maker,Home & Kitchen,Hina Khan,MUL-01,Multan,Credit Card,2,102.48,0.0,204.96,0.0,204.96
TXN000064,2024-04-12,2024,4,April,2,Friday,Coffee Maker,Home & Kitchen,Noor Malik,LHR-02,Lahore,Credit Card,3,45.76,20.0,137.28,27.46,109.82
TXN002397,2024-08-09,2024,8,August,3,Friday,Non-Stick Pan,Home & Kitchen,Ayesha Farooq,PSH-01,Peshawar,Credit Card,1,120.81,0.0,120.81,0.0,120.81
TXN003217,2024-07-09,2024,7,July,3,Tuesday,Ceramic Mug Set,Home & Kitchen,Sara Raza,LHR-02,Lahore,Mobile Wallet,5,237.41,0.0,1187.05,0.0,1187.05
TXN000744,2024-01-10,2024,1,January,1,Wednesday,Blender,Home & Kitchen,Hassan Sheikh,FSD-01,Faisalabad,Mobile Wallet,3,14.07,0.0,42.21,0.0,42.21
TXN002223,2025-05-05,2025,5,May,2,Monday,Cycling Helmet,Sports,Usman Raza,PSH-01,Peshawar,Mobile Wallet,2,76.87,20.0,153.74,30.75,122.99
TXN003174,2024-08-22,2024,8,August,3,Thursday,Sunscreen SPF50,Beauty,Usman Iqbal,PSH-01,Peshawar,Mobile Wallet,5,58.54,0.0,292.7,0.0,292.7
TXN003325,2025-11-05,2025,11,November,4,Wednesday,Ceramic Mug Set,Home & Kitchen,Faisal Butt,MUL-01,Multan,Credit Card,5,144.73,15.0,723.65,108.55,615.1
TXN004360,2025-12-25,2025,12,December,4,Thursday,Sports Cap,Apparel,Ahmed Chaudhry,FSD-01,Faisalabad,Cash,3,160.93,15.0,482.79,72.42,410.37
TXN003408,2026-01-01,2026,1,January,1,Thursday,Wireless Mouse,Electronics,Hina Chaudhry,KHI-02,Karachi,Mobile Wallet,5,142.86,0.0,714.3,0.0,714.3
TXN002268,2025-09-21,2025,9,September,3,Sunday,USB-C Cable,Electronics,Noor Iqbal,FSD-01,Faisalabad,Credit Card,2,7.51,10.0,15.02,1.5,13.52
TXN001432,2024-09-10,2024,9,September,3,Tuesday,Running Shoes,Apparel,Usman Chaudhry,ISB-01,Islamabad,Mobile Wallet,4,34.02,10.0,136.08,13.61,122.47
TXN001200,2026-02-08,2026,2,February,1,Sunday,Blender,Home & Kitchen,Zainab Sheikh,KHI-01,Karachi,Credit Card,3,128.35,0.0,385.05,0.0,385.05
TXN000492,2026-02-26,2026,2,February,1,Thursday,Sunscreen SPF50,Beauty,Kamran Chaudhry,LHR-02,Lahore,Mobile Wallet,6,8.99,0.0,53.94,0.0,53.94
TXN004087,2025-02-07,2025,2,February,1,Friday,Denim Jacket,Apparel,Sana Iqbal,KHI-01,Karachi,Cash,5,159.77,0.0,798.85,0.0,798.85
TXN001475,2024-06-11,2024,6,June,2,Tuesday,Football,Sports,Kamran Butt,LHR-02,Lahore,Debit Card,5,186.75,0.0,933.75,0.0,933.75
TXN004330,2026-02-09,2026,2,February,1,Monday,Bluetooth Speaker,Electronics,Hassan Butt,MUL-01,Multan,Debit Card,2,102.63,0.0,205.26,0.0,205.26
TXN002754,2026-06-17,2026,6,June,2,Wednesday,Running Shoes,Apparel,Fatima Chaudhry,LHR-02,Lahore,Cash,4,166.43,10.0,665.72,66.57,599.15
TXN004801,2026-07-21,2026,7,July,3,Tuesday,Face Moisturizer,Beauty,Mariam Iqbal,MUL-01,Multan,Cash,4,211.18,0.0,844.72,0.0,844.72
TXN001969,2025-01-27,2025,1,January,1,Monday,Yoga Mat,Sports,Fatima Butt,ISB-01,Islamabad,Cash,4,11.0,20.0,44.0,8.8,35.2
TXN004494,2025-04-12,2025,4,April,2,Saturday,Cycling Helmet,Sports,Hassan Iqbal,FSD-01,Faisalabad,Credit Card,3,103.46,10.0,310.38,31.04,279.34
TXN004735,2024-02-11,2024,2,February,1,Sunday,Yoga Mat,Sports,Ali Farooq,LHR-02,Lahore,Credit Card,1,95.52,20.0,95.52,19.1,76.42
TXN003454,2024-10-04,2024,10,October,4,Friday,Resistance Bands,Sports,Sara Chaudhry,PSH-01,Peshawar,Debit Card,1,231.32,0.0,231.32,0.0,231.32
TXN000568,2026-01-01,2026,1,January,1,Thursday,Cotton T-Shirt,Apparel,Hassan Sheikh,LHR-01,Lahore,Credit Card,5,223.71,20.0,1118.55,223.71,894.84
TXN004555,2026-03-26,2026,3,March,1,Thursday,Bluetooth Speaker,Electronics,Ayesha Iqbal,KHI-02,Karachi,Mobile Wallet,3,135.85,15.0,407.55,61.13,346.42
TXN001064,2024-05-19,2024,5,May,2,Sunday,Sports Cap,Apparel,Omar Malik,LHR-02,Lahore,Cash,4,15.78,20.0,63.12,12.62,50.5
TXN001960,2024-02-02,2024,2,February,1,Friday,LED Desk Lamp,Home & Kitchen,Ali Khan,FSD-01,Faisalabad,Cash,6,248.41,10.0,1490.46,149.05,1341.41
TXN004197,2026-05-27,2026,5,May,2,Wednesday,Denim Jacket,Apparel,Mariam Butt,FSD-01,Faisalabad,Mobile Wallet,5,182.45,15.0,912.25,136.84,775.41
TXN001606,2024-12-31,2024,12,December,4,Tuesday,Yoga Mat,Sports,Ayesha Chaudhry,KHI-01,Karachi,Debit Card,3,130.53,20.0,391.59,78.32,313.27
TXN003747,2025-03-28,2025,3,March,1,Friday,Resistance Bands,Sports,Zainab Chaudhry,PSH-01,Peshawar,Cash,5,96.45,0.0,482.25,0.0,482.25
TXN002445,2025-11-24,2025,11,November,4,Monday,Blender,Home & Kitchen,Bilal Chaudhry,MUL-01,Multan,Mobile Wallet,3,168.57,10.0,505.71,50.57,455.14
TXN002921,2026-06-12,2026,6,June,2,Friday,Shampoo 500ml,Beauty,Hassan Sheikh,PSH-01,Peshawar,Debit Card,4,144.62,5.0,578.48,28.92,549.56
TXN004565,2025-12-05,2025,12,December,4,Friday,Wool Sweater,Apparel,Faisal Butt,KHI-01,Karachi,Cash,1,148.36,15.0,148.36,22.25,126.11
TXN003878,2025-08-24,2025,8,August,3,Sunday,Resistance Bands,Sports,Ahmed Raza,LHR-02,Lahore,Credit Card,5,11.5,20.0,57.5,11.5,46.0
TXN003524,2026-05-04,2026,5,May,2,Monday,Sunscreen SPF50,Beauty,Mariam Khan,LHR-01,Lahore,Mobile Wallet,6,213.88,0.0,1283.28,0.0,1283.28
TXN000070,2024-04-27,2024,4,April,2,Saturday,Coffee Maker,Home & Kitchen,Sana Chaudhry,ISB-01,Islamabad,Credit Card,2,240.91,15.0,481.82,72.27,409.55
TXN004491,2025-06-22,2025,6,June,2,Sunday,Cotton T-Shirt,Apparel,Sara Malik,KHI-02,Karachi,Cash,6,201.66,20.0,1209.96,241.99,967.97
TXN003138,2024-03-03,2024,3,March,1,Sunday,Denim Jacket,Apparel,Hina Sheikh,PSH-01,Peshawar,Debit Card,4,148.58,0.0,594.32,0.0,594.32
TXN004429,2024-11-05,2024,11,November,4,Tuesday,Bluetooth Speaker,Electronics,Ali Iqbal,PSH-01,Peshawar,Mobile Wallet,5,212.45,20.0,1062.25,212.45,849.8
TXN004027,2025-03-01,2025,3,March,1,Saturday,Coffee Maker,Home & Kitchen,Omar Malik,FSD-01,Faisalabad,Credit Card,2,155.29,0.0,310.58,0.0,310.58
TXN002091,2025-03-17,2025,3,March,1,Monday,Shampoo 500ml,Beauty,Sara Raza,PSH-01,Peshawar,Debit Card,4,157.14,0.0,628.56,0.0,628.56
TXN003129,2024-08-19,2024,8,August,3,Monday,LED Desk Lamp,Home & Kitchen,Ahmed Iqbal,KHI-02,Karachi,Cash,3,9.17,10.0,27.51,2.75,24.76
TXN004514,2025-05-04,2025,5,May,2,Sunday,Hair Dryer,Beauty,Kamran Raza,MUL-01,Multan,Credit Card,4,206.17,0.0,824.68,0.0,824.68
TXN002896,2024-11-11,2024,11,November,4,Monday,Bluetooth Speaker,Electronics,Sara Malik,KHI-01,Karachi,Mobile Wallet,6,42.29,0.0,253.74,0.0,253.74
TXN000948,2024-02-23,2024,2,February,1,Friday,USB-C Cable,Electronics,Ayesha Khan,KHI-02,Karachi,Cash,2,211.51,20.0,423.02,84.6,338.42
TXN001491,2026-05-16,2026,5,May,2,Saturday,Lip Balm,Beauty,Fatima Farooq,FSD-01,Faisalabad,Credit Card,5,156.83,0.0,784.15,0.0,784.15
TXN001744,2024-11-02,2024,11,November,4,Saturday,Shampoo 500ml,Beauty,Sana Butt,MUL-01,Multan,Mobile Wallet,1,81.73,5.0,81.73,4.09,77.64
TXN003486,2025-05-22,2025,5,May,2,Thursday,Coffee Maker,Home & Kitchen,Fatima Khan,KHI-01,Karachi,Mobile Wallet,2,137.79,0.0,275.58,0.0,275.58
TXN004527,2025-10-17,2025,10,October,4,Friday,Resistance Bands,Sports,Hina Malik,KHI-02,Karachi,Credit Card,3,120.24,5.0,360.72,18.04,342.68
TXN003892,2024-01-05,2024,1,January,1,Friday,Blender,Home & Kitchen,Hassan Raza,LHR-02,Lahore,Credit Card,2,14.21,0.0,28.42,0.0,28.42
TXN004984,2024-04-29,2024,4,April,2,Monday,Blender,Home & Kitchen,Usman Sheikh,LHR-02,Lahore,Debit Card,1,241.04,0.0,241.04,0.0,241.04
TXN003151,2024-12-29,2024,12,December,4,Sunday,LED Desk Lamp,Home & Kitchen,Fatima Khan,LHR-02,Lahore,Credit Card,6,105.57,5.0,633.42,31.67,601.75
TXN001225,2024-06-30,2024,6,June,2,Sunday,Laptop Stand,Electronics,Usman Sheikh,KHI-01,Karachi,Debit Card,5,44.92,20.0,224.6,44.92,179.68
TXN003934,2024-09-11,2024,9,September,3,Wednesday,Yoga Mat,Sports,Mariam Butt,PSH-01,Peshawar,Debit Card,4,234.33,0.0,937.32,0.0,937.32
TXN002271,2025-06-17,2025,6,June,2,Tuesday,Face Moisturizer,Beauty,Noor Farooq,KHI-02,Karachi,Debit Card,2,126.46,0.0,252.92,0.0,252.92
TXN002845,2026-06-01,2026,6,June,2,Monday,Shampoo 500ml,Beauty,Ahmed Sheikh,MUL-01,Multan,Cash,2,130.79,10.0,261.58,26.16,235.42
TXN003802,2025-08-28,2025,8,August,3,Thursday,LED Desk Lamp,Home & Kitchen,Hina Raza,MUL-01,Multan,Credit Card,2,184.03,0.0,368.06,0.0,368.06
TXN001136,2025-12-24,2025,12,December,4,Wednesday,Football,Sports,Ali Sheikh,FSD-01,Faisalabad,Mobile Wallet,2,167.96,5.0,335.92,16.8,319.12
TXN003093,2025-06-22,2025,6,June,2,Sunday,Wireless Mouse,Electronics,Mariam Khan,LHR-01,Lahore,Cash,1,130.77,0.0,130.77,0.0,130.77
TXN001506,2024-06-10,2024,6,June,2,Monday,Webcam HD,Electronics,Zainab Chaudhry,MUL-01,Multan,Cash,6,55.53,15.0,333.18,49.98,283.2
TXN001638,2026-02-06,2026,2,February,1,Friday,Running Shoes,Apparel,Usman Chaudhry,ISB-01,Islamabad,Credit Card,1,65.36,5.0,65.36,3.27,62.09
TXN001889,2026-07-09,2026,7,July,3,Thursday,Blender,Home & Kitchen,Usman Butt,KHI-02,Karachi,Credit Card,4,32.27,5.0,129.08,6.45,122.63
TXN001191,2024-07-02,2024,7,July,3,Tuesday,Resistance Bands,Sports,Bilal Chaudhry,ISB-01,Islamabad,Credit Card,4,76.86,0.0,307.44,0.0,307.44
TXN001479,2024-02-28,2024,2,February,1,Wednesday,Resistance Bands,Sports,Mariam Malik,MUL-01,Multan,Debit Card,6,88.37,5.0,530.22,26.51,503.71
TXN004083,2026-07-13,2026,7,July,3,Monday,Yoga Mat,Sports,Kamran Farooq,KHI-01,Karachi,Cash,1,54.57,5.0,54.57,2.73,51.84
TXN001787,2024-12-31,2024,12,December,4,Tuesday,Wireless Mouse,Electronics,Ahmed Butt,ISB-01,Islamabad,Credit Card,5,77.48,0.0,387.4,0.0,387.4
TXN003216,2024-01-27,2024,1,January,1,Saturday,Coffee Maker,Home & Kitchen,Omar Sheikh,KHI-02,Karachi,Debit Card,1,51.33,0.0,51.33,0.0,51.33
TXN004261,2024-12-02,2024,12,December,4,Monday,Coffee Maker,Home & Kitchen,Noor Malik,ISB-01,Islamabad,Cash,3,86.92,5.0,260.76,13.04,247.72
TXN001413,2025-09-03,2025,9,September,3,Wednesday,Football,Sports,Hassan Iqbal,PSH-01,Peshawar,Credit Card,6,131.19,0.0,787.14,0.0,787.14
TXN002745,2024-01-23,2024,1,January,1,Tuesday,Sunscreen SPF50,Beauty,Ahmed Iqbal,LHR-02,Lahore,Mobile Wallet,2,77.24,5.0,154.48,7.72,146.76
TXN004345,2024-08-27,2024,8,August,3,Tuesday,Bluetooth Speaker,Electronics,Omar Malik,KHI-01,Karachi,Cash,2,13.87,20.0,27.74,5.55,22.19
TXN000819,2024-04-23,2024,4,April,2,Tuesday,Wool Sweater,Apparel,Faisal Malik,KHI-01,Karachi,Cash,2,75.89,5.0,151.78,7.59,144.19
TXN002060,2026-02-24,2026,2,February,1,Tuesday,Sunscreen SPF50,Beauty,Faisal Malik,PSH-01,Peshawar,Mobile Wallet,3,210.18,20.0,630.54,126.11,504.43
TXN004755,2025-07-19,2025,7,July,3,Saturday,Wireless Mouse,Electronics,Bilal Farooq,MUL-01,Multan,Credit Card,6,62.05,15.0,372.3,55.84,316.46
TXN003952,2026-01-08,2026,1,January,1,Thursday,Wool Sweater,Apparel,Ayesha Iqbal,LHR-01,Lahore,Credit Card,3,220.35,20.0,661.05,132.21,528.84
TXN000287,2026-04-29,2026,4,April,2,Wednesday,Face Moisturizer,Beauty,Omar Malik,LHR-01,Lahore,Credit Card,3,209.54,5.0,628.62,31.43,597.19
TXN004445,2025-07-25,2025,7,July,3,Friday,Shampoo 500ml,Beauty,Kamran Farooq,LHR-02,Lahore,Cash,3,141.65,15.0,424.95,63.74,361.21
TXN000153,2026-03-05,2026,3,March,1,Thursday,Laptop Stand,Electronics,Usman Iqbal,KHI-02,Karachi,Cash,5,98.26,0.0,491.3,0.0,491.3
TXN002816,2026-04-26,2026,4,April,2,Sunday,Hair Dryer,Beauty,Bilal Butt,ISB-01,Islamabad,Credit Card,2,141.62,20.0,283.24,56.65,226.59
TXN004703,2024-12-15,2024,12,December,4,Sunday,Denim Jacket,Apparel,Zainab Farooq,KHI-01,Karachi,Credit Card,5,237.4,15.0,1187.0,178.05,1008.95
TXN001245,2024-01-12,2024,1,January,1,Friday,Running Shoes,Apparel,Ali Butt,FSD-01,Faisalabad,Cash,4,125.84,5.0,503.36,25.17,478.19
TXN001183,2024-01-01,2024,1,January,1,Monday,Wool Sweater,Apparel,Ayesha Butt,LHR-02,Lahore,Cash,2,50.71,10.0,101.42,10.14,91.28
TXN002690,2025-04-11,2025,4,April,2,Friday,Shampoo 500ml,Beauty,Noor Butt,PSH-01,Peshawar,Mobile Wallet,5,147.36,20.0,736.8,147.36,589.44
TXN000062,2025-06-22,2025,6,June,2,Sunday,Face Moisturizer,Beauty,Omar Malik,KHI-01,Karachi,Credit Card,2,8.76,0.0,17.52,0.0,17.52
TXN004088,2024-04-21,2024,4,April,2,Sunday,Football,Sports,Mariam Iqbal,MUL-01,Multan,Debit Card,1,198.62,0.0,198.62,0.0,198.62
TXN000777,2025-07-29,2025,7,July,3,Tuesday,Cotton T-Shirt,Apparel,Noor Khan,FSD-01,Faisalabad,Credit Card,3,138.67,5.0,416.01,20.8,395.21
TXN004380,2026-05-04,2026,5,May,2,Monday,Sunscreen SPF50,Beauty,Ali Raza,PSH-01,Peshawar,Credit Card,3,14.87,10.0,44.61,4.46,40.15
TXN001873,2025-01-18,2025,1,January,1,Saturday,Ceramic Mug Set,Home & Kitchen,Fatima Iqbal,ISB-01,Islamabad,Cash,6,57.43,0.0,344.58,0.0,344.58
TXN001680,2025-08-18,2025,8,August,3,Monday,Face Moisturizer,Beauty,Ali Khan,LHR-01,Lahore,Mobile Wallet,1,88.69,0.0,88.69,0.0,88.69
TXN003740,2026-06-11,2026,6,June,2,Thursday,Cycling Helmet,Sports,Noor Malik,KHI-01,Karachi,Cash,1,244.63,10.0,244.63,24.46,220.17
TXN003925,2026-05-19,2026,5,May,2,Tuesday,Shampoo 500ml,Beauty,Noor Butt,ISB-01,Islamabad,Debit Card,2,87.48,5.0,174.96,8.75,166.21
TXN001389,2025-10-19,2025,10,October,4,Sunday,Shampoo 500ml,Beauty,Fatima Farooq,PSH-01,Peshawar,Mobile Wallet,5,202.48,20.0,1012.4,202.48,809.92
TXN002468,2025-09-01,2025,9,September,3,Monday,Non-Stick Pan,Home & Kitchen,Sana Sheikh,LHR-02,Lahore,Credit Card,6,64.38,0.0,386.28,0.0,386.28
TXN000258,2024-12-04,2024,12,December,4,Wednesday,Football,Sports,Hina Malik,PSH-01,Peshawar,Cash,2,17.34,20.0,34.68,6.94,27.74
TXN001604,2024-02-22,2024,2,February,1,Thursday,Dumbbell Set,Sports,Sara Chaudhry,LHR-02,Lahore,Debit Card,1,230.34,15.0,230.34,34.55,195.79
TXN000474,2024-06-26,2024,6,June,2,Wednesday,Football,Sports,Kamran Farooq,FSD-01,Faisalabad,Debit Card,3,150.29,5.0,450.87,22.54,428.33
TXN003226,2025-09-21,2025,9,September,3,Sunday,Wireless Mouse,Electronics,Ali Butt,KHI-01,Karachi,Debit Card,5,52.03,0.0,260.15,0.0,260.15
TXN001410,2024-01-22,2024,1,January,1,Monday,USB-C Cable,Electronics,Ali Butt,FSD-01,Faisalabad,Mobile Wallet,4,139.39,15.0,557.56,83.63,473.93
TXN000420,2025-05-31,2025,5,May,2,Saturday,Yoga Mat,Sports,Ahmed Khan,MUL-01,Multan,Credit Card,4,109.3,20.0,437.2,87.44,349.76
TXN001446,2024-06-08,2024,6,June,2,Saturday,Non-Stick Pan,Home & Kitchen,Hassan Farooq,LHR-02,Lahore,Debit Card,5,128.86,0.0,644.3,0.0,644.3
TXN000255,2024-07-04,2024,7,July,3,Thursday,Bluetooth Speaker,Electronics,Noor Farooq,LHR-02,Lahore,Credit Card,3,98.04,20.0,294.12,58.82,235.3
TXN002146,2026-01-04,2026,1,January,1,Sunday,Denim Jacket,Apparel,Usman Malik,FSD-01,Faisalabad,Cash,6,207.02,0.0,1242.12,0.0,1242.12
TXN004741,2025-04-07,2025,4,April,2,Monday,Laptop Stand,Electronics,Ahmed Malik,FSD-01,Faisalabad,Credit Card,6,12.93,15.0,77.58,11.64,65.94
TXN004552,2024-07-11,2024,7,July,3,Thursday,USB-C Cable,Electronics,Ayesha Malik,FSD-01,Faisalabad,Credit Card,6,70.73,5.0,424.38,21.22,403.16
TXN003065,2025-07-11,2025,7,July,3,Friday,Coffee Maker,Home & Kitchen,Hassan Butt,KHI-02,Karachi,Mobile Wallet,4,122.08,0.0,488.32,0.0,488.32
TXN003889,2024-06-12,2024,6,June,2,Wednesday,Sports Cap,Apparel,Usman Sheikh,PSH-01,Peshawar,Cash,5,76.02,5.0,380.1,19.0,361.1
TXN000090,2026-03-08,2026,3,March,1,Sunday,Football,Sports,Faisal Chaudhry,LHR-02,Lahore,Debit Card,6,23.71,20.0,142.26,28.45,113.81
TXN000636,2024-05-01,2024,5,May,2,Wednesday,Football,Sports,Zainab Butt,ISB-01,Islamabad,Debit Card,5,59.86,0.0,299.3,0.0,299.3
TXN004854,2024-03-01,2024,3,March,1,Friday,Ceramic Mug Set,Home & Kitchen,Hina Chaudhry,KHI-01,Karachi,Debit Card,5,242.94,15.0,1214.7,182.21,1032.49
TXN001303,2025-11-04,2025,11,November,4,Tuesday,Cycling Helmet,Sports,Hassan Khan,MUL-01,Multan,Mobile Wallet,2,142.53,10.0,285.06,28.51,256.55
TXN001425,2026-05-17,2026,5,May,2,Sunday,Wool Sweater,Apparel,Faisal Farooq,KHI-01,Karachi,Mobile Wallet,4,177.38,20.0,709.52,141.9,567.62
TXN001760,2024-08-18,2024,8,August,3,Sunday,Cotton T-Shirt,Apparel,Zainab Butt,KHI-02,Karachi,Mobile Wallet,6,222.22,10.0,1333.32,133.33,1199.99
TXN000799,2025-08-12,2025,8,August,3,Tuesday,Hair Dryer,Beauty,Ali Farooq,KHI-01,Karachi,Debit Card,4,111.57,15.0,446.28,66.94,379.34
TXN001429,2025-02-13,2025,2,February,1,Thursday,Cycling Helmet,Sports,Mariam Chaudhry,KHI-01,Karachi,Credit Card,3,174.28,0.0,522.84,0.0,522.84
TXN003360,2024-11-14,2024,11,November,4,Thursday,Laptop Stand,Electronics,Hina Raza,PSH-01,Peshawar,Debit Card,1,86.98,5.0,86.98,4.35,82.63
TXN002299,2024-07-26,2024,7,July,3,Friday,Hair Dryer,Beauty,Zainab Iqbal,MUL-01,Multan,Credit Card,5,82.89,10.0,414.45,41.45,373.0
TXN000659,2026-02-26,2026,2,February,1,Thursday,Face Moisturizer,Beauty,Ayesha Butt,LHR-02,Lahore,Cash,5,44.46,15.0,222.3,33.34,188.96
TXN004295,2024-09-04,2024,9,September,3,Wednesday,Yoga Mat,Sports,Ali Khan,KHI-02,Karachi,Credit Card,3,220.25,0.0,660.75,0.0,660.75
TXN002736,2025-02-15,2025,2,February,1,Saturday,Ceramic Mug Set,Home & Kitchen,Zainab Butt,FSD-01,Faisalabad,Credit Card,3,93.45,5.0,280.35,14.02,266.33
TXN004757,2026-02-10,2026,2,February,1,Tuesday,Wireless Mouse,Electronics,Mariam Chaudhry,FSD-01,Faisalabad,Credit Card,4,75.19,10.0,300.76,30.08,270.68
TXN002057,2025-12-10,2025,12,December,4,Wednesday,Sports Cap,Apparel,Mariam Farooq,PSH-01,Peshawar,Debit Card,3,167.58,5.0,502.74,25.14,477.6
TXN001872,2024-06-26,2024,6,June,2,Wednesday,Cycling Helmet,Sports,Sara Chaudhry,KHI-02,Karachi,Credit Card,4,235.93,0.0,943.72,0.0,943.72
TXN002191,2025-09-19,2025,9,September,3,Friday,Bluetooth Speaker,Electronics,Hassan Raza,LHR-02,Lahore,Credit Card,6,61.33,15.0,367.98,55.2,312.78
TXN004916,2026-06-01,2026,6,June,2,Monday,Dumbbell Set,Sports,Zainab Sheikh,ISB-01,Islamabad,Credit Card,1,113.42,15.0,113.42,17.01,96.41
TXN001206,2025-12-05,2025,12,December,4,Friday,LED Desk Lamp,Home & Kitchen,Ahmed Butt,MUL-01,Multan,Credit Card,5,121.4,10.0,607.0,60.7,546.3
TXN000617,2024-09-02,2024,9,September,3,Monday,USB-C Cable,Electronics,Omar Malik,MUL-01,Multan,Credit Card,1,45.45,5.0,45.45,2.27,43.18
TXN003286,2024-04-26,2024,4,April,2,Friday,Hair Dryer,Beauty,Fatima Malik,LHR-02,Lahore,Cash,6,90.17,20.0,541.02,108.2,432.82
TXN000121,2024-10-31,2024,10,October,4,Thursday,Cycling Helmet,Sports,Sana Butt,ISB-01,Islamabad,Cash,1,22.88,5.0,22.88,1.14,21.74
TXN000536,2024-04-09,2024,4,April,2,Tuesday,Bluetooth Speaker,Electronics,Hina Raza,KHI-02,Karachi,Debit Card,1,122.59,0.0,122.59,0.0,122.59
TXN003538,2024-12-20,2024,12,December,4,Friday,Laptop Stand,Electronics,Sara Iqbal,MUL-01,Multan,Debit Card,6,138.84,20.0,833.04,166.61,666.43
TXN002703,2025-10-06,2025,10,October,4,Monday,Face Moisturizer,Beauty,Noor Malik,LHR-02,Lahore,Debit Card,1,242.46,15.0,242.46,36.37,206.09
TXN002603,2026-01-01,2026,1,January,1,Thursday,Wireless Mouse,Electronics,Hassan Raza,LHR-01,Lahore,Mobile Wallet,1,115.07,20.0,115.07,23.01,92.06
TXN002334,2025-08-15,2025,8,August,3,Friday,Running Shoes,Apparel,Ayesha Malik,PSH-01,Peshawar,Cash,1,22.34,10.0,22.34,2.23,20.11
TXN002139,2025-02-23,2025,2,February,1,Sunday,Sunscreen SPF50,Beauty,Kamran Iqbal,ISB-01,Islamabad,Debit Card,4,19.52,0.0,78.08,0.0,78.08
TXN000302,2025-04-10,2025,4,April,2,Thursday,Cycling Helmet,Sports,Mariam Chaudhry,FSD-01,Faisalabad,Credit Card,3,145.85,10.0,437.55,43.76,393.79
TXN001581,2024-12-27,2024,12,December,4,Friday,Hair Dryer,Beauty,Zainab Khan,KHI-01,Karachi,Debit Card,2,84.65,0.0,169.3,0.0,169.3
TXN004945,2026-02-15,2026,2,February,1,Sunday,Blender,Home & Kitchen,Sara Sheikh,FSD-01,Faisalabad,Credit Card,5,86.78,15.0,433.9,65.08,368.82
TXN002801,2026-02-10,2026,2,February,1,Tuesday,Ceramic Mug Set,Home & Kitchen,Kamran Iqbal,MUL-01,Multan,Cash,1,174.56,0.0,174.56,0.0,174.56
TXN001403,2025-11-21,2025,11,November,4,Friday,LED Desk Lamp,Home & Kitchen,Sana Sheikh,PSH-01,Peshawar,Mobile Wallet,6,108.06,0.0,648.36,0.0,648.36
TXN001092,2024-05-28,2024,5,May,2,Tuesday,Football,Sports,Zainab Farooq,MUL-01,Multan,Cash,5,196.97,0.0,984.85,0.0,984.85
TXN001800,2025-07-04,2025,7,July,3,Friday,Sunscreen SPF50,Beauty,Hina Sheikh,MUL-01,Multan,Cash,3,27.85,20.0,83.55,16.71,66.84
TXN003005,2025-02-21,2025,2,February,1,Friday,Face Moisturizer,Beauty,Usman Raza,MUL-01,Multan,Debit Card,5,144.41,5.0,722.05,36.1,685.95
TXN002592,2025-02-07,2025,2,February,1,Friday,Laptop Stand,Electronics,Ali Khan,ISB-01,Islamabad,Mobile Wallet,5,171.5,10.0,857.5,85.75,771.75
TXN003727,2025-08-12,2025,8,August,3,Tuesday,Sports Cap,Apparel,Sana Khan,ISB-01,Islamabad,Cash,3,163.54,5.0,490.62,24.53,466.09
TXN000662,2025-04-29,2025,4,April,2,Tuesday,LED Desk Lamp,Home & Kitchen,Sara Sheikh,LHR-02,Lahore,Cash,4,191.97,0.0,767.88,0.0,767.88
TXN003078,2024-03-03,2024,3,March,1,Sunday,Coffee Maker,Home & Kitchen,Usman Iqbal,ISB-01,Islamabad,Cash,5,249.08,20.0,1245.4,249.08,996.32
TXN000073,2026-01-30,2026,1,January,1,Friday,Wireless Mouse,Electronics,Bilal Iqbal,KHI-02,Karachi,Credit Card,4,236.76,5.0,947.04,47.35,899.69
TXN001712,2024-01-09,2024,1,January,1,Tuesday,Football,Sports,Ali Farooq,KHI-02,Karachi,Mobile Wallet,2,116.89,0.0,233.78,0.0,233.78
TXN002971,2026-07-22,2026,7,July,3,Wednesday,Laptop Stand,Electronics,Zainab Farooq,FSD-01,Faisalabad,Mobile Wallet,4,38.13,0.0,152.52,0.0,152.52
TXN000713,2025-03-22,2025,3,March,1,Saturday,Sunscreen SPF50,Beauty,Hassan Chaudhry,LHR-02,Lahore,Cash,5,219.6,0.0,1098.0,0.0,1098.0
TXN000438,2024-11-03,2024,11,November,4,Sunday,Ceramic Mug Set,Home & Kitchen,Ayesha Khan,PSH-01,Peshawar,Mobile Wallet,4,209.39,0.0,837.56,0.0,837.56
TXN003294,2026-07-27,2026,7,July,3,Monday,Dumbbell Set,Sports,Zainab Khan,KHI-01,Karachi,Credit Card,5,25.94,0.0,129.7,0.0,129.7
TXN003250,2024-05-23,2024,5,May,2,Thursday,Cycling Helmet,Sports,Hina Iqbal,FSD-01,Faisalabad,Cash,2,28.53,0.0,57.06,0.0,57.06
TXN000774,2024-09-07,2024,9,September,3,Saturday,Wool Sweater,Apparel,Sana Chaudhry,ISB-01,Islamabad,Cash,4,9.22,20.0,36.88,7.38,29.5
TXN001441,2024-09-22,2024,9,September,3,Sunday,Laptop Stand,Electronics,Faisal Iqbal,LHR-01,Lahore,Debit Card,1,168.26,15.0,168.26,25.24,143.02
TXN002895,2026-02-06,2026,2,February,1,Friday,Sports Cap,Apparel,Zainab Butt,FSD-01,Faisalabad,Credit Card,3,229.51,0.0,688.53,0.0,688.53
TXN002014,2026-04-05,2026,4,April,2,Sunday,Wireless Mouse,Electronics,Ali Raza,FSD-01,Faisalabad,Cash,6,155.74,20.0,934.44,186.89,747.55
TXN003822,2025-12-18,2025,12,December,4,Thursday,Sports Cap,Apparel,Bilal Sheikh,PSH-01,Peshawar,Mobile Wallet,5,181.44,10.0,907.2,90.72,816.48
TXN003721,2025-11-02,2025,11,November,4,Sunday,LED Desk Lamp,Home & Kitchen,Noor Chaudhry,LHR-02,Lahore,Cash,1,104.51,0.0,104.51,0.0,104.51
TXN004495,2025-07-28,2025,7,July,3,Monday,Laptop Stand,Electronics,Faisal Chaudhry,LHR-02,Lahore,Credit Card,2,147.73,5.0,295.46,14.77,280.69
TXN000491,2024-09-11,2024,9,September,3,Wednesday,Laptop Stand,Electronics,Bilal Sheikh,ISB-01,Islamabad,Cash,5,109.79,0.0,548.95,0.0,548.95
TXN000225,2025-07-16,2025,7,July,3,Wednesday,Cycling Helmet,Sports,Zainab Butt,ISB-01,Islamabad,Credit Card,1,42.63,20.0,42.63,8.53,34.1
TXN004753,2024-03-25,2024,3,March,1,Monday,Coffee Maker,Home & Kitchen,Ahmed Iqbal,KHI-02,Karachi,Debit Card,5,18.12,0.0,90.6,0.0,90.6
TXN000988,2024-01-11,2024,1,January,1,Thursday,Cotton T-Shirt,Apparel,Usman Khan,MUL-01,Multan,Cash,5,87.71,0.0,438.55,0.0,438.55
TXN001213,2026-02-23,2026,2,February,1,Monday,Coffee Maker,Home & Kitchen,Ahmed Farooq,LHR-02,Lahore,Debit Card,2,162.17,10.0,324.34,32.43,291.91
TXN002495,2025-10-02,2025,10,October,4,Thursday,Dumbbell Set,Sports,Kamran Iqbal,MUL-01,Multan,Cash,5,14.89,15.0,74.45,11.17,63.28
TXN000243,2025-01-25,2025,1,January,1,Saturday,Resistance Bands,Sports,Sana Butt,LHR-02,Lahore,Debit Card,1,78.1,0.0,78.1,0.0,78.1
TXN000823,2026-05-20,2026,5,May,2,Wednesday,Face Moisturizer,Beauty,Ali Iqbal,FSD-01,Faisalabad,Cash,6,117.15,15.0,702.9,105.44,597.46
TXN001007,2025-11-13,2025,11,November,4,Thursday,Webcam HD,Electronics,Kamran Farooq,LHR-02,Lahore,Mobile Wallet,5,183.52,0.0,917.6,0.0,917.6
TXN003312,2024-09-22,2024,9,September,3,Sunday,Laptop Stand,Electronics,Faisal Farooq,KHI-02,Karachi,Credit Card,5,5.99,0.0,29.95,0.0,29.95
TXN003993,2025-10-30,2025,10,October,4,Thursday,Denim Jacket,Apparel,Fatima Iqbal,KHI-01,Karachi,Credit Card,3,147.4,20.0,442.2,88.44,353.76
TXN000349,2025-05-16,2025,5,May,2,Friday,Hair Dryer,Beauty,Ahmed Butt,LHR-01,Lahore,Debit Card,1,187.38,15.0,187.38,28.11,159.27
TXN003593,2025-10-25,2025,10,October,4,Saturday,Lip Balm,Beauty,Zainab Butt,FSD-01,Faisalabad,Credit Card,4,154.74,5.0,618.96,30.95,588.01
TXN004444,2025-11-03,2025,11,November,4,Monday,Ceramic Mug Set,Home & Kitchen,Kamran Khan,KHI-01,Karachi,Credit Card,5,14.7,10.0,73.5,7.35,66.15
TXN003392,2024-08-03,2024,8,August,3,Saturday,Laptop Stand,Electronics,Sara Raza,MUL-01,Multan,Credit Card,5,27.06,0.0,135.3,0.0,135.3
TXN003629,2026-04-12,2026,4,April,2,Sunday,Webcam HD,Electronics,Hassan Khan,LHR-01,Lahore,Cash,3,89.45,15.0,268.35,40.25,228.1
TXN000095,2026-03-04,2026,3,March,1,Wednesday,Hair Dryer,Beauty,Mariam Raza,KHI-01,Karachi,Debit Card,1,171.33,0.0,171.33,0.0,171.33
TXN003927,2024-06-02,2024,6,June,2,Sunday,Cotton T-Shirt,Apparel,Ahmed Khan,KHI-01,Karachi,Cash,3,167.12,0.0,501.36,0.0,501.36
TXN001474,2025-06-04,2025,6,June,2,Wednesday,Shampoo 500ml,Beauty,Hassan Farooq,MUL-01,Multan,Credit Card,3,229.86,0.0,689.58,0.0,689.58
TXN000360,2025-12-25,2025,12,December,4,Thursday,Cotton T-Shirt,Apparel,Fatima Farooq,LHR-02,Lahore,Mobile Wallet,5,183.08,10.0,915.4,91.54,823.86
TXN001151,2024-12-11,2024,12,December,4,Wednesday,Denim Jacket,Apparel,Ahmed Chaudhry,KHI-02,Karachi,Debit Card,6,136.36,15.0,818.16,122.72,695.44
TXN004788,2025-03-22,2025,3,March,1,Saturday,Wool Sweater,Apparel,Hina Farooq,KHI-02,Karachi,Cash,1,175.15,0.0,175.15,0.0,175.15
TXN004418,2024-12-16,2024,12,December,4,Monday,Lip Balm,Beauty,Noor Iqbal,KHI-02,Karachi,Credit Card,5,57.07,20.0,285.35,57.07,228.28
TXN001877,2024-05-05,2024,5,May,2,Sunday,Dumbbell Set,Sports,Zainab Raza,PSH-01,Peshawar,Mobile Wallet,5,11.22,0.0,56.1,0.0,56.1
TXN004956,2024-07-29,2024,7,July,3,Monday,Ceramic Mug Set,Home & Kitchen,Hassan Malik,FSD-01,Faisalabad,Mobile Wallet,2,241.84,20.0,483.68,96.74,386.94
TXN004099,2026-05-30,2026,5,May,2,Saturday,Bluetooth Speaker,Electronics,Noor Sheikh,MUL-01,Multan,Credit Card,1,138.08,0.0,138.08,0.0,138.08
TXN003784,2025-11-28,2025,11,November,4,Friday,Cotton T-Shirt,Apparel,Sara Khan,LHR-01,Lahore,Debit Card,1,101.13,0.0,101.13,0.0,101.13
TXN004974,2024-01-22,2024,1,January,1,Monday,Lip Balm,Beauty,Zainab Sheikh,LHR-02,Lahore,Cash,2,187.2,20.0,374.4,74.88,299.52
TXN001501,2025-10-24,2025,10,October,4,Friday,Hair Dryer,Beauty,Sara Khan,ISB-01,Islamabad,Credit Card,2,110.57,10.0,221.14,22.11,199.03
TXN004574,2024-04-05,2024,4,April,2,Friday,Sunscreen SPF50,Beauty,Ayesha Raza,FSD-01,Faisalabad,Mobile Wallet,6,158.72,10.0,952.32,95.23,857.09
TXN002810,2024-03-07,2024,3,March,1,Thursday,Coffee Maker,Home & Kitchen,Sana Malik,ISB-01,Islamabad,Credit Card,2,32.37,0.0,64.74,0.0,64.74
TXN002943,2024-07-18,2024,7,July,3,Thursday,Denim Jacket,Apparel,Omar Farooq,MUL-01,Multan,Cash,4,124.25,0.0,497.0,0.0,497.0
TXN001010,2025-07-25,2025,7,July,3,Friday,Laptop Stand,Electronics,Mariam Farooq,FSD-01,Faisalabad,Cash,6,222.85,10.0,1337.1,133.71,1203.39
TXN000101,2024-09-13,2024,9,September,3,Friday,Hair Dryer,Beauty,Hina Butt,MUL-01,Multan,Cash,3,162.09,20.0,486.27,97.25,389.02
TXN001769,2025-11-27,2025,11,November,4,Thursday,Shampoo 500ml,Beauty,Ali Butt,MUL-01,Multan,Cash,6,163.89,5.0,983.34,49.17,934.17
TXN003523,2026-03-09,2026,3,March,1,Monday,Face Moisturizer,Beauty,Ali Malik,FSD-01,Faisalabad,Credit Card,2,195.77,5.0,391.54,19.58,371.96
TXN003302,2025-08-10,2025,8,August,3,Sunday,Denim Jacket,Apparel,Faisal Chaudhry,KHI-02,Karachi,Debit Card,3,173.14,15.0,519.42,77.91,441.51
TXN002958,2025-12-22,2025,12,December,4,Monday,Non-Stick Pan,Home & Kitchen,Hassan Iqbal,LHR-02,Lahore,Cash,1,204.91,5.0,204.91,10.25,194.66
TXN000137,2025-06-20,2025,6,June,2,Friday,USB-C Cable,Electronics,Omar Chaudhry,LHR-02,Lahore,Credit Card,2,222.87,0.0,445.74,0.0,445.74
TXN003691,2025-04-09,2025,4,April,2,Wednesday,Coffee Maker,Home & Kitchen,Hina Iqbal,KHI-02,Karachi,Credit Card,4,21.1,5.0,84.4,4.22,80.18
TXN002742,2024-05-03,2024,5,May,2,Friday,Denim Jacket,Apparel,Ali Malik,LHR-02,Lahore,Credit Card,3,199.52,0.0,598.56,0.0,598.56
TXN003897,2024-02-25,2024,2,February,1,Sunday,Resistance Bands,Sports,Sara Farooq,FSD-01,Faisalabad,Credit Card,1,118.84,15.0,118.84,17.83,101.01
TXN004077,2025-11-11,2025,11,November,4,Tuesday,Bluetooth Speaker,Electronics,Fatima Iqbal,LHR-02,Lahore,Cash,5,44.37,0.0,221.85,0.0,221.85
TXN000008,2024-01-12,2024,1,January,1,Friday,Laptop Stand,Electronics,Kamran Chaudhry,MUL-01,Multan,Credit Card,6,181.58,20.0,1089.48,217.9,871.58
TXN004342,2024-05-04,2024,5,May,2,Saturday,Dumbbell Set,Sports,Zainab Chaudhry,KHI-01,Karachi,Debit Card,4,132.48,0.0,529.92,0.0,529.92
TXN003191,2025-02-16,2025,2,February,1,Sunday,USB-C Cable,Electronics,Hina Malik,LHR-02,Lahore,Credit Card,5,6.11,0.0,30.55,0.0,30.55
TXN001407,2024-05-13,2024,5,May,2,Monday,Yoga Mat,Sports,Ahmed Farooq,LHR-02,Lahore,Cash,1,112.11,15.0,112.11,16.82,95.29
TXN004613,2024-12-29,2024,12,December,4,Sunday,Football,Sports,Zainab Raza,KHI-01,Karachi,Cash,5,6.57,20.0,32.85,6.57,26.28
TXN002195,2025-04-19,2025,4,April,2,Saturday,Football,Sports,Zainab Sheikh,KHI-01,Karachi,Cash,4,194.23,0.0,776.92,0.0,776.92
TXN003986,2024-09-24,2024,9,September,3,Tuesday,Non-Stick Pan,Home & Kitchen,Mariam Farooq,PSH-01,Peshawar,Credit Card,3,229.24,15.0,687.72,103.16,584.56
TXN001490,2026-03-20,2026,3,March,1,Friday,Cycling Helmet,Sports,Noor Khan,PSH-01,Peshawar,Mobile Wallet,2,153.08,0.0,306.16,0.0,306.16
TXN003455,2025-03-06,2025,3,March,1,Thursday,Sunscreen SPF50,Beauty,Zainab Malik,PSH-01,Peshawar,Mobile Wallet,3,207.14,0.0,621.42,0.0,621.42
TXN001164,2025-03-26,2025,3,March,1,Wednesday,USB-C Cable,Electronics,Usman Iqbal,KHI-02,Karachi,Cash,4,210.39,0.0,841.56,0.0,841.56
TXN001044,2024-01-02,2024,1,January,1,Tuesday,LED Desk Lamp,Home & Kitchen,Fatima Iqbal,KHI-02,Karachi,Cash,2,104.36,10.0,208.72,20.87,187.85
TXN000049,2025-05-18,2025,5,May,2,Sunday,Coffee Maker,Home & Kitchen,Hassan Farooq,LHR-01,Lahore,Debit Card,6,146.37,10.0,878.22,87.82,790.4
TXN002280,2024-06-05,2024,6,June,2,Wednesday,Non-Stick Pan,Home & Kitchen,Ahmed Iqbal,KHI-02,Karachi,Cash,5,31.64,20.0,158.2,31.64,126.56
TXN000072,2025-04-20,2025,4,April,2,Sunday,Wool Sweater,Apparel,Omar Butt,LHR-01,Lahore,Debit Card,4,79.04,0.0,316.16,0.0,316.16
TXN000059,2025-06-04,2025,6,June,2,Wednesday,Sunscreen SPF50,Beauty,Kamran Sheikh,KHI-02,Karachi,Debit Card,1,220.43,5.0,220.43,11.02,209.41
TXN004779,2026-06-20,2026,6,June,2,Saturday,Yoga Mat,Sports,Ahmed Butt,PSH-01,Peshawar,Cash,5,101.01,0.0,505.05,0.0,505.05
TXN004833,2024-06-29,2024,6,June,2,Saturday,Dumbbell Set,Sports,Sara Sheikh,PSH-01,Peshawar,Mobile Wallet,1,64.96,10.0,64.96,6.5,58.46
TXN002693,2025-03-11,2025,3,March,1,Tuesday,Shampoo 500ml,Beauty,Omar Chaudhry,LHR-01,Lahore,Credit Card,4,34.66,10.0,138.64,13.86,124.78
TXN003209,2025-09-26,2025,9,September,3,Friday,Dumbbell Set,Sports,Hassan Butt,ISB-01,Islamabad,Cash,6,167.25,0.0,1003.5,0.0,1003.5
TXN001378,2024-07-18,2024,7,July,3,Thursday,Blender,Home & Kitchen,Kamran Khan,LHR-01,Lahore,Cash,1,169.97,10.0,169.97,17.0,152.97
TXN003125,2024-07-31,2024,7,July,3,Wednesday,Laptop Stand,Electronics,Sana Iqbal,LHR-01,Lahore,Mobile Wallet,1,73.56,15.0,73.56,11.03,62.53
TXN000488,2025-10-24,2025,10,October,4,Friday,Face Moisturizer,Beauty,Usman Sheikh,LHR-01,Lahore,Debit Card,3,42.76,20.0,128.28,25.66,102.62
TXN001616,2024-01-17,2024,1,January,1,Wednesday,Wool Sweater,Apparel,Ayesha Iqbal,MUL-01,Multan,Debit Card,4,121.22,15.0,484.88,72.73,412.15
TXN002538,2025-06-01,2025,6,June,2,Sunday,Cycling Helmet,Sports,Mariam Sheikh,LHR-02,Lahore,Debit Card,2,129.38,0.0,258.76,0.0,258.76
TXN002315,2026-05-07,2026,5,May,2,Thursday,Running Shoes,Apparel,Mariam Iqbal,PSH-01,Peshawar,Debit Card,6,75.14,20.0,450.84,90.17,360.67
TXN002153,2026-01-24,2026,1,January,1,Saturday,Bluetooth Speaker,Electronics,Ali Iqbal,FSD-01,Faisalabad,Mobile Wallet,6,133.38,15.0,800.28,120.04,680.24
TXN003165,2026-03-21,2026,3,March,1,Saturday,LED Desk Lamp,Home & Kitchen,Zainab Khan,KHI-01,Karachi,Cash,4,186.22,20.0,744.88,148.98,595.9
TXN002822,2026-03-05,2026,3,March,1,Thursday,Non-Stick Pan,Home & Kitchen,Kamran Malik,LHR-01,Lahore,Mobile Wallet,6,66.09,0.0,396.54,0.0,396.54
TXN001159,2026-05-11,2026,5,May,2,Monday,LED Desk Lamp,Home & Kitchen,Noor Sheikh,ISB-01,Islamabad,Cash,3,131.14,0.0,393.42,0.0,393.42
TXN001999,2024-01-25,2024,1,January,1,Thursday,Wireless Mouse,Electronics,Zainab Butt,LHR-02,Lahore,Debit Card,1,178.35,0.0,178.35,0.0,178.35
TXN001731,2025-06-27,2025,6,June,2,Friday,Webcam HD,Electronics,Sana Iqbal,PSH-01,Peshawar,Cash,2,203.57,10.0,407.14,40.71,366.43
TXN003512,2026-06-10,2026,6,June,2,Wednesday,Hair Dryer,Beauty,Ahmed Raza,KHI-02,Karachi,Cash,5,97.45,5.0,487.25,24.36,462.89
TXN001732,2025-08-29,2025,8,August,3,Friday,Non-Stick Pan,Home & Kitchen,Faisal Sheikh,LHR-02,Lahore,Cash,4,50.1,15.0,200.4,30.06,170.34
TXN000395,2024-06-20,2024,6,June,2,Thursday,Sports Cap,Apparel,Ahmed Chaudhry,FSD-01,Faisalabad,Cash,3,102.69,10.0,308.07,30.81,277.26
TXN002991,2026-01-13,2026,1,January,1,Tuesday,Hair Dryer,Beauty,Hina Iqbal,FSD-01,Faisalabad,Cash,6,8.38,0.0,50.28,0.0,50.28
TXN001040,2024-02-11,2024,2,February,1,Sunday,Blender,Home & Kitchen,Zainab Chaudhry,LHR-02,Lahore,Credit Card,4,230.12,15.0,920.48,138.07,782.41
TXN001797,2026-04-01,2026,4,April,2,Wednesday,Football,Sports,Omar Iqbal,LHR-02,Lahore,Cash,3,74.83,10.0,224.49,22.45,202.04
TXN004018,2025-02-28,2025,2,February,1,Friday,Sunscreen SPF50,Beauty,Fatima Sheikh,MUL-01,Multan,Credit Card,2,124.56,10.0,249.12,24.91,224.21
TXN003448,2024-08-06,2024,8,August,3,Tuesday,Blender,Home & Kitchen,Omar Iqbal,KHI-01,Karachi,Credit Card,3,109.01,20.0,327.03,65.41,261.62
TXN000335,2025-11-21,2025,11,November,4,Friday,Sports Cap,Apparel,Noor Malik,KHI-01,Karachi,Cash,4,177.12,0.0,708.48,0.0,708.48
TXN001932,2024-08-21,2024,8,August,3,Wednesday,Webcam HD,Electronics,Ali Malik,ISB-01,Islamabad,Credit Card,3,106.72,15.0,320.16,48.02,272.14
TXN001163,2025-11-23,2025,11,November,4,Sunday,Cotton T-Shirt,Apparel,Noor Sheikh,LHR-01,Lahore,Cash,6,114.47,0.0,686.82,0.0,686.82
TXN004358,2026-07-20,2026,7,July,3,Monday,Hair Dryer,Beauty,Usman Malik,KHI-02,Karachi,Debit Card,6,128.33,5.0,769.98,38.5,731.48
TXN002540,2025-07-31,2025,7,July,3,Thursday,Denim Jacket,Apparel,Fatima Raza,MUL-01,Multan,Cash,2,204.58,0.0,409.16,0.0,409.16
TXN000252,2024-10-30,2024,10,October,4,Wednesday,Cotton T-Shirt,Apparel,Fatima Chaudhry,LHR-02,Lahore,Debit Card,1,118.75,20.0,118.75,23.75,95.0
TXN002422,2026-05-31,2026,5,May,2,Sunday,Sports Cap,Apparel,Hina Malik,PSH-01,Peshawar,Credit Card,5,161.05,0.0,805.25,0.0,805.25
TXN004830,2026-04-10,2026,4,April,2,Friday,Denim Jacket,Apparel,Sara Iqbal,MUL-01,Multan,Credit Card,2,145.32,0.0,290.64,0.0,290.64
TXN004556,2026-07-21,2026,7,July,3,Tuesday,LED Desk Lamp,Home & Kitchen,Faisal Chaudhry,LHR-02,Lahore,Debit Card,2,198.71,0.0,397.42,0.0,397.42
TXN002534,2025-02-05,2025,2,February,1,Wednesday,Sunscreen SPF50,Beauty,Usman Iqbal,LHR-01,Lahore,Credit Card,5,181.41,0.0,907.05,0.0,907.05
TXN003102,2025-09-22,2025,9,September,3,Monday,USB-C Cable,Electronics,Hassan Malik,FSD-01,Faisalabad,Debit Card,2,120.94,10.0,241.88,24.19,217.69
TXN000869,2025-02-14,2025,2,February,1,Friday,Sports Cap,Apparel,Usman Chaudhry,MUL-01,Multan,Debit Card,5,100.49,5.0,502.45,25.12,477.33
TXN001424,2025-03-07,2025,3,March,1,Friday,Running Shoes,Apparel,Bilal Chaudhry,PSH-01,Peshawar,Credit Card,4,125.34,0.0,501.36,0.0,501.36
TXN001693,2026-05-29,2026,5,May,2,Friday,Hair Dryer,Beauty,Noor Raza,KHI-01,Karachi,Mobile Wallet,6,40.03,0.0,240.18,0.0,240.18
TXN002555,2026-05-01,2026,5,May,2,Friday,Sunscreen SPF50,Beauty,Faisal Iqbal,PSH-01,Peshawar,Credit Card,5,211.18,20.0,1055.9,211.18,844.72
TXN003732,2025-12-09,2025,12,December,4,Tuesday,Running Shoes,Apparel,Ali Chaudhry,FSD-01,Faisalabad,Credit Card,1,145.76,5.0,145.76,7.29,138.47
TXN003339,2024-10-29,2024,10,October,4,Tuesday,Dumbbell Set,Sports,Faisal Raza,PSH-01,Peshawar,Cash,2,169.11,5.0,338.22,16.91,321.31
TXN001778,2026-03-09,2026,3,March,1,Monday,Resistance Bands,Sports,Sana Khan,MUL-01,Multan,Credit Card,3,5.73,10.0,17.19,1.72,15.47
TXN001466,2025-01-07,2025,1,January,1,Tuesday,Face Moisturizer,Beauty,Zainab Khan,MUL-01,Multan,Credit Card,1,212.39,15.0,212.39,31.86,180.53
TXN004530,2025-12-11,2025,12,December,4,Thursday,Denim Jacket,Apparel,Sara Chaudhry,PSH-01,Peshawar,Cash,1,162.7,20.0,162.7,32.54,130.16
TXN001641,2024-07-31,2024,7,July,3,Wednesday,Football,Sports,Ali Sheikh,PSH-01,Peshawar,Cash,1,37.29,0.0,37.29,0.0,37.29
TXN002003,2024-08-09,2024,8,August,3,Friday,Running Shoes,Apparel,Hassan Malik,PSH-01,Peshawar,Cash,1,240.98,5.0,240.98,12.05,228.93
TXN003545,2024-11-02,2024,11,November,4,Saturday,Laptop Stand,Electronics,Mariam Farooq,LHR-02,Lahore,Credit Card,5,29.91,20.0,149.55,29.91,119.64
TXN004531,2026-07-31,2026,7,July,3,Friday,Wool Sweater,Apparel,Ahmed Chaudhry,FSD-01,Faisalabad,Credit Card,1,131.07,20.0,131.07,26.21,104.86
TXN002899,2026-03-21,2026,3,March,1,Saturday,Hair Dryer,Beauty,Hassan Farooq,LHR-01,Lahore,Mobile Wallet,2,212.69,5.0,425.38,21.27,404.11
TXN001921,2026-03-09,2026,3,March,1,Monday,Ceramic Mug Set,Home & Kitchen,Bilal Farooq,MUL-01,Multan,Debit Card,4,92.1,0.0,368.4,0.0,368.4
TXN002277,2026-03-30,2026,3,March,1,Monday,Sports Cap,Apparel,Ali Iqbal,LHR-02,Lahore,Debit Card,1,155.82,0.0,155.82,0.0,155.82
TXN004744,2024-01-28,2024,1,January,1,Sunday,Bluetooth Speaker,Electronics,Hina Malik,PSH-01,Peshawar,Cash,5,216.42,0.0,1082.1,0.0,1082.1
TXN003050,2024-12-25,2024,12,December,4,Wednesday,Sports Cap,Apparel,Zainab Butt,KHI-02,Karachi,Mobile Wallet,5,242.92,10.0,1214.6,121.46,1093.14
TXN004126,2026-03-11,2026,3,March,1,Wednesday,Laptop Stand,Electronics,Sara Khan,MUL-01,Multan,Mobile Wallet,3,239.74,0.0,719.22,0.0,719.22
TXN001965,2024-06-18,2024,6,June,2,Tuesday,USB-C Cable,Electronics,Hassan Malik,LHR-01,Lahore,Credit Card,1,221.23,5.0,221.23,11.06,210.17
TXN000951,2024-07-25,2024,7,July,3,Thursday,Webcam HD,Electronics,Hassan Raza,ISB-01,Islamabad,Credit Card,2,67.79,0.0,135.58,0.0,135.58
TXN003308,2025-08-08,2025,8,August,3,Friday,Dumbbell Set,Sports,Zainab Malik,FSD-01,Faisalabad,Cash,2,173.89,0.0,347.78,0.0,347.78
TXN004181,2026-01-07,2026,1,January,1,Wednesday,Non-Stick Pan,Home & Kitchen,Ayesha Raza,LHR-02,Lahore,Mobile Wallet,3,129.1,0.0,387.3,0.0,387.3
TXN002737,2026-05-05,2026,5,May,2,Tuesday,Dumbbell Set,Sports,Noor Butt,ISB-01,Islamabad,Credit Card,3,64.33,0.0,192.99,0.0,192.99
TXN004115,2024-08-31,2024,8,August,3,Saturday,Webcam HD,Electronics,Zainab Butt,LHR-02,Lahore,Cash,3,202.88,20.0,608.64,121.73,486.91
TXN003577,2024-09-04,2024,9,September,3,Wednesday,Non-Stick Pan,Home & Kitchen,Ahmed Raza,FSD-01,Faisalabad,Credit Card,6,70.23,10.0,421.38,42.14,379.24
TXN004902,2024-05-11,2024,5,May,2,Saturday,LED Desk Lamp,Home & Kitchen,Fatima Raza,MUL-01,Multan,Mobile Wallet,3,87.81,0.0,263.43,0.0,263.43
TXN004130,2025-05-24,2025,5,May,2,Saturday,Sunscreen SPF50,Beauty,Hina Khan,PSH-01,Peshawar,Credit Card,5,128.0,20.0,640.0,128.0,512.0
TXN004337,2025-11-23,2025,11,November,4,Sunday,Wool Sweater,Apparel,Zainab Sheikh,LHR-02,Lahore,Mobile Wallet,1,166.56,15.0,166.56,24.98,141.58
TXN004309,2025-10-21,2025,10,October,4,Tuesday,Yoga Mat,Sports,Ayesha Butt,ISB-01,Islamabad,Credit Card,5,108.31,10.0,541.55,54.16,487.39
TXN002005,2025-06-07,2025,6,June,2,Saturday,Cotton T-Shirt,Apparel,Hina Chaudhry,KHI-01,Karachi,Credit Card,2,59.68,5.0,119.36,5.97,113.39
TXN001493,2026-03-02,2026,3,March,1,Monday,Hair Dryer,Beauty,Kamran Khan,ISB-01,Islamabad,Cash,2,95.58,5.0,191.16,9.56,181.6
TXN004483,2024-07-31,2024,7,July,3,Wednesday,Lip Balm,Beauty,Usman Chaudhry,LHR-01,Lahore,Debit Card,5,20.05,20.0,100.25,20.05,80.2
TXN004470,2025-04-06,2025,4,April,2,Sunday,Hair Dryer,Beauty,Ayesha Khan,KHI-01,Karachi,Credit Card,3,39.49,20.0,118.47,23.69,94.78
TXN001677,2024-03-30,2024,3,March,1,Saturday,Laptop Stand,Electronics,Hina Sheikh,ISB-01,Islamabad,Cash,2,118.68,0.0,237.36,0.0,237.36
TXN004368,2025-03-09,2025,3,March,1,Sunday,Sunscreen SPF50,Beauty,Fatima Iqbal,ISB-01,Islamabad,Debit Card,4,106.96,5.0,427.84,21.39,406.45
TXN000509,2024-03-27,2024,3,March,1,Wednesday,Resistance Bands,Sports,Mariam Iqbal,PSH-01,Peshawar,Cash,4,136.67,0.0,546.68,0.0,546.68
TXN000051,2024-06-09,2024,6,June,2,Sunday,Denim Jacket,Apparel,Sara Sheikh,ISB-01,Islamabad,Debit Card,6,105.09,0.0,630.54,0.0,630.54
TXN001293,2026-07-03,2026,7,July,3,Friday,Sunscreen SPF50,Beauty,Sana Butt,LHR-01,Lahore,Credit Card,5,61.67,5.0,308.35,15.42,292.93
TXN003317,2024-02-27,2024,2,February,1,Tuesday,Running Shoes,Apparel,Mariam Iqbal,LHR-01,Lahore,Cash,6,129.82,10.0,778.92,77.89,701.03
TXN004045,2025-09-14,2025,9,September,3,Sunday,Bluetooth Speaker,Electronics,Sara Malik,ISB-01,Islamabad,Cash,6,159.81,0.0,958.86,0.0,958.86
TXN000067,2025-08-11,2025,8,August,3,Monday,Coffee Maker,Home & Kitchen,Sana Malik,MUL-01,Multan,Debit Card,1,248.21,5.0,248.21,12.41,235.8
TXN002901,2025-09-11,2025,9,September,3,Thursday,Cycling Helmet,Sports,Bilal Sheikh,PSH-01,Peshawar,Debit Card,3,29.65,10.0,88.95,8.89,80.06
TXN004282,2024-10-04,2024,10,October,4,Friday,Hair Dryer,Beauty,Sana Butt,MUL-01,Multan,Credit Card,1,101.12,20.0,101.12,20.22,80.9
TXN001395,2024-09-18,2024,9,September,3,Wednesday,Running Shoes,Apparel,Ali Farooq,PSH-01,Peshawar,Debit Card,2,104.68,5.0,209.36,10.47,198.89
TXN003772,2024-09-23,2024,9,September,3,Monday,Bluetooth Speaker,Electronics,Noor Malik,KHI-01,Karachi,Cash,1,207.14,20.0,207.14,41.43,165.71
TXN000023,2024-06-01,2024,6,June,2,Saturday,Hair Dryer,Beauty,Fatima Malik,LHR-01,Lahore,Credit Card,3,13.83,0.0,41.49,0.0,41.49
TXN001260,2024-09-26,2024,9,September,3,Thursday,Ceramic Mug Set,Home & Kitchen,Hina Butt,LHR-01,Lahore,Mobile Wallet,6,211.33,10.0,1267.98,126.8,1141.18
TXN001887,2024-07-11,2024,7,July,3,Thursday,Webcam HD,Electronics,Omar Malik,LHR-02,Lahore,Credit Card,6,241.76,10.0,1450.56,145.06,1305.5
TXN004782,2025-12-22,2025,12,December,4,Monday,Denim Jacket,Apparel,Sara Butt,KHI-01,Karachi,Debit Card,3,222.62,0.0,667.86,0.0,667.86
TXN003111,2026-01-15,2026,1,January,1,Thursday,Hair Dryer,Beauty,Sana Iqbal,KHI-01,Karachi,Cash,3,90.03,5.0,270.09,13.5,256.59
TXN001628,2024-03-18,2024,3,March,1,Monday,Coffee Maker,Home & Kitchen,Faisal Iqbal,LHR-01,Lahore,Mobile Wallet,5,122.08,20.0,610.4,122.08,488.32
TXN004098,2026-02-04,2026,2,February,1,Wednesday,Blender,Home & Kitchen,Faisal Raza,KHI-02,Karachi,Cash,6,170.22,0.0,1021.32,0.0,1021.32
TXN002950,2024-08-02,2024,8,August,3,Friday,Hair Dryer,Beauty,Omar Chaudhry,LHR-01,Lahore,Credit Card,1,37.91,20.0,37.91,7.58,30.33
TXN000638,2024-06-29,2024,6,June,2,Saturday,LED Desk Lamp,Home & Kitchen,Ali Raza,LHR-01,Lahore,Cash,5,243.04,20.0,1215.2,243.04,972.16
TXN002823,2024-03-21,2024,3,March,1,Thursday,Yoga Mat,Sports,Faisal Butt,ISB-01,Islamabad,Credit Card,2,56.33,0.0,112.66,0.0,112.66
TXN004758,2024-01-23,2024,1,January,1,Tuesday,Face Moisturizer,Beauty,Hassan Farooq,PSH-01,Peshawar,Mobile Wallet,2,155.06,0.0,310.12,0.0,310.12
TXN004390,2025-01-13,2025,1,January,1,Monday,Ceramic Mug Set,Home & Kitchen,Fatima Butt,KHI-01,Karachi,Debit Card,1,26.67,5.0,26.67,1.33,25.34
TXN002349,2026-04-22,2026,4,April,2,Wednesday,Laptop Stand,Electronics,Sara Farooq,MUL-01,Multan,Credit Card,4,125.32,20.0,501.28,100.26,401.02
TXN003810,2024-12-22,2024,12,December,4,Sunday,Resistance Bands,Sports,Ahmed Chaudhry,LHR-02,Lahore,Debit Card,3,11.06,20.0,33.18,6.64,26.54
TXN001328,2024-03-14,2024,3,March,1,Thursday,Dumbbell Set,Sports,Mariam Sheikh,LHR-01,Lahore,Debit Card,4,231.39,0.0,925.56,0.0,925.56
TXN002225,2025-03-29,2025,3,March,1,Saturday,Football,Sports,Faisal Chaudhry,MUL-01,Multan,Debit Card,3,24.19,0.0,72.57,0.0,72.57
TXN002650,2026-03-23,2026,3,March,1,Monday,Hair Dryer,Beauty,Noor Farooq,ISB-01,Islamabad,Mobile Wallet,5,132.36,15.0,661.8,99.27,562.53
TXN000742,2026-02-26,2026,2,February,1,Thursday,Wireless Mouse,Electronics,Zainab Farooq,MUL-01,Multan,Cash,4,68.72,0.0,274.88,0.0,274.88
TXN002839,2024-04-04,2024,4,April,2,Thursday,Sunscreen SPF50,Beauty,Ahmed Iqbal,PSH-01,Peshawar,Credit Card,2,182.9,10.0,365.8,36.58,329.22
TXN003728,2026-06-11,2026,6,June,2,Thursday,Denim Jacket,Apparel,Bilal Raza,MUL-01,Multan,Cash,4,109.98,15.0,439.92,65.99,373.93
TXN001228,2024-02-14,2024,2,February,1,Wednesday,USB-C Cable,Electronics,Kamran Khan,KHI-02,Karachi,Mobile Wallet,4,118.28,0.0,473.12,0.0,473.12
TXN001672,2026-03-03,2026,3,March,1,Tuesday,Wool Sweater,Apparel,Hina Iqbal,MUL-01,Multan,Cash,2,215.62,0.0,431.24,0.0,431.24
TXN000895,2026-06-28,2026,6,June,2,Sunday,Sports Cap,Apparel,Kamran Khan,KHI-01,Karachi,Cash,3,202.77,15.0,608.31,91.25,517.06
TXN003851,2026-02-13,2026,2,February,1,Friday,Dumbbell Set,Sports,Noor Farooq,ISB-01,Islamabad,Mobile Wallet,5,198.22,5.0,991.1,49.55,941.55
TXN003458,2024-05-19,2024,5,May,2,Sunday,Laptop Stand,Electronics,Mariam Raza,MUL-01,Multan,Credit Card,3,191.99,15.0,575.97,86.4,489.57
TXN003402,2024-04-21,2024,4,April,2,Sunday,Face Moisturizer,Beauty,Zainab Farooq,KHI-02,Karachi,Cash,3,16.36,10.0,49.08,4.91,44.17
TXN001121,2026-07-12,2026,7,July,3,Sunday,Denim Jacket,Apparel,Faisal Butt,ISB-01,Islamabad,Credit Card,3,233.96,15.0,701.88,105.28,596.6
TXN000870,2025-08-31,2025,8,August,3,Sunday,Non-Stick Pan,Home & Kitchen,Hassan Chaudhry,LHR-02,Lahore,Cash,4,19.51,0.0,78.04,0.0,78.04
TXN002520,2024-10-03,2024,10,October,4,Thursday,Non-Stick Pan,Home & Kitchen,Sana Khan,PSH-01,Peshawar,Cash,1,213.4,0.0,213.4,0.0,213.4
TXN001009,2024-02-08,2024,2,February,1,Thursday,Wool Sweater,Apparel,Usman Khan,ISB-01,Islamabad,Credit Card,1,183.17,0.0,183.17,0.0,183.17
TXN001416,2024-04-07,2024,4,April,2,Sunday,Blender,Home & Kitchen,Faisal Iqbal,ISB-01,Islamabad,Cash,3,139.88,20.0,419.64,83.93,335.71
TXN001066,2026-04-07,2026,4,April,2,Tuesday,Wireless Mouse,Electronics,Ali Malik,LHR-01,Lahore,Credit Card,1,148.53,20.0,148.53,29.71,118.82
TXN004376,2025-02-26,2025,2,February,1,Wednesday,Wool Sweater,Apparel,Hina Butt,PSH-01,Peshawar,Credit Card,4,235.93,15.0,943.72,141.56,802.16
TXN004110,2024-06-28,2024,6,June,2,Friday,Running Shoes,Apparel,Faisal Khan,FSD-01,Faisalabad,Cash,1,134.16,5.0,134.16,6.71,127.45
TXN004884,2024-03-16,2024,3,March,1,Saturday,Hair Dryer,Beauty,Ayesha Farooq,ISB-01,Islamabad,Credit Card,6,191.16,5.0,1146.96,57.35,1089.61
TXN003249,2025-08-09,2025,8,August,3,Saturday,Wireless Mouse,Electronics,Sara Raza,FSD-01,Faisalabad,Credit Card,6,188.19,0.0,1129.14,0.0,1129.14
TXN002608,2024-06-14,2024,6,June,2,Friday,Non-Stick Pan,Home & Kitchen,Sana Sheikh,PSH-01,Peshawar,Debit Card,5,184.58,20.0,922.9,184.58,738.32
TXN001227,2025-09-17,2025,9,September,3,Wednesday,USB-C Cable,Electronics,Sara Malik,LHR-01,Lahore,Cash,1,211.74,0.0,211.74,0.0,211.74
TXN004230,2024-04-30,2024,4,April,2,Tuesday,Football,Sports,Ayesha Malik,PSH-01,Peshawar,Debit Card,1,201.81,0.0,201.81,0.0,201.81
TXN002269,2025-06-15,2025,6,June,2,Sunday,Football,Sports,Faisal Iqbal,ISB-01,Islamabad,Cash,1,239.89,20.0,239.89,47.98,191.91
TXN002743,2024-01-06,2024,1,January,1,Saturday,Webcam HD,Electronics,Ali Malik,FSD-01,Faisalabad,Cash,4,106.2,0.0,424.8,0.0,424.8
TXN003306,2025-03-12,2025,3,March,1,Wednesday,LED Desk Lamp,Home & Kitchen,Omar Malik,KHI-02,Karachi,Credit Card,6,54.43,0.0,326.58,0.0,326.58
TXN004453,2024-02-19,2024,2,February,1,Monday,Cotton T-Shirt,Apparel,Ayesha Sheikh,FSD-01,Faisalabad,Cash,1,21.78,0.0,21.78,0.0,21.78
TXN004808,2024-09-14,2024,9,September,3,Saturday,USB-C Cable,Electronics,Hina Butt,PSH-01,Peshawar,Cash,2,248.28,0.0,496.56,0.0,496.56
TXN001032,2026-03-09,2026,3,March,1,Monday,Coffee Maker,Home & Kitchen,Kamran Raza,LHR-02,Lahore,Credit Card,1,119.0,20.0,119.0,23.8,95.2
TXN002343,2026-04-16,2026,4,April,2,Thursday,Denim Jacket,Apparel,Ali Iqbal,LHR-02,Lahore,Credit Card,3,184.34,0.0,553.02,0.0,553.02
TXN002148,2025-07-14,2025,7,July,3,Monday,LED Desk Lamp,Home & Kitchen,Sara Sheikh,MUL-01,Multan,Cash,3,230.87,10.0,692.61,69.26,623.35
TXN000842,2026-04-04,2026,4,April,2,Saturday,Sunscreen SPF50,Beauty,Faisal Khan,LHR-01,Lahore,Credit Card,1,243.87,0.0,243.87,0.0,243.87
TXN000297,2024-09-16,2024,9,September,3,Monday,Shampoo 500ml,Beauty,Sana Sheikh,MUL-01,Multan,Credit Card,6,146.52,20.0,879.12,175.82,703.3
TXN004937,2025-05-29,2025,5,May,2,Thursday,Football,Sports,Usman Khan,LHR-02,Lahore,Mobile Wallet,1,152.73,15.0,152.73,22.91,129.82
TXN000096,2026-07-27,2026,7,July,3,Monday,Lip Balm,Beauty,Bilal Raza,ISB-01,Islamabad,Credit Card,6,81.01,10.0,486.06,48.61,437.45
TXN004568,2026-06-11,2026,6,June,2,Thursday,Cotton T-Shirt,Apparel,Ahmed Raza,MUL-01,Multan,Credit Card,6,64.9,0.0,389.4,0.0,389.4
TXN001554,2025-01-24,2025,1,January,1,Friday,Coffee Maker,Home & Kitchen,Sana Farooq,LHR-02,Lahore,Debit Card,4,62.51,0.0,250.04,0.0,250.04
TXN003035,2026-04-22,2026,4,April,2,Wednesday,Blender,Home & Kitchen,Ali Khan,KHI-01,Karachi,Mobile Wallet,4,92.06,0.0,368.24,0.0,368.24
TXN002131,2024-01-03,2024,1,January,1,Wednesday,Webcam HD,Electronics,Ahmed Chaudhry,PSH-01,Peshawar,Debit Card,1,183.29,0.0,183.29,0.0,183.29
TXN001340,2024-07-27,2024,7,July,3,Saturday,Denim Jacket,Apparel,Usman Iqbal,KHI-01,Karachi,Credit Card,4,204.57,0.0,818.28,0.0,818.28
TXN004924,2024-02-23,2024,2,February,1,Friday,Denim Jacket,Apparel,Sara Sheikh,LHR-02,Lahore,Cash,3,181.58,10.0,544.74,54.47,490.27
TXN003194,2025-12-29,2025,12,December,4,Monday,Yoga Mat,Sports,Zainab Iqbal,ISB-01,Islamabad,Credit Card,2,199.45,0.0,398.9,0.0,398.9
TXN000319,2025-01-09,2025,1,January,1,Thursday,Cycling Helmet,Sports,Sana Butt,FSD-01,Faisalabad,Cash,1,68.65,20.0,68.65,13.73,54.92
TXN003743,2026-07-24,2026,7,July,3,Friday,Yoga Mat,Sports,Omar Malik,KHI-01,Karachi,Debit Card,5,46.5,20.0,232.5,46.5,186.0
TXN000405,2024-04-19,2024,4,April,2,Friday,Sports Cap,Apparel,Faisal Butt,LHR-01,Lahore,Cash,4,173.77,15.0,695.08,104.26,590.82
TXN001452,2024-01-11,2024,1,January,1,Thursday,Shampoo 500ml,Beauty,Ahmed Farooq,ISB-01,Islamabad,Credit Card,4,164.91,0.0,659.64,0.0,659.64
TXN001959,2025-11-20,2025,11,November,4,Thursday,Webcam HD,Electronics,Noor Malik,KHI-01,Karachi,Debit Card,1,8.09,0.0,8.09,0.0,8.09
TXN000538,2024-11-04,2024,11,November,4,Monday,Lip Balm,Beauty,Bilal Khan,LHR-02,Lahore,Debit Card,1,158.42,0.0,158.42,0.0,158.42
TXN003655,2024-02-24,2024,2,February,1,Saturday,Football,Sports,Fatima Chaudhry,FSD-01,Faisalabad,Mobile Wallet,6,126.07,5.0,756.42,37.82,718.6
TXN001860,2025-05-06,2025,5,May,2,Tuesday,Denim Jacket,Apparel,Usman Chaudhry,ISB-01,Islamabad,Mobile Wallet,1,105.5,0.0,105.5,0.0,105.5
TXN003598,2025-09-05,2025,9,September,3,Friday,Dumbbell Set,Sports,Hina Raza,KHI-02,Karachi,Cash,5,228.22,5.0,1141.1,57.05,1084.05
TXN001023,2026-06-07,2026,6,June,2,Sunday,Shampoo 500ml,Beauty,Noor Raza,FSD-01,Faisalabad,Debit Card,2,50.07,5.0,100.14,5.01,95.13
TXN004451,2025-11-01,2025,11,November,4,Saturday,Sports Cap,Apparel,Hina Iqbal,LHR-01,Lahore,Credit Card,5,42.65,0.0,213.25,0.0,213.25
TXN004092,2025-01-14,2025,1,January,1,Tuesday,Laptop Stand,Electronics,Kamran Sheikh,PSH-01,Peshawar,Credit Card,6,148.29,20.0,889.74,177.95,711.79
TXN001393,2024-10-13,2024,10,October,4,Sunday,Yoga Mat,Sports,Kamran Farooq,FSD-01,Faisalabad,Credit Card,6,9.82,20.0,58.92,11.78,47.14
TXN004420,2025-09-16,2025,9,September,3,Tuesday,Bluetooth Speaker,Electronics,Zainab Sheikh,LHR-01,Lahore,Cash,2,31.74,15.0,63.48,9.52,53.96
TXN002805,2024-08-09,2024,8,August,3,Friday,Cycling Helmet,Sports,Omar Sheikh,PSH-01,Peshawar,Debit Card,3,68.29,0.0,204.87,0.0,204.87
TXN002628,2024-01-09,2024,1,January,1,Tuesday,Bluetooth Speaker,Electronics,Fatima Farooq,MUL-01,Multan,Cash,1,8.48,10.0,8.48,0.85,7.63
TXN003039,2024-01-15,2024,1,January,1,Monday,Laptop Stand,Electronics,Mariam Khan,KHI-01,Karachi,Cash,3,24.06,5.0,72.18,3.61,68.57
TXN004545,2025-05-29,2025,5,May,2,Thursday,Wireless Mouse,Electronics,Sara Raza,KHI-01,Karachi,Mobile Wallet,5,80.67,0.0,403.35,0.0,403.35
TXN003862,2025-12-31,2025,12,December,4,Wednesday,Wool Sweater,Apparel,Hassan Malik,MUL-01,Multan,Cash,4,185.39,0.0,741.56,0.0,741.56
TXN003319,2024-05-31,2024,5,May,2,Friday,Sunscreen SPF50,Beauty,Mariam Iqbal,KHI-02,Karachi,Credit Card,6,86.86,5.0,521.16,26.06,495.1
TXN002612,2024-03-01,2024,3,March,1,Friday,Cotton T-Shirt,Apparel,Ahmed Sheikh,ISB-01,Islamabad,Mobile Wallet,2,76.91,5.0,153.82,7.69,146.13
TXN004771,2024-07-16,2024,7,July,3,Tuesday,Cotton T-Shirt,Apparel,Sara Butt,ISB-01,Islamabad,Debit Card,4,210.72,0.0,842.88,0.0,842.88
TXN003552,2026-04-23,2026,4,April,2,Thursday,Blender,Home & Kitchen,Zainab Sheikh,MUL-01,Multan,Mobile Wallet,5,180.18,0.0,900.9,0.0,900.9
TXN000334,2024-03-20,2024,3,March,1,Wednesday,Lip Balm,Beauty,Hassan Khan,LHR-01,Lahore,Cash,1,240.34,5.0,240.34,12.02,228.32
TXN002664,2024-09-23,2024,9,September,3,Monday,Sunscreen SPF50,Beauty,Noor Malik,ISB-01,Islamabad,Credit Card,5,175.93,0.0,879.65,0.0,879.65
TXN004594,2024-11-04,2024,11,November,4,Monday,Cycling Helmet,Sports,Zainab Sheikh,MUL-01,Multan,Credit Card,4,167.03,10.0,668.12,66.81,601.31
TXN000684,2024-12-01,2024,12,December,4,Sunday,Yoga Mat,Sports,Usman Raza,KHI-01,Karachi,Mobile Wallet,6,58.84,0.0,353.04,0.0,353.04
TXN004518,2026-04-06,2026,4,April,2,Monday,Shampoo 500ml,Beauty,Sana Khan,LHR-01,Lahore,Credit Card,5,138.26,10.0,691.3,69.13,622.17
TXN002289,2025-08-14,2025,8,August,3,Thursday,Lip Balm,Beauty,Usman Farooq,ISB-01,Islamabad,Mobile Wallet,1,225.43,0.0,225.43,0.0,225.43
TXN003127,2024-05-13,2024,5,May,2,Monday,Non-Stick Pan,Home & Kitchen,Ayesha Raza,ISB-01,Islamabad,Credit Card,4,53.51,0.0,214.04,0.0,214.04
TXN000931,2024-12-18,2024,12,December,4,Wednesday,Yoga Mat,Sports,Zainab Sheikh,ISB-01,Islamabad,Mobile Wallet,4,19.8,15.0,79.2,11.88,67.32
TXN002486,2026-04-12,2026,4,April,2,Sunday,Running Shoes,Apparel,Hina Butt,PSH-01,Peshawar,Credit Card,3,47.02,0.0,141.06,0.0,141.06
TXN000554,2025-11-22,2025,11,November,4,Saturday,Wireless Mouse,Electronics,Mariam Khan,LHR-02,Lahore,Cash,6,66.26,0.0,397.56,0.0,397.56
TXN000733,2025-05-23,2025,5,May,2,Friday,Webcam HD,Electronics,Bilal Chaudhry,PSH-01,Peshawar,Cash,3,60.19,20.0,180.57,36.11,144.46
TXN001374,2025-08-17,2025,8,August,3,Sunday,Dumbbell Set,Sports,Sara Farooq,PSH-01,Peshawar,Debit Card,3,78.32,20.0,234.96,46.99,187.97
TXN000831,2025-05-28,2025,5,May,2,Wednesday,Football,Sports,Hina Raza,PSH-01,Peshawar,Cash,4,133.22,0.0,532.88,0.0,532.88
TXN001468,2024-06-26,2024,6,June,2,Wednesday,Dumbbell Set,Sports,Hina Raza,KHI-01,Karachi,Debit Card,2,239.56,20.0,479.12,95.82,383.3
TXN003872,2025-03-24,2025,3,March,1,Monday,Coffee Maker,Home & Kitchen,Fatima Farooq,FSD-01,Faisalabad,Debit Card,1,108.41,15.0,108.41,16.26,92.15
TXN000376,2024-04-27,2024,4,April,2,Saturday,LED Desk Lamp,Home & Kitchen,Kamran Malik,FSD-01,Faisalabad,Cash,5,239.78,0.0,1198.9,0.0,1198.9
TXN000378,2025-12-31,2025,12,December,4,Wednesday,Sunscreen SPF50,Beauty,Kamran Raza,KHI-01,Karachi,Cash,1,203.28,5.0,203.28,10.16,193.12
TXN004662,2025-10-30,2025,10,October,4,Thursday,Denim Jacket,Apparel,Bilal Iqbal,LHR-02,Lahore,Cash,1,28.4,20.0,28.4,5.68,22.72
TXN001565,2024-03-27,2024,3,March,1,Wednesday,Resistance Bands,Sports,Ali Farooq,KHI-01,Karachi,Mobile Wallet,6,211.47,0.0,1268.82,0.0,1268.82
TXN001569,2024-01-19,2024,1,January,1,Friday,Wireless Mouse,Electronics,Zainab Khan,PSH-01,Peshawar,Cash,4,163.76,10.0,655.04,65.5,589.54
TXN000776,2025-06-19,2025,6,June,2,Thursday,Hair Dryer,Beauty,Sara Sheikh,KHI-02,Karachi,Debit Card,2,210.71,5.0,421.42,21.07,400.35
TXN002444,2024-07-13,2024,7,July,3,Saturday,Wireless Mouse,Electronics,Mariam Sheikh,KHI-02,Karachi,Credit Card,5,42.44,15.0,212.2,31.83,180.37
TXN002804,2025-12-14,2025,12,December,4,Sunday,Sunscreen SPF50,Beauty,Bilal Raza,LHR-01,Lahore,Cash,3,93.19,15.0,279.57,41.94,237.63
TXN002786,2026-03-19,2026,3,March,1,Thursday,Running Shoes,Apparel,Ali Malik,FSD-01,Faisalabad,Credit Card,6,137.2,0.0,823.2,0.0,823.2
TXN004720,2024-11-27,2024,11,November,4,Wednesday,Resistance Bands,Sports,Sara Chaudhry,FSD-01,Faisalabad,Debit Card,3,86.9,5.0,260.7,13.04,247.66
TXN000952,2024-04-19,2024,4,April,2,Friday,Laptop Stand,Electronics,Usman Sheikh,MUL-01,Multan,Debit Card,2,233.61,15.0,467.22,70.08,397.14
TXN004278,2024-03-31,2024,3,March,1,Sunday,Resistance Bands,Sports,Ayesha Farooq,LHR-01,Lahore,Cash,2,7.29,20.0,14.58,2.92,11.66
TXN001218,2024-02-01,2024,2,February,1,Thursday,Football,Sports,Sana Farooq,LHR-02,Lahore,Cash,4,201.7,0.0,806.8,0.0,806.8
TXN002552,2025-08-12,2025,8,August,3,Tuesday,Webcam HD,Electronics,Fatima Butt,ISB-01,Islamabad,Debit Card,5,126.96,0.0,634.8,0.0,634.8
TXN001814,2026-07-31,2026,7,July,3,Friday,Football,Sports,Sara Butt,FSD-01,Faisalabad,Mobile Wallet,2,215.62,5.0,431.24,21.56,409.68
TXN003189,2025-09-09,2025,9,September,3,Tuesday,Webcam HD,Electronics,Kamran Raza,FSD-01,Faisalabad,Debit Card,2,113.48,15.0,226.96,34.04,192.92
TXN004315,2025-11-06,2025,11,November,4,Thursday,Lip Balm,Beauty,Noor Malik,MUL-01,Multan,Cash,5,100.3,0.0,501.5,0.0,501.5
TXN001480,2025-03-23,2025,3,March,1,Sunday,Cycling Helmet,Sports,Usman Sheikh,FSD-01,Faisalabad,Cash,2,199.47,15.0,398.94,59.84,339.1
TXN001423,2024-11-03,2024,11,November,4,Sunday,Coffee Maker,Home & Kitchen,Kamran Iqbal,KHI-01,Karachi,Credit Card,1,207.18,0.0,207.18,0.0,207.18
TXN003943,2024-02-07,2024,2,February,1,Wednesday,Ceramic Mug Set,Home & Kitchen,Ayesha Malik,ISB-01,Islamabad,Credit Card,5,81.29,0.0,406.45,0.0,406.45
TXN001507,2025-08-02,2025,8,August,3,Saturday,Bluetooth Speaker,Electronics,Zainab Khan,FSD-01,Faisalabad,Credit Card,1,244.71,0.0,244.71,0.0,244.71
TXN001801,2026-05-29,2026,5,May,2,Friday,Sports Cap,Apparel,Ayesha Chaudhry,LHR-01,Lahore,Cash,4,77.04,15.0,308.16,46.22,261.94
TXN003944,2026-06-11,2026,6,June,2,Thursday,Sports Cap,Apparel,Hassan Farooq,FSD-01,Faisalabad,Mobile Wallet,3,29.55,10.0,88.65,8.87,79.78
TXN001646,2025-12-03,2025,12,December,4,Wednesday,Coffee Maker,Home & Kitchen,Noor Farooq,PSH-01,Peshawar,Credit Card,1,135.7,10.0,135.7,13.57,122.13
TXN004618,2024-10-06,2024,10,October,4,Sunday,Cycling Helmet,Sports,Zainab Khan,KHI-01,Karachi,Mobile Wallet,6,82.44,0.0,494.64,0.0,494.64
TXN003363,2026-07-01,2026,7,July,3,Wednesday,Denim Jacket,Apparel,Fatima Raza,MUL-01,Multan,Cash,4,151.52,15.0,606.08,90.91,515.17
TXN000544,2025-10-16,2025,10,October,4,Thursday,Coffee Maker,Home & Kitchen,Kamran Khan,LHR-02,Lahore,Debit Card,4,174.84,15.0,699.36,104.9,594.46
TXN000196,2025-05-28,2025,5,May,2,Wednesday,Coffee Maker,Home & Kitchen,Ahmed Iqbal,LHR-01,Lahore,Cash,4,108.78,10.0,435.12,43.51,391.61
TXN004120,2024-07-29,2024,7,July,3,Monday,Webcam HD,Electronics,Hassan Chaudhry,FSD-01,Faisalabad,Debit Card,2,67.6,10.0,135.2,13.52,121.68
TXN002393,2025-03-15,2025,3,March,1,Saturday,Wool Sweater,Apparel,Zainab Iqbal,MUL-01,Multan,Debit Card,1,30.57,0.0,30.57,0.0,30.57
TXN003397,2024-02-07,2024,2,February,1,Wednesday,Wireless Mouse,Electronics,Faisal Sheikh,KHI-01,Karachi,Credit Card,6,196.67,0.0,1180.02,0.0,1180.02
TXN003036,2024-07-11,2024,7,July,3,Thursday,Football,Sports,Ahmed Malik,LHR-01,Lahore,Credit Card,3,197.48,0.0,592.44,0.0,592.44
TXN001774,2026-03-05,2026,3,March,1,Thursday,Ceramic Mug Set,Home & Kitchen,Bilal Iqbal,LHR-02,Lahore,Credit Card,1,138.26,5.0,138.26,6.91,131.35
TXN002025,2025-07-07,2025,7,July,3,Monday,Ceramic Mug Set,Home & Kitchen,Ayesha Butt,LHR-01,Lahore,Cash,2,170.77,10.0,341.54,34.15,307.39
TXN001878,2026-03-20,2026,3,March,1,Friday,Wireless Mouse,Electronics,Kamran Khan,LHR-02,Lahore,Cash,1,71.08,10.0,71.08,7.11,63.97
TXN001949,2024-10-23,2024,10,October,4,Wednesday,Cotton T-Shirt,Apparel,Kamran Iqbal,LHR-01,Lahore,Debit Card,5,18.41,20.0,92.05,18.41,73.64
TXN001788,2024-08-11,2024,8,August,3,Sunday,Sports Cap,Apparel,Bilal Farooq,LHR-02,Lahore,Credit Card,2,159.87,0.0,319.74,0.0,319.74
TXN004923,2024-03-16,2024,3,March,1,Saturday,Lip Balm,Beauty,Sara Farooq,KHI-01,Karachi,Cash,6,54.41,0.0,326.46,0.0,326.46
TXN002763,2025-09-12,2025,9,September,3,Friday,Wool Sweater,Apparel,Ahmed Iqbal,MUL-01,Multan,Credit Card,2,160.6,15.0,321.2,48.18,273.02
TXN001236,2025-02-01,2025,2,February,1,Saturday,Bluetooth Speaker,Electronics,Sara Malik,LHR-02,Lahore,Credit Card,1,152.25,0.0,152.25,0.0,152.25
TXN004438,2025-05-25,2025,5,May,2,Sunday,Face Moisturizer,Beauty,Hassan Raza,LHR-01,Lahore,Mobile Wallet,4,74.08,0.0,296.32,0.0,296.32
TXN001753,2026-02-22,2026,2,February,1,Sunday,LED Desk Lamp,Home & Kitchen,Omar Butt,FSD-01,Faisalabad,Cash,2,38.25,5.0,76.5,3.83,72.67
TXN003641,2024-01-20,2024,1,January,1,Saturday,Resistance Bands,Sports,Hassan Iqbal,LHR-02,Lahore,Debit Card,1,145.7,15.0,145.7,21.86,123.84
TXN004153,2024-10-25,2024,10,October,4,Friday,Running Shoes,Apparel,Omar Malik,FSD-01,Faisalabad,Debit Card,1,108.15,0.0,108.15,0.0,108.15
TXN000089,2024-06-24,2024,6,June,2,Monday,Football,Sports,Zainab Malik,MUL-01,Multan,Credit Card,6,117.72,20.0,706.32,141.26,565.06
TXN001571,2025-09-01,2025,9,September,3,Monday,Lip Balm,Beauty,Sara Chaudhry,MUL-01,Multan,Credit Card,2,163.19,10.0,326.38,32.64,293.74
TXN000352,2024-05-28,2024,5,May,2,Tuesday,Denim Jacket,Apparel,Bilal Iqbal,ISB-01,Islamabad,Credit Card,2,233.59,15.0,467.18,70.08,397.1
TXN004930,2024-01-03,2024,1,January,1,Wednesday,USB-C Cable,Electronics,Sara Khan,KHI-02,Karachi,Mobile Wallet,6,236.08,0.0,1416.48,0.0,1416.48
TXN000496,2025-03-08,2025,3,March,1,Saturday,Hair Dryer,Beauty,Sara Chaudhry,KHI-02,Karachi,Mobile Wallet,2,33.53,5.0,67.06,3.35,63.71
TXN003731,2024-07-30,2024,7,July,3,Tuesday,Denim Jacket,Apparel,Omar Malik,KHI-02,Karachi,Cash,2,226.91,20.0,453.82,90.76,363.06
TXN003947,2025-09-08,2025,9,September,3,Monday,Cotton T-Shirt,Apparel,Ayesha Chaudhry,KHI-01,Karachi,Cash,4,55.04,5.0,220.16,11.01,209.15
TXN003774,2025-06-03,2025,6,June,2,Tuesday,Coffee Maker,Home & Kitchen,Fatima Malik,KHI-02,Karachi,Cash,4,84.32,15.0,337.28,50.59,286.69
TXN000611,2024-09-17,2024,9,September,3,Tuesday,Cycling Helmet,Sports,Faisal Sheikh,ISB-01,Islamabad,Credit Card,6,109.21,15.0,655.26,98.29,556.97
TXN004795,2025-12-07,2025,12,December,4,Sunday,Face Moisturizer,Beauty,Sara Chaudhry,KHI-02,Karachi,Credit Card,2,100.44,10.0,200.88,20.09,180.79
TXN003499,2025-07-21,2025,7,July,3,Monday,Dumbbell Set,Sports,Usman Butt,KHI-02,Karachi,Cash,6,56.51,20.0,339.06,67.81,271.25
TXN003864,2024-02-18,2024,2,February,1,Sunday,Cycling Helmet,Sports,Usman Chaudhry,FSD-01,Faisalabad,Cash,2,94.08,10.0,188.16,18.82,169.34
TXN001463,2025-07-17,2025,7,July,3,Thursday,LED Desk Lamp,Home & Kitchen,Hina Raza,LHR-01,Lahore,Mobile Wallet,5,31.64,0.0,158.2,0.0,158.2
TXN004263,2024-07-29,2024,7,July,3,Monday,Non-Stick Pan,Home & Kitchen,Bilal Sheikh,FSD-01,Faisalabad,Credit Card,1,85.22,5.0,85.22,4.26,80.96
TXN004493,2025-05-02,2025,5,May,2,Friday,Resistance Bands,Sports,Zainab Sheikh,ISB-01,Islamabad,Mobile Wallet,4,73.39,0.0,293.56,0.0,293.56
TXN001296,2025-10-17,2025,10,October,4,Friday,Non-Stick Pan,Home & Kitchen,Sana Iqbal,FSD-01,Faisalabad,Cash,3,200.89,0.0,602.67,0.0,602.67
TXN002945,2025-01-20,2025,1,January,1,Monday,Face Moisturizer,Beauty,Ahmed Farooq,KHI-02,Karachi,Cash,4,229.38,0.0,917.52,0.0,917.52
TXN002828,2024-10-10,2024,10,October,4,Thursday,Non-Stick Pan,Home & Kitchen,Ayesha Raza,ISB-01,Islamabad,Credit Card,5,25.45,20.0,127.25,25.45,101.8
TXN004171,2024-03-12,2024,3,March,1,Tuesday,Lip Balm,Beauty,Sara Farooq,KHI-02,Karachi,Debit Card,2,93.87,5.0,187.74,9.39,178.35
TXN002283,2026-02-04,2026,2,February,1,Wednesday,Sunscreen SPF50,Beauty,Ahmed Butt,KHI-01,Karachi,Credit Card,6,124.56,0.0,747.36,0.0,747.36
TXN003756,2025-04-05,2025,4,April,2,Saturday,Resistance Bands,Sports,Sana Raza,LHR-02,Lahore,Credit Card,3,32.63,10.0,97.89,9.79,88.1
TXN004042,2025-10-01,2025,10,October,4,Wednesday,Webcam HD,Electronics,Bilal Raza,PSH-01,Peshawar,Mobile Wallet,4,64.29,0.0,257.16,0.0,257.16
TXN001190,2024-04-12,2024,4,April,2,Friday,Wool Sweater,Apparel,Ayesha Iqbal,FSD-01,Faisalabad,Credit Card,3,146.92,5.0,440.76,22.04,418.72
TXN000650,2026-05-19,2026,5,May,2,Tuesday,USB-C Cable,Electronics,Bilal Malik,PSH-01,Peshawar,Cash,2,77.2,5.0,154.4,7.72,146.68
TXN002260,2025-07-26,2025,7,July,3,Saturday,Cotton T-Shirt,Apparel,Sara Raza,PSH-01,Peshawar,Cash,1,192.66,10.0,192.66,19.27,173.39
TXN001524,2025-06-19,2025,6,June,2,Thursday,Face Moisturizer,Beauty,Fatima Butt,ISB-01,Islamabad,Credit Card,2,224.33,10.0,448.66,44.87,403.79
TXN001706,2025-06-12,2025,6,June,2,Thursday,Resistance Bands,Sports,Sana Malik,KHI-02,Karachi,Cash,5,108.95,10.0,544.75,54.48,490.27
TXN001305,2025-01-14,2025,1,January,1,Tuesday,Blender,Home & Kitchen,Usman Chaudhry,FSD-01,Faisalabad,Cash,5,120.79,0.0,603.95,0.0,603.95
TXN003657,2024-05-22,2024,5,May,2,Wednesday,Hair Dryer,Beauty,Usman Raza,PSH-01,Peshawar,Credit Card,2,235.47,15.0,470.94,70.64,400.3
TXN003433,2024-04-20,2024,4,April,2,Saturday,USB-C Cable,Electronics,Fatima Malik,LHR-02,Lahore,Debit Card,2,98.21,10.0,196.42,19.64,176.78
TXN004896,2024-01-30,2024,1,January,1,Tuesday,Ceramic Mug Set,Home & Kitchen,Sara Chaudhry,ISB-01,Islamabad,Cash,5,62.48,0.0,312.4,0.0,312.4
TXN001195,2025-04-07,2025,4,April,2,Monday,Cotton T-Shirt,Apparel,Bilal Chaudhry,KHI-01,Karachi,Cash,4,241.26,5.0,965.04,48.25,916.79
TXN003973,2024-12-05,2024,12,December,4,Thursday,Ceramic Mug Set,Home & Kitchen,Ali Farooq,KHI-02,Karachi,Debit Card,2,99.7,20.0,199.4,39.88,159.52
TXN001634,2024-06-10,2024,6,June,2,Monday,Blender,Home & Kitchen,Hassan Farooq,LHR-02,Lahore,Mobile Wallet,6,197.95,5.0,1187.7,59.38,1128.32
TXN004305,2026-07-11,2026,7,July,3,Saturday,Denim Jacket,Apparel,Mariam Iqbal,LHR-01,Lahore,Cash,1,31.43,5.0,31.43,1.57,29.86
TXN003204,2025-04-07,2025,4,April,2,Monday,Running Shoes,Apparel,Fatima Chaudhry,PSH-01,Peshawar,Cash,1,166.38,20.0,166.38,33.28,133.1
TXN002011,2026-07-10,2026,7,July,3,Friday,Yoga Mat,Sports,Noor Iqbal,LHR-02,Lahore,Cash,5,154.99,0.0,774.95,0.0,774.95
TXN002372,2024-10-07,2024,10,October,4,Monday,Ceramic Mug Set,Home & Kitchen,Sana Farooq,PSH-01,Peshawar,Credit Card,5,100.68,0.0,503.4,0.0,503.4
TXN000414,2024-02-14,2024,2,February,1,Wednesday,Bluetooth Speaker,Electronics,Bilal Farooq,LHR-02,Lahore,Mobile Wallet,3,162.99,10.0,488.97,48.9,440.07
TXN001461,2024-02-03,2024,2,February,1,Saturday,Laptop Stand,Electronics,Kamran Khan,KHI-02,Karachi,Debit Card,2,147.91,0.0,295.82,0.0,295.82
TXN003911,2026-02-12,2026,2,February,1,Thursday,Wireless Mouse,Electronics,Zainab Malik,PSH-01,Peshawar,Credit Card,1,218.87,10.0,218.87,21.89,196.98
TXN003451,2024-07-29,2024,7,July,3,Monday,Cycling Helmet,Sports,Sara Iqbal,ISB-01,Islamabad,Credit Card,1,192.63,15.0,192.63,28.89,163.74
TXN004180,2025-07-28,2025,7,July,3,Monday,Cycling Helmet,Sports,Hina Butt,LHR-02,Lahore,Cash,1,105.89,0.0,105.89,0.0,105.89
TXN001626,2024-03-14,2024,3,March,1,Thursday,Yoga Mat,Sports,Noor Butt,KHI-01,Karachi,Credit Card,2,235.81,5.0,471.62,23.58,448.04
TXN003008,2024-06-19,2024,6,June,2,Wednesday,Dumbbell Set,Sports,Zainab Chaudhry,PSH-01,Peshawar,Debit Card,4,190.85,0.0,763.4,0.0,763.4
TXN004538,2025-06-13,2025,6,June,2,Friday,Bluetooth Speaker,Electronics,Noor Iqbal,LHR-02,Lahore,Credit Card,2,192.58,20.0,385.16,77.03,308.13
TXN000141,2025-03-01,2025,3,March,1,Saturday,Denim Jacket,Apparel,Bilal Farooq,PSH-01,Peshawar,Cash,4,139.56,20.0,558.24,111.65,446.59
TXN003399,2026-02-04,2026,2,February,1,Wednesday,LED Desk Lamp,Home & Kitchen,Usman Iqbal,LHR-01,Lahore,Mobile Wallet,2,43.85,0.0,87.7,0.0,87.7
TXN002162,2024-09-09,2024,9,September,3,Monday,Blender,Home & Kitchen,Ali Chaudhry,LHR-02,Lahore,Mobile Wallet,4,71.62,0.0,286.48,0.0,286.48
TXN004137,2026-04-21,2026,4,April,2,Tuesday,Denim Jacket,Apparel,Mariam Iqbal,FSD-01,Faisalabad,Cash,1,108.48,0.0,108.48,0.0,108.48
TXN002658,2025-05-10,2025,5,May,2,Saturday,Running Shoes,Apparel,Noor Farooq,KHI-02,Karachi,Mobile Wallet,3,113.85,0.0,341.55,0.0,341.55
TXN000144,2025-07-08,2025,7,July,3,Tuesday,Non-Stick Pan,Home & Kitchen,Sara Khan,KHI-02,Karachi,Mobile Wallet,1,233.97,0.0,233.97,0.0,233.97
TXN004606,2026-05-06,2026,5,May,2,Wednesday,Wool Sweater,Apparel,Fatima Chaudhry,LHR-01,Lahore,Credit Card,1,116.78,10.0,116.78,11.68,105.1
TXN004996,2024-03-07,2024,3,March,1,Thursday,Shampoo 500ml,Beauty,Noor Sheikh,LHR-02,Lahore,Mobile Wallet,4,208.5,15.0,834.0,125.1,708.9
TXN004409,2025-03-12,2025,3,March,1,Wednesday,Running Shoes,Apparel,Faisal Iqbal,PSH-01,Peshawar,Credit Card,2,58.64,15.0,117.28,17.59,99.69
TXN001300,2025-06-25,2025,6,June,2,Wednesday,Blender,Home & Kitchen,Ali Sheikh,PSH-01,Peshawar,Debit Card,6,118.35,0.0,710.1,0.0,710.1
TXN001250,2025-12-12,2025,12,December,4,Friday,Dumbbell Set,Sports,Hassan Farooq,LHR-02,Lahore,Cash,4,35.89,20.0,143.56,28.71,114.85
TXN001719,2025-02-14,2025,2,February,1,Friday,Laptop Stand,Electronics,Noor Khan,KHI-01,Karachi,Debit Card,6,142.33,5.0,853.98,42.7,811.28
TXN000417,2025-10-09,2025,10,October,4,Thursday,Football,Sports,Faisal Raza,KHI-01,Karachi,Credit Card,2,244.01,10.0,488.02,48.8,439.22
TXN002224,2025-05-19,2025,5,May,2,Monday,Face Moisturizer,Beauty,Faisal Butt,KHI-01,Karachi,Debit Card,3,108.95,20.0,326.85,65.37,261.48
TXN002739,2024-01-03,2024,1,January,1,Wednesday,Cotton T-Shirt,Apparel,Ayesha Raza,LHR-02,Lahore,Mobile Wallet,2,52.27,15.0,104.54,15.68,88.86
TXN003653,2025-02-20,2025,2,February,1,Thursday,Ceramic Mug Set,Home & Kitchen,Bilal Malik,KHI-01,Karachi,Debit Card,6,27.7,0.0,166.2,0.0,166.2
TXN003004,2025-07-23,2025,7,July,3,Wednesday,Cycling Helmet,Sports,Hina Butt,MUL-01,Multan,Mobile Wallet,4,177.15,0.0,708.6,0.0,708.6
TXN001262,2025-02-07,2025,2,February,1,Friday,Laptop Stand,Electronics,Faisal Sheikh,KHI-02,Karachi,Debit Card,3,93.61,20.0,280.83,56.17,224.66
TXN004388,2026-02-11,2026,2,February,1,Wednesday,Hair Dryer,Beauty,Ayesha Malik,MUL-01,Multan,Cash,5,248.5,15.0,1242.5,186.38,1056.12
TXN001240,2024-02-19,2024,2,February,1,Monday,Blender,Home & Kitchen,Ali Butt,FSD-01,Faisalabad,Credit Card,3,245.73,0.0,737.19,0.0,737.19
TXN003496,2025-03-30,2025,3,March,1,Sunday,Non-Stick Pan,Home & Kitchen,Omar Raza,ISB-01,Islamabad,Cash,5,29.02,5.0,145.1,7.25,137.85
TXN000143,2025-06-09,2025,6,June,2,Monday,Sports Cap,Apparel,Sara Farooq,PSH-01,Peshawar,Credit Card,1,116.92,0.0,116.92,0.0,116.92
TXN001411,2026-03-28,2026,3,March,1,Saturday,Yoga Mat,Sports,Ali Malik,LHR-01,Lahore,Cash,1,10.67,15.0,10.67,1.6,9.07
TXN004402,2026-03-13,2026,3,March,1,Friday,Dumbbell Set,Sports,Faisal Farooq,FSD-01,Faisalabad,Cash,6,239.43,10.0,1436.58,143.66,1292.92
TXN002364,2025-04-16,2025,4,April,2,Wednesday,Laptop Stand,Electronics,Ali Butt,LHR-01,Lahore,Mobile Wallet,2,53.46,15.0,106.92,16.04,90.88
TXN000498,2026-01-12,2026,1,January,1,Monday,Resistance Bands,Sports,Ahmed Farooq,ISB-01,Islamabad,Mobile Wallet,4,234.14,0.0,936.56,0.0,936.56
TXN002750,2024-02-24,2024,2,February,1,Saturday,Laptop Stand,Electronics,Omar Chaudhry,MUL-01,Multan,Credit Card,6,91.21,0.0,547.26,0.0,547.26
TXN000447,2024-10-15,2024,10,October,4,Tuesday,Dumbbell Set,Sports,Fatima Khan,LHR-02,Lahore,Cash,1,225.91,0.0,225.91,0.0,225.91
TXN000038,2024-02-21,2024,2,February,1,Wednesday,Resistance Bands,Sports,Sara Iqbal,LHR-01,Lahore,Debit Card,2,97.88,5.0,195.76,9.79,185.97
TXN002605,2025-11-24,2025,11,November,4,Monday,Yoga Mat,Sports,Ali Chaudhry,MUL-01,Multan,Credit Card,3,195.7,0.0,587.1,0.0,587.1
TXN000348,2025-12-27,2025,12,December,4,Saturday,Non-Stick Pan,Home & Kitchen,Zainab Iqbal,LHR-01,Lahore,Cash,4,226.45,0.0,905.8,0.0,905.8
TXN004959,2024-11-11,2024,11,November,4,Monday,Yoga Mat,Sports,Usman Butt,KHI-01,Karachi,Credit Card,1,73.73,15.0,73.73,11.06,62.67
TXN002913,2026-05-16,2026,5,May,2,Saturday,Ceramic Mug Set,Home & Kitchen,Zainab Farooq,MUL-01,Multan,Credit Card,4,93.87,10.0,375.48,37.55,337.93
TXN004910,2025-03-19,2025,3,March,1,Wednesday,Football,Sports,Zainab Malik,KHI-01,Karachi,Cash,6,58.32,5.0,349.92,17.5,332.42
TXN000264,2025-09-15,2025,9,September,3,Monday,Denim Jacket,Apparel,Faisal Raza,LHR-02,Lahore,Mobile Wallet,3,191.78,0.0,575.34,0.0,575.34
TXN004520,2024-07-13,2024,7,July,3,Saturday,Dumbbell Set,Sports,Ali Butt,FSD-01,Faisalabad,Mobile Wallet,4,156.33,15.0,625.32,93.8,531.52
TXN003163,2024-02-06,2024,2,February,1,Tuesday,Face Moisturizer,Beauty,Usman Raza,ISB-01,Islamabad,Credit Card,4,131.89,0.0,527.56,0.0,527.56
TXN004048,2025-08-16,2025,8,August,3,Saturday,Cycling Helmet,Sports,Ali Iqbal,ISB-01,Islamabad,Credit Card,3,144.92,15.0,434.76,65.21,369.55
TXN003280,2026-03-25,2026,3,March,1,Wednesday,Denim Jacket,Apparel,Kamran Farooq,KHI-02,Karachi,Debit Card,4,201.46,0.0,805.84,0.0,805.84
TXN000637,2025-09-11,2025,9,September,3,Thursday,Non-Stick Pan,Home & Kitchen,Usman Malik,KHI-02,Karachi,Mobile Wallet,6,84.52,0.0,507.12,0.0,507.12
TXN000697,2025-05-14,2025,5,May,2,Wednesday,Face Moisturizer,Beauty,Ali Butt,KHI-02,Karachi,Debit Card,5,88.41,0.0,442.05,0.0,442.05
TXN002274,2025-06-06,2025,6,June,2,Friday,Coffee Maker,Home & Kitchen,Ahmed Chaudhry,LHR-01,Lahore,Credit Card,4,113.55,0.0,454.2,0.0,454.2
TXN002673,2024-06-03,2024,6,June,2,Monday,Cycling Helmet,Sports,Ali Iqbal,PSH-01,Peshawar,Cash,6,139.0,20.0,834.0,166.8,667.2
TXN004254,2025-12-04,2025,12,December,4,Thursday,Football,Sports,Ayesha Butt,PSH-01,Peshawar,Credit Card,6,116.71,0.0,700.26,0.0,700.26
TXN000921,2025-05-18,2025,5,May,2,Sunday,Cotton T-Shirt,Apparel,Kamran Sheikh,FSD-01,Faisalabad,Cash,3,143.86,0.0,431.58,0.0,431.58
TXN000512,2026-01-02,2026,1,January,1,Friday,Resistance Bands,Sports,Mariam Chaudhry,KHI-02,Karachi,Debit Card,6,169.75,0.0,1018.5,0.0,1018.5
TXN004573,2024-01-24,2024,1,January,1,Wednesday,Ceramic Mug Set,Home & Kitchen,Mariam Butt,FSD-01,Faisalabad,Credit Card,4,200.52,5.0,802.08,40.1,761.98
TXN004288,2024-05-15,2024,5,May,2,Wednesday,Hair Dryer,Beauty,Hassan Farooq,LHR-01,Lahore,Debit Card,4,227.89,0.0,911.56,0.0,911.56
TXN000088,2026-04-05,2026,4,April,2,Sunday,Shampoo 500ml,Beauty,Faisal Butt,KHI-01,Karachi,Debit Card,6,130.72,0.0,784.32,0.0,784.32
TXN003667,2024-11-13,2024,11,November,4,Wednesday,Coffee Maker,Home & Kitchen,Noor Farooq,KHI-01,Karachi,Cash,6,71.68,20.0,430.08,86.02,344.06
TXN001254,2026-06-22,2026,6,June,2,Monday,Hair Dryer,Beauty,Sana Sheikh,KHI-01,Karachi,Credit Card,6,217.23,0.0,1303.38,0.0,1303.38
TXN004269,2025-03-25,2025,3,March,1,Tuesday,Hair Dryer,Beauty,Omar Iqbal,ISB-01,Islamabad,Cash,2,240.4,5.0,480.8,24.04,456.76
TXN004655,2025-03-03,2025,3,March,1,Monday,LED Desk Lamp,Home & Kitchen,Sara Sheikh,KHI-02,Karachi,Credit Card,2,147.86,0.0,295.72,0.0,295.72
TXN004396,2026-01-17,2026,1,January,1,Saturday,Coffee Maker,Home & Kitchen,Faisal Sheikh,LHR-01,Lahore,Debit Card,3,187.73,10.0,563.19,56.32,506.87
TXN004016,2024-01-19,2024,1,January,1,Friday,Sunscreen SPF50,Beauty,Mariam Sheikh,KHI-02,Karachi,Credit Card,1,93.51,0.0,93.51,0.0,93.51
TXN000721,2025-04-20,2025,4,April,2,Sunday,Football,Sports,Hassan Iqbal,FSD-01,Faisalabad,Mobile Wallet,1,204.31,10.0,204.31,20.43,183.88
TXN001140,2025-10-30,2025,10,October,4,Thursday,Yoga Mat,Sports,Ayesha Sheikh,ISB-01,Islamabad,Cash,2,177.11,10.0,354.22,35.42,318.8
TXN003429,2024-10-08,2024,10,October,4,Tuesday,Wool Sweater,Apparel,Zainab Iqbal,ISB-01,Islamabad,Credit Card,6,19.36,15.0,116.16,17.42,98.74
TXN000366,2025-06-25,2025,6,June,2,Wednesday,Dumbbell Set,Sports,Ahmed Malik,KHI-02,Karachi,Debit Card,6,123.5,15.0,741.0,111.15,629.85
TXN002561,2025-05-03,2025,5,May,2,Saturday,Ceramic Mug Set,Home & Kitchen,Usman Iqbal,LHR-02,Lahore,Mobile Wallet,1,176.01,0.0,176.01,0.0,176.01
TXN001118,2025-05-20,2025,5,May,2,Tuesday,Football,Sports,Bilal Sheikh,PSH-01,Peshawar,Mobile Wallet,6,14.35,0.0,86.1,0.0,86.1
TXN004426,2024-12-02,2024,12,December,4,Monday,Yoga Mat,Sports,Sana Malik,LHR-02,Lahore,Credit Card,3,191.52,10.0,574.56,57.46,517.1
TXN000426,2024-03-30,2024,3,March,1,Saturday,Cycling Helmet,Sports,Mariam Malik,PSH-01,Peshawar,Cash,2,100.72,0.0,201.44,0.0,201.44
TXN002912,2024-10-03,2024,10,October,4,Thursday,Sunscreen SPF50,Beauty,Ali Malik,MUL-01,Multan,Mobile Wallet,1,124.56,0.0,124.56,0.0,124.56
TXN001678,2026-04-19,2026,4,April,2,Sunday,Sunscreen SPF50,Beauty,Sana Khan,KHI-02,Karachi,Cash,2,189.12,0.0,378.24,0.0,378.24
TXN001464,2025-10-29,2025,10,October,4,Wednesday,Shampoo 500ml,Beauty,Hina Malik,LHR-02,Lahore,Mobile Wallet,5,78.12,20.0,390.6,78.12,312.48
TXN004163,2025-03-02,2025,3,March,1,Sunday,Sunscreen SPF50,Beauty,Faisal Farooq,LHR-02,Lahore,Cash,5,235.65,0.0,1178.25,0.0,1178.25
TXN001380,2024-11-02,2024,11,November,4,Saturday,Yoga Mat,Sports,Ahmed Chaudhry,LHR-02,Lahore,Cash,2,180.09,15.0,360.18,54.03,306.15
TXN003635,2025-07-01,2025,7,July,3,Tuesday,Non-Stick Pan,Home & Kitchen,Noor Sheikh,FSD-01,Faisalabad,Credit Card,6,138.15,10.0,828.9,82.89,746.01
TXN004927,2024-01-23,2024,1,January,1,Tuesday,Face Moisturizer,Beauty,Ali Iqbal,ISB-01,Islamabad,Debit Card,2,89.34,5.0,178.68,8.93,169.75
TXN002682,2025-02-02,2025,2,February,1,Sunday,Yoga Mat,Sports,Kamran Chaudhry,LHR-02,Lahore,Cash,5,94.39,0.0,471.95,0.0,471.95
TXN003716,2025-12-13,2025,12,December,4,Saturday,Lip Balm,Beauty,Hassan Malik,LHR-01,Lahore,Mobile Wallet,4,124.31,10.0,497.24,49.72,447.52
TXN000050,2026-05-30,2026,5,May,2,Saturday,Cotton T-Shirt,Apparel,Ayesha Iqbal,MUL-01,Multan,Credit Card,3,247.56,15.0,742.68,111.4,631.28
TXN002035,2024-03-16,2024,3,March,1,Saturday,Face Moisturizer,Beauty,Ahmed Khan,KHI-01,Karachi,Cash,3,107.43,0.0,322.29,0.0,322.29
TXN002968,2025-10-13,2025,10,October,4,Monday,Coffee Maker,Home & Kitchen,Mariam Iqbal,MUL-01,Multan,Cash,6,208.75,0.0,1252.5,0.0,1252.5
TXN003274,2024-04-15,2024,4,April,2,Monday,Coffee Maker,Home & Kitchen,Faisal Chaudhry,KHI-02,Karachi,Cash,1,11.68,0.0,11.68,0.0,11.68
TXN000928,2024-11-24,2024,11,November,4,Sunday,Wireless Mouse,Electronics,Ayesha Butt,MUL-01,Multan,Cash,4,134.69,5.0,538.76,26.94,511.82
TXN003809,2026-03-16,2026,3,March,1,Monday,Wireless Mouse,Electronics,Ahmed Sheikh,FSD-01,Faisalabad,Mobile Wallet,4,222.2,10.0,888.8,88.88,799.92
TXN000230,2024-11-29,2024,11,November,4,Friday,Cycling Helmet,Sports,Sara Malik,FSD-01,Faisalabad,Mobile Wallet,1,132.32,10.0,132.32,13.23,119.09
TXN001725,2025-06-22,2025,6,June,2,Sunday,Cotton T-Shirt,Apparel,Ahmed Khan,LHR-02,Lahore,Credit Card,1,149.22,15.0,149.22,22.38,126.84
TXN002932,2024-08-25,2024,8,August,3,Sunday,Yoga Mat,Sports,Ali Sheikh,LHR-02,Lahore,Mobile Wallet,5,69.28,5.0,346.4,17.32,329.08
TXN002161,2024-01-24,2024,1,January,1,Wednesday,Non-Stick Pan,Home & Kitchen,Noor Khan,PSH-01,Peshawar,Credit Card,1,53.47,20.0,53.47,10.69,42.78
TXN004820,2026-07-29,2026,7,July,3,Wednesday,Shampoo 500ml,Beauty,Hina Malik,ISB-01,Islamabad,Credit Card,3,202.85,0.0,608.55,0.0,608.55
TXN000391,2026-03-28,2026,3,March,1,Saturday,Laptop Stand,Electronics,Sana Raza,PSH-01,Peshawar,Credit Card,1,75.86,0.0,75.86,0.0,75.86
TXN003031,2025-05-08,2025,5,May,2,Thursday,Lip Balm,Beauty,Ayesha Malik,MUL-01,Multan,Cash,2,132.1,15.0,264.2,39.63,224.57
TXN003900,2024-09-11,2024,9,September,3,Wednesday,Lip Balm,Beauty,Sana Raza,MUL-01,Multan,Cash,5,18.77,0.0,93.85,0.0,93.85
TXN003141,2026-01-08,2026,1,January,1,Thursday,Wool Sweater,Apparel,Bilal Farooq,LHR-01,Lahore,Cash,6,108.65,15.0,651.9,97.78,554.12
TXN004255,2025-03-16,2025,3,March,1,Sunday,Laptop Stand,Electronics,Mariam Raza,LHR-02,Lahore,Mobile Wallet,3,37.48,20.0,112.44,22.49,89.95
TXN000604,2025-02-10,2025,2,February,1,Monday,Blender,Home & Kitchen,Bilal Iqbal,MUL-01,Multan,Credit Card,5,79.16,5.0,395.8,19.79,376.01
TXN004702,2024-03-12,2024,3,March,1,Tuesday,Dumbbell Set,Sports,Ali Malik,ISB-01,Islamabad,Cash,5,192.95,10.0,964.75,96.47,868.28
TXN003561,2024-11-24,2024,11,November,4,Sunday,Dumbbell Set,Sports,Sana Malik,ISB-01,Islamabad,Credit Card,1,223.41,0.0,223.41,0.0,223.41
TXN002930,2025-02-27,2025,2,February,1,Thursday,Bluetooth Speaker,Electronics,Mariam Malik,LHR-02,Lahore,Cash,5,114.59,20.0,572.95,114.59,458.36
TXN001462,2025-03-30,2025,3,March,1,Sunday,Hair Dryer,Beauty,Fatima Farooq,KHI-02,Karachi,Credit Card,1,244.83,10.0,244.83,24.48,220.35
TXN004649,2025-02-27,2025,2,February,1,Thursday,Sunscreen SPF50,Beauty,Faisal Chaudhry,LHR-01,Lahore,Credit Card,3,129.53,0.0,388.59,0.0,388.59
TXN004636,2025-12-21,2025,12,December,4,Sunday,Sports Cap,Apparel,Sana Iqbal,ISB-01,Islamabad,Debit Card,3,20.42,20.0,61.26,12.25,49.01
TXN004413,2026-07-30,2026,7,July,3,Thursday,Lip Balm,Beauty,Fatima Iqbal,LHR-02,Lahore,Cash,6,155.51,0.0,933.06,0.0,933.06
TXN000700,2025-06-04,2025,6,June,2,Wednesday,Yoga Mat,Sports,Noor Butt,FSD-01,Faisalabad,Credit Card,3,18.02,5.0,54.06,2.7,51.36
TXN002448,2024-05-29,2024,5,May,2,Wednesday,Shampoo 500ml,Beauty,Hina Iqbal,PSH-01,Peshawar,Mobile Wallet,2,202.76,0.0,405.52,0.0,405.52
TXN002111,2024-09-06,2024,9,September,3,Friday,Football,Sports,Zainab Butt,ISB-01,Islamabad,Cash,1,87.09,0.0,87.09,0.0,87.09
TXN004190,2025-07-24,2025,7,July,3,Thursday,Resistance Bands,Sports,Fatima Iqbal,FSD-01,Faisalabad,Credit Card,5,40.76,20.0,203.8,40.76,163.04
TXN004858,2026-02-11,2026,2,February,1,Wednesday,Face Moisturizer,Beauty,Ayesha Raza,LHR-02,Lahore,Cash,4,111.7,5.0,446.8,22.34,424.46
TXN002241,2026-06-29,2026,6,June,2,Monday,Laptop Stand,Electronics,Omar Chaudhry,PSH-01,Peshawar,Cash,6,139.95,15.0,839.7,125.95,713.75
TXN003244,2025-11-24,2025,11,November,4,Monday,Running Shoes,Apparel,Faisal Raza,LHR-01,Lahore,Credit Card,2,204.28,5.0,408.56,20.43,388.13
TXN001978,2025-04-20,2025,4,April,2,Sunday,Non-Stick Pan,Home & Kitchen,Hassan Farooq,LHR-01,Lahore,Cash,5,78.58,10.0,392.9,39.29,353.61
TXN003321,2025-09-22,2025,9,September,3,Monday,Sports Cap,Apparel,Mariam Khan,ISB-01,Islamabad,Cash,6,128.13,5.0,768.78,38.44,730.34
TXN003820,2025-10-21,2025,10,October,4,Tuesday,Face Moisturizer,Beauty,Sana Khan,LHR-01,Lahore,Debit Card,6,114.91,0.0,689.46,0.0,689.46
TXN002631,2026-07-23,2026,7,July,3,Thursday,Cycling Helmet,Sports,Ali Sheikh,MUL-01,Multan,Cash,4,226.9,0.0,907.6,0.0,907.6
TXN004365,2026-07-03,2026,7,July,3,Friday,Ceramic Mug Set,Home & Kitchen,Ayesha Malik,KHI-01,Karachi,Cash,3,95.45,5.0,286.35,14.32,272.03
TXN002261,2025-06-20,2025,6,June,2,Friday,Football,Sports,Ayesha Malik,LHR-01,Lahore,Credit Card,5,239.14,15.0,1195.7,179.35,1016.35
TXN001267,2024-09-08,2024,9,September,3,Sunday,Ceramic Mug Set,Home & Kitchen,Mariam Khan,KHI-01,Karachi,Credit Card,1,237.56,0.0,237.56,0.0,237.56
TXN004946,2026-03-22,2026,3,March,1,Sunday,Dumbbell Set,Sports,Ahmed Iqbal,LHR-02,Lahore,Debit Card,6,38.23,0.0,229.38,0.0,229.38
TXN002843,2024-02-18,2024,2,February,1,Sunday,Ceramic Mug Set,Home & Kitchen,Sara Iqbal,LHR-01,Lahore,Debit Card,6,165.17,0.0,991.02,0.0,991.02
TXN004754,2024-04-23,2024,4,April,2,Tuesday,Lip Balm,Beauty,Sana Khan,KHI-02,Karachi,Cash,2,47.45,0.0,94.9,0.0,94.9
TXN004178,2024-11-09,2024,11,November,4,Saturday,Wool Sweater,Apparel,Zainab Farooq,LHR-01,Lahore,Mobile Wallet,4,236.28,0.0,945.12,0.0,945.12
TXN004377,2024-04-22,2024,4,April,2,Monday,Face Moisturizer,Beauty,Hassan Khan,MUL-01,Multan,Credit Card,2,166.51,10.0,333.02,33.3,299.72
TXN003390,2025-05-12,2025,5,May,2,Monday,Running Shoes,Apparel,Sana Butt,ISB-01,Islamabad,Cash,1,224.42,5.0,224.42,11.22,213.2
TXN000020,2025-01-13,2025,1,January,1,Monday,Sports Cap,Apparel,Bilal Raza,ISB-01,Islamabad,Credit Card,5,43.65,20.0,218.25,43.65,174.6
TXN003729,2024-06-26,2024,6,June,2,Wednesday,Blender,Home & Kitchen,Bilal Butt,LHR-02,Lahore,Cash,1,190.75,15.0,190.75,28.61,162.14
TXN001939,2024-05-27,2024,5,May,2,Monday,USB-C Cable,Electronics,Ayesha Malik,KHI-01,Karachi,Debit Card,1,177.81,0.0,177.81,0.0,177.81
TXN000722,2026-01-10,2026,1,January,1,Saturday,Non-Stick Pan,Home & Kitchen,Ahmed Raza,PSH-01,Peshawar,Cash,2,72.84,10.0,145.68,14.57,131.11
TXN002720,2024-06-03,2024,6,June,2,Monday,Yoga Mat,Sports,Hina Khan,ISB-01,Islamabad,Cash,3,51.1,15.0,153.3,23.0,130.3
TXN000367,2025-05-19,2025,5,May,2,Monday,LED Desk Lamp,Home & Kitchen,Bilal Farooq,FSD-01,Faisalabad,Credit Card,2,221.5,0.0,443.0,0.0,443.0
TXN003064,2025-06-25,2025,6,June,2,Wednesday,Ceramic Mug Set,Home & Kitchen,Ali Butt,LHR-02,Lahore,Cash,4,137.28,0.0,549.12,0.0,549.12
TXN002044,2024-10-13,2024,10,October,4,Sunday,Webcam HD,Electronics,Bilal Butt,KHI-01,Karachi,Mobile Wallet,1,116.24,0.0,116.24,0.0,116.24
TXN003670,2024-04-23,2024,4,April,2,Tuesday,Dumbbell Set,Sports,Usman Khan,KHI-01,Karachi,Credit Card,3,231.17,5.0,693.51,34.68,658.83
TXN001327,2026-07-22,2026,7,July,3,Wednesday,Coffee Maker,Home & Kitchen,Sana Farooq,PSH-01,Peshawar,Cash,1,143.97,0.0,143.97,0.0,143.97
TXN000658,2024-01-25,2024,1,January,1,Thursday,Cotton T-Shirt,Apparel,Noor Malik,FSD-01,Faisalabad,Cash,4,200.04,0.0,800.16,0.0,800.16
TXN000083,2025-07-23,2025,7,July,3,Wednesday,Dumbbell Set,Sports,Sana Butt,KHI-01,Karachi,Cash,3,33.15,20.0,99.45,19.89,79.56
TXN002537,2024-03-04,2024,3,March,1,Monday,Non-Stick Pan,Home & Kitchen,Ahmed Raza,KHI-02,Karachi,Cash,2,198.47,0.0,396.94,0.0,396.94
TXN002996,2025-02-20,2025,2,February,1,Thursday,Sunscreen SPF50,Beauty,Hina Farooq,ISB-01,Islamabad,Credit Card,2,203.42,5.0,406.84,20.34,386.5
TXN004642,2025-03-15,2025,3,March,1,Saturday,Blender,Home & Kitchen,Ayesha Farooq,ISB-01,Islamabad,Credit Card,5,103.55,10.0,517.75,51.77,465.98
TXN000997,2026-06-11,2026,6,June,2,Thursday,Yoga Mat,Sports,Sara Khan,KHI-02,Karachi,Cash,5,48.11,0.0,240.55,0.0,240.55
TXN004815,2026-01-17,2026,1,January,1,Saturday,Cycling Helmet,Sports,Zainab Iqbal,ISB-01,Islamabad,Credit Card,6,78.96,20.0,473.76,94.75,379.01
TXN001189,2024-03-21,2024,3,March,1,Thursday,Lip Balm,Beauty,Faisal Khan,KHI-02,Karachi,Cash,1,172.28,20.0,172.28,34.46,137.82
TXN003167,2025-11-08,2025,11,November,4,Saturday,Yoga Mat,Sports,Kamran Malik,KHI-01,Karachi,Debit Card,6,212.1,20.0,1272.6,254.52,1018.08
TXN002156,2024-07-24,2024,7,July,3,Wednesday,Football,Sports,Hassan Raza,KHI-02,Karachi,Mobile Wallet,3,142.91,0.0,428.73,0.0,428.73
TXN004883,2024-11-08,2024,11,November,4,Friday,Hair Dryer,Beauty,Sana Iqbal,LHR-01,Lahore,Cash,2,55.49,15.0,110.98,16.65,94.33
TXN002359,2026-02-27,2026,2,February,1,Friday,Webcam HD,Electronics,Hassan Chaudhry,MUL-01,Multan,Mobile Wallet,4,78.65,10.0,314.6,31.46,283.14
TXN004879,2026-02-06,2026,2,February,1,Friday,Wireless Mouse,Electronics,Omar Raza,FSD-01,Faisalabad,Credit Card,5,115.52,0.0,577.6,0.0,577.6
TXN000079,2024-05-09,2024,5,May,2,Thursday,Laptop Stand,Electronics,Sara Malik,PSH-01,Peshawar,Cash,5,157.96,10.0,789.8,78.98,710.82
TXN001342,2026-01-24,2026,1,January,1,Saturday,Sports Cap,Apparel,Fatima Butt,KHI-01,Karachi,Credit Card,1,183.44,20.0,183.44,36.69,146.75
TXN004245,2026-06-02,2026,6,June,2,Tuesday,Sunscreen SPF50,Beauty,Fatima Malik,KHI-01,Karachi,Credit Card,1,15.63,15.0,15.63,2.34,13.29
TXN003488,2025-05-10,2025,5,May,2,Saturday,Non-Stick Pan,Home & Kitchen,Faisal Sheikh,MUL-01,Multan,Mobile Wallet,3,247.32,15.0,741.96,111.29,630.67
TXN004587,2025-03-03,2025,3,March,1,Monday,Lip Balm,Beauty,Sara Raza,LHR-01,Lahore,Cash,3,216.16,5.0,648.48,32.42,616.06
TXN003028,2024-02-26,2024,2,February,1,Monday,Cycling Helmet,Sports,Kamran Sheikh,ISB-01,Islamabad,Debit Card,1,82.81,0.0,82.81,0.0,82.81
TXN002570,2025-08-16,2025,8,August,3,Saturday,Denim Jacket,Apparel,Ali Iqbal,KHI-01,Karachi,Debit Card,1,217.55,0.0,217.55,0.0,217.55
TXN002783,2025-06-13,2025,6,June,2,Friday,Resistance Bands,Sports,Ahmed Khan,KHI-01,Karachi,Debit Card,2,16.05,20.0,32.1,6.42,25.68
TXN001089,2024-09-04,2024,9,September,3,Wednesday,Dumbbell Set,Sports,Hassan Chaudhry,KHI-02,Karachi,Cash,1,224.61,20.0,224.61,44.92,179.69
TXN002642,2025-11-13,2025,11,November,4,Thursday,Bluetooth Speaker,Electronics,Zainab Chaudhry,MUL-01,Multan,Credit Card,6,73.01,0.0,438.06,0.0,438.06
TXN000695,2025-08-21,2025,8,August,3,Thursday,Sports Cap,Apparel,Fatima Sheikh,PSH-01,Peshawar,Mobile Wallet,6,161.04,10.0,966.24,96.62,869.62
TXN000792,2025-06-01,2025,6,June,2,Sunday,Non-Stick Pan,Home & Kitchen,Kamran Khan,KHI-01,Karachi,Debit Card,6,47.38,0.0,284.28,0.0,284.28
TXN004141,2026-01-16,2026,1,January,1,Friday,Wool Sweater,Apparel,Ayesha Butt,KHI-02,Karachi,Cash,1,71.74,0.0,71.74,0.0,71.74
TXN003981,2026-03-07,2026,3,March,1,Saturday,Dumbbell Set,Sports,Mariam Malik,PSH-01,Peshawar,Cash,3,73.6,0.0,220.8,0.0,220.8
TXN002679,2024-04-27,2024,4,April,2,Saturday,Hair Dryer,Beauty,Bilal Iqbal,KHI-01,Karachi,Cash,1,231.59,0.0,231.59,0.0,231.59
TXN002681,2025-05-13,2025,5,May,2,Tuesday,Hair Dryer,Beauty,Hina Malik,MUL-01,Multan,Credit Card,4,62.88,20.0,251.52,50.3,201.22
TXN001291,2025-05-03,2025,5,May,2,Saturday,Sports Cap,Apparel,Kamran Farooq,FSD-01,Faisalabad,Credit Card,1,203.74,0.0,203.74,0.0,203.74
TXN003307,2024-12-22,2024,12,December,4,Sunday,Webcam HD,Electronics,Faisal Butt,LHR-02,Lahore,Cash,1,114.33,20.0,114.33,22.87,91.46
TXN004947,2024-10-20,2024,10,October,4,Sunday,Bluetooth Speaker,Electronics,Mariam Farooq,KHI-01,Karachi,Credit Card,5,199.77,0.0,998.85,0.0,998.85
TXN000183,2025-03-25,2025,3,March,1,Tuesday,Running Shoes,Apparel,Kamran Chaudhry,LHR-01,Lahore,Debit Card,2,195.03,15.0,390.06,58.51,331.55
TXN002610,2025-11-14,2025,11,November,4,Friday,LED Desk Lamp,Home & Kitchen,Mariam Farooq,PSH-01,Peshawar,Credit Card,6,64.63,0.0,387.78,0.0,387.78
TXN001056,2025-07-03,2025,7,July,3,Thursday,USB-C Cable,Electronics,Fatima Malik,KHI-02,Karachi,Cash,2,159.13,10.0,318.26,31.83,286.43
TXN002741,2025-01-30,2025,1,January,1,Thursday,Face Moisturizer,Beauty,Sara Iqbal,KHI-02,Karachi,Credit Card,2,210.28,0.0,420.56,0.0,420.56
TXN002438,2025-12-29,2025,12,December,4,Monday,Bluetooth Speaker,Electronics,Hassan Iqbal,ISB-01,Islamabad,Mobile Wallet,3,205.91,15.0,617.73,92.66,525.07
TXN001440,2024-10-27,2024,10,October,4,Sunday,Ceramic Mug Set,Home & Kitchen,Ali Sheikh,LHR-01,Lahore,Cash,2,200.61,0.0,401.22,0.0,401.22
TXN000894,2024-04-09,2024,4,April,2,Tuesday,Bluetooth Speaker,Electronics,Sana Sheikh,KHI-02,Karachi,Credit Card,5,228.59,5.0,1142.95,57.15,1085.8
TXN000983,2026-04-25,2026,4,April,2,Saturday,Running Shoes,Apparel,Ayesha Butt,FSD-01,Faisalabad,Credit Card,4,131.83,15.0,527.32,79.1,448.22
TXN004690,2024-06-12,2024,6,June,2,Wednesday,Hair Dryer,Beauty,Faisal Sheikh,LHR-02,Lahore,Mobile Wallet,6,106.71,0.0,640.26,0.0,640.26
TXN001882,2025-12-12,2025,12,December,4,Friday,Running Shoes,Apparel,Noor Farooq,PSH-01,Peshawar,Credit Card,1,132.44,15.0,132.44,19.87,112.57
TXN004276,2024-09-02,2024,9,September,3,Monday,Resistance Bands,Sports,Noor Chaudhry,PSH-01,Peshawar,Mobile Wallet,2,224.66,0.0,449.32,0.0,449.32
TXN003525,2024-09-29,2024,9,September,3,Sunday,Dumbbell Set,Sports,Ayesha Malik,PSH-01,Peshawar,Debit Card,5,118.11,0.0,590.55,0.0,590.55
TXN003584,2024-11-27,2024,11,November,4,Wednesday,Coffee Maker,Home & Kitchen,Sara Farooq,PSH-01,Peshawar,Debit Card,1,63.83,0.0,63.83,0.0,63.83
TXN002545,2024-06-16,2024,6,June,2,Sunday,Resistance Bands,Sports,Faisal Farooq,MUL-01,Multan,Cash,4,53.84,10.0,215.36,21.54,193.82
TXN004915,2026-03-05,2026,3,March,1,Thursday,Dumbbell Set,Sports,Mariam Malik,LHR-01,Lahore,Credit Card,3,93.16,20.0,279.48,55.9,223.58
TXN004557,2025-10-07,2025,10,October,4,Tuesday,Yoga Mat,Sports,Noor Farooq,FSD-01,Faisalabad,Credit Card,5,174.3,15.0,871.5,130.72,740.78
TXN003371,2024-02-14,2024,2,February,1,Wednesday,Sports Cap,Apparel,Hina Sheikh,ISB-01,Islamabad,Credit Card,6,35.48,20.0,212.88,42.58,170.3
TXN002243,2026-04-22,2026,4,April,2,Wednesday,Bluetooth Speaker,Electronics,Faisal Butt,MUL-01,Multan,Credit Card,3,228.01,0.0,684.03,0.0,684.03
TXN000448,2025-01-23,2025,1,January,1,Thursday,Lip Balm,Beauty,Kamran Malik,KHI-01,Karachi,Credit Card,2,57.5,0.0,115.0,0.0,115.0
TXN003070,2024-04-07,2024,4,April,2,Sunday,Wool Sweater,Apparel,Faisal Malik,LHR-02,Lahore,Cash,4,218.66,0.0,874.64,0.0,874.64
TXN004059,2025-05-02,2025,5,May,2,Friday,Ceramic Mug Set,Home & Kitchen,Sana Khan,LHR-02,Lahore,Cash,5,206.32,5.0,1031.6,51.58,980.02
TXN001941,2026-03-28,2026,3,March,1,Saturday,Coffee Maker,Home & Kitchen,Ayesha Raza,PSH-01,Peshawar,Debit Card,2,29.16,0.0,58.32,0.0,58.32
TXN003818,2024-05-12,2024,5,May,2,Sunday,Blender,Home & Kitchen,Hassan Malik,LHR-02,Lahore,Credit Card,6,202.62,0.0,1215.72,0.0,1215.72
TXN001295,2026-03-15,2026,3,March,1,Sunday,Lip Balm,Beauty,Usman Khan,ISB-01,Islamabad,Credit Card,2,161.05,0.0,322.1,0.0,322.1
TXN004411,2024-05-24,2024,5,May,2,Friday,Webcam HD,Electronics,Usman Sheikh,MUL-01,Multan,Credit Card,1,149.2,5.0,149.2,7.46,141.74
TXN003946,2025-07-04,2025,7,July,3,Friday,Blender,Home & Kitchen,Sana Iqbal,ISB-01,Islamabad,Debit Card,3,201.01,15.0,603.03,90.45,512.58
TXN001539,2024-08-02,2024,8,August,3,Friday,Sports Cap,Apparel,Hina Malik,KHI-01,Karachi,Cash,2,98.74,0.0,197.48,0.0,197.48
TXN001214,2026-07-26,2026,7,July,3,Sunday,Wireless Mouse,Electronics,Usman Khan,LHR-01,Lahore,Mobile Wallet,3,5.86,10.0,17.58,1.76,15.82
TXN002699,2024-12-10,2024,12,December,4,Tuesday,Yoga Mat,Sports,Kamran Sheikh,MUL-01,Multan,Cash,4,106.37,0.0,425.48,0.0,425.48
TXN003218,2025-11-14,2025,11,November,4,Friday,Yoga Mat,Sports,Ali Iqbal,PSH-01,Peshawar,Debit Card,1,53.37,5.0,53.37,2.67,50.7
TXN000119,2024-05-08,2024,5,May,2,Wednesday,Cycling Helmet,Sports,Hassan Butt,LHR-02,Lahore,Cash,5,79.19,10.0,395.95,39.59,356.36
TXN002395,2026-01-02,2026,1,January,1,Friday,Sports Cap,Apparel,Fatima Iqbal,ISB-01,Islamabad,Credit Card,1,115.04,10.0,115.04,11.5,103.54
TXN001601,2026-06-01,2026,6,June,2,Monday,Non-Stick Pan,Home & Kitchen,Sana Raza,MUL-01,Multan,Credit Card,2,196.82,0.0,393.64,0.0,393.64
TXN001850,2025-08-06,2025,8,August,3,Wednesday,Non-Stick Pan,Home & Kitchen,Omar Butt,ISB-01,Islamabad,Cash,5,80.47,5.0,402.35,20.12,382.23
TXN002515,2025-07-13,2025,7,July,3,Sunday,Blender,Home & Kitchen,Kamran Farooq,KHI-02,Karachi,Cash,5,136.57,0.0,682.85,0.0,682.85
TXN004647,2024-02-10,2024,2,February,1,Saturday,Dumbbell Set,Sports,Ayesha Iqbal,MUL-01,Multan,Credit Card,5,51.6,0.0,258.0,0.0,258.0
TXN004349,2024-11-04,2024,11,November,4,Monday,Sunscreen SPF50,Beauty,Sara Chaudhry,LHR-01,Lahore,Debit Card,5,244.63,5.0,1223.15,61.16,1161.99
TXN001003,2026-02-06,2026,2,February,1,Friday,Bluetooth Speaker,Electronics,Bilal Farooq,MUL-01,Multan,Mobile Wallet,3,164.02,0.0,492.06,0.0,492.06
TXN004824,2024-04-16,2024,4,April,2,Tuesday,Ceramic Mug Set,Home & Kitchen,Noor Farooq,KHI-02,Karachi,Credit Card,1,173.0,20.0,173.0,34.6,138.4
TXN001323,2025-07-24,2025,7,July,3,Thursday,Denim Jacket,Apparel,Sana Iqbal,KHI-01,Karachi,Credit Card,1,49.54,0.0,49.54,0.0,49.54
TXN000124,2024-10-15,2024,10,October,4,Tuesday,Laptop Stand,Electronics,Ayesha Butt,PSH-01,Peshawar,Credit Card,6,151.39,0.0,908.34,0.0,908.34
TXN003903,2026-05-19,2026,5,May,2,Tuesday,Football,Sports,Omar Chaudhry,FSD-01,Faisalabad,Mobile Wallet,5,112.76,15.0,563.8,84.57,479.23
TXN002117,2024-11-10,2024,11,November,4,Sunday,Wool Sweater,Apparel,Sara Iqbal,LHR-02,Lahore,Cash,2,229.77,10.0,459.54,45.95,413.59
TXN003624,2024-10-11,2024,10,October,4,Friday,Wool Sweater,Apparel,Faisal Raza,FSD-01,Faisalabad,Debit Card,3,171.74,0.0,515.22,0.0,515.22
TXN003502,2024-06-06,2024,6,June,2,Thursday,Denim Jacket,Apparel,Hina Raza,ISB-01,Islamabad,Credit Card,6,42.79,0.0,256.74,0.0,256.74
TXN000967,2025-09-26,2025,9,September,3,Friday,Face Moisturizer,Beauty,Omar Iqbal,ISB-01,Islamabad,Credit Card,6,230.29,5.0,1381.74,69.09,1312.65
TXN004958,2024-02-15,2024,2,February,1,Thursday,Wireless Mouse,Electronics,Hina Sheikh,MUL-01,Multan,Debit Card,4,234.61,15.0,938.44,140.77,797.67
TXN001653,2025-09-11,2025,9,September,3,Thursday,Sunscreen SPF50,Beauty,Sana Iqbal,FSD-01,Faisalabad,Cash,1,63.52,0.0,63.52,0.0,63.52
TXN001738,2026-06-17,2026,6,June,2,Wednesday,Bluetooth Speaker,Electronics,Bilal Butt,LHR-01,Lahore,Credit Card,1,88.27,20.0,88.27,17.65,70.62
TXN002077,2025-02-03,2025,2,February,1,Monday,Football,Sports,Ahmed Raza,MUL-01,Multan,Cash,5,230.97,10.0,1154.85,115.48,1039.37
TXN003883,2026-03-07,2026,3,March,1,Saturday,Resistance Bands,Sports,Faisal Sheikh,LHR-02,Lahore,Cash,2,89.69,0.0,179.38,0.0,179.38
TXN004248,2026-01-31,2026,1,January,1,Saturday,Lip Balm,Beauty,Kamran Raza,ISB-01,Islamabad,Mobile Wallet,1,100.93,20.0,100.93,20.19,80.74
TXN003674,2024-03-13,2024,3,March,1,Wednesday,Denim Jacket,Apparel,Mariam Khan,PSH-01,Peshawar,Cash,3,42.88,0.0,128.64,0.0,128.64
TXN003935,2025-12-22,2025,12,December,4,Monday,Ceramic Mug Set,Home & Kitchen,Fatima Raza,FSD-01,Faisalabad,Credit Card,5,212.24,5.0,1061.2,53.06,1008.14
TXN003033,2025-08-03,2025,8,August,3,Sunday,Webcam HD,Electronics,Faisal Iqbal,ISB-01,Islamabad,Cash,3,115.86,20.0,347.58,69.52,278.06
TXN001359,2024-11-30,2024,11,November,4,Saturday,Lip Balm,Beauty,Omar Raza,ISB-01,Islamabad,Credit Card,2,28.62,5.0,57.24,2.86,54.38
TXN003236,2025-10-01,2025,10,October,4,Wednesday,Sports Cap,Apparel,Faisal Iqbal,LHR-02,Lahore,Debit Card,2,246.07,20.0,492.14,98.43,393.71
TXN001521,2025-08-03,2025,8,August,3,Sunday,Resistance Bands,Sports,Zainab Malik,MUL-01,Multan,Debit Card,6,242.11,0.0,1452.66,0.0,1452.66
TXN002097,2026-03-15,2026,3,March,1,Sunday,Sports Cap,Apparel,Noor Butt,KHI-02,Karachi,Cash,1,146.09,20.0,146.09,29.22,116.87
TXN004343,2026-02-10,2026,2,February,1,Tuesday,Face Moisturizer,Beauty,Fatima Butt,ISB-01,Islamabad,Cash,1,72.16,0.0,72.16,0.0,72.16
TXN000874,2025-09-05,2025,9,September,3,Friday,Lip Balm,Beauty,Fatima Malik,KHI-02,Karachi,Mobile Wallet,6,64.12,5.0,384.72,19.24,365.48
TXN001057,2024-08-22,2024,8,August,3,Thursday,Laptop Stand,Electronics,Noor Raza,KHI-02,Karachi,Mobile Wallet,4,73.03,20.0,292.12,58.42,233.7
TXN001592,2024-10-28,2024,10,October,4,Monday,Cotton T-Shirt,Apparel,Sara Malik,FSD-01,Faisalabad,Cash,3,222.16,5.0,666.48,33.32,633.16
TXN004030,2024-03-02,2024,3,March,1,Saturday,Resistance Bands,Sports,Bilal Butt,LHR-02,Lahore,Credit Card,1,79.31,0.0,79.31,0.0,79.31
TXN003087,2026-04-29,2026,4,April,2,Wednesday,Bluetooth Speaker,Electronics,Ayesha Chaudhry,FSD-01,Faisalabad,Cash,1,81.29,15.0,81.29,12.19,69.1
TXN002051,2026-06-09,2026,6,June,2,Tuesday,Bluetooth Speaker,Electronics,Faisal Iqbal,LHR-02,Lahore,Cash,6,210.34,10.0,1262.04,126.2,1135.84
TXN004537,2024-11-14,2024,11,November,4,Thursday,Laptop Stand,Electronics,Ayesha Chaudhry,ISB-01,Islamabad,Credit Card,5,248.75,0.0,1243.75,0.0,1243.75
TXN003277,2024-06-18,2024,6,June,2,Tuesday,USB-C Cable,Electronics,Sara Khan,KHI-02,Karachi,Debit Card,3,142.53,20.0,427.59,85.52,342.07
TXN001683,2024-12-27,2024,12,December,4,Friday,Coffee Maker,Home & Kitchen,Ali Malik,PSH-01,Peshawar,Mobile Wallet,6,171.03,15.0,1026.18,153.93,872.25
TXN003852,2026-07-20,2026,7,July,3,Monday,Face Moisturizer,Beauty,Ayesha Khan,FSD-01,Faisalabad,Mobile Wallet,1,25.92,15.0,25.92,3.89,22.03
TXN004167,2024-05-18,2024,5,May,2,Saturday,Denim Jacket,Apparel,Hina Khan,LHR-01,Lahore,Cash,4,165.82,0.0,663.28,0.0,663.28
TXN004114,2024-02-08,2024,2,February,1,Thursday,Shampoo 500ml,Beauty,Ahmed Sheikh,PSH-01,Peshawar,Cash,1,107.37,10.0,107.37,10.74,96.63
TXN004504,2026-07-11,2026,7,July,3,Saturday,Dumbbell Set,Sports,Bilal Butt,LHR-02,Lahore,Credit Card,4,165.7,0.0,662.8,0.0,662.8
TXN004205,2024-01-26,2024,1,January,1,Friday,Resistance Bands,Sports,Ahmed Raza,KHI-02,Karachi,Cash,4,37.34,10.0,149.36,14.94,134.42
TXN002402,2024-07-26,2024,7,July,3,Friday,Ceramic Mug Set,Home & Kitchen,Noor Khan,KHI-02,Karachi,Cash,2,22.93,15.0,45.86,6.88,38.98
TXN000848,2025-06-08,2025,6,June,2,Sunday,Sunscreen SPF50,Beauty,Sana Khan,MUL-01,Multan,Debit Card,4,8.97,20.0,35.88,7.18,28.7
TXN003529,2025-02-17,2025,2,February,1,Monday,Sports Cap,Apparel,Hassan Sheikh,PSH-01,Peshawar,Cash,5,101.21,0.0,506.05,0.0,506.05
TXN004300,2026-03-20,2026,3,March,1,Friday,Non-Stick Pan,Home & Kitchen,Hina Malik,FSD-01,Faisalabad,Credit Card,2,158.03,0.0,316.06,0.0,316.06
TXN004999,2026-07-02,2026,7,July,3,Thursday,LED Desk Lamp,Home & Kitchen,Hina Iqbal,LHR-02,Lahore,Debit Card,4,108.29,0.0,433.16,0.0,433.16
TXN001733,2024-07-10,2024,7,July,3,Wednesday,Wool Sweater,Apparel,Sara Iqbal,MUL-01,Multan,Credit Card,5,229.61,10.0,1148.05,114.81,1033.24
TXN001961,2025-02-05,2025,2,February,1,Wednesday,Sunscreen SPF50,Beauty,Ayesha Farooq,PSH-01,Peshawar,Credit Card,3,8.23,15.0,24.69,3.7,20.99
TXN000622,2025-06-25,2025,6,June,2,Wednesday,Wool Sweater,Apparel,Ali Malik,FSD-01,Faisalabad,Credit Card,4,225.13,0.0,900.52,0.0,900.52
TXN000558,2024-05-22,2024,5,May,2,Wednesday,Sunscreen SPF50,Beauty,Omar Khan,ISB-01,Islamabad,Cash,3,244.42,10.0,733.26,73.33,659.93
TXN000864,2025-02-10,2025,2,February,1,Monday,Denim Jacket,Apparel,Bilal Khan,LHR-01,Lahore,Cash,4,7.87,15.0,31.48,4.72,26.76
TXN000806,2024-06-16,2024,6,June,2,Sunday,Ceramic Mug Set,Home & Kitchen,Ahmed Chaudhry,PSH-01,Peshawar,Credit Card,1,172.17,15.0,172.17,25.83,146.34
TXN003793,2025-11-23,2025,11,November,4,Sunday,Laptop Stand,Electronics,Kamran Butt,PSH-01,Peshawar,Debit Card,2,142.6,0.0,285.2,0.0,285.2
TXN004639,2024-02-27,2024,2,February,1,Tuesday,Sunscreen SPF50,Beauty,Kamran Khan,MUL-01,Multan,Credit Card,5,18.1,5.0,90.5,4.53,85.97
TXN000575,2025-03-30,2025,3,March,1,Sunday,Wool Sweater,Apparel,Ahmed Butt,KHI-02,Karachi,Credit Card,2,219.95,20.0,439.9,87.98,351.92
TXN000106,2025-06-22,2025,6,June,2,Sunday,Coffee Maker,Home & Kitchen,Hina Malik,MUL-01,Multan,Credit Card,5,129.3,5.0,646.5,32.33,614.17
TXN004957,2025-03-24,2025,3,March,1,Monday,USB-C Cable,Electronics,Omar Khan,KHI-01,Karachi,Debit Card,5,152.48,0.0,762.4,0.0,762.4
TXN004359,2025-01-01,2025,1,January,1,Wednesday,Yoga Mat,Sports,Hassan Chaudhry,KHI-02,Karachi,Mobile Wallet,5,92.33,20.0,461.65,92.33,369.32
TXN004705,2024-03-25,2024,3,March,1,Monday,Cycling Helmet,Sports,Kamran Butt,LHR-01,Lahore,Cash,6,10.0,15.0,60.0,9.0,51.0
TXN002089,2024-04-03,2024,4,April,2,Wednesday,Sports Cap,Apparel,Fatima Butt,LHR-01,Lahore,Credit Card,2,40.23,10.0,80.46,8.05,72.41
TXN000545,2024-01-31,2024,1,January,1,Wednesday,Shampoo 500ml,Beauty,Hina Khan,MUL-01,Multan,Debit Card,3,33.22,20.0,99.66,19.93,79.73
TXN003090,2026-07-20,2026,7,July,3,Monday,Sports Cap,Apparel,Fatima Farooq,LHR-01,Lahore,Cash,1,8.43,20.0,8.43,1.69,6.74
TXN004661,2024-07-30,2024,7,July,3,Tuesday,Sunscreen SPF50,Beauty,Mariam Malik,KHI-01,Karachi,Cash,1,29.48,10.0,29.48,2.95,26.53
TXN000597,2025-02-01,2025,2,February,1,Saturday,Ceramic Mug Set,Home & Kitchen,Zainab Khan,LHR-01,Lahore,Cash,3,83.31,0.0,249.93,0.0,249.93
TXN003950,2026-04-05,2026,4,April,2,Sunday,Blender,Home & Kitchen,Mariam Iqbal,KHI-02,Karachi,Mobile Wallet,5,128.25,20.0,641.25,128.25,513.0
TXN003472,2025-12-31,2025,12,December,4,Wednesday,Football,Sports,Faisal Raza,MUL-01,Multan,Cash,4,219.79,10.0,879.16,87.92,791.24
TXN003606,2026-05-17,2026,5,May,2,Sunday,Laptop Stand,Electronics,Omar Khan,ISB-01,Islamabad,Credit Card,5,113.05,15.0,565.25,84.79,480.46
TXN004094,2025-01-18,2025,1,January,1,Saturday,Lip Balm,Beauty,Omar Butt,KHI-01,Karachi,Debit Card,5,175.26,20.0,876.3,175.26,701.04
TXN001668,2026-04-21,2026,4,April,2,Tuesday,Cotton T-Shirt,Apparel,Kamran Chaudhry,KHI-02,Karachi,Debit Card,1,103.61,10.0,103.61,10.36,93.25
TXN003908,2026-04-03,2026,4,April,2,Friday,Cotton T-Shirt,Apparel,Omar Raza,MUL-01,Multan,Cash,3,247.86,5.0,743.58,37.18,706.4
TXN003638,2025-03-23,2025,3,March,1,Sunday,USB-C Cable,Electronics,Zainab Iqbal,LHR-01,Lahore,Cash,3,183.28,0.0,549.84,0.0,549.84
TXN001086,2025-03-14,2025,3,March,1,Friday,Face Moisturizer,Beauty,Ali Raza,FSD-01,Faisalabad,Credit Card,6,241.74,0.0,1450.44,0.0,1450.44
TXN000996,2025-04-08,2025,4,April,2,Tuesday,Bluetooth Speaker,Electronics,Ahmed Chaudhry,LHR-02,Lahore,Mobile Wallet,4,76.82,0.0,307.28,0.0,307.28
TXN004015,2026-06-21,2026,6,June,2,Sunday,Shampoo 500ml,Beauty,Kamran Sheikh,LHR-01,Lahore,Mobile Wallet,4,61.92,20.0,247.68,49.54,198.14
TXN000816,2024-12-02,2024,12,December,4,Monday,Coffee Maker,Home & Kitchen,Zainab Farooq,LHR-02,Lahore,Mobile Wallet,1,100.31,0.0,100.31,0.0,100.31
TXN002352,2024-02-11,2024,2,February,1,Sunday,Webcam HD,Electronics,Sana Iqbal,LHR-01,Lahore,Cash,1,158.46,0.0,158.46,0.0,158.46
TXN001207,2024-09-18,2024,9,September,3,Wednesday,Coffee Maker,Home & Kitchen,Bilal Farooq,LHR-02,Lahore,Cash,5,185.16,10.0,925.8,92.58,833.22
TXN002040,2025-07-30,2025,7,July,3,Wednesday,Denim Jacket,Apparel,Faisal Sheikh,MUL-01,Multan,Debit Card,6,50.02,5.0,300.12,15.01,285.11
TXN002657,2024-06-08,2024,6,June,2,Saturday,Dumbbell Set,Sports,Mariam Malik,LHR-01,Lahore,Cash,2,86.31,0.0,172.62,0.0,172.62
TXN003644,2024-07-10,2024,7,July,3,Wednesday,Wool Sweater,Apparel,Noor Sheikh,FSD-01,Faisalabad,Cash,4,45.12,20.0,180.48,36.1,144.38
TXN000068,2025-10-13,2025,10,October,4,Monday,Webcam HD,Electronics,Zainab Butt,PSH-01,Peshawar,Cash,6,157.12,15.0,942.72,141.41,801.31
TXN002600,2026-03-09,2026,3,March,1,Monday,Ceramic Mug Set,Home & Kitchen,Sana Farooq,FSD-01,Faisalabad,Mobile Wallet,6,167.51,0.0,1005.06,0.0,1005.06
TXN001208,2026-05-07,2026,5,May,2,Thursday,Sports Cap,Apparel,Zainab Raza,LHR-01,Lahore,Credit Card,4,30.64,0.0,122.56,0.0,122.56
TXN003439,2026-07-15,2026,7,July,3,Wednesday,Ceramic Mug Set,Home & Kitchen,Zainab Butt,LHR-02,Lahore,Credit Card,6,129.03,15.0,774.18,116.13,658.05
TXN004145,2024-02-06,2024,2,February,1,Tuesday,Denim Jacket,Apparel,Zainab Farooq,KHI-01,Karachi,Credit Card,3,154.77,10.0,464.31,46.43,417.88
TXN004414,2024-04-29,2024,4,April,2,Monday,USB-C Cable,Electronics,Kamran Farooq,PSH-01,Peshawar,Cash,2,82.39,5.0,164.78,8.24,156.54
TXN003352,2025-10-06,2025,10,October,4,Monday,Non-Stick Pan,Home & Kitchen,Bilal Farooq,MUL-01,Multan,Credit Card,6,44.88,0.0,269.28,0.0,269.28
TXN003631,2024-10-04,2024,10,October,4,Friday,Blender,Home & Kitchen,Bilal Farooq,LHR-01,Lahore,Cash,5,52.26,20.0,261.3,52.26,209.04
TXN003195,2024-04-16,2024,4,April,2,Tuesday,Cotton T-Shirt,Apparel,Ali Farooq,PSH-01,Peshawar,Mobile Wallet,3,15.4,10.0,46.2,4.62,41.58
TXN002894,2024-02-27,2024,2,February,1,Tuesday,Non-Stick Pan,Home & Kitchen,Ayesha Chaudhry,KHI-01,Karachi,Credit Card,1,217.95,5.0,217.95,10.9,207.05
TXN000036,2026-02-10,2026,2,February,1,Tuesday,Sunscreen SPF50,Beauty,Faisal Farooq,LHR-01,Lahore,Cash,4,214.09,20.0,856.36,171.27,685.09
TXN004668,2025-11-26,2025,11,November,4,Wednesday,Non-Stick Pan,Home & Kitchen,Mariam Sheikh,PSH-01,Peshawar,Cash,5,130.59,5.0,652.95,32.65,620.3
TXN000741,2026-04-09,2026,4,April,2,Thursday,Webcam HD,Electronics,Ali Raza,FSD-01,Faisalabad,Mobile Wallet,1,58.05,5.0,58.05,2.9,55.15
TXN003795,2025-05-27,2025,5,May,2,Tuesday,Sports Cap,Apparel,Usman Raza,LHR-02,Lahore,Cash,3,135.39,5.0,406.17,20.31,385.86
TXN004091,2025-06-13,2025,6,June,2,Friday,Wool Sweater,Apparel,Sana Butt,KHI-02,Karachi,Cash,4,79.62,20.0,318.48,63.7,254.78
TXN000910,2024-04-16,2024,4,April,2,Tuesday,Resistance Bands,Sports,Hina Raza,LHR-01,Lahore,Cash,1,62.25,5.0,62.25,3.11,59.14
TXN003548,2025-11-09,2025,11,November,4,Sunday,USB-C Cable,Electronics,Hassan Chaudhry,MUL-01,Multan,Credit Card,1,97.53,0.0,97.53,0.0,97.53
TXN003683,2024-10-11,2024,10,October,4,Friday,Sunscreen SPF50,Beauty,Hassan Iqbal,MUL-01,Multan,Credit Card,1,124.56,20.0,124.56,24.91,99.65
TXN001536,2024-02-07,2024,2,February,1,Wednesday,Cycling Helmet,Sports,Hassan Raza,LHR-02,Lahore,Debit Card,5,204.42,0.0,1022.1,0.0,1022.1
TXN002963,2026-06-13,2026,6,June,2,Saturday,Ceramic Mug Set,Home & Kitchen,Usman Butt,ISB-01,Islamabad,Mobile Wallet,1,9.76,0.0,9.76,0.0,9.76
TXN000569,2025-01-21,2025,1,January,1,Tuesday,Laptop Stand,Electronics,Kamran Khan,ISB-01,Islamabad,Mobile Wallet,3,232.56,0.0,697.68,0.0,697.68
TXN004272,2024-03-17,2024,3,March,1,Sunday,Ceramic Mug Set,Home & Kitchen,Ahmed Sheikh,FSD-01,Faisalabad,Credit Card,4,129.38,0.0,517.52,0.0,517.52
TXN001666,2025-04-10,2025,4,April,2,Thursday,Sports Cap,Apparel,Hassan Chaudhry,LHR-02,Lahore,Credit Card,6,184.53,0.0,1107.18,0.0,1107.18
TXN004719,2025-05-13,2025,5,May,2,Tuesday,Sports Cap,Apparel,Ayesha Butt,KHI-02,Karachi,Cash,2,168.8,0.0,337.6,0.0,337.6
TXN000268,2025-01-25,2025,1,January,1,Saturday,Dumbbell Set,Sports,Ayesha Chaudhry,MUL-01,Multan,Credit Card,6,107.06,0.0,642.36,0.0,642.36
TXN000601,2025-02-04,2025,2,February,1,Tuesday,Football,Sports,Noor Farooq,FSD-01,Faisalabad,Cash,3,134.32,15.0,402.96,60.44,342.52
TXN004053,2025-02-02,2025,2,February,1,Sunday,Bluetooth Speaker,Electronics,Noor Malik,ISB-01,Islamabad,Mobile Wallet,1,27.93,5.0,27.93,1.4,26.53
TXN004036,2024-06-22,2024,6,June,2,Saturday,Lip Balm,Beauty,Kamran Raza,MUL-01,Multan,Credit Card,6,82.59,5.0,495.54,24.78,470.76
TXN002252,2025-11-10,2025,11,November,4,Monday,Running Shoes,Apparel,Sara Khan,FSD-01,Faisalabad,Credit Card,3,114.43,5.0,343.29,17.16,326.13
TXN004000,2024-05-02,2024,5,May,2,Thursday,Running Shoes,Apparel,Mariam Iqbal,FSD-01,Faisalabad,Credit Card,6,33.07,15.0,198.42,29.76,168.66
TXN000165,2024-04-19,2024,4,April,2,Friday,USB-C Cable,Electronics,Faisal Sheikh,KHI-01,Karachi,Cash,3,6.27,0.0,18.81,0.0,18.81
TXN004743,2024-12-12,2024,12,December,4,Thursday,Yoga Mat,Sports,Kamran Khan,LHR-02,Lahore,Cash,3,86.4,10.0,259.2,25.92,233.28
TXN001421,2026-02-02,2026,2,February,1,Monday,Sports Cap,Apparel,Kamran Malik,KHI-01,Karachi,Mobile Wallet,2,54.12,15.0,108.24,16.24,92.0
TXN002654,2025-02-08,2025,2,February,1,Saturday,Wireless Mouse,Electronics,Hina Iqbal,ISB-01,Islamabad,Debit Card,3,83.34,0.0,250.02,0.0,250.02
TXN002648,2025-10-02,2025,10,October,4,Thursday,Cycling Helmet,Sports,Ali Chaudhry,KHI-01,Karachi,Cash,5,221.68,20.0,1108.4,221.68,886.72
TXN004500,2025-12-08,2025,12,December,4,Monday,Dumbbell Set,Sports,Sana Butt,ISB-01,Islamabad,Cash,1,65.11,0.0,65.11,0.0,65.11
TXN004057,2025-09-16,2025,9,September,3,Tuesday,Sunscreen SPF50,Beauty,Kamran Raza,PSH-01,Peshawar,Credit Card,2,194.03,0.0,388.06,0.0,388.06
TXN002067,2025-07-14,2025,7,July,3,Monday,USB-C Cable,Electronics,Ayesha Farooq,KHI-01,Karachi,Cash,2,172.14,5.0,344.28,17.21,327.07
TXN002946,2024-05-24,2024,5,May,2,Friday,Non-Stick Pan,Home & Kitchen,Faisal Butt,LHR-01,Lahore,Debit Card,5,98.38,0.0,491.9,0.0,491.9
TXN003329,2024-12-19,2024,12,December,4,Thursday,Hair Dryer,Beauty,Ali Chaudhry,KHI-02,Karachi,Debit Card,3,177.05,0.0,531.15,0.0,531.15
TXN001030,2026-02-06,2026,2,February,1,Friday,Face Moisturizer,Beauty,Ayesha Farooq,FSD-01,Faisalabad,Mobile Wallet,6,68.26,0.0,409.56,0.0,409.56
TXN001325,2024-06-19,2024,6,June,2,Wednesday,USB-C Cable,Electronics,Omar Khan,PSH-01,Peshawar,Debit Card,5,215.74,15.0,1078.7,161.81,916.89
TXN004938,2026-03-02,2026,3,March,1,Monday,Cycling Helmet,Sports,Faisal Raza,MUL-01,Multan,Credit Card,2,191.59,15.0,383.18,57.48,325.7
TXN001000,2025-12-31,2025,12,December,4,Wednesday,Blender,Home & Kitchen,Kamran Butt,ISB-01,Islamabad,Cash,5,44.71,5.0,223.55,11.18,212.37
TXN001329,2024-06-06,2024,6,June,2,Thursday,Football,Sports,Noor Butt,KHI-02,Karachi,Credit Card,5,105.11,0.0,525.55,0.0,525.55
TXN000483,2026-07-05,2026,7,July,3,Sunday,Cotton T-Shirt,Apparel,Hassan Sheikh,PSH-01,Peshawar,Mobile Wallet,3,14.99,5.0,44.97,2.25,42.72
TXN001233,2025-07-14,2025,7,July,3,Monday,Resistance Bands,Sports,Hassan Chaudhry,KHI-02,Karachi,Credit Card,3,242.08,20.0,726.24,145.25,580.99
TXN002476,2024-06-27,2024,6,June,2,Thursday,Dumbbell Set,Sports,Sana Butt,ISB-01,Islamabad,Credit Card,5,239.54,0.0,1197.7,0.0,1197.7
TXN001588,2024-02-11,2024,2,February,1,Sunday,Running Shoes,Apparel,Ali Farooq,ISB-01,Islamabad,Cash,6,28.61,0.0,171.66,0.0,171.66
TXN004299,2026-04-26,2026,4,April,2,Sunday,Bluetooth Speaker,Electronics,Sara Chaudhry,FSD-01,Faisalabad,Credit Card,1,99.86,10.0,99.86,9.99,89.87
TXN000609,2025-08-13,2025,8,August,3,Wednesday,Bluetooth Speaker,Electronics,Ahmed Chaudhry,ISB-01,Islamabad,Cash,5,175.3,10.0,876.5,87.65,788.85
TXN003976,2024-12-15,2024,12,December,4,Sunday,Football,Sports,Hassan Malik,LHR-01,Lahore,Credit Card,6,58.86,15.0,353.16,52.97,300.19
TXN000312,2024-03-02,2024,3,March,1,Saturday,Ceramic Mug Set,Home & Kitchen,Hassan Khan,ISB-01,Islamabad,Debit Card,4,204.39,15.0,817.56,122.63,694.93
TXN002853,2026-03-31,2026,3,March,1,Tuesday,Wireless Mouse,Electronics,Omar Sheikh,KHI-02,Karachi,Credit Card,4,140.45,0.0,561.8,0.0,561.8
TXN002878,2025-03-17,2025,3,March,1,Monday,Running Shoes,Apparel,Noor Iqbal,ISB-01,Islamabad,Cash,3,19.8,15.0,59.4,8.91,50.49
TXN000057,2025-03-24,2025,3,March,1,Monday,Sunscreen SPF50,Beauty,Usman Chaudhry,LHR-01,Lahore,Credit Card,1,123.75,0.0,123.75,0.0,123.75
TXN001021,2025-11-18,2025,11,November,4,Tuesday,Dumbbell Set,Sports,Noor Iqbal,PSH-01,Peshawar,Credit Card,3,183.7,5.0,551.1,27.55,523.55
TXN003877,2026-07-24,2026,7,July,3,Friday,Wireless Mouse,Electronics,Noor Raza,FSD-01,Faisalabad,Mobile Wallet,3,232.95,0.0,698.85,0.0,698.85
TXN002811,2024-03-16,2024,3,March,1,Saturday,Shampoo 500ml,Beauty,Hina Raza,FSD-01,Faisalabad,Cash,4,109.64,10.0,438.56,43.86,394.7
TXN002432,2024-09-05,2024,9,September,3,Thursday,Wool Sweater,Apparel,Fatima Sheikh,LHR-02,Lahore,Debit Card,3,175.72,0.0,527.16,0.0,527.16
TXN004621,2026-05-26,2026,5,May,2,Tuesday,Ceramic Mug Set,Home & Kitchen,Hina Iqbal,PSH-01,Peshawar,Cash,6,225.61,20.0,1353.66,270.73,1082.93
TXN000773,2024-10-07,2024,10,October,4,Monday,Shampoo 500ml,Beauty,Omar Iqbal,ISB-01,Islamabad,Debit Card,3,54.65,5.0,163.95,8.2,155.75
TXN001715,2025-08-19,2025,8,August,3,Tuesday,Sunscreen SPF50,Beauty,Fatima Iqbal,PSH-01,Peshawar,Mobile Wallet,4,121.31,0.0,485.24,0.0,485.24
TXN002176,2026-07-06,2026,7,July,3,Monday,Lip Balm,Beauty,Faisal Iqbal,LHR-01,Lahore,Credit Card,6,226.75,0.0,1360.5,0.0,1360.5
TXN003044,2026-06-24,2026,6,June,2,Wednesday,Lip Balm,Beauty,Omar Khan,LHR-02,Lahore,Debit Card,1,169.12,0.0,169.12,0.0,169.12
TXN002022,2024-06-20,2024,6,June,2,Thursday,Cycling Helmet,Sports,Ahmed Malik,PSH-01,Peshawar,Mobile Wallet,2,33.49,10.0,66.98,6.7,60.28
TXN001217,2026-01-13,2026,1,January,1,Tuesday,Wool Sweater,Apparel,Usman Chaudhry,MUL-01,Multan,Credit Card,4,143.33,20.0,573.32,114.66,458.66
TXN002954,2025-04-03,2025,4,April,2,Thursday,Bluetooth Speaker,Electronics,Fatima Sheikh,KHI-02,Karachi,Debit Card,6,80.56,20.0,483.36,96.67,386.69
TXN001656,2025-09-20,2025,9,September,3,Saturday,LED Desk Lamp,Home & Kitchen,Sara Farooq,PSH-01,Peshawar,Cash,3,132.55,10.0,397.65,39.77,357.88
TXN003283,2025-01-10,2025,1,January,1,Friday,Face Moisturizer,Beauty,Bilal Iqbal,LHR-01,Lahore,Cash,5,76.97,0.0,384.85,0.0,384.85
TXN001736,2024-04-05,2024,4,April,2,Friday,Dumbbell Set,Sports,Bilal Raza,LHR-02,Lahore,Cash,1,135.55,0.0,135.55,0.0,135.55
TXN003481,2025-06-18,2025,6,June,2,Wednesday,Cycling Helmet,Sports,Sana Khan,KHI-01,Karachi,Mobile Wallet,4,137.97,10.0,551.88,55.19,496.69
TXN004353,2025-06-05,2025,6,June,2,Thursday,Laptop Stand,Electronics,Ali Iqbal,KHI-02,Karachi,Credit Card,4,241.21,20.0,964.84,192.97,771.87
TXN004452,2025-10-22,2025,10,October,4,Wednesday,Wool Sweater,Apparel,Sara Farooq,FSD-01,Faisalabad,Cash,4,50.21,5.0,200.84,10.04,190.8
TXN000178,2025-09-03,2025,9,September,3,Wednesday,Wool Sweater,Apparel,Hassan Farooq,LHR-02,Lahore,Cash,5,154.77,5.0,773.85,38.69,735.16
TXN000621,2026-05-18,2026,5,May,2,Monday,Football,Sports,Zainab Khan,KHI-02,Karachi,Credit Card,1,19.09,0.0,19.09,0.0,19.09
TXN003376,2025-01-21,2025,1,January,1,Tuesday,Non-Stick Pan,Home & Kitchen,Fatima Butt,LHR-02,Lahore,Cash,5,230.17,20.0,1150.85,230.17,920.68
TXN001113,2026-02-27,2026,2,February,1,Friday,Face Moisturizer,Beauty,Faisal Sheikh,ISB-01,Islamabad,Cash,5,22.82,5.0,114.1,5.71,108.39
TXN000126,2024-12-13,2024,12,December,4,Friday,Resistance Bands,Sports,Bilal Malik,LHR-02,Lahore,Credit Card,2,235.04,10.0,470.08,47.01,423.07
TXN003365,2025-10-12,2025,10,October,4,Sunday,Ceramic Mug Set,Home & Kitchen,Hassan Chaudhry,KHI-02,Karachi,Credit Card,2,108.66,10.0,217.32,21.73,195.59
TXN001908,2025-08-27,2025,8,August,3,Wednesday,Hair Dryer,Beauty,Noor Khan,FSD-01,Faisalabad,Cash,6,151.38,0.0,908.28,0.0,908.28
TXN001073,2026-02-21,2026,2,February,1,Saturday,Coffee Maker,Home & Kitchen,Sana Butt,PSH-01,Peshawar,Credit Card,1,134.44,15.0,134.44,20.17,114.27
TXN003788,2026-06-11,2026,6,June,2,Thursday,LED Desk Lamp,Home & Kitchen,Hassan Farooq,KHI-02,Karachi,Mobile Wallet,4,237.54,15.0,950.16,142.52,807.64
TXN004929,2025-07-02,2025,7,July,3,Wednesday,Running Shoes,Apparel,Bilal Iqbal,FSD-01,Faisalabad,Cash,4,247.64,10.0,990.56,99.06,891.5
TXN001552,2025-09-11,2025,9,September,3,Thursday,LED Desk Lamp,Home & Kitchen,Bilal Khan,ISB-01,Islamabad,Credit Card,3,174.9,10.0,524.7,52.47,472.23
TXN004986,2026-01-15,2026,1,January,1,Thursday,USB-C Cable,Electronics,Mariam Sheikh,MUL-01,Multan,Credit Card,3,92.18,0.0,276.54,0.0,276.54
TXN000888,2024-09-15,2024,9,September,3,Sunday,Shampoo 500ml,Beauty,Mariam Malik,LHR-02,Lahore,Mobile Wallet,5,11.76,0.0,58.8,0.0,58.8
TXN002554,2026-01-26,2026,1,January,1,Monday,Cycling Helmet,Sports,Hina Raza,LHR-02,Lahore,Cash,6,13.91,0.0,83.46,0.0,83.46
TXN003453,2026-04-18,2026,4,April,2,Saturday,Non-Stick Pan,Home & Kitchen,Hina Sheikh,FSD-01,Faisalabad,Credit Card,2,102.75,5.0,205.5,10.28,195.22
TXN001968,2024-02-12,2024,2,February,1,Monday,Cotton T-Shirt,Apparel,Kamran Butt,KHI-02,Karachi,Mobile Wallet,1,236.04,0.0,236.04,0.0,236.04
TXN001956,2024-12-11,2024,12,December,4,Wednesday,Laptop Stand,Electronics,Noor Farooq,MUL-01,Multan,Debit Card,1,223.84,0.0,223.84,0.0,223.84
TXN004499,2026-05-11,2026,5,May,2,Monday,Ceramic Mug Set,Home & Kitchen,Fatima Malik,ISB-01,Islamabad,Credit Card,4,182.72,5.0,730.88,36.54,694.34
TXN000822,2024-03-23,2024,3,March,1,Saturday,Sunscreen SPF50,Beauty,Ali Butt,KHI-02,Karachi,Cash,4,144.79,0.0,579.16,0.0,579.16
TXN004234,2025-01-11,2025,1,January,1,Saturday,Lip Balm,Beauty,Ali Khan,LHR-02,Lahore,Mobile Wallet,3,39.78,10.0,119.34,11.93,107.41
TXN004643,2024-03-06,2024,3,March,1,Wednesday,Football,Sports,Faisal Butt,KHI-02,Karachi,Debit Card,4,38.55,5.0,154.2,7.71,146.49
TXN004247,2024-06-28,2024,6,June,2,Friday,Webcam HD,Electronics,Hassan Raza,LHR-01,Lahore,Credit Card,5,217.43,0.0,1087.15,0.0,1087.15
TXN002757,2026-04-21,2026,4,April,2,Tuesday,Lip Balm,Beauty,Ali Iqbal,FSD-01,Faisalabad,Credit Card,6,30.33,15.0,181.98,27.3,154.68
TXN004502,2025-04-10,2025,4,April,2,Thursday,Lip Balm,Beauty,Zainab Khan,KHI-01,Karachi,Cash,3,93.73,5.0,281.19,14.06,267.13
TXN003969,2024-11-04,2024,11,November,4,Monday,Hair Dryer,Beauty,Hina Iqbal,PSH-01,Peshawar,Credit Card,4,193.26,15.0,773.04,115.96,657.08
TXN004812,2025-07-14,2025,7,July,3,Monday,Resistance Bands,Sports,Zainab Sheikh,LHR-01,Lahore,Mobile Wallet,5,137.85,0.0,689.25,0.0,689.25
TXN001967,2024-05-28,2024,5,May,2,Tuesday,Wool Sweater,Apparel,Omar Chaudhry,MUL-01,Multan,Cash,3,200.81,10.0,602.43,60.24,542.19
TXN004415,2025-08-02,2025,8,August,3,Saturday,Hair Dryer,Beauty,Fatima Malik,MUL-01,Multan,Credit Card,6,141.84,15.0,851.04,127.66,723.38
TXN000397,2025-11-01,2025,11,November,4,Saturday,Hair Dryer,Beauty,Omar Chaudhry,ISB-01,Islamabad,Cash,6,100.83,10.0,604.98,60.5,544.48
TXN003682,2025-09-15,2025,9,September,3,Monday,USB-C Cable,Electronics,Hassan Malik,KHI-01,Karachi,Mobile Wallet,6,195.59,0.0,1173.54,0.0,1173.54
TXN001279,2024-07-21,2024,7,July,3,Sunday,Wool Sweater,Apparel,Sana Sheikh,LHR-02,Lahore,Cash,3,157.5,5.0,472.5,23.62,448.88
TXN000856,2025-02-13,2025,2,February,1,Thursday,Blender,Home & Kitchen,Kamran Khan,LHR-02,Lahore,Credit Card,3,91.9,20.0,275.7,55.14,220.56
TXN002778,2024-05-07,2024,5,May,2,Tuesday,Blender,Home & Kitchen,Usman Chaudhry,KHI-01,Karachi,Cash,5,11.72,15.0,58.6,8.79,49.81
TXN003071,2026-02-22,2026,2,February,1,Sunday,Wool Sweater,Apparel,Usman Farooq,PSH-01,Peshawar,Mobile Wallet,5,234.32,0.0,1171.6,0.0,1171.6
TXN000041,2025-01-19,2025,1,January,1,Sunday,Running Shoes,Apparel,Ali Chaudhry,LHR-02,Lahore,Cash,2,235.66,15.0,471.32,70.7,400.62
TXN002723,2024-06-09,2024,6,June,2,Sunday,Cotton T-Shirt,Apparel,Noor Farooq,KHI-02,Karachi,Cash,4,188.82,20.0,755.28,151.06,604.22
TXN001212,2024-10-29,2024,10,October,4,Tuesday,Wireless Mouse,Electronics,Faisal Malik,PSH-01,Peshawar,Cash,1,96.3,0.0,96.3,0.0,96.3
TXN003957,2024-01-08,2024,1,January,1,Monday,Hair Dryer,Beauty,Sana Farooq,KHI-02,Karachi,Cash,2,48.79,0.0,97.58,0.0,97.58
TXN003395,2026-04-01,2026,4,April,2,Wednesday,Shampoo 500ml,Beauty,Kamran Malik,ISB-01,Islamabad,Credit Card,4,128.22,0.0,512.88,0.0,512.88
TXN003914,2026-01-21,2026,1,January,1,Wednesday,Wool Sweater,Apparel,Sara Chaudhry,KHI-01,Karachi,Credit Card,6,174.65,0.0,1047.9,0.0,1047.9
TXN000740,2025-01-28,2025,1,January,1,Tuesday,Non-Stick Pan,Home & Kitchen,Hassan Iqbal,LHR-01,Lahore,Credit Card,2,15.88,10.0,31.76,3.18,28.58
TXN002916,2025-05-17,2025,5,May,2,Saturday,USB-C Cable,Electronics,Zainab Sheikh,KHI-02,Karachi,Cash,6,134.41,10.0,806.46,80.65,725.81
TXN000480,2024-05-15,2024,5,May,2,Wednesday,Wireless Mouse,Electronics,Faisal Chaudhry,ISB-01,Islamabad,Mobile Wallet,2,15.08,0.0,30.16,0.0,30.16
TXN000197,2026-05-04,2026,5,May,2,Monday,Non-Stick Pan,Home & Kitchen,Bilal Raza,KHI-02,Karachi,Cash,1,171.86,20.0,171.86,34.37,137.49
TXN003462,2024-05-08,2024,5,May,2,Wednesday,Wireless Mouse,Electronics,Noor Farooq,LHR-01,Lahore,Credit Card,3,105.82,0.0,317.46,0.0,317.46
TXN004212,2024-03-10,2024,3,March,1,Sunday,Shampoo 500ml,Beauty,Kamran Sheikh,ISB-01,Islamabad,Debit Card,5,216.06,0.0,1080.3,0.0,1080.3
TXN001682,2025-04-24,2025,4,April,2,Thursday,Coffee Maker,Home & Kitchen,Ayesha Malik,KHI-01,Karachi,Debit Card,5,229.43,5.0,1147.15,57.36,1089.79
TXN004482,2024-12-18,2024,12,December,4,Wednesday,Face Moisturizer,Beauty,Mariam Raza,KHI-01,Karachi,Cash,2,70.08,5.0,140.16,7.01,133.15
TXN004925,2024-09-01,2024,9,September,3,Sunday,Resistance Bands,Sports,Hassan Farooq,LHR-01,Lahore,Mobile Wallet,2,184.19,0.0,368.38,0.0,368.38
TXN001648,2025-06-26,2025,6,June,2,Thursday,Wireless Mouse,Electronics,Zainab Sheikh,LHR-01,Lahore,Cash,4,208.54,5.0,834.16,41.71,792.45
TXN002401,2024-07-04,2024,7,July,3,Thursday,Hair Dryer,Beauty,Fatima Raza,FSD-01,Faisalabad,Credit Card,1,195.02,20.0,195.02,39.0,156.02
TXN004654,2025-06-29,2025,6,June,2,Sunday,Wireless Mouse,Electronics,Bilal Malik,PSH-01,Peshawar,Credit Card,4,163.34,20.0,653.36,130.67,522.69
TXN000690,2025-05-25,2025,5,May,2,Sunday,Sunscreen SPF50,Beauty,Omar Butt,FSD-01,Faisalabad,Debit Card,4,247.61,10.0,990.44,99.04,891.4
TXN000080,2026-02-26,2026,2,February,1,Thursday,Resistance Bands,Sports,Fatima Malik,MUL-01,Multan,Debit Card,2,181.61,5.0,363.22,18.16,345.06
TXN001754,2025-01-18,2025,1,January,1,Saturday,Ceramic Mug Set,Home & Kitchen,Bilal Malik,LHR-02,Lahore,Cash,6,181.19,0.0,1087.14,0.0,1087.14
TXN001615,2024-05-11,2024,5,May,2,Saturday,Shampoo 500ml,Beauty,Hina Khan,ISB-01,Islamabad,Credit Card,2,171.61,0.0,343.22,0.0,343.22
TXN002282,2024-12-30,2024,12,December,4,Monday,Bluetooth Speaker,Electronics,Usman Iqbal,KHI-02,Karachi,Debit Card,4,130.0,0.0,520.0,0.0,520.0
TXN004066,2026-01-05,2026,1,January,1,Monday,Ceramic Mug Set,Home & Kitchen,Faisal Khan,MUL-01,Multan,Cash,2,22.58,10.0,45.16,4.52,40.64
TXN004597,2024-10-31,2024,10,October,4,Thursday,Ceramic Mug Set,Home & Kitchen,Zainab Iqbal,LHR-01,Lahore,Credit Card,3,120.2,20.0,360.6,72.12,288.48
TXN001777,2025-06-28,2025,6,June,2,Saturday,USB-C Cable,Electronics,Zainab Butt,KHI-01,Karachi,Mobile Wallet,4,108.27,0.0,433.08,0.0,433.08
TXN004253,2026-07-15,2026,7,July,3,Wednesday,Denim Jacket,Apparel,Omar Chaudhry,LHR-01,Lahore,Credit Card,5,233.68,15.0,1168.4,175.26,993.14
TXN000461,2025-08-03,2025,8,August,3,Sunday,Football,Sports,Sara Malik,KHI-02,Karachi,Debit Card,2,121.44,20.0,242.88,48.58,194.3
TXN000759,2026-06-25,2026,6,June,2,Thursday,LED Desk Lamp,Home & Kitchen,Fatima Chaudhry,KHI-01,Karachi,Credit Card,3,75.68,0.0,227.04,0.0,227.04
TXN003868,2025-09-24,2025,9,September,3,Wednesday,Non-Stick Pan,Home & Kitchen,Kamran Butt,LHR-01,Lahore,Credit Card,4,129.1,5.0,516.4,25.82,490.58
TXN003975,2024-03-25,2024,3,March,1,Monday,Denim Jacket,Apparel,Ali Iqbal,FSD-01,Faisalabad,Cash,3,203.78,10.0,611.34,61.13,550.21
TXN004807,2024-05-13,2024,5,May,2,Monday,Shampoo 500ml,Beauty,Fatima Iqbal,PSH-01,Peshawar,Debit Card,2,93.51,20.0,187.02,37.4,149.62
TXN000644,2024-01-25,2024,1,January,1,Thursday,Webcam HD,Electronics,Fatima Iqbal,ISB-01,Islamabad,Mobile Wallet,2,109.65,15.0,219.3,32.9,186.4
TXN001798,2026-05-08,2026,5,May,2,Friday,Wool Sweater,Apparel,Omar Chaudhry,LHR-01,Lahore,Cash,6,247.58,20.0,1485.48,297.1,1188.38
TXN003449,2025-12-12,2025,12,December,4,Friday,Cotton T-Shirt,Apparel,Noor Farooq,KHI-01,Karachi,Cash,1,122.95,5.0,122.95,6.15,116.8
TXN000746,2026-01-04,2026,1,January,1,Sunday,Cotton T-Shirt,Apparel,Hina Farooq,LHR-01,Lahore,Credit Card,6,19.9,0.0,119.4,0.0,119.4
TXN002199,2024-07-31,2024,7,July,3,Wednesday,LED Desk Lamp,Home & Kitchen,Sara Sheikh,PSH-01,Peshawar,Cash,2,172.58,0.0,345.16,0.0,345.16
TXN002656,2024-10-27,2024,10,October,4,Sunday,Running Shoes,Apparel,Hina Farooq,KHI-01,Karachi,Cash,4,174.6,0.0,698.4,0.0,698.4
TXN001984,2026-01-10,2026,1,January,1,Saturday,Shampoo 500ml,Beauty,Noor Sheikh,ISB-01,Islamabad,Debit Card,2,232.63,20.0,465.26,93.05,372.21
TXN000269,2024-10-28,2024,10,October,4,Monday,Football,Sports,Mariam Butt,KHI-02,Karachi,Cash,6,48.47,15.0,290.82,43.62,247.2
TXN002434,2026-04-23,2026,4,April,2,Thursday,Wool Sweater,Apparel,Usman Iqbal,ISB-01,Islamabad,Debit Card,5,188.44,0.0,942.2,0.0,942.2
TXN004392,2024-02-26,2024,2,February,1,Monday,Coffee Maker,Home & Kitchen,Ahmed Farooq,LHR-02,Lahore,Mobile Wallet,6,12.28,10.0,73.68,7.37,66.31
TXN003240,2026-05-14,2026,5,May,2,Thursday,Non-Stick Pan,Home & Kitchen,Ahmed Malik,FSD-01,Faisalabad,Cash,4,129.1,0.0,516.4,0.0,516.4
TXN004240,2024-11-28,2024,11,November,4,Thursday,Dumbbell Set,Sports,Hassan Chaudhry,KHI-01,Karachi,Cash,5,104.45,0.0,522.25,0.0,522.25
TXN004271,2026-01-22,2026,1,January,1,Thursday,LED Desk Lamp,Home & Kitchen,Hassan Chaudhry,PSH-01,Peshawar,Credit Card,2,203.22,5.0,406.44,20.32,386.12
TXN000649,2025-06-23,2025,6,June,2,Monday,Hair Dryer,Beauty,Ayesha Iqbal,PSH-01,Peshawar,Credit Card,6,195.27,0.0,1171.62,0.0,1171.62
TXN003368,2026-04-12,2026,4,April,2,Sunday,Football,Sports,Ayesha Butt,MUL-01,Multan,Cash,5,163.24,0.0,816.2,0.0,816.2
TXN000338,2025-08-07,2025,8,August,3,Thursday,Denim Jacket,Apparel,Ali Chaudhry,FSD-01,Faisalabad,Debit Card,1,42.91,0.0,42.91,0.0,42.91
TXN001489,2024-10-09,2024,10,October,4,Wednesday,Laptop Stand,Electronics,Bilal Butt,ISB-01,Islamabad,Credit Card,6,33.49,5.0,200.94,10.05,190.89
TXN001382,2025-04-06,2025,4,April,2,Sunday,Blender,Home & Kitchen,Noor Malik,FSD-01,Faisalabad,Cash,6,65.35,5.0,392.1,19.61,372.49
TXN004250,2024-12-04,2024,12,December,4,Wednesday,Running Shoes,Apparel,Ayesha Farooq,LHR-02,Lahore,Debit Card,6,157.5,15.0,945.0,141.75,803.25
TXN000786,2025-07-27,2025,7,July,3,Sunday,Webcam HD,Electronics,Hina Chaudhry,KHI-02,Karachi,Credit Card,3,125.07,5.0,375.21,18.76,356.45
TXN003651,2024-01-19,2024,1,January,1,Friday,Ceramic Mug Set,Home & Kitchen,Usman Farooq,MUL-01,Multan,Cash,5,21.49,20.0,107.45,21.49,85.96
TXN002108,2025-01-23,2025,1,January,1,Thursday,USB-C Cable,Electronics,Ali Butt,PSH-01,Peshawar,Cash,4,19.8,0.0,79.2,0.0,79.2
TXN003676,2024-08-13,2024,8,August,3,Tuesday,Resistance Bands,Sports,Fatima Iqbal,LHR-01,Lahore,Cash,6,167.21,0.0,1003.26,0.0,1003.26
TXN000371,2024-12-28,2024,12,December,4,Saturday,Blender,Home & Kitchen,Usman Raza,LHR-01,Lahore,Credit Card,3,242.56,5.0,727.68,36.38,691.3
TXN004423,2026-06-21,2026,6,June,2,Sunday,Cotton T-Shirt,Apparel,Noor Raza,MUL-01,Multan,Mobile Wallet,4,232.84,0.0,931.36,0.0,931.36
TXN003443,2025-03-17,2025,3,March,1,Monday,USB-C Cable,Electronics,Faisal Iqbal,PSH-01,Peshawar,Credit Card,2,48.3,0.0,96.6,0.0,96.6
TXN000731,2025-12-15,2025,12,December,4,Monday,Running Shoes,Apparel,Ayesha Chaudhry,LHR-02,Lahore,Debit Card,3,147.78,5.0,443.34,22.17,421.17
TXN002304,2024-04-24,2024,4,April,2,Wednesday,Laptop Stand,Electronics,Noor Malik,ISB-01,Islamabad,Debit Card,4,26.82,0.0,107.28,0.0,107.28
TXN003040,2025-12-18,2025,12,December,4,Thursday,Lip Balm,Beauty,Usman Chaudhry,KHI-01,Karachi,Credit Card,6,73.95,20.0,443.7,88.74,354.96
TXN000582,2026-02-08,2026,2,February,1,Sunday,Laptop Stand,Electronics,Usman Iqbal,KHI-01,Karachi,Credit Card,6,90.4,15.0,542.4,81.36,461.04
TXN001258,2025-02-09,2025,2,February,1,Sunday,Sports Cap,Apparel,Noor Raza,LHR-02,Lahore,Mobile Wallet,1,5.71,0.0,5.71,0.0,5.71
TXN003917,2025-05-21,2025,5,May,2,Wednesday,Wireless Mouse,Electronics,Kamran Khan,MUL-01,Multan,Debit Card,2,235.2,0.0,470.4,0.0,470.4
TXN003859,2026-06-04,2026,6,June,2,Thursday,Denim Jacket,Apparel,Noor Sheikh,FSD-01,Faisalabad,Cash,4,76.2,0.0,304.8,0.0,304.8
TXN001180,2025-10-07,2025,10,October,4,Tuesday,Laptop Stand,Electronics,Hina Raza,KHI-01,Karachi,Cash,5,72.43,10.0,362.15,36.22,325.93
TXN003029,2025-09-04,2025,9,September,3,Thursday,Bluetooth Speaker,Electronics,Hina Khan,PSH-01,Peshawar,Debit Card,6,173.86,15.0,1043.16,156.47,886.69
TXN004125,2026-07-14,2026,7,July,3,Tuesday,Laptop Stand,Electronics,Fatima Khan,ISB-01,Islamabad,Cash,5,88.59,10.0,442.95,44.3,398.65
TXN003703,2026-06-04,2026,6,June,2,Thursday,Wireless Mouse,Electronics,Hina Malik,KHI-02,Karachi,Debit Card,5,220.56,0.0,1102.8,0.0,1102.8
TXN001146,2024-03-24,2024,3,March,1,Sunday,Bluetooth Speaker,Electronics,Hassan Chaudhry,LHR-01,Lahore,Cash,5,214.52,0.0,1072.6,0.0,1072.6
TXN004355,2025-06-14,2025,6,June,2,Saturday,USB-C Cable,Electronics,Bilal Sheikh,MUL-01,Multan,Credit Card,1,157.61,20.0,157.61,31.52,126.09
TXN001828,2025-02-01,2025,2,February,1,Saturday,USB-C Cable,Electronics,Mariam Malik,LHR-01,Lahore,Cash,4,12.9,0.0,51.6,0.0,51.6
TXN001276,2025-04-08,2025,4,April,2,Tuesday,Cotton T-Shirt,Apparel,Omar Sheikh,MUL-01,Multan,Mobile Wallet,4,146.44,0.0,585.76,0.0,585.76
TXN001312,2026-03-21,2026,3,March,1,Saturday,USB-C Cable,Electronics,Omar Khan,KHI-02,Karachi,Mobile Wallet,2,237.08,0.0,474.16,0.0,474.16
TXN000139,2025-01-27,2025,1,January,1,Monday,Bluetooth Speaker,Electronics,Sana Raza,KHI-01,Karachi,Cash,3,114.45,15.0,343.35,51.5,291.85
TXN004835,2024-08-11,2024,8,August,3,Sunday,USB-C Cable,Electronics,Hina Malik,KHI-02,Karachi,Cash,4,190.29,20.0,761.16,152.23,608.93
TXN003407,2024-12-07,2024,12,December,4,Saturday,Sunscreen SPF50,Beauty,Omar Butt,KHI-01,Karachi,Cash,4,6.4,20.0,25.6,5.12,20.48
TXN000790,2025-03-30,2025,3,March,1,Sunday,Denim Jacket,Apparel,Sara Iqbal,KHI-01,Karachi,Cash,3,179.09,20.0,537.27,107.45,429.82
TXN002511,2024-02-20,2024,2,February,1,Tuesday,Bluetooth Speaker,Electronics,Usman Raza,MUL-01,Multan,Credit Card,2,156.48,15.0,312.96,46.94,266.02
TXN004270,2024-09-19,2024,9,September,3,Thursday,Lip Balm,Beauty,Hina Butt,LHR-02,Lahore,Credit Card,5,194.67,5.0,973.35,48.67,924.68
TXN002336,2025-05-31,2025,5,May,2,Saturday,Blender,Home & Kitchen,Faisal Butt,ISB-01,Islamabad,Credit Card,4,177.57,10.0,710.28,71.03,639.25
TXN001545,2025-05-06,2025,5,May,2,Tuesday,Face Moisturizer,Beauty,Sana Chaudhry,PSH-01,Peshawar,Cash,1,176.06,15.0,176.06,26.41,149.65
TXN001726,2024-03-07,2024,3,March,1,Thursday,Blender,Home & Kitchen,Hina Butt,LHR-01,Lahore,Cash,5,138.22,0.0,691.1,0.0,691.1
TXN002910,2026-07-06,2026,7,July,3,Monday,Wool Sweater,Apparel,Ali Farooq,FSD-01,Faisalabad,Cash,1,43.23,0.0,43.23,0.0,43.23
TXN000757,2026-03-02,2026,3,March,1,Monday,Sunscreen SPF50,Beauty,Kamran Sheikh,FSD-01,Faisalabad,Cash,4,61.9,10.0,247.6,24.76,222.84
TXN000424,2024-05-21,2024,5,May,2,Tuesday,USB-C Cable,Electronics,Hina Malik,FSD-01,Faisalabad,Cash,1,63.47,20.0,63.47,12.69,50.78
TXN004412,2024-01-21,2024,1,January,1,Sunday,Football,Sports,Hina Butt,LHR-01,Lahore,Cash,2,114.2,0.0,228.4,0.0,228.4
TXN002085,2025-07-25,2025,7,July,3,Friday,Football,Sports,Ahmed Chaudhry,PSH-01,Peshawar,Debit Card,1,214.18,15.0,214.18,32.13,182.05
TXN004165,2025-06-17,2025,6,June,2,Tuesday,Coffee Maker,Home & Kitchen,Hassan Iqbal,KHI-02,Karachi,Debit Card,2,122.22,10.0,244.44,24.44,220.0
TXN002366,2025-02-15,2025,2,February,1,Saturday,Bluetooth Speaker,Electronics,Faisal Khan,LHR-01,Lahore,Cash,1,147.85,0.0,147.85,0.0,147.85
TXN002305,2025-10-18,2025,10,October,4,Saturday,Bluetooth Speaker,Electronics,Ayesha Farooq,LHR-02,Lahore,Debit Card,5,134.94,5.0,674.7,33.73,640.97
TXN004730,2025-08-01,2025,8,August,3,Friday,Coffee Maker,Home & Kitchen,Faisal Sheikh,KHI-02,Karachi,Mobile Wallet,5,112.98,0.0,564.9,0.0,564.9
TXN004082,2025-09-29,2025,9,September,3,Monday,Sunscreen SPF50,Beauty,Sara Farooq,LHR-01,Lahore,Mobile Wallet,3,214.04,0.0,642.12,0.0,642.12
TXN002164,2026-04-14,2026,4,April,2,Tuesday,Ceramic Mug Set,Home & Kitchen,Sara Butt,PSH-01,Peshawar,Cash,5,91.92,10.0,459.6,45.96,413.64
TXN003145,2025-03-29,2025,3,March,1,Saturday,LED Desk Lamp,Home & Kitchen,Hina Sheikh,KHI-01,Karachi,Credit Card,6,11.44,10.0,68.64,6.86,61.78
TXN003930,2024-09-10,2024,9,September,3,Tuesday,Non-Stick Pan,Home & Kitchen,Zainab Chaudhry,KHI-02,Karachi,Debit Card,4,44.59,20.0,178.36,35.67,142.69
TXN001776,2025-11-27,2025,11,November,4,Thursday,Shampoo 500ml,Beauty,Noor Butt,PSH-01,Peshawar,Cash,4,22.55,0.0,90.2,0.0,90.2
TXN002414,2025-05-05,2025,5,May,2,Monday,Football,Sports,Noor Chaudhry,KHI-02,Karachi,Credit Card,4,79.8,0.0,319.2,0.0,319.2
TXN004007,2024-04-17,2024,4,April,2,Wednesday,Dumbbell Set,Sports,Ayesha Raza,FSD-01,Faisalabad,Mobile Wallet,2,84.54,20.0,169.08,33.82,135.26
TXN002144,2025-02-13,2025,2,February,1,Thursday,Wool Sweater,Apparel,Ahmed Raza,LHR-01,Lahore,Mobile Wallet,4,231.42,0.0,925.68,0.0,925.68
TXN003923,2026-05-04,2026,5,May,2,Monday,Laptop Stand,Electronics,Sana Chaudhry,PSH-01,Peshawar,Debit Card,5,213.43,15.0,1067.15,160.07,907.08
TXN003533,2026-05-27,2026,5,May,2,Wednesday,Shampoo 500ml,Beauty,Faisal Iqbal,MUL-01,Multan,Cash,2,168.43,5.0,336.86,16.84,320.02
TXN002479,2025-04-29,2025,4,April,2,Tuesday,Resistance Bands,Sports,Kamran Iqbal,MUL-01,Multan,Mobile Wallet,2,86.71,0.0,173.42,0.0,173.42
TXN001090,2025-09-21,2025,9,September,3,Sunday,Wool Sweater,Apparel,Noor Khan,KHI-01,Karachi,Credit Card,1,35.41,15.0,35.41,5.31,30.1
TXN004043,2026-02-02,2026,2,February,1,Monday,Running Shoes,Apparel,Noor Raza,PSH-01,Peshawar,Debit Card,1,37.66,10.0,37.66,3.77,33.89
TXN004979,2025-05-30,2025,5,May,2,Friday,Wool Sweater,Apparel,Ali Malik,KHI-02,Karachi,Debit Card,6,51.29,10.0,307.74,30.77,276.97
TXN002672,2026-07-17,2026,7,July,3,Friday,Non-Stick Pan,Home & Kitchen,Noor Malik,FSD-01,Faisalabad,Debit Card,5,87.32,0.0,436.6,0.0,436.6
TXN002548,2024-12-28,2024,12,December,4,Saturday,LED Desk Lamp,Home & Kitchen,Sana Butt,MUL-01,Multan,Debit Card,4,242.19,0.0,968.76,0.0,968.76
TXN002904,2025-07-30,2025,7,July,3,Wednesday,Wireless Mouse,Electronics,Sana Iqbal,KHI-01,Karachi,Credit Card,5,222.51,5.0,1112.55,55.63,1056.92
TXN001651,2025-12-23,2025,12,December,4,Tuesday,Face Moisturizer,Beauty,Sana Malik,LHR-02,Lahore,Debit Card,3,147.83,0.0,443.49,0.0,443.49
TXN001099,2025-06-10,2025,6,June,2,Tuesday,Wireless Mouse,Electronics,Sana Butt,KHI-01,Karachi,Mobile Wallet,4,152.1,20.0,608.4,121.68,486.72
TXN004975,2024-09-04,2024,9,September,3,Wednesday,Shampoo 500ml,Beauty,Ali Khan,MUL-01,Multan,Credit Card,5,64.84,15.0,324.2,48.63,275.57
TXN004786,2025-06-01,2025,6,June,2,Sunday,Yoga Mat,Sports,Ahmed Raza,LHR-02,Lahore,Credit Card,2,201.02,0.0,402.04,0.0,402.04
TXN003500,2025-01-22,2025,1,January,1,Wednesday,Yoga Mat,Sports,Usman Iqbal,PSH-01,Peshawar,Credit Card,2,49.23,20.0,98.46,19.69,78.77
TXN003708,2025-07-05,2025,7,July,3,Saturday,Football,Sports,Mariam Farooq,MUL-01,Multan,Cash,5,108.93,0.0,544.65,0.0,544.65
TXN000868,2025-06-27,2025,6,June,2,Friday,Blender,Home & Kitchen,Ahmed Raza,KHI-01,Karachi,Cash,1,96.75,20.0,96.75,19.35,77.4
TXN004174,2024-10-20,2024,10,October,4,Sunday,LED Desk Lamp,Home & Kitchen,Fatima Sheikh,LHR-02,Lahore,Credit Card,6,27.9,0.0,167.4,0.0,167.4
TXN002413,2024-03-19,2024,3,March,1,Tuesday,Wool Sweater,Apparel,Zainab Chaudhry,FSD-01,Faisalabad,Cash,3,176.46,10.0,529.38,52.94,476.44
TXN003253,2024-03-08,2024,3,March,1,Friday,Running Shoes,Apparel,Ayesha Khan,LHR-02,Lahore,Credit Card,3,108.95,5.0,326.85,16.34,310.51
TXN001871,2025-11-10,2025,11,November,4,Monday,USB-C Cable,Electronics,Mariam Farooq,KHI-02,Karachi,Cash,3,31.9,20.0,95.7,19.14,76.56
TXN002696,2024-07-05,2024,7,July,3,Friday,USB-C Cable,Electronics,Usman Khan,LHR-02,Lahore,Cash,5,195.97,0.0,979.85,0.0,979.85
TXN001831,2024-01-09,2024,1,January,1,Tuesday,Bluetooth Speaker,Electronics,Usman Raza,LHR-02,Lahore,Debit Card,3,92.06,5.0,276.18,13.81,262.37
TXN001285,2024-06-06,2024,6,June,2,Thursday,Denim Jacket,Apparel,Ali Malik,KHI-01,Karachi,Credit Card,6,142.25,15.0,853.5,128.03,725.47
TXN002564,2026-05-16,2026,5,May,2,Saturday,Sunscreen SPF50,Beauty,Mariam Khan,LHR-01,Lahore,Credit Card,5,7.27,0.0,36.35,0.0,36.35
TXN000501,2024-04-13,2024,4,April,2,Saturday,Non-Stick Pan,Home & Kitchen,Bilal Sheikh,PSH-01,Peshawar,Credit Card,4,236.05,0.0,944.2,0.0,944.2
TXN001676,2024-05-23,2024,5,May,2,Thursday,Sports Cap,Apparel,Ayesha Khan,MUL-01,Multan,Credit Card,2,111.6,10.0,223.2,22.32,200.88
TXN003775,2024-06-03,2024,6,June,2,Monday,Coffee Maker,Home & Kitchen,Hassan Butt,LHR-02,Lahore,Debit Card,6,89.43,0.0,536.58,0.0,536.58
TXN002160,2026-03-03,2026,3,March,1,Tuesday,Shampoo 500ml,Beauty,Noor Chaudhry,KHI-01,Karachi,Debit Card,6,222.21,10.0,1333.26,133.33,1199.93
TXN003427,2024-09-08,2024,9,September,3,Sunday,LED Desk Lamp,Home & Kitchen,Mariam Farooq,MUL-01,Multan,Cash,6,204.73,0.0,1228.38,0.0,1228.38
TXN001078,2024-07-28,2024,7,July,3,Sunday,USB-C Cable,Electronics,Zainab Khan,LHR-01,Lahore,Debit Card,3,56.19,10.0,168.57,16.86,151.71
TXN001708,2025-07-12,2025,7,July,3,Saturday,Blender,Home & Kitchen,Mariam Iqbal,LHR-02,Lahore,Cash,2,65.49,10.0,130.98,13.1,117.88
TXN003328,2026-05-16,2026,5,May,2,Saturday,Wireless Mouse,Electronics,Zainab Farooq,LHR-02,Lahore,Debit Card,5,48.24,0.0,241.2,0.0,241.2
TXN002979,2024-09-09,2024,9,September,3,Monday,USB-C Cable,Electronics,Bilal Raza,KHI-02,Karachi,Debit Card,6,235.01,5.0,1410.06,70.5,1339.56
TXN000217,2025-06-23,2025,6,June,2,Monday,Wool Sweater,Apparel,Sara Khan,LHR-01,Lahore,Cash,5,5.17,15.0,25.85,3.88,21.97
TXN000060,2025-11-06,2025,11,November,4,Thursday,Cycling Helmet,Sports,Zainab Chaudhry,LHR-01,Lahore,Cash,4,216.99,10.0,867.96,86.8,781.16
TXN002181,2026-05-09,2026,5,May,2,Saturday,Webcam HD,Electronics,Hassan Chaudhry,LHR-01,Lahore,Debit Card,6,219.73,0.0,1318.38,0.0,1318.38
TXN002797,2026-01-04,2026,1,January,1,Sunday,Running Shoes,Apparel,Sana Sheikh,ISB-01,Islamabad,Debit Card,1,244.89,20.0,244.89,48.98,195.91
TXN002984,2024-06-16,2024,6,June,2,Sunday,Ceramic Mug Set,Home & Kitchen,Noor Raza,PSH-01,Peshawar,Cash,6,97.4,5.0,584.4,29.22,555.18
TXN002936,2024-04-08,2024,4,April,2,Monday,Coffee Maker,Home & Kitchen,Bilal Chaudhry,KHI-02,Karachi,Mobile Wallet,3,55.11,10.0,165.33,16.53,148.8
TXN000698,2025-04-08,2025,4,April,2,Tuesday,Sports Cap,Apparel,Bilal Butt,LHR-02,Lahore,Credit Card,4,130.8,0.0,523.2,0.0,523.2
TXN001308,2024-07-12,2024,7,July,3,Friday,Face Moisturizer,Beauty,Sara Chaudhry,KHI-02,Karachi,Cash,4,175.46,0.0,701.84,0.0,701.84
TXN004627,2024-12-05,2024,12,December,4,Thursday,Ceramic Mug Set,Home & Kitchen,Ahmed Khan,MUL-01,Multan,Credit Card,1,21.81,0.0,21.81,0.0,21.81
TXN002886,2024-09-26,2024,9,September,3,Thursday,USB-C Cable,Electronics,Zainab Farooq,KHI-02,Karachi,Cash,1,25.01,15.0,25.01,3.75,21.26
TXN004371,2026-01-24,2026,1,January,1,Saturday,Hair Dryer,Beauty,Kamran Farooq,ISB-01,Islamabad,Credit Card,2,59.73,0.0,119.46,0.0,119.46
TXN001358,2024-08-08,2024,8,August,3,Thursday,Shampoo 500ml,Beauty,Hina Malik,KHI-01,Karachi,Debit Card,3,163.64,5.0,490.92,24.55,466.37
TXN002473,2024-03-13,2024,3,March,1,Wednesday,LED Desk Lamp,Home & Kitchen,Sana Iqbal,MUL-01,Multan,Credit Card,2,215.83,0.0,431.66,0.0,431.66
TXN004273,2024-02-15,2024,2,February,1,Thursday,Resistance Bands,Sports,Ayesha Farooq,LHR-02,Lahore,Debit Card,5,117.47,15.0,587.35,88.1,499.25
TXN001127,2025-01-27,2025,1,January,1,Monday,Cotton T-Shirt,Apparel,Sara Khan,ISB-01,Islamabad,Credit Card,1,134.66,10.0,134.66,13.47,121.19
TXN002665,2025-08-17,2025,8,August,3,Sunday,Shampoo 500ml,Beauty,Omar Iqbal,PSH-01,Peshawar,Mobile Wallet,1,147.85,5.0,147.85,7.39,140.46
TXN000618,2026-06-28,2026,6,June,2,Sunday,Hair Dryer,Beauty,Sana Farooq,KHI-01,Karachi,Credit Card,1,175.98,20.0,175.98,35.2,140.78
TXN004596,2025-03-06,2025,3,March,1,Thursday,Bluetooth Speaker,Electronics,Fatima Raza,KHI-01,Karachi,Credit Card,2,50.48,10.0,100.96,10.1,90.86
TXN000974,2025-12-19,2025,12,December,4,Friday,Blender,Home & Kitchen,Noor Farooq,LHR-02,Lahore,Mobile Wallet,1,21.4,0.0,21.4,0.0,21.4
TXN004619,2024-04-08,2024,4,April,2,Monday,Lip Balm,Beauty,Faisal Butt,ISB-01,Islamabad,Debit Card,1,140.96,20.0,140.96,28.19,112.77
TXN002680,2025-09-06,2025,9,September,3,Saturday,Shampoo 500ml,Beauty,Omar Khan,ISB-01,Islamabad,Mobile Wallet,1,7.12,20.0,7.12,1.42,5.7
TXN000936,2025-05-03,2025,5,May,2,Saturday,Wool Sweater,Apparel,Mariam Malik,LHR-01,Lahore,Mobile Wallet,2,75.88,0.0,151.76,0.0,151.76
TXN002288,2024-10-18,2024,10,October,4,Friday,LED Desk Lamp,Home & Kitchen,Omar Malik,LHR-01,Lahore,Cash,6,194.8,0.0,1168.8,0.0,1168.8
TXN000699,2026-07-04,2026,7,July,3,Saturday,Yoga Mat,Sports,Kamran Malik,KHI-01,Karachi,Debit Card,1,50.82,0.0,50.82,0.0,50.82
TXN002528,2024-01-11,2024,1,January,1,Thursday,Bluetooth Speaker,Electronics,Zainab Iqbal,PSH-01,Peshawar,Cash,2,124.53,0.0,249.06,0.0,249.06
TXN002928,2024-10-11,2024,10,October,4,Friday,Face Moisturizer,Beauty,Sana Farooq,LHR-02,Lahore,Credit Card,4,242.74,10.0,970.96,97.1,873.86
TXN000254,2025-01-29,2025,1,January,1,Wednesday,Coffee Maker,Home & Kitchen,Faisal Iqbal,LHR-02,Lahore,Cash,4,213.41,0.0,853.64,0.0,853.64
TXN000635,2025-09-13,2025,9,September,3,Saturday,Yoga Mat,Sports,Kamran Iqbal,KHI-01,Karachi,Credit Card,1,55.7,15.0,55.7,8.36,47.34
TXN003493,2024-06-19,2024,6,June,2,Wednesday,Blender,Home & Kitchen,Hina Khan,KHI-02,Karachi,Cash,4,140.46,15.0,561.84,84.28,477.56
TXN002562,2025-06-14,2025,6,June,2,Saturday,Running Shoes,Apparel,Zainab Chaudhry,PSH-01,Peshawar,Cash,3,40.82,20.0,122.46,24.49,97.97
TXN000824,2025-03-30,2025,3,March,1,Sunday,Non-Stick Pan,Home & Kitchen,Usman Farooq,LHR-01,Lahore,Debit Card,4,200.2,10.0,800.8,80.08,720.72
TXN003845,2026-02-11,2026,2,February,1,Wednesday,Cotton T-Shirt,Apparel,Sara Iqbal,KHI-02,Karachi,Cash,4,138.61,15.0,554.44,83.17,471.27
TXN002636,2026-07-03,2026,7,July,3,Friday,Denim Jacket,Apparel,Ali Farooq,KHI-02,Karachi,Cash,5,244.85,0.0,1224.25,0.0,1224.25
TXN001496,2025-04-11,2025,4,April,2,Friday,Face Moisturizer,Beauty,Sana Iqbal,ISB-01,Islamabad,Mobile Wallet,5,239.27,0.0,1196.35,0.0,1196.35
TXN003170,2024-08-27,2024,8,August,3,Tuesday,Coffee Maker,Home & Kitchen,Noor Farooq,LHR-01,Lahore,Cash,4,122.08,0.0,488.32,0.0,488.32
TXN000259,2025-05-24,2025,5,May,2,Saturday,Hair Dryer,Beauty,Sara Farooq,PSH-01,Peshawar,Credit Card,1,165.08,10.0,165.08,16.51,148.57
TXN002706,2024-11-07,2024,11,November,4,Thursday,Shampoo 500ml,Beauty,Faisal Chaudhry,KHI-02,Karachi,Cash,5,84.68,0.0,423.4,0.0,423.4
TXN002995,2026-07-08,2026,7,July,3,Wednesday,Yoga Mat,Sports,Omar Khan,ISB-01,Islamabad,Credit Card,6,133.54,15.0,801.24,120.19,681.05
TXN004103,2026-05-21,2026,5,May,2,Thursday,Face Moisturizer,Beauty,Usman Sheikh,LHR-01,Lahore,Credit Card,5,178.07,5.0,890.35,44.52,845.83
TXN002183,2025-08-31,2025,8,August,3,Sunday,Yoga Mat,Sports,Bilal Farooq,MUL-01,Multan,Cash,5,59.01,0.0,295.05,0.0,295.05
TXN002707,2026-06-11,2026,6,June,2,Thursday,Running Shoes,Apparel,Zainab Sheikh,LHR-02,Lahore,Cash,6,159.51,15.0,957.06,143.56,813.5
TXN002891,2025-11-05,2025,11,November,4,Wednesday,Running Shoes,Apparel,Ali Iqbal,LHR-02,Lahore,Cash,5,10.34,0.0,51.7,0.0,51.7
TXN004772,2024-08-23,2024,8,August,3,Friday,Cotton T-Shirt,Apparel,Sara Khan,LHR-02,Lahore,Credit Card,2,138.41,20.0,276.82,55.36,221.46
TXN001399,2024-07-13,2024,7,July,3,Saturday,Blender,Home & Kitchen,Ali Farooq,LHR-01,Lahore,Mobile Wallet,2,165.32,10.0,330.64,33.06,297.58
TXN004864,2024-08-12,2024,8,August,3,Monday,Sports Cap,Apparel,Kamran Raza,KHI-02,Karachi,Credit Card,6,139.85,20.0,839.1,167.82,671.28
TXN002832,2024-04-28,2024,4,April,2,Sunday,LED Desk Lamp,Home & Kitchen,Hina Farooq,LHR-02,Lahore,Credit Card,1,142.63,10.0,142.63,14.26,128.37
TXN000820,2025-12-04,2025,12,December,4,Thursday,Wool Sweater,Apparel,Omar Raza,ISB-01,Islamabad,Mobile Wallet,3,191.63,0.0,574.89,0.0,574.89
TXN001518,2026-02-22,2026,2,February,1,Sunday,Face Moisturizer,Beauty,Zainab Butt,KHI-01,Karachi,Debit Card,3,80.54,5.0,241.62,12.08,229.54
TXN003375,2024-12-11,2024,12,December,4,Wednesday,Non-Stick Pan,Home & Kitchen,Faisal Iqbal,PSH-01,Peshawar,Credit Card,4,205.21,0.0,820.84,0.0,820.84
TXN003388,2025-08-01,2025,8,August,3,Friday,Football,Sports,Ali Chaudhry,KHI-01,Karachi,Credit Card,2,236.14,0.0,472.28,0.0,472.28
TXN003103,2024-07-07,2024,7,July,3,Sunday,Lip Balm,Beauty,Ahmed Khan,ISB-01,Islamabad,Credit Card,5,228.27,10.0,1141.35,114.14,1027.21
TXN004475,2026-03-09,2026,3,March,1,Monday,USB-C Cable,Electronics,Omar Khan,FSD-01,Faisalabad,Credit Card,6,242.71,5.0,1456.26,72.81,1383.45
TXN000318,2025-12-15,2025,12,December,4,Monday,LED Desk Lamp,Home & Kitchen,Kamran Chaudhry,PSH-01,Peshawar,Mobile Wallet,5,48.37,10.0,241.85,24.18,217.67
TXN004100,2024-10-28,2024,10,October,4,Monday,Non-Stick Pan,Home & Kitchen,Ayesha Chaudhry,MUL-01,Multan,Cash,6,129.1,15.0,774.6,116.19,658.41
TXN002175,2025-05-04,2025,5,May,2,Sunday,Cotton T-Shirt,Apparel,Ahmed Khan,ISB-01,Islamabad,Mobile Wallet,4,22.9,0.0,91.6,0.0,91.6
TXN003955,2024-02-29,2024,2,February,1,Thursday,Yoga Mat,Sports,Bilal Sheikh,KHI-02,Karachi,Credit Card,2,242.18,10.0,484.36,48.44,435.92
TXN004065,2024-03-13,2024,3,March,1,Wednesday,Non-Stick Pan,Home & Kitchen,Bilal Iqbal,ISB-01,Islamabad,Credit Card,4,18.43,15.0,73.72,11.06,62.66
TXN004542,2024-09-10,2024,9,September,3,Tuesday,Cotton T-Shirt,Apparel,Fatima Butt,LHR-01,Lahore,Credit Card,2,231.83,10.0,463.66,46.37,417.29
TXN003536,2024-07-23,2024,7,July,3,Tuesday,USB-C Cable,Electronics,Usman Malik,KHI-02,Karachi,Mobile Wallet,2,171.0,0.0,342.0,0.0,342.0
TXN002571,2024-02-22,2024,2,February,1,Thursday,Resistance Bands,Sports,Omar Butt,KHI-01,Karachi,Cash,1,90.05,0.0,90.05,0.0,90.05
TXN000286,2024-08-25,2024,8,August,3,Sunday,Resistance Bands,Sports,Sana Raza,KHI-01,Karachi,Debit Card,2,69.77,20.0,139.54,27.91,111.63
TXN004567,2025-12-04,2025,12,December,4,Thursday,Ceramic Mug Set,Home & Kitchen,Ali Chaudhry,PSH-01,Peshawar,Credit Card,6,193.22,0.0,1159.32,0.0,1159.32
TXN003037,2026-05-15,2026,5,May,2,Friday,Lip Balm,Beauty,Bilal Farooq,ISB-01,Islamabad,Cash,2,164.66,15.0,329.32,49.4,279.92
TXN004828,2026-07-29,2026,7,July,3,Wednesday,Sunscreen SPF50,Beauty,Sara Chaudhry,ISB-01,Islamabad,Cash,1,66.75,0.0,66.75,0.0,66.75
TXN002581,2025-07-12,2025,7,July,3,Saturday,Running Shoes,Apparel,Sara Khan,ISB-01,Islamabad,Cash,4,75.53,20.0,302.12,60.42,241.7
TXN001447,2025-04-04,2025,4,April,2,Friday,Cycling Helmet,Sports,Fatima Sheikh,FSD-01,Faisalabad,Cash,1,85.73,20.0,85.73,17.15,68.58
TXN000392,2026-01-25,2026,1,January,1,Sunday,Non-Stick Pan,Home & Kitchen,Hina Khan,PSH-01,Peshawar,Debit Card,4,11.69,20.0,46.76,9.35,37.41
TXN003899,2025-06-26,2025,6,June,2,Thursday,Denim Jacket,Apparel,Ahmed Iqbal,FSD-01,Faisalabad,Credit Card,6,116.59,0.0,699.54,0.0,699.54
TXN001434,2026-07-30,2026,7,July,3,Thursday,Wireless Mouse,Electronics,Hassan Khan,LHR-02,Lahore,Credit Card,2,204.26,15.0,408.52,61.28,347.24
TXN000017,2026-01-23,2026,1,January,1,Friday,Football,Sports,Usman Chaudhry,KHI-01,Karachi,Cash,3,19.93,10.0,59.79,5.98,53.81
TXN000325,2025-11-12,2025,11,November,4,Wednesday,Shampoo 500ml,Beauty,Usman Farooq,LHR-01,Lahore,Credit Card,6,120.84,0.0,725.04,0.0,725.04
TXN001688,2024-12-18,2024,12,December,4,Wednesday,Coffee Maker,Home & Kitchen,Ayesha Malik,KHI-01,Karachi,Cash,5,166.38,0.0,831.9,0.0,831.9
TXN002378,2024-12-28,2024,12,December,4,Saturday,Football,Sports,Omar Chaudhry,ISB-01,Islamabad,Mobile Wallet,4,157.68,0.0,630.72,0.0,630.72
TXN002386,2025-01-05,2025,1,January,1,Sunday,Cotton T-Shirt,Apparel,Ayesha Khan,PSH-01,Peshawar,Cash,2,121.7,20.0,243.4,48.68,194.72
TXN001879,2025-08-15,2025,8,August,3,Friday,LED Desk Lamp,Home & Kitchen,Faisal Sheikh,LHR-02,Lahore,Debit Card,5,167.82,0.0,839.1,0.0,839.1
TXN003259,2024-04-27,2024,4,April,2,Saturday,Football,Sports,Zainab Iqbal,ISB-01,Islamabad,Credit Card,5,152.89,0.0,764.45,0.0,764.45
TXN004119,2024-08-19,2024,8,August,3,Monday,Resistance Bands,Sports,Usman Raza,LHR-02,Lahore,Credit Card,4,216.1,10.0,864.4,86.44,777.96
TXN002859,2024-02-02,2024,2,February,1,Friday,Blender,Home & Kitchen,Mariam Iqbal,ISB-01,Islamabad,Credit Card,1,148.0,0.0,148.0,0.0,148.0
TXN001557,2024-11-30,2024,11,November,4,Saturday,Coffee Maker,Home & Kitchen,Hassan Chaudhry,KHI-01,Karachi,Credit Card,3,113.37,0.0,340.11,0.0,340.11
TXN002411,2025-02-07,2025,2,February,1,Friday,Lip Balm,Beauty,Noor Iqbal,PSH-01,Peshawar,Credit Card,1,142.72,0.0,142.72,0.0,142.72
TXN003699,2025-04-08,2025,4,April,2,Tuesday,Running Shoes,Apparel,Sara Sheikh,KHI-02,Karachi,Credit Card,2,128.99,20.0,257.98,51.6,206.38
TXN002447,2024-06-11,2024,6,June,2,Tuesday,Dumbbell Set,Sports,Ali Chaudhry,MUL-01,Multan,Cash,1,187.13,10.0,187.13,18.71,168.42
TXN000203,2026-03-14,2026,3,March,1,Saturday,LED Desk Lamp,Home & Kitchen,Kamran Khan,LHR-02,Lahore,Cash,2,186.2,5.0,372.4,18.62,353.78
TXN002870,2025-05-25,2025,5,May,2,Sunday,Non-Stick Pan,Home & Kitchen,Sana Chaudhry,FSD-01,Faisalabad,Debit Card,6,141.17,15.0,847.02,127.05,719.97
TXN003017,2024-08-29,2024,8,August,3,Thursday,Laptop Stand,Electronics,Hassan Sheikh,KHI-02,Karachi,Cash,6,138.9,5.0,833.4,41.67,791.73
TXN002964,2024-09-03,2024,9,September,3,Tuesday,Sunscreen SPF50,Beauty,Ahmed Malik,FSD-01,Faisalabad,Credit Card,4,34.71,20.0,138.84,27.77,111.07
TXN001752,2024-02-11,2024,2,February,1,Sunday,LED Desk Lamp,Home & Kitchen,Omar Malik,ISB-01,Islamabad,Credit Card,6,206.83,0.0,1240.98,0.0,1240.98
TXN002344,2025-01-16,2025,1,January,1,Thursday,Bluetooth Speaker,Electronics,Ali Butt,LHR-02,Lahore,Cash,1,27.71,10.0,27.71,2.77,24.94
TXN000893,2025-06-25,2025,6,June,2,Wednesday,Webcam HD,Electronics,Ahmed Raza,LHR-01,Lahore,Cash,4,6.14,10.0,24.56,2.46,22.1
TXN001076,2026-01-16,2026,1,January,1,Friday,Running Shoes,Apparel,Hina Chaudhry,FSD-01,Faisalabad,Debit Card,4,168.82,0.0,675.28,0.0,675.28
TXN003346,2025-01-11,2025,1,January,1,Saturday,Denim Jacket,Apparel,Mariam Raza,ISB-01,Islamabad,Cash,4,234.5,0.0,938.0,0.0,938.0
TXN004990,2026-07-31,2026,7,July,3,Friday,Bluetooth Speaker,Electronics,Sana Raza,KHI-01,Karachi,Debit Card,1,157.64,0.0,157.64,0.0,157.64
TXN003879,2024-07-24,2024,7,July,3,Wednesday,Ceramic Mug Set,Home & Kitchen,Faisal Iqbal,LHR-01,Lahore,Cash,3,63.49,0.0,190.47,0.0,190.47
TXN002827,2025-01-25,2025,1,January,1,Saturday,Denim Jacket,Apparel,Ali Khan,ISB-01,Islamabad,Cash,6,71.13,0.0,426.78,0.0,426.78
TXN001141,2026-01-31,2026,1,January,1,Saturday,LED Desk Lamp,Home & Kitchen,Fatima Farooq,MUL-01,Multan,Debit Card,4,58.62,10.0,234.48,23.45,211.03
TXN000587,2024-07-09,2024,7,July,3,Tuesday,Denim Jacket,Apparel,Hina Malik,PSH-01,Peshawar,Mobile Wallet,2,19.45,20.0,38.9,7.78,31.12
TXN004523,2025-09-01,2025,9,September,3,Monday,Lip Balm,Beauty,Usman Iqbal,KHI-01,Karachi,Credit Card,4,142.56,0.0,570.24,0.0,570.24
TXN002607,2024-02-07,2024,2,February,1,Wednesday,USB-C Cable,Electronics,Ali Khan,ISB-01,Islamabad,Credit Card,1,95.55,0.0,95.55,0.0,95.55
TXN002544,2024-01-30,2024,1,January,1,Tuesday,Webcam HD,Electronics,Ahmed Farooq,PSH-01,Peshawar,Credit Card,6,231.97,0.0,1391.82,0.0,1391.82
TXN004040,2024-03-18,2024,3,March,1,Monday,Non-Stick Pan,Home & Kitchen,Bilal Butt,KHI-01,Karachi,Credit Card,4,55.69,20.0,222.76,44.55,178.21
TXN000930,2024-10-30,2024,10,October,4,Wednesday,Denim Jacket,Apparel,Ayesha Sheikh,FSD-01,Faisalabad,Debit Card,6,106.01,20.0,636.06,127.21,508.85
TXN003932,2025-04-12,2025,4,April,2,Saturday,LED Desk Lamp,Home & Kitchen,Faisal Sheikh,LHR-02,Lahore,Credit Card,6,190.26,0.0,1141.56,0.0,1141.56
TXN004435,2024-11-23,2024,11,November,4,Saturday,Sports Cap,Apparel,Ayesha Sheikh,KHI-01,Karachi,Debit Card,2,27.71,0.0,55.42,0.0,55.42
TXN004909,2025-11-07,2025,11,November,4,Friday,Blender,Home & Kitchen,Ayesha Farooq,MUL-01,Multan,Credit Card,5,90.65,20.0,453.25,90.65,362.6
TXN004920,2024-06-23,2024,6,June,2,Sunday,Bluetooth Speaker,Electronics,Ahmed Chaudhry,PSH-01,Peshawar,Credit Card,5,27.67,5.0,138.35,6.92,131.43
TXN003768,2026-01-30,2026,1,January,1,Friday,Sports Cap,Apparel,Usman Khan,PSH-01,Peshawar,Cash,6,124.09,0.0,744.54,0.0,744.54
TXN001568,2025-01-22,2025,1,January,1,Wednesday,Face Moisturizer,Beauty,Ali Butt,PSH-01,Peshawar,Cash,3,87.09,0.0,261.27,0.0,261.27
TXN004072,2025-01-19,2025,1,January,1,Sunday,Lip Balm,Beauty,Sana Khan,PSH-01,Peshawar,Cash,6,230.25,5.0,1381.5,69.08,1312.42
TXN002392,2024-01-06,2024,1,January,1,Saturday,Blender,Home & Kitchen,Omar Raza,PSH-01,Peshawar,Mobile Wallet,1,88.0,10.0,88.0,8.8,79.2
TXN001288,2026-03-04,2026,3,March,1,Wednesday,Webcam HD,Electronics,Bilal Khan,FSD-01,Faisalabad,Mobile Wallet,6,47.76,15.0,286.56,42.98,243.58
TXN004798,2024-12-02,2024,12,December,4,Monday,Ceramic Mug Set,Home & Kitchen,Zainab Butt,ISB-01,Islamabad,Cash,2,213.34,0.0,426.68,0.0,426.68
TXN000678,2026-03-31,2026,3,March,1,Tuesday,Shampoo 500ml,Beauty,Omar Sheikh,MUL-01,Multan,Credit Card,6,128.54,20.0,771.24,154.25,616.99
TXN002082,2026-05-29,2026,5,May,2,Friday,Shampoo 500ml,Beauty,Noor Sheikh,FSD-01,Faisalabad,Cash,6,127.43,0.0,764.58,0.0,764.58
TXN003954,2024-11-21,2024,11,November,4,Thursday,Bluetooth Speaker,Electronics,Hassan Iqbal,LHR-01,Lahore,Cash,6,100.51,5.0,603.06,30.15,572.91
TXN004143,2024-10-26,2024,10,October,4,Saturday,Coffee Maker,Home & Kitchen,Sana Malik,LHR-01,Lahore,Mobile Wallet,3,79.32,0.0,237.96,0.0,237.96
TXN001620,2024-10-04,2024,10,October,4,Friday,Running Shoes,Apparel,Sara Butt,FSD-01,Faisalabad,Cash,3,231.71,0.0,695.13,0.0,695.13
TXN003476,2026-01-12,2026,1,January,1,Monday,Football,Sports,Zainab Raza,PSH-01,Peshawar,Credit Card,3,156.71,0.0,470.13,0.0,470.13
TXN004403,2026-02-21,2026,2,February,1,Saturday,Lip Balm,Beauty,Zainab Butt,ISB-01,Islamabad,Cash,1,163.11,5.0,163.11,8.16,154.95
TXN000706,2025-07-12,2025,7,July,3,Saturday,Cotton T-Shirt,Apparel,Zainab Raza,LHR-02,Lahore,Debit Card,3,129.04,0.0,387.12,0.0,387.12
TXN003498,2024-09-02,2024,9,September,3,Monday,Resistance Bands,Sports,Hassan Malik,MUL-01,Multan,Credit Card,4,152.74,15.0,610.96,91.64,519.32
TXN004064,2024-03-26,2024,3,March,1,Tuesday,Bluetooth Speaker,Electronics,Ahmed Sheikh,FSD-01,Faisalabad,Credit Card,4,113.4,0.0,453.6,0.0,453.6
TXN003614,2025-06-28,2025,6,June,2,Saturday,Hair Dryer,Beauty,Sara Malik,PSH-01,Peshawar,Credit Card,6,80.26,0.0,481.56,0.0,481.56
TXN001278,2025-11-09,2025,11,November,4,Sunday,Wool Sweater,Apparel,Bilal Malik,KHI-01,Karachi,Credit Card,1,34.38,10.0,34.38,3.44,30.94
TXN002887,2025-05-20,2025,5,May,2,Tuesday,Sports Cap,Apparel,Omar Raza,PSH-01,Peshawar,Credit Card,6,143.13,0.0,858.78,0.0,858.78
TXN001948,2026-05-22,2026,5,May,2,Friday,Shampoo 500ml,Beauty,Noor Malik,LHR-01,Lahore,Mobile Wallet,5,169.48,15.0,847.4,127.11,720.29
TXN001599,2026-01-02,2026,1,January,1,Friday,Webcam HD,Electronics,Ali Farooq,KHI-01,Karachi,Mobile Wallet,1,13.98,0.0,13.98,0.0,13.98
TXN004257,2025-05-29,2025,5,May,2,Thursday,Bluetooth Speaker,Electronics,Kamran Malik,MUL-01,Multan,Cash,1,227.43,0.0,227.43,0.0,227.43
TXN003239,2025-07-18,2025,7,July,3,Friday,Blender,Home & Kitchen,Usman Khan,FSD-01,Faisalabad,Credit Card,3,201.93,0.0,605.79,0.0,605.79
TXN004339,2026-05-25,2026,5,May,2,Monday,Non-Stick Pan,Home & Kitchen,Bilal Khan,KHI-01,Karachi,Mobile Wallet,6,200.21,0.0,1201.26,0.0,1201.26
TXN001635,2025-01-14,2025,1,January,1,Tuesday,Ceramic Mug Set,Home & Kitchen,Ayesha Butt,FSD-01,Faisalabad,Mobile Wallet,4,75.69,20.0,302.76,60.55,242.21
TXN001373,2026-01-18,2026,1,January,1,Sunday,Yoga Mat,Sports,Bilal Malik,KHI-01,Karachi,Cash,6,154.25,20.0,925.5,185.1,740.4
TXN003468,2025-05-15,2025,5,May,2,Thursday,LED Desk Lamp,Home & Kitchen,Bilal Malik,ISB-01,Islamabad,Debit Card,5,155.62,0.0,778.1,0.0,778.1
TXN004711,2024-12-31,2024,12,December,4,Tuesday,Face Moisturizer,Beauty,Bilal Butt,MUL-01,Multan,Credit Card,3,111.58,15.0,334.74,50.21,284.53
TXN001761,2025-11-20,2025,11,November,4,Thursday,USB-C Cable,Electronics,Noor Sheikh,LHR-01,Lahore,Credit Card,4,153.21,20.0,612.84,122.57,490.27
TXN003353,2026-06-18,2026,6,June,2,Thursday,Sports Cap,Apparel,Hina Chaudhry,LHR-01,Lahore,Debit Card,4,225.02,0.0,900.08,0.0,900.08
TXN000851,2024-01-09,2024,1,January,1,Tuesday,Face Moisturizer,Beauty,Zainab Khan,MUL-01,Multan,Debit Card,2,83.98,15.0,167.96,25.19,142.77
TXN001306,2025-09-17,2025,9,September,3,Wednesday,LED Desk Lamp,Home & Kitchen,Zainab Iqbal,MUL-01,Multan,Credit Card,1,143.81,0.0,143.81,0.0,143.81
TXN001063,2026-06-15,2026,6,June,2,Monday,Yoga Mat,Sports,Faisal Sheikh,PSH-01,Peshawar,Cash,2,200.74,10.0,401.48,40.15,361.33
TXN003737,2025-11-09,2025,11,November,4,Sunday,Coffee Maker,Home & Kitchen,Ayesha Sheikh,KHI-01,Karachi,Debit Card,3,189.92,10.0,569.76,56.98,512.78
TXN004142,2026-04-06,2026,4,April,2,Monday,Running Shoes,Apparel,Ahmed Malik,KHI-02,Karachi,Credit Card,5,201.92,0.0,1009.6,0.0,1009.6
TXN002024,2025-08-08,2025,8,August,3,Friday,Lip Balm,Beauty,Fatima Malik,MUL-01,Multan,Cash,4,190.0,10.0,760.0,76.0,684.0
TXN004589,2024-02-07,2024,2,February,1,Wednesday,Cycling Helmet,Sports,Kamran Malik,KHI-02,Karachi,Credit Card,6,16.69,0.0,100.14,0.0,100.14
TXN004506,2026-04-18,2026,4,April,2,Saturday,Ceramic Mug Set,Home & Kitchen,Bilal Chaudhry,PSH-01,Peshawar,Cash,2,47.2,5.0,94.4,4.72,89.68
TXN000917,2026-01-26,2026,1,January,1,Monday,Wool Sweater,Apparel,Bilal Iqbal,KHI-02,Karachi,Cash,4,191.84,10.0,767.36,76.74,690.62
TXN001249,2026-05-13,2026,5,May,2,Wednesday,Cotton T-Shirt,Apparel,Noor Chaudhry,KHI-01,Karachi,Mobile Wallet,2,107.67,0.0,215.34,0.0,215.34
TXN002907,2024-12-22,2024,12,December,4,Sunday,Resistance Bands,Sports,Omar Butt,PSH-01,Peshawar,Credit Card,2,168.74,15.0,337.48,50.62,286.86
TXN001454,2025-01-14,2025,1,January,1,Tuesday,USB-C Cable,Electronics,Ayesha Sheikh,MUL-01,Multan,Cash,3,68.63,20.0,205.89,41.18,164.71
TXN001024,2026-02-28,2026,2,February,1,Saturday,Denim Jacket,Apparel,Hassan Butt,PSH-01,Peshawar,Credit Card,6,159.73,0.0,958.38,0.0,958.38
TXN000654,2024-04-04,2024,4,April,2,Thursday,Hair Dryer,Beauty,Zainab Butt,ISB-01,Islamabad,Cash,2,97.5,0.0,195.0,0.0,195.0
TXN002729,2024-12-10,2024,12,December,4,Tuesday,Denim Jacket,Apparel,Sana Sheikh,ISB-01,Islamabad,Credit Card,5,161.39,5.0,806.95,40.35,766.6
TXN000865,2025-06-10,2025,6,June,2,Tuesday,Wool Sweater,Apparel,Kamran Malik,ISB-01,Islamabad,Cash,2,87.63,5.0,175.26,8.76,166.5
TXN000665,2026-02-25,2026,2,February,1,Wednesday,Face Moisturizer,Beauty,Hina Malik,LHR-02,Lahore,Mobile Wallet,3,53.87,10.0,161.61,16.16,145.45
TXN000557,2024-05-11,2024,5,May,2,Saturday,Shampoo 500ml,Beauty,Kamran Khan,PSH-01,Peshawar,Debit Card,1,236.12,0.0,236.12,0.0,236.12
TXN000918,2024-02-24,2024,2,February,1,Saturday,Wireless Mouse,Electronics,Sara Khan,LHR-02,Lahore,Cash,3,213.89,15.0,641.67,96.25,545.42
TXN000018,2024-05-02,2024,5,May,2,Thursday,Yoga Mat,Sports,Sara Malik,KHI-01,Karachi,Cash,5,65.32,15.0,326.6,48.99,277.61
TXN003320,2026-04-07,2026,4,April,2,Tuesday,Sunscreen SPF50,Beauty,Sana Malik,KHI-01,Karachi,Debit Card,2,95.87,20.0,191.74,38.35,153.39
TXN002586,2026-04-14,2026,4,April,2,Tuesday,Coffee Maker,Home & Kitchen,Kamran Iqbal,LHR-02,Lahore,Debit Card,4,107.18,20.0,428.72,85.74,342.98
TXN000953,2025-08-03,2025,8,August,3,Sunday,Sports Cap,Apparel,Mariam Farooq,ISB-01,Islamabad,Debit Card,1,58.12,0.0,58.12,0.0,58.12
TXN002881,2024-11-26,2024,11,November,4,Tuesday,Yoga Mat,Sports,Faisal Raza,MUL-01,Multan,Credit Card,3,88.26,0.0,264.78,0.0,264.78
TXN000350,2024-01-31,2024,1,January,1,Wednesday,Cycling Helmet,Sports,Hassan Iqbal,LHR-01,Lahore,Cash,2,237.53,15.0,475.06,71.26,403.8
TXN003097,2024-11-09,2024,11,November,4,Saturday,Sports Cap,Apparel,Usman Raza,MUL-01,Multan,Cash,4,46.04,15.0,184.16,27.62,156.54
TXN003045,2025-10-22,2025,10,October,4,Wednesday,Non-Stick Pan,Home & Kitchen,Ahmed Iqbal,KHI-01,Karachi,Cash,5,31.62,20.0,158.1,31.62,126.48
TXN000409,2026-04-10,2026,4,April,2,Friday,Wireless Mouse,Electronics,Ayesha Malik,PSH-01,Peshawar,Cash,3,171.21,10.0,513.63,51.36,462.27
TXN003837,2026-03-27,2026,3,March,1,Friday,Laptop Stand,Electronics,Bilal Chaudhry,MUL-01,Multan,Debit Card,2,91.53,5.0,183.06,9.15,173.91
TXN004102,2025-08-20,2025,8,August,3,Wednesday,Football,Sports,Sara Butt,KHI-01,Karachi,Cash,1,157.04,20.0,157.04,31.41,125.63
TXN003304,2025-11-15,2025,11,November,4,Saturday,Running Shoes,Apparel,Fatima Farooq,KHI-01,Karachi,Mobile Wallet,6,219.1,0.0,1314.6,0.0,1314.6
TXN002893,2025-08-09,2025,8,August,3,Saturday,Running Shoes,Apparel,Ali Raza,LHR-02,Lahore,Debit Card,5,26.71,15.0,133.55,20.03,113.52
TXN001594,2026-01-01,2026,1,January,1,Thursday,Yoga Mat,Sports,Noor Raza,LHR-01,Lahore,Mobile Wallet,4,158.78,0.0,635.12,0.0,635.12
TXN000175,2026-04-09,2026,4,April,2,Thursday,Ceramic Mug Set,Home & Kitchen,Kamran Farooq,LHR-02,Lahore,Credit Card,3,33.2,0.0,99.6,0.0,99.6
TXN000355,2026-02-21,2026,2,February,1,Saturday,Sunscreen SPF50,Beauty,Bilal Sheikh,PSH-01,Peshawar,Cash,4,231.73,0.0,926.92,0.0,926.92
TXN003720,2026-05-05,2026,5,May,2,Tuesday,Running Shoes,Apparel,Sana Chaudhry,LHR-02,Lahore,Cash,3,94.23,0.0,282.69,0.0,282.69
TXN004425,2025-10-24,2025,10,October,4,Friday,Hair Dryer,Beauty,Usman Farooq,ISB-01,Islamabad,Credit Card,6,211.44,20.0,1268.64,253.73,1014.91
TXN003663,2026-07-18,2026,7,July,3,Saturday,Blender,Home & Kitchen,Hina Chaudhry,PSH-01,Peshawar,Credit Card,6,25.12,0.0,150.72,0.0,150.72
TXN003290,2025-08-25,2025,8,August,3,Monday,Sunscreen SPF50,Beauty,Faisal Khan,MUL-01,Multan,Cash,2,107.18,20.0,214.36,42.87,171.49
TXN001826,2024-12-17,2024,12,December,4,Tuesday,Sunscreen SPF50,Beauty,Ali Raza,KHI-01,Karachi,Credit Card,1,148.61,0.0,148.61,0.0,148.61
TXN000194,2026-03-23,2026,3,March,1,Monday,Coffee Maker,Home & Kitchen,Faisal Chaudhry,KHI-02,Karachi,Cash,1,126.25,0.0,126.25,0.0,126.25
TXN003287,2024-12-22,2024,12,December,4,Sunday,Cycling Helmet,Sports,Bilal Sheikh,KHI-01,Karachi,Mobile Wallet,1,138.84,20.0,138.84,27.77,111.07
TXN004326,2024-09-26,2024,9,September,3,Thursday,Dumbbell Set,Sports,Noor Butt,PSH-01,Peshawar,Cash,4,62.09,15.0,248.36,37.25,211.11
TXN001699,2026-06-09,2026,6,June,2,Tuesday,Webcam HD,Electronics,Hassan Sheikh,ISB-01,Islamabad,Mobile Wallet,2,54.87,10.0,109.74,10.97,98.77
TXN003341,2024-10-04,2024,10,October,4,Friday,LED Desk Lamp,Home & Kitchen,Zainab Farooq,ISB-01,Islamabad,Credit Card,6,94.78,5.0,568.68,28.43,540.25
TXN002532,2026-02-09,2026,2,February,1,Monday,Denim Jacket,Apparel,Noor Malik,FSD-01,Faisalabad,Mobile Wallet,2,8.15,15.0,16.3,2.44,13.86
TXN004608,2026-07-20,2026,7,July,3,Monday,Wool Sweater,Apparel,Hassan Sheikh,MUL-01,Multan,Credit Card,4,133.49,15.0,533.96,80.09,453.87
TXN003314,2025-04-08,2025,4,April,2,Tuesday,Cotton T-Shirt,Apparel,Faisal Farooq,LHR-02,Lahore,Credit Card,5,187.13,0.0,935.65,0.0,935.65
TXN002015,2026-03-23,2026,3,March,1,Monday,Running Shoes,Apparel,Hina Butt,FSD-01,Faisalabad,Credit Card,3,234.18,5.0,702.54,35.13,667.41
TXN002326,2024-03-04,2024,3,March,1,Monday,Coffee Maker,Home & Kitchen,Fatima Khan,KHI-01,Karachi,Cash,2,82.09,20.0,164.18,32.84,131.34
TXN001485,2025-08-11,2025,8,August,3,Monday,Non-Stick Pan,Home & Kitchen,Ayesha Malik,LHR-01,Lahore,Debit Card,2,65.17,0.0,130.34,0.0,130.34
TXN003473,2026-06-02,2026,6,June,2,Tuesday,Sunscreen SPF50,Beauty,Kamran Chaudhry,PSH-01,Peshawar,Credit Card,6,224.52,5.0,1347.12,67.36,1279.76
TXN000583,2025-12-24,2025,12,December,4,Wednesday,Shampoo 500ml,Beauty,Sana Khan,KHI-02,Karachi,Credit Card,6,11.92,5.0,71.52,3.58,67.94
TXN003492,2026-02-20,2026,2,February,1,Friday,Lip Balm,Beauty,Omar Chaudhry,MUL-01,Multan,Credit Card,6,106.58,10.0,639.48,63.95,575.53
TXN004449,2024-06-13,2024,6,June,2,Thursday,Non-Stick Pan,Home & Kitchen,Ali Khan,KHI-02,Karachi,Mobile Wallet,3,10.33,15.0,30.99,4.65,26.34
TXN002484,2026-06-18,2026,6,June,2,Thursday,Hair Dryer,Beauty,Hassan Iqbal,KHI-01,Karachi,Cash,2,247.72,0.0,495.44,0.0,495.44
TXN004367,2024-05-29,2024,5,May,2,Wednesday,Non-Stick Pan,Home & Kitchen,Faisal Farooq,ISB-01,Islamabad,Cash,6,128.59,20.0,771.54,154.31,617.23
TXN004638,2024-01-26,2024,1,January,1,Friday,Running Shoes,Apparel,Ahmed Butt,LHR-02,Lahore,Debit Card,1,132.51,0.0,132.51,0.0,132.51
TXN003482,2026-02-07,2026,2,February,1,Saturday,Shampoo 500ml,Beauty,Usman Raza,LHR-02,Lahore,Credit Card,6,248.29,0.0,1489.74,0.0,1489.74
TXN002408,2024-05-05,2024,5,May,2,Sunday,Dumbbell Set,Sports,Omar Khan,LHR-02,Lahore,Debit Card,2,132.48,15.0,264.96,39.74,225.22
TXN003422,2024-04-28,2024,4,April,2,Sunday,Coffee Maker,Home & Kitchen,Usman Butt,MUL-01,Multan,Credit Card,3,118.42,0.0,355.26,0.0,355.26
TXN000026,2024-08-16,2024,8,August,3,Friday,Denim Jacket,Apparel,Mariam Chaudhry,PSH-01,Peshawar,Debit Card,4,166.71,20.0,666.84,133.37,533.47
TXN000130,2024-07-27,2024,7,July,3,Saturday,Bluetooth Speaker,Electronics,Kamran Raza,LHR-01,Lahore,Credit Card,5,127.95,15.0,639.75,95.96,543.79
TXN003391,2025-05-30,2025,5,May,2,Friday,Football,Sports,Ahmed Sheikh,LHR-02,Lahore,Debit Card,2,48.89,10.0,97.78,9.78,88.0
TXN004379,2025-06-15,2025,6,June,2,Sunday,Resistance Bands,Sports,Sana Malik,FSD-01,Faisalabad,Credit Card,4,191.46,0.0,765.84,0.0,765.84
TXN000091,2026-02-17,2026,2,February,1,Tuesday,Denim Jacket,Apparel,Bilal Chaudhry,LHR-02,Lahore,Cash,6,23.46,20.0,140.76,28.15,112.61
TXN001484,2026-04-30,2026,4,April,2,Thursday,Wool Sweater,Apparel,Bilal Iqbal,LHR-01,Lahore,Cash,1,207.87,0.0,207.87,0.0,207.87
TXN003679,2024-09-26,2024,9,September,3,Thursday,Face Moisturizer,Beauty,Sara Chaudhry,LHR-01,Lahore,Mobile Wallet,5,206.99,0.0,1034.95,0.0,1034.95
TXN001605,2026-03-06,2026,3,March,1,Friday,Wool Sweater,Apparel,Fatima Raza,PSH-01,Peshawar,Mobile Wallet,6,152.43,20.0,914.58,182.92,731.66
TXN002955,2026-05-27,2026,5,May,2,Wednesday,Yoga Mat,Sports,Omar Sheikh,LHR-02,Lahore,Credit Card,3,33.51,5.0,100.53,5.03,95.5
TXN002704,2025-10-18,2025,10,October,4,Saturday,Non-Stick Pan,Home & Kitchen,Ahmed Chaudhry,LHR-01,Lahore,Cash,2,148.85,20.0,297.7,59.54,238.16
TXN002644,2025-06-05,2025,6,June,2,Thursday,Cotton T-Shirt,Apparel,Sara Khan,LHR-02,Lahore,Credit Card,4,65.49,0.0,261.96,0.0,261.96
TXN003032,2024-01-11,2024,1,January,1,Thursday,Shampoo 500ml,Beauty,Faisal Butt,KHI-02,Karachi,Cash,4,39.89,10.0,159.56,15.96,143.6
TXN001819,2026-06-18,2026,6,June,2,Thursday,Sports Cap,Apparel,Usman Farooq,FSD-01,Faisalabad,Mobile Wallet,2,240.76,10.0,481.52,48.15,433.37
TXN002719,2024-05-15,2024,5,May,2,Wednesday,USB-C Cable,Electronics,Sara Khan,FSD-01,Faisalabad,Mobile Wallet,2,93.7,0.0,187.4,0.0,187.4
TXN001176,2026-05-18,2026,5,May,2,Monday,Hair Dryer,Beauty,Kamran Iqbal,KHI-01,Karachi,Credit Card,1,167.82,0.0,167.82,0.0,167.82
TXN001596,2025-07-25,2025,7,July,3,Friday,Hair Dryer,Beauty,Mariam Malik,LHR-02,Lahore,Mobile Wallet,5,79.11,15.0,395.55,59.33,336.22
TXN000505,2024-10-20,2024,10,October,4,Sunday,Wool Sweater,Apparel,Ali Butt,MUL-01,Multan,Credit Card,3,46.96,0.0,140.88,0.0,140.88
TXN004560,2024-01-08,2024,1,January,1,Monday,Cotton T-Shirt,Apparel,Kamran Iqbal,PSH-01,Peshawar,Debit Card,5,81.02,5.0,405.1,20.25,384.85
TXN000065,2024-06-23,2024,6,June,2,Sunday,Ceramic Mug Set,Home & Kitchen,Ayesha Iqbal,KHI-01,Karachi,Cash,4,24.35,10.0,97.4,9.74,87.66
TXN002467,2024-01-25,2024,1,January,1,Thursday,Sunscreen SPF50,Beauty,Ahmed Khan,PSH-01,Peshawar,Cash,3,115.13,0.0,345.39,0.0,345.39
TXN002868,2025-04-11,2025,4,April,2,Friday,Blender,Home & Kitchen,Mariam Chaudhry,LHR-01,Lahore,Debit Card,3,145.51,0.0,436.53,0.0,436.53
TXN000223,2024-10-28,2024,10,October,4,Monday,Laptop Stand,Electronics,Hina Farooq,KHI-02,Karachi,Cash,1,83.09,5.0,83.09,4.15,78.94
TXN000725,2026-01-20,2026,1,January,1,Tuesday,Laptop Stand,Electronics,Omar Butt,PSH-01,Peshawar,Credit Card,2,30.83,5.0,61.66,3.08,58.58
TXN003347,2025-01-08,2025,1,January,1,Wednesday,Blender,Home & Kitchen,Zainab Chaudhry,LHR-01,Lahore,Cash,4,191.45,20.0,765.8,153.16,612.64
TXN004901,2025-12-29,2025,12,December,4,Monday,Laptop Stand,Electronics,Ayesha Raza,LHR-02,Lahore,Cash,2,215.84,20.0,431.68,86.34,345.34
TXN003345,2025-03-23,2025,3,March,1,Sunday,Cotton T-Shirt,Apparel,Hina Raza,KHI-01,Karachi,Mobile Wallet,2,157.63,0.0,315.26,0.0,315.26
TXN004312,2025-07-07,2025,7,July,3,Monday,Coffee Maker,Home & Kitchen,Hassan Khan,KHI-01,Karachi,Cash,2,139.77,15.0,279.54,41.93,237.61
TXN000692,2026-02-10,2026,2,February,1,Tuesday,Wireless Mouse,Electronics,Fatima Iqbal,PSH-01,Peshawar,Mobile Wallet,5,103.08,0.0,515.4,0.0,515.4
TXN002990,2024-12-23,2024,12,December,4,Monday,Running Shoes,Apparel,Fatima Chaudhry,ISB-01,Islamabad,Credit Card,4,218.35,0.0,873.4,0.0,873.4
TXN000959,2025-12-07,2025,12,December,4,Sunday,Shampoo 500ml,Beauty,Ali Chaudhry,ISB-01,Islamabad,Mobile Wallet,6,203.54,20.0,1221.24,244.25,976.99
TXN002481,2025-07-23,2025,7,July,3,Wednesday,Coffee Maker,Home & Kitchen,Usman Iqbal,MUL-01,Multan,Debit Card,2,49.58,0.0,99.16,0.0,99.16
TXN000705,2024-04-22,2024,4,April,2,Monday,Webcam HD,Electronics,Sana Khan,FSD-01,Faisalabad,Cash,5,205.64,0.0,1028.2,0.0,1028.2
TXN004954,2025-11-28,2025,11,November,4,Friday,Running Shoes,Apparel,Ahmed Raza,ISB-01,Islamabad,Credit Card,1,195.56,0.0,195.56,0.0,195.56
TXN004766,2026-05-04,2026,5,May,2,Monday,Running Shoes,Apparel,Zainab Chaudhry,KHI-02,Karachi,Mobile Wallet,2,98.14,10.0,196.28,19.63,176.65
TXN002136,2025-06-26,2025,6,June,2,Thursday,Ceramic Mug Set,Home & Kitchen,Noor Chaudhry,LHR-02,Lahore,Credit Card,1,125.6,15.0,125.6,18.84,106.76
TXN004694,2024-01-26,2024,1,January,1,Friday,Denim Jacket,Apparel,Ayesha Iqbal,KHI-01,Karachi,Debit Card,3,140.06,0.0,420.18,0.0,420.18
TXN000793,2024-07-05,2024,7,July,3,Friday,USB-C Cable,Electronics,Sara Farooq,PSH-01,Peshawar,Cash,3,26.17,20.0,78.51,15.7,62.81
TXN001166,2024-09-25,2024,9,September,3,Wednesday,Football,Sports,Fatima Chaudhry,PSH-01,Peshawar,Credit Card,5,62.81,20.0,314.05,62.81,251.24
TXN000499,2025-10-23,2025,10,October,4,Thursday,Yoga Mat,Sports,Noor Farooq,ISB-01,Islamabad,Mobile Wallet,1,114.84,0.0,114.84,0.0,114.84
TXN004787,2024-11-26,2024,11,November,4,Tuesday,Denim Jacket,Apparel,Mariam Butt,LHR-01,Lahore,Debit Card,5,121.75,0.0,608.75,0.0,608.75
TXN000681,2024-05-05,2024,5,May,2,Sunday,Non-Stick Pan,Home & Kitchen,Ali Malik,KHI-01,Karachi,Debit Card,3,39.75,5.0,119.25,5.96,113.29
TXN004626,2024-10-22,2024,10,October,4,Tuesday,Cycling Helmet,Sports,Omar Butt,KHI-02,Karachi,Credit Card,4,45.32,15.0,181.28,27.19,154.09
TXN003513,2025-02-16,2025,2,February,1,Sunday,Bluetooth Speaker,Electronics,Sana Raza,LHR-01,Lahore,Cash,5,215.37,0.0,1076.85,0.0,1076.85
TXN003660,2025-06-20,2025,6,June,2,Friday,Hair Dryer,Beauty,Ayesha Raza,ISB-01,Islamabad,Cash,5,100.56,0.0,502.8,0.0,502.8
TXN002953,2024-08-21,2024,8,August,3,Wednesday,Lip Balm,Beauty,Hina Malik,PSH-01,Peshawar,Mobile Wallet,4,35.15,0.0,140.6,0.0,140.6
TXN000904,2025-12-10,2025,12,December,4,Wednesday,Sunscreen SPF50,Beauty,Usman Farooq,ISB-01,Islamabad,Credit Card,4,15.24,0.0,60.96,0.0,60.96
TXN000704,2024-01-14,2024,1,January,1,Sunday,Non-Stick Pan,Home & Kitchen,Hina Raza,KHI-01,Karachi,Cash,1,121.28,0.0,121.28,0.0,121.28
TXN002133,2025-05-09,2025,5,May,2,Friday,Shampoo 500ml,Beauty,Hina Butt,FSD-01,Faisalabad,Cash,6,130.72,5.0,784.32,39.22,745.1
TXN001981,2024-10-20,2024,10,October,4,Sunday,Face Moisturizer,Beauty,Hassan Khan,LHR-01,Lahore,Debit Card,3,26.1,5.0,78.3,3.92,74.38
TXN002197,2025-04-22,2025,4,April,2,Tuesday,Coffee Maker,Home & Kitchen,Omar Butt,KHI-01,Karachi,Debit Card,2,171.49,0.0,342.98,0.0,342.98
TXN003915,2024-05-03,2024,5,May,2,Friday,Shampoo 500ml,Beauty,Omar Farooq,KHI-01,Karachi,Cash,1,63.82,0.0,63.82,0.0,63.82
TXN004517,2026-03-29,2026,3,March,1,Sunday,Shampoo 500ml,Beauty,Bilal Iqbal,KHI-01,Karachi,Credit Card,6,137.04,15.0,822.24,123.34,698.9
TXN003580,2025-03-18,2025,3,March,1,Tuesday,Hair Dryer,Beauty,Hina Farooq,FSD-01,Faisalabad,Credit Card,1,214.76,10.0,214.76,21.48,193.28
TXN004637,2026-03-02,2026,3,March,1,Monday,Webcam HD,Electronics,Fatima Khan,FSD-01,Faisalabad,Mobile Wallet,1,92.77,5.0,92.77,4.64,88.13
TXN001587,2024-09-13,2024,9,September,3,Friday,Blender,Home & Kitchen,Bilal Iqbal,LHR-01,Lahore,Cash,1,41.05,0.0,41.05,0.0,41.05
TXN000092,2025-10-08,2025,10,October,4,Wednesday,Resistance Bands,Sports,Omar Sheikh,FSD-01,Faisalabad,Mobile Wallet,5,200.1,0.0,1000.5,0.0,1000.5
TXN002149,2025-10-30,2025,10,October,4,Thursday,Non-Stick Pan,Home & Kitchen,Noor Iqbal,PSH-01,Peshawar,Credit Card,3,99.61,0.0,298.83,0.0,298.83
TXN003980,2024-06-09,2024,6,June,2,Sunday,Lip Balm,Beauty,Faisal Raza,FSD-01,Faisalabad,Debit Card,1,7.39,15.0,7.39,1.11,6.28
TXN004433,2024-12-23,2024,12,December,4,Monday,Resistance Bands,Sports,Usman Raza,FSD-01,Faisalabad,Debit Card,4,50.74,15.0,202.96,30.44,172.52
TXN001740,2026-03-15,2026,3,March,1,Sunday,Wireless Mouse,Electronics,Usman Khan,PSH-01,Peshawar,Cash,6,226.65,15.0,1359.9,203.99,1155.91
TXN004673,2025-06-11,2025,6,June,2,Wednesday,Lip Balm,Beauty,Hassan Malik,FSD-01,Faisalabad,Credit Card,5,6.29,10.0,31.45,3.15,28.3
TXN000326,2026-06-27,2026,6,June,2,Saturday,Resistance Bands,Sports,Hassan Farooq,LHR-02,Lahore,Debit Card,2,216.6,5.0,433.2,21.66,411.54
TXN003625,2025-06-18,2025,6,June,2,Wednesday,Wireless Mouse,Electronics,Bilal Khan,LHR-02,Lahore,Cash,6,166.0,10.0,996.0,99.6,896.4
TXN001989,2024-06-03,2024,6,June,2,Monday,Wool Sweater,Apparel,Faisal Iqbal,LHR-02,Lahore,Credit Card,5,83.93,0.0,419.65,0.0,419.65
TXN004776,2024-09-09,2024,9,September,3,Monday,Cotton T-Shirt,Apparel,Sana Farooq,LHR-01,Lahore,Cash,3,146.59,0.0,439.77,0.0,439.77
TXN001261,2024-02-27,2024,2,February,1,Tuesday,Sports Cap,Apparel,Usman Malik,LHR-02,Lahore,Mobile Wallet,3,104.44,5.0,313.32,15.67,297.65
TXN000398,2024-04-16,2024,4,April,2,Tuesday,Running Shoes,Apparel,Ali Malik,LHR-01,Lahore,Credit Card,2,114.26,0.0,228.52,0.0,228.52
TXN001687,2024-10-19,2024,10,October,4,Saturday,Cycling Helmet,Sports,Noor Butt,FSD-01,Faisalabad,Cash,1,153.54,15.0,153.54,23.03,130.51
TXN004407,2026-02-20,2026,2,February,1,Friday,Face Moisturizer,Beauty,Fatima Farooq,ISB-01,Islamabad,Mobile Wallet,6,241.39,5.0,1448.34,72.42,1375.92
TXN003857,2025-06-14,2025,6,June,2,Saturday,Face Moisturizer,Beauty,Omar Butt,KHI-01,Karachi,Cash,5,143.11,0.0,715.55,0.0,715.55
TXN003228,2025-12-18,2025,12,December,4,Thursday,Wireless Mouse,Electronics,Hassan Iqbal,FSD-01,Faisalabad,Debit Card,3,34.03,0.0,102.09,0.0,102.09
TXN002201,2025-08-28,2025,8,August,3,Thursday,Wireless Mouse,Electronics,Sara Chaudhry,MUL-01,Multan,Cash,3,98.58,0.0,295.74,0.0,295.74
TXN004625,2025-08-23,2025,8,August,3,Saturday,Running Shoes,Apparel,Sana Malik,FSD-01,Faisalabad,Credit Card,5,231.37,15.0,1156.85,173.53,983.32
TXN003621,2025-02-21,2025,2,February,1,Friday,Shampoo 500ml,Beauty,Bilal Khan,MUL-01,Multan,Mobile Wallet,3,237.83,0.0,713.49,0.0,713.49
TXN004575,2024-09-04,2024,9,September,3,Wednesday,USB-C Cable,Electronics,Fatima Raza,KHI-01,Karachi,Cash,3,234.04,0.0,702.12,0.0,702.12
TXN002387,2025-06-13,2025,6,June,2,Friday,Sports Cap,Apparel,Usman Chaudhry,PSH-01,Peshawar,Cash,2,17.66,0.0,35.32,0.0,35.32
TXN002384,2024-02-12,2024,2,February,1,Monday,Sports Cap,Apparel,Hina Malik,MUL-01,Multan,Debit Card,1,38.8,0.0,38.8,0.0,38.8
TXN001721,2024-09-02,2024,9,September,3,Monday,Ceramic Mug Set,Home & Kitchen,Noor Iqbal,KHI-02,Karachi,Credit Card,2,10.62,5.0,21.24,1.06,20.18
TXN004687,2024-07-08,2024,7,July,3,Monday,Laptop Stand,Electronics,Usman Khan,LHR-01,Lahore,Credit Card,3,189.79,0.0,569.37,0.0,569.37
TXN000190,2024-05-15,2024,5,May,2,Wednesday,Coffee Maker,Home & Kitchen,Sara Malik,MUL-01,Multan,Credit Card,6,122.08,0.0,732.48,0.0,732.48
TXN004511,2026-02-27,2026,2,February,1,Friday,Hair Dryer,Beauty,Sara Chaudhry,FSD-01,Faisalabad,Cash,3,150.55,20.0,451.65,90.33,361.32
TXN003929,2025-01-19,2025,1,January,1,Sunday,Sunscreen SPF50,Beauty,Hassan Butt,MUL-01,Multan,Cash,3,157.59,5.0,472.77,23.64,449.13
TXN004570,2025-07-28,2025,7,July,3,Monday,Cotton T-Shirt,Apparel,Hina Khan,LHR-01,Lahore,Cash,4,19.9,15.0,79.6,11.94,67.66
TXN003592,2024-07-24,2024,7,July,3,Wednesday,Wireless Mouse,Electronics,Bilal Iqbal,FSD-01,Faisalabad,Cash,2,233.91,0.0,467.82,0.0,467.82
TXN001177,2025-07-19,2025,7,July,3,Saturday,Webcam HD,Electronics,Fatima Raza,MUL-01,Multan,Cash,4,65.79,15.0,263.16,39.47,223.69
TXN003964,2026-06-30,2026,6,June,2,Tuesday,Wool Sweater,Apparel,Kamran Butt,ISB-01,Islamabad,Debit Card,1,70.53,0.0,70.53,0.0,70.53
TXN004585,2024-05-19,2024,5,May,2,Sunday,LED Desk Lamp,Home & Kitchen,Mariam Butt,PSH-01,Peshawar,Cash,5,217.21,20.0,1086.05,217.21,868.84
TXN002218,2025-11-05,2025,11,November,4,Wednesday,Lip Balm,Beauty,Ali Chaudhry,PSH-01,Peshawar,Cash,1,144.82,0.0,144.82,0.0,144.82
TXN000645,2024-12-31,2024,12,December,4,Tuesday,Laptop Stand,Electronics,Fatima Butt,KHI-01,Karachi,Credit Card,1,155.85,0.0,155.85,0.0,155.85
TXN003426,2025-02-28,2025,2,February,1,Friday,Blender,Home & Kitchen,Ahmed Chaudhry,LHR-02,Lahore,Debit Card,5,206.33,20.0,1031.65,206.33,825.32
TXN000309,2024-09-22,2024,9,September,3,Sunday,Wireless Mouse,Electronics,Faisal Malik,KHI-02,Karachi,Debit Card,2,139.4,0.0,278.8,0.0,278.8
TXN001544,2024-02-03,2024,2,February,1,Saturday,Wool Sweater,Apparel,Hina Malik,KHI-02,Karachi,Debit Card,6,248.58,0.0,1491.48,0.0,1491.48
TXN004997,2026-06-13,2026,6,June,2,Saturday,Non-Stick Pan,Home & Kitchen,Faisal Khan,MUL-01,Multan,Credit Card,6,245.01,0.0,1470.06,0.0,1470.06
TXN001707,2026-06-09,2026,6,June,2,Tuesday,Sunscreen SPF50,Beauty,Usman Butt,FSD-01,Faisalabad,Debit Card,1,181.26,0.0,181.26,0.0,181.26
TXN001222,2024-06-30,2024,6,June,2,Sunday,Dumbbell Set,Sports,Sara Iqbal,ISB-01,Islamabad,Credit Card,4,39.52,5.0,158.08,7.9,150.18
TXN002233,2025-06-14,2025,6,June,2,Saturday,Lip Balm,Beauty,Kamran Farooq,ISB-01,Islamabad,Debit Card,1,248.98,0.0,248.98,0.0,248.98
TXN001115,2025-09-12,2025,9,September,3,Friday,Dumbbell Set,Sports,Hassan Chaudhry,MUL-01,Multan,Credit Card,5,212.3,15.0,1061.5,159.22,902.28
TXN000656,2024-08-04,2024,8,August,3,Sunday,Cycling Helmet,Sports,Ayesha Chaudhry,LHR-01,Lahore,Cash,3,7.69,0.0,23.07,0.0,23.07
TXN004800,2026-03-11,2026,3,March,1,Wednesday,Bluetooth Speaker,Electronics,Ahmed Iqbal,LHR-01,Lahore,Cash,6,150.18,5.0,901.08,45.05,856.03
TXN001369,2025-08-24,2025,8,August,3,Sunday,Football,Sports,Zainab Butt,LHR-02,Lahore,Credit Card,4,146.02,0.0,584.08,0.0,584.08
TXN001689,2024-12-16,2024,12,December,4,Monday,Cycling Helmet,Sports,Sana Butt,LHR-02,Lahore,Credit Card,3,22.54,0.0,67.62,0.0,67.62
TXN005000,2024-06-03,2024,6,June,2,Monday,LED Desk Lamp,Home & Kitchen,Kamran Butt,LHR-02,Lahore,Mobile Wallet,1,238.3,0.0,238.3,0.0,238.3
TXN001179,2025-03-15,2025,3,March,1,Saturday,Blender,Home & Kitchen,Faisal Butt,MUL-01,Multan,Cash,5,70.08,0.0,350.4,0.0,350.4
TXN002345,2025-03-08,2025,3,March,1,Saturday,Non-Stick Pan,Home & Kitchen,Kamran Khan,LHR-02,Lahore,Credit Card,5,109.03,20.0,545.15,109.03,436.12
TXN002941,2025-07-11,2025,7,July,3,Friday,USB-C Cable,Electronics,Sana Raza,PSH-01,Peshawar,Mobile Wallet,4,175.67,0.0,702.68,0.0,702.68
TXN003715,2026-02-28,2026,2,February,1,Saturday,Cycling Helmet,Sports,Sana Malik,MUL-01,Multan,Cash,5,76.82,5.0,384.1,19.2,364.9
TXN000739,2025-03-26,2025,3,March,1,Wednesday,Dumbbell Set,Sports,Mariam Sheikh,LHR-02,Lahore,Debit Card,1,192.23,0.0,192.23,0.0,192.23
TXN000303,2026-02-27,2026,2,February,1,Friday,Non-Stick Pan,Home & Kitchen,Hassan Farooq,ISB-01,Islamabad,Credit Card,4,190.58,20.0,762.32,152.46,609.86
TXN003292,2025-08-05,2025,8,August,3,Tuesday,Bluetooth Speaker,Electronics,Zainab Farooq,PSH-01,Peshawar,Credit Card,6,146.8,15.0,880.8,132.12,748.68
TXN001106,2026-01-13,2026,1,January,1,Tuesday,Denim Jacket,Apparel,Sara Chaudhry,PSH-01,Peshawar,Cash,3,216.82,0.0,650.46,0.0,650.46
TXN001987,2025-07-24,2025,7,July,3,Thursday,Laptop Stand,Electronics,Omar Khan,KHI-01,Karachi,Cash,3,51.05,5.0,153.15,7.66,145.49
TXN001510,2026-03-01,2026,3,March,1,Sunday,Resistance Bands,Sports,Fatima Iqbal,LHR-01,Lahore,Credit Card,6,230.65,10.0,1383.9,138.39,1245.51
TXN001192,2024-09-25,2024,9,September,3,Wednesday,Football,Sports,Sana Iqbal,MUL-01,Multan,Mobile Wallet,3,8.52,5.0,25.56,1.28,24.28
TXN001457,2025-12-24,2025,12,December,4,Wednesday,Shampoo 500ml,Beauty,Bilal Farooq,MUL-01,Multan,Credit Card,6,47.98,20.0,287.88,57.58,230.3
TXN001301,2025-03-21,2025,3,March,1,Friday,Resistance Bands,Sports,Faisal Raza,FSD-01,Faisalabad,Credit Card,3,78.14,0.0,234.42,0.0,234.42
TXN001880,2024-02-16,2024,2,February,1,Friday,Sunscreen SPF50,Beauty,Mariam Raza,KHI-02,Karachi,Credit Card,2,19.16,0.0,38.32,0.0,38.32
TXN003706,2025-03-08,2025,3,March,1,Saturday,Yoga Mat,Sports,Ayesha Sheikh,KHI-02,Karachi,Cash,5,143.81,5.0,719.05,35.95,683.1
TXN002956,2026-07-09,2026,7,July,3,Thursday,Yoga Mat,Sports,Mariam Butt,LHR-01,Lahore,Cash,6,117.62,0.0,705.72,0.0,705.72
TXN003018,2024-04-20,2024,4,April,2,Saturday,Webcam HD,Electronics,Kamran Raza,LHR-02,Lahore,Cash,2,161.66,0.0,323.32,0.0,323.32
TXN000476,2025-08-03,2025,8,August,3,Sunday,Hair Dryer,Beauty,Bilal Malik,ISB-01,Islamabad,Credit Card,5,8.46,5.0,42.3,2.12,40.18
TXN003057,2025-12-12,2025,12,December,4,Friday,Sunscreen SPF50,Beauty,Hassan Farooq,MUL-01,Multan,Credit Card,2,58.87,0.0,117.74,0.0,117.74
TXN004783,2024-08-28,2024,8,August,3,Wednesday,Non-Stick Pan,Home & Kitchen,Sara Farooq,FSD-01,Faisalabad,Cash,5,138.26,5.0,691.3,34.56,656.74
TXN001229,2026-03-27,2026,3,March,1,Friday,Webcam HD,Electronics,Omar Chaudhry,ISB-01,Islamabad,Mobile Wallet,4,132.87,20.0,531.48,106.3,425.18
TXN001922,2024-10-26,2024,10,October,4,Saturday,Bluetooth Speaker,Electronics,Ahmed Farooq,MUL-01,Multan,Cash,2,138.0,0.0,276.0,0.0,276.0
TXN003922,2024-07-15,2024,7,July,3,Monday,Laptop Stand,Electronics,Sana Sheikh,MUL-01,Multan,Credit Card,3,183.87,0.0,551.61,0.0,551.61
TXN000556,2026-02-14,2026,2,February,1,Saturday,Denim Jacket,Apparel,Sana Butt,KHI-02,Karachi,Cash,4,182.02,20.0,728.08,145.62,582.46
TXN003149,2025-04-22,2025,4,April,2,Tuesday,Webcam HD,Electronics,Zainab Chaudhry,MUL-01,Multan,Cash,3,159.38,0.0,478.14,0.0,478.14
TXN003620,2024-11-30,2024,11,November,4,Saturday,Football,Sports,Ayesha Chaudhry,KHI-01,Karachi,Cash,3,112.78,0.0,338.34,0.0,338.34
TXN000423,2024-02-26,2024,2,February,1,Monday,Ceramic Mug Set,Home & Kitchen,Usman Malik,ISB-01,Islamabad,Debit Card,6,236.6,5.0,1419.6,70.98,1348.62
TXN004558,2025-02-06,2025,2,February,1,Thursday,Laptop Stand,Electronics,Fatima Sheikh,LHR-01,Lahore,Debit Card,5,43.05,0.0,215.25,0.0,215.25
TXN004660,2026-04-19,2026,4,April,2,Sunday,Yoga Mat,Sports,Sara Butt,LHR-02,Lahore,Mobile Wallet,1,40.5,20.0,40.5,8.1,32.4
TXN001825,2025-10-20,2025,10,October,4,Monday,USB-C Cable,Electronics,Sana Farooq,ISB-01,Islamabad,Credit Card,4,105.05,5.0,420.2,21.01,399.19
TXN000034,2025-10-14,2025,10,October,4,Tuesday,Football,Sports,Sana Farooq,KHI-01,Karachi,Credit Card,5,192.62,5.0,963.1,48.16,914.94
TXN004468,2024-07-13,2024,7,July,3,Saturday,Dumbbell Set,Sports,Kamran Farooq,PSH-01,Peshawar,Mobile Wallet,5,135.68,0.0,678.4,0.0,678.4
TXN000468,2024-09-17,2024,9,September,3,Tuesday,Denim Jacket,Apparel,Hina Butt,LHR-02,Lahore,Cash,5,18.7,0.0,93.5,0.0,93.5
TXN000311,2025-04-29,2025,4,April,2,Tuesday,Football,Sports,Usman Sheikh,MUL-01,Multan,Cash,4,48.27,15.0,193.08,28.96,164.12
TXN004187,2026-02-26,2026,2,February,1,Thursday,Webcam HD,Electronics,Ayesha Khan,FSD-01,Faisalabad,Credit Card,4,9.66,0.0,38.64,0.0,38.64
TXN002198,2025-02-10,2025,2,February,1,Monday,Sports Cap,Apparel,Sana Sheikh,KHI-01,Karachi,Cash,4,111.61,10.0,446.44,44.64,401.8
TXN003906,2025-09-29,2025,9,September,3,Monday,Coffee Maker,Home & Kitchen,Ayesha Raza,LHR-01,Lahore,Mobile Wallet,3,34.45,10.0,103.35,10.34,93.01
TXN001926,2024-04-15,2024,4,April,2,Monday,Blender,Home & Kitchen,Sana Raza,KHI-02,Karachi,Credit Card,6,136.2,20.0,817.2,163.44,653.76
TXN004017,2026-03-23,2026,3,March,1,Monday,Dumbbell Set,Sports,Fatima Malik,LHR-01,Lahore,Cash,1,163.19,5.0,163.19,8.16,155.03
TXN003042,2026-04-25,2026,4,April,2,Saturday,Coffee Maker,Home & Kitchen,Usman Raza,FSD-01,Faisalabad,Cash,6,89.0,20.0,534.0,106.8,427.2
TXN002140,2026-03-02,2026,3,March,1,Monday,Shampoo 500ml,Beauty,Sana Iqbal,MUL-01,Multan,Mobile Wallet,5,129.91,0.0,649.55,0.0,649.55
TXN004723,2025-04-09,2025,4,April,2,Wednesday,Ceramic Mug Set,Home & Kitchen,Fatima Butt,LHR-01,Lahore,Credit Card,3,215.93,0.0,647.79,0.0,647.79
TXN000521,2024-12-14,2024,12,December,4,Saturday,Resistance Bands,Sports,Faisal Khan,FSD-01,Faisalabad,Credit Card,1,49.22,0.0,49.22,0.0,49.22
TXN002948,2025-07-14,2025,7,July,3,Monday,Non-Stick Pan,Home & Kitchen,Zainab Malik,MUL-01,Multan,Cash,5,138.84,15.0,694.2,104.13,590.07
TXN003764,2025-03-04,2025,3,March,1,Tuesday,Blender,Home & Kitchen,Sara Malik,LHR-02,Lahore,Debit Card,1,221.26,10.0,221.26,22.13,199.13
TXN002527,2024-07-06,2024,7,July,3,Saturday,Face Moisturizer,Beauty,Usman Iqbal,ISB-01,Islamabad,Cash,5,191.67,0.0,958.35,0.0,958.35
TXN002513,2026-07-15,2026,7,July,3,Wednesday,USB-C Cable,Electronics,Sana Iqbal,ISB-01,Islamabad,Credit Card,5,240.0,0.0,1200.0,0.0,1200.0
TXN003023,2024-08-11,2024,8,August,3,Sunday,Dumbbell Set,Sports,Bilal Chaudhry,KHI-01,Karachi,Cash,4,24.49,5.0,97.96,4.9,93.06
TXN000634,2024-02-16,2024,2,February,1,Friday,Resistance Bands,Sports,Hina Chaudhry,LHR-01,Lahore,Credit Card,6,19.89,5.0,119.34,5.97,113.37
TXN000293,2026-06-17,2026,6,June,2,Wednesday,Sports Cap,Apparel,Hina Farooq,LHR-02,Lahore,Cash,1,128.32,10.0,128.32,12.83,115.49
TXN000195,2025-01-09,2025,1,January,1,Thursday,USB-C Cable,Electronics,Bilal Iqbal,FSD-01,Faisalabad,Cash,4,172.32,0.0,689.28,0.0,689.28
TXN000980,2026-03-02,2026,3,March,1,Monday,Wool Sweater,Apparel,Hina Butt,MUL-01,Multan,Cash,1,111.02,15.0,111.02,16.65,94.37
TXN004845,2025-10-30,2025,10,October,4,Thursday,Cotton T-Shirt,Apparel,Sara Sheikh,ISB-01,Islamabad,Credit Card,4,106.61,0.0,426.44,0.0,426.44
TXN003746,2026-03-10,2026,3,March,1,Tuesday,Blender,Home & Kitchen,Ahmed Raza,KHI-01,Karachi,Credit Card,5,39.37,0.0,196.85,0.0,196.85
TXN004814,2025-09-18,2025,9,September,3,Thursday,Resistance Bands,Sports,Noor Sheikh,LHR-02,Lahore,Cash,2,121.73,20.0,243.46,48.69,194.77
TXN000564,2025-08-05,2025,8,August,3,Tuesday,Sports Cap,Apparel,Kamran Iqbal,MUL-01,Multan,Credit Card,1,101.42,0.0,101.42,0.0,101.42
TXN002341,2026-06-13,2026,6,June,2,Saturday,Denim Jacket,Apparel,Bilal Malik,LHR-02,Lahore,Debit Card,6,204.92,0.0,1229.52,0.0,1229.52
TXN003750,2025-05-23,2025,5,May,2,Friday,Cycling Helmet,Sports,Sara Chaudhry,PSH-01,Peshawar,Credit Card,1,15.89,15.0,15.89,2.38,13.51
TXN004971,2025-09-13,2025,9,September,3,Saturday,Face Moisturizer,Beauty,Kamran Chaudhry,LHR-01,Lahore,Cash,1,8.28,0.0,8.28,0.0,8.28
TXN000274,2025-06-10,2025,6,June,2,Tuesday,Football,Sports,Ahmed Chaudhry,PSH-01,Peshawar,Credit Card,2,237.31,10.0,474.62,47.46,427.16
TXN003299,2025-05-05,2025,5,May,2,Monday,Ceramic Mug Set,Home & Kitchen,Bilal Iqbal,FSD-01,Faisalabad,Credit Card,1,244.16,0.0,244.16,0.0,244.16
TXN004318,2026-02-04,2026,2,February,1,Wednesday,Cycling Helmet,Sports,Sara Malik,MUL-01,Multan,Mobile Wallet,5,113.09,0.0,565.45,0.0,565.45
TXN002588,2024-02-18,2024,2,February,1,Sunday,Football,Sports,Ayesha Butt,KHI-01,Karachi,Cash,4,210.75,0.0,843.0,0.0,843.0
TXN000696,2024-03-25,2024,3,March,1,Monday,LED Desk Lamp,Home & Kitchen,Ayesha Malik,PSH-01,Peshawar,Credit Card,2,141.84,0.0,283.68,0.0,283.68
TXN001636,2026-02-23,2026,2,February,1,Monday,Coffee Maker,Home & Kitchen,Usman Iqbal,FSD-01,Faisalabad,Credit Card,3,140.1,0.0,420.3,0.0,420.3
TXN001054,2025-02-24,2025,2,February,1,Monday,Hair Dryer,Beauty,Sara Malik,LHR-01,Lahore,Credit Card,4,55.22,0.0,220.88,0.0,220.88
TXN001026,2025-08-26,2025,8,August,3,Tuesday,Laptop Stand,Electronics,Kamran Khan,ISB-01,Islamabad,Cash,1,241.45,5.0,241.45,12.07,229.38
TXN003881,2026-07-27,2026,7,July,3,Monday,Sunscreen SPF50,Beauty,Omar Butt,MUL-01,Multan,Cash,1,193.37,20.0,193.37,38.67,154.7
TXN002957,2024-02-02,2024,2,February,1,Friday,Denim Jacket,Apparel,Ali Malik,KHI-02,Karachi,Credit Card,5,12.33,20.0,61.65,12.33,49.32
TXN001538,2026-03-31,2026,3,March,1,Tuesday,Face Moisturizer,Beauty,Zainab Khan,LHR-01,Lahore,Credit Card,3,180.62,0.0,541.86,0.0,541.86
TXN002620,2026-03-05,2026,3,March,1,Thursday,Yoga Mat,Sports,Kamran Butt,FSD-01,Faisalabad,Debit Card,6,215.03,0.0,1290.18,0.0,1290.18
TXN004280,2025-06-18,2025,6,June,2,Wednesday,Sunscreen SPF50,Beauty,Ayesha Farooq,KHI-01,Karachi,Credit Card,1,243.34,0.0,243.34,0.0,243.34
TXN002404,2026-01-20,2026,1,January,1,Tuesday,Coffee Maker,Home & Kitchen,Kamran Khan,KHI-02,Karachi,Cash,6,24.44,0.0,146.64,0.0,146.64
TXN001917,2025-11-08,2025,11,November,4,Saturday,Blender,Home & Kitchen,Noor Butt,MUL-01,Multan,Cash,4,137.29,0.0,549.16,0.0,549.16
TXN003718,2025-09-04,2025,9,September,3,Thursday,Face Moisturizer,Beauty,Hassan Raza,LHR-01,Lahore,Cash,1,180.52,10.0,180.52,18.05,162.47
TXN003987,2026-06-11,2026,6,June,2,Thursday,Wool Sweater,Apparel,Hina Malik,ISB-01,Islamabad,Debit Card,3,178.73,15.0,536.19,80.43,455.76
TXN003543,2025-09-19,2025,9,September,3,Friday,Wool Sweater,Apparel,Hina Khan,FSD-01,Faisalabad,Credit Card,6,72.64,0.0,435.84,0.0,435.84
TXN004097,2024-05-25,2024,5,May,2,Saturday,Sunscreen SPF50,Beauty,Ali Malik,PSH-01,Peshawar,Debit Card,4,24.74,0.0,98.96,0.0,98.96
TXN001392,2024-06-19,2024,6,June,2,Wednesday,Face Moisturizer,Beauty,Bilal Iqbal,KHI-01,Karachi,Cash,1,231.34,20.0,231.34,46.27,185.07
TXN003332,2024-05-01,2024,5,May,2,Wednesday,Yoga Mat,Sports,Mariam Butt,KHI-02,Karachi,Debit Card,6,172.3,0.0,1033.8,0.0,1033.8
TXN003300,2025-01-08,2025,1,January,1,Wednesday,Denim Jacket,Apparel,Sara Chaudhry,LHR-02,Lahore,Cash,2,194.94,20.0,389.88,77.98,311.9
TXN000943,2025-10-21,2025,10,October,4,Tuesday,USB-C Cable,Electronics,Usman Sheikh,ISB-01,Islamabad,Credit Card,4,24.28,5.0,97.12,4.86,92.26
TXN004775,2024-07-27,2024,7,July,3,Saturday,Lip Balm,Beauty,Usman Butt,FSD-01,Faisalabad,Mobile Wallet,4,16.2,5.0,64.8,3.24,61.56
TXN004571,2025-06-06,2025,6,June,2,Friday,Dumbbell Set,Sports,Ahmed Malik,ISB-01,Islamabad,Cash,4,26.51,5.0,106.04,5.3,100.74
TXN004336,2024-10-20,2024,10,October,4,Sunday,Hair Dryer,Beauty,Ali Raza,ISB-01,Islamabad,Cash,2,6.81,0.0,13.62,0.0,13.62
TXN002490,2024-07-10,2024,7,July,3,Wednesday,Cotton T-Shirt,Apparel,Ahmed Khan,MUL-01,Multan,Cash,5,45.44,20.0,227.2,45.44,181.76
TXN003086,2024-05-10,2024,5,May,2,Friday,Denim Jacket,Apparel,Zainab Sheikh,FSD-01,Faisalabad,Cash,3,93.77,10.0,281.31,28.13,253.18
TXN002109,2026-02-23,2026,2,February,1,Monday,Hair Dryer,Beauty,Faisal Butt,MUL-01,Multan,Credit Card,4,58.46,15.0,233.84,35.08,198.76
TXN003541,2026-07-08,2026,7,July,3,Wednesday,Webcam HD,Electronics,Omar Chaudhry,LHR-01,Lahore,Cash,1,35.88,5.0,35.88,1.79,34.09
TXN004785,2026-05-24,2026,5,May,2,Sunday,Blender,Home & Kitchen,Noor Raza,MUL-01,Multan,Mobile Wallet,6,246.61,10.0,1479.66,147.97,1331.69
TXN004325,2026-03-21,2026,3,March,1,Saturday,Yoga Mat,Sports,Kamran Malik,KHI-01,Karachi,Cash,2,221.73,10.0,443.46,44.35,399.11
TXN003884,2025-04-12,2025,4,April,2,Saturday,Bluetooth Speaker,Electronics,Fatima Raza,KHI-01,Karachi,Mobile Wallet,2,246.75,10.0,493.5,49.35,444.15
TXN003963,2025-11-27,2025,11,November,4,Thursday,Blender,Home & Kitchen,Bilal Khan,KHI-02,Karachi,Cash,5,151.8,5.0,759.0,37.95,721.05
TXN003551,2026-03-23,2026,3,March,1,Monday,Coffee Maker,Home & Kitchen,Noor Raza,KHI-01,Karachi,Debit Card,5,216.0,0.0,1080.0,0.0,1080.0
TXN002695,2025-10-03,2025,10,October,4,Friday,Coffee Maker,Home & Kitchen,Mariam Butt,LHR-01,Lahore,Credit Card,5,39.77,0.0,198.85,0.0,198.85
TXN000031,2025-11-19,2025,11,November,4,Wednesday,Cotton T-Shirt,Apparel,Omar Malik,ISB-01,Islamabad,Cash,2,60.04,5.0,120.08,6.0,114.08
TXN000531,2026-04-07,2026,4,April,2,Tuesday,USB-C Cable,Electronics,Usman Malik,FSD-01,Faisalabad,Credit Card,4,59.18,5.0,236.72,11.84,224.88
TXN004408,2024-07-03,2024,7,July,3,Wednesday,Wool Sweater,Apparel,Hassan Iqbal,KHI-01,Karachi,Credit Card,6,227.32,10.0,1363.92,136.39,1227.53
TXN000429,2026-05-15,2026,5,May,2,Friday,Coffee Maker,Home & Kitchen,Ayesha Farooq,ISB-01,Islamabad,Credit Card,3,41.34,0.0,124.02,0.0,124.02
TXN000247,2025-01-02,2025,1,January,1,Thursday,Ceramic Mug Set,Home & Kitchen,Noor Sheikh,FSD-01,Faisalabad,Cash,1,45.4,0.0,45.4,0.0,45.4
TXN002196,2025-06-19,2025,6,June,2,Thursday,LED Desk Lamp,Home & Kitchen,Noor Butt,KHI-01,Karachi,Cash,6,40.21,15.0,241.26,36.19,205.07
TXN002244,2026-04-03,2026,4,April,2,Friday,Laptop Stand,Electronics,Mariam Chaudhry,LHR-02,Lahore,Credit Card,2,172.24,0.0,344.48,0.0,344.48
TXN004827,2024-10-06,2024,10,October,4,Sunday,Blender,Home & Kitchen,Sana Malik,PSH-01,Peshawar,Cash,6,157.57,0.0,945.42,0.0,945.42
TXN001608,2025-06-05,2025,6,June,2,Thursday,Lip Balm,Beauty,Hina Sheikh,PSH-01,Peshawar,Credit Card,6,240.62,10.0,1443.72,144.37,1299.35
TXN000166,2025-09-03,2025,9,September,3,Wednesday,Sunscreen SPF50,Beauty,Fatima Khan,MUL-01,Multan,Credit Card,1,197.19,20.0,197.19,39.44,157.75
TXN001161,2024-02-01,2024,2,February,1,Thursday,Yoga Mat,Sports,Fatima Raza,LHR-01,Lahore,Cash,3,31.5,0.0,94.5,0.0,94.5
TXN004220,2024-11-04,2024,11,November,4,Monday,Blender,Home & Kitchen,Faisal Chaudhry,LHR-02,Lahore,Cash,4,44.54,0.0,178.16,0.0,178.16
TXN001405,2026-02-14,2026,2,February,1,Saturday,USB-C Cable,Electronics,Hina Iqbal,LHR-02,Lahore,Mobile Wallet,5,74.96,0.0,374.8,0.0,374.8
TXN002541,2026-06-03,2026,6,June,2,Wednesday,Running Shoes,Apparel,Kamran Farooq,FSD-01,Faisalabad,Debit Card,2,23.82,5.0,47.64,2.38,45.26
TXN003894,2024-12-05,2024,12,December,4,Thursday,Webcam HD,Electronics,Noor Raza,ISB-01,Islamabad,Cash,6,111.2,0.0,667.2,0.0,667.2
TXN000339,2024-08-10,2024,8,August,3,Saturday,Denim Jacket,Apparel,Zainab Malik,ISB-01,Islamabad,Credit Card,3,23.91,20.0,71.73,14.35,57.38
TXN002687,2024-05-08,2024,5,May,2,Wednesday,Yoga Mat,Sports,Hassan Chaudhry,KHI-02,Karachi,Cash,4,186.15,10.0,744.6,74.46,670.14
TXN002718,2024-07-21,2024,7,July,3,Sunday,Running Shoes,Apparel,Omar Raza,KHI-01,Karachi,Cash,4,205.23,0.0,820.92,0.0,820.92
TXN002431,2024-08-08,2024,8,August,3,Thursday,Resistance Bands,Sports,Hina Chaudhry,FSD-01,Faisalabad,Cash,5,221.72,20.0,1108.6,221.72,886.88
TXN002186,2025-06-15,2025,6,June,2,Sunday,Football,Sports,Sana Chaudhry,LHR-02,Lahore,Mobile Wallet,1,147.7,15.0,147.7,22.16,125.54
TXN001038,2025-01-07,2025,1,January,1,Tuesday,Shampoo 500ml,Beauty,Omar Iqbal,ISB-01,Islamabad,Debit Card,6,127.08,0.0,762.48,0.0,762.48
TXN002276,2024-07-28,2024,7,July,3,Sunday,Coffee Maker,Home & Kitchen,Hina Farooq,KHI-01,Karachi,Debit Card,6,214.28,20.0,1285.68,257.14,1028.54
TXN001661,2024-04-23,2024,4,April,2,Tuesday,Dumbbell Set,Sports,Sana Iqbal,LHR-01,Lahore,Cash,6,91.04,10.0,546.24,54.62,491.62
TXN004124,2024-07-25,2024,7,July,3,Thursday,Resistance Bands,Sports,Hassan Chaudhry,PSH-01,Peshawar,Credit Card,6,107.66,20.0,645.96,129.19,516.77
TXN004307,2024-08-12,2024,8,August,3,Monday,Yoga Mat,Sports,Ahmed Farooq,KHI-02,Karachi,Credit Card,6,16.44,20.0,98.64,19.73,78.91
TXN004907,2024-09-12,2024,9,September,3,Thursday,Coffee Maker,Home & Kitchen,Noor Khan,KHI-01,Karachi,Cash,6,49.39,15.0,296.34,44.45,251.89
TXN000104,2024-06-02,2024,6,June,2,Sunday,Wool Sweater,Apparel,Ali Malik,PSH-01,Peshawar,Cash,5,235.36,0.0,1176.8,0.0,1176.8
TXN004917,2024-04-19,2024,4,April,2,Friday,Football,Sports,Zainab Sheikh,MUL-01,Multan,Debit Card,6,221.58,0.0,1329.48,0.0,1329.48
TXN001900,2024-01-28,2024,1,January,1,Sunday,Football,Sports,Sana Farooq,LHR-02,Lahore,Debit Card,4,13.0,10.0,52.0,5.2,46.8
TXN001247,2026-02-21,2026,2,February,1,Saturday,Webcam HD,Electronics,Noor Khan,LHR-01,Lahore,Credit Card,4,141.17,0.0,564.68,0.0,564.68
TXN003977,2025-03-06,2025,3,March,1,Thursday,Dumbbell Set,Sports,Mariam Raza,ISB-01,Islamabad,Credit Card,2,77.3,0.0,154.6,0.0,154.6
TXN000771,2024-10-16,2024,10,October,4,Wednesday,Wireless Mouse,Electronics,Fatima Iqbal,LHR-01,Lahore,Credit Card,6,10.94,0.0,65.64,0.0,65.64
TXN003794,2025-07-30,2025,7,July,3,Wednesday,Shampoo 500ml,Beauty,Sana Raza,LHR-01,Lahore,Cash,1,205.1,10.0,205.1,20.51,184.59
TXN002716,2025-07-14,2025,7,July,3,Monday,Blender,Home & Kitchen,Noor Sheikh,PSH-01,Peshawar,Debit Card,5,113.84,0.0,569.2,0.0,569.2
TXN000546,2024-06-27,2024,6,June,2,Thursday,Bluetooth Speaker,Electronics,Zainab Sheikh,KHI-02,Karachi,Debit Card,2,212.65,20.0,425.3,85.06,340.24
TXN003022,2024-10-18,2024,10,October,4,Friday,Dumbbell Set,Sports,Sara Raza,PSH-01,Peshawar,Cash,4,62.86,5.0,251.44,12.57,238.87
TXN004866,2025-04-04,2025,4,April,2,Friday,Running Shoes,Apparel,Ayesha Iqbal,LHR-02,Lahore,Cash,4,89.36,15.0,357.44,53.62,303.82
TXN002551,2025-10-07,2025,10,October,4,Tuesday,Cycling Helmet,Sports,Faisal Farooq,ISB-01,Islamabad,Cash,3,183.47,10.0,550.41,55.04,495.37
TXN002470,2024-11-18,2024,11,November,4,Monday,Resistance Bands,Sports,Mariam Khan,LHR-01,Lahore,Mobile Wallet,4,21.21,20.0,84.84,16.97,67.87
TXN004802,2025-10-17,2025,10,October,4,Friday,Laptop Stand,Electronics,Sana Sheikh,PSH-01,Peshawar,Credit Card,4,139.27,15.0,557.08,83.56,473.52
TXN000155,2025-07-17,2025,7,July,3,Thursday,Denim Jacket,Apparel,Ayesha Iqbal,FSD-01,Faisalabad,Credit Card,3,236.15,15.0,708.45,106.27,602.18
TXN002219,2024-07-04,2024,7,July,3,Thursday,Laptop Stand,Electronics,Faisal Farooq,PSH-01,Peshawar,Cash,4,148.09,20.0,592.36,118.47,473.89
TXN002351,2025-02-23,2025,2,February,1,Sunday,USB-C Cable,Electronics,Fatima Chaudhry,FSD-01,Faisalabad,Credit Card,1,203.08,20.0,203.08,40.62,162.46
TXN000435,2024-11-11,2024,11,November,4,Monday,Wool Sweater,Apparel,Faisal Raza,FSD-01,Faisalabad,Mobile Wallet,1,219.2,15.0,219.2,32.88,186.32
TXN002563,2025-03-19,2025,3,March,1,Wednesday,Wireless Mouse,Electronics,Fatima Malik,FSD-01,Faisalabad,Mobile Wallet,2,223.82,0.0,447.64,0.0,447.64
TXN003494,2025-01-30,2025,1,January,1,Thursday,Ceramic Mug Set,Home & Kitchen,Zainab Raza,FSD-01,Faisalabad,Debit Card,5,57.52,5.0,287.6,14.38,273.22
TXN003104,2024-03-23,2024,3,March,1,Saturday,Shampoo 500ml,Beauty,Ahmed Khan,LHR-01,Lahore,Credit Card,3,226.34,15.0,679.02,101.85,577.17
TXN000365,2026-05-13,2026,5,May,2,Wednesday,USB-C Cable,Electronics,Mariam Iqbal,FSD-01,Faisalabad,Debit Card,4,20.91,0.0,83.64,0.0,83.64
TXN004769,2025-10-07,2025,10,October,4,Tuesday,Ceramic Mug Set,Home & Kitchen,Hina Sheikh,FSD-01,Faisalabad,Debit Card,3,125.6,15.0,376.8,56.52,320.28
TXN001642,2026-05-01,2026,5,May,2,Friday,Sunscreen SPF50,Beauty,Omar Chaudhry,KHI-01,Karachi,Cash,6,45.29,0.0,271.74,0.0,271.74
TXN003479,2024-09-24,2024,9,September,3,Tuesday,Lip Balm,Beauty,Ayesha Khan,LHR-01,Lahore,Debit Card,2,28.68,5.0,57.36,2.87,54.49
TXN003144,2025-08-17,2025,8,August,3,Sunday,Running Shoes,Apparel,Faisal Sheikh,LHR-01,Lahore,Debit Card,1,76.36,0.0,76.36,0.0,76.36
TXN003027,2025-04-08,2025,4,April,2,Tuesday,USB-C Cable,Electronics,Hassan Farooq,ISB-01,Islamabad,Mobile Wallet,3,93.76,10.0,281.28,28.13,253.15
TXN002463,2026-02-14,2026,2,February,1,Saturday,Dumbbell Set,Sports,Faisal Farooq,KHI-01,Karachi,Credit Card,5,103.22,5.0,516.1,25.8,490.3
TXN004710,2025-04-10,2025,4,April,2,Thursday,Laptop Stand,Electronics,Sana Sheikh,KHI-01,Karachi,Debit Card,5,207.23,5.0,1036.15,51.81,984.34
TXN003164,2024-07-23,2024,7,July,3,Tuesday,Running Shoes,Apparel,Usman Malik,FSD-01,Faisalabad,Credit Card,2,224.69,0.0,449.38,0.0,449.38
TXN004790,2025-05-17,2025,5,May,2,Saturday,Resistance Bands,Sports,Hina Butt,KHI-02,Karachi,Credit Card,4,231.04,15.0,924.16,138.62,785.54
TXN002535,2025-05-18,2025,5,May,2,Sunday,Lip Balm,Beauty,Omar Khan,ISB-01,Islamabad,Cash,2,17.07,0.0,34.14,0.0,34.14
TXN001835,2025-01-13,2025,1,January,1,Monday,Sports Cap,Apparel,Zainab Sheikh,KHI-01,Karachi,Cash,2,118.51,20.0,237.02,47.4,189.62
TXN004837,2025-03-27,2025,3,March,1,Thursday,USB-C Cable,Electronics,Mariam Butt,LHR-01,Lahore,Mobile Wallet,6,96.58,20.0,579.48,115.9,463.58
TXN001132,2024-02-04,2024,2,February,1,Sunday,USB-C Cable,Electronics,Sara Butt,FSD-01,Faisalabad,Credit Card,6,55.0,15.0,330.0,49.5,280.5
TXN001345,2026-01-03,2026,1,January,1,Saturday,Sports Cap,Apparel,Mariam Farooq,ISB-01,Islamabad,Mobile Wallet,4,41.92,20.0,167.68,33.54,134.14
TXN000387,2026-01-08,2026,1,January,1,Thursday,Running Shoes,Apparel,Bilal Khan,KHI-01,Karachi,Mobile Wallet,2,166.19,5.0,332.38,16.62,315.76
TXN001950,2025-12-10,2025,12,December,4,Wednesday,Hair Dryer,Beauty,Kamran Malik,PSH-01,Peshawar,Credit Card,5,10.87,0.0,54.35,0.0,54.35
TXN000103,2024-04-11,2024,4,April,2,Thursday,Cycling Helmet,Sports,Faisal Malik,KHI-02,Karachi,Mobile Wallet,2,164.24,20.0,328.48,65.7,262.78
TXN002081,2026-04-23,2026,4,April,2,Thursday,Ceramic Mug Set,Home & Kitchen,Ali Iqbal,LHR-02,Lahore,Credit Card,6,70.16,20.0,420.96,84.19,336.77
TXN001495,2024-11-24,2024,11,November,4,Sunday,Ceramic Mug Set,Home & Kitchen,Hina Malik,ISB-01,Islamabad,Credit Card,1,152.83,10.0,152.83,15.28,137.55
TXN001792,2026-02-06,2026,2,February,1,Friday,LED Desk Lamp,Home & Kitchen,Bilal Chaudhry,PSH-01,Peshawar,Cash,2,153.31,15.0,306.62,45.99,260.63
TXN000010,2024-04-24,2024,4,April,2,Wednesday,Denim Jacket,Apparel,Hina Khan,FSD-01,Faisalabad,Credit Card,3,220.29,10.0,660.87,66.09,594.78
TXN003016,2026-06-18,2026,6,June,2,Thursday,Yoga Mat,Sports,Zainab Butt,LHR-02,Lahore,Debit Card,4,217.37,20.0,869.48,173.9,695.58
TXN004683,2025-08-21,2025,8,August,3,Thursday,Wool Sweater,Apparel,Zainab Farooq,KHI-01,Karachi,Cash,6,67.27,0.0,403.62,0.0,403.62
TXN000256,2025-11-01,2025,11,November,4,Saturday,Wool Sweater,Apparel,Fatima Iqbal,PSH-01,Peshawar,Cash,6,8.03,15.0,48.18,7.23,40.95
TXN000037,2025-11-26,2025,11,November,4,Wednesday,Shampoo 500ml,Beauty,Noor Farooq,ISB-01,Islamabad,Credit Card,4,182.42,10.0,729.68,72.97,656.71
TXN001607,2024-05-17,2024,5,May,2,Friday,Wool Sweater,Apparel,Zainab Khan,MUL-01,Multan,Credit Card,2,83.23,0.0,166.46,0.0,166.46
TXN002134,2024-03-29,2024,3,March,1,Friday,Bluetooth Speaker,Electronics,Ayesha Sheikh,FSD-01,Faisalabad,Cash,5,183.13,0.0,915.65,0.0,915.65
TXN000889,2025-02-20,2025,2,February,1,Thursday,Lip Balm,Beauty,Omar Butt,ISB-01,Islamabad,Credit Card,6,192.74,10.0,1156.44,115.64,1040.8
TXN002118,2024-09-21,2024,9,September,3,Saturday,USB-C Cable,Electronics,Omar Chaudhry,FSD-01,Faisalabad,Debit Card,5,186.67,20.0,933.35,186.67,746.68
TXN002398,2024-01-15,2024,1,January,1,Monday,LED Desk Lamp,Home & Kitchen,Hassan Butt,KHI-01,Karachi,Mobile Wallet,3,112.9,0.0,338.7,0.0,338.7
TXN004548,2026-03-31,2026,3,March,1,Tuesday,USB-C Cable,Electronics,Mariam Sheikh,LHR-02,Lahore,Debit Card,1,126.12,10.0,126.12,12.61,113.51
TXN002721,2024-09-06,2024,9,September,3,Friday,Yoga Mat,Sports,Bilal Iqbal,KHI-02,Karachi,Mobile Wallet,2,220.21,5.0,440.42,22.02,418.4
TXN002659,2024-11-02,2024,11,November,4,Saturday,Blender,Home & Kitchen,Omar Khan,PSH-01,Peshawar,Mobile Wallet,4,163.53,5.0,654.12,32.71,621.41
TXN003142,2024-07-19,2024,7,July,3,Friday,Dumbbell Set,Sports,Omar Farooq,ISB-01,Islamabad,Cash,2,182.94,10.0,365.88,36.59,329.29
TXN001665,2024-11-03,2024,11,November,4,Sunday,Dumbbell Set,Sports,Bilal Khan,LHR-01,Lahore,Cash,6,157.4,0.0,944.4,0.0,944.4
TXN001080,2024-02-10,2024,2,February,1,Saturday,Wool Sweater,Apparel,Bilal Iqbal,KHI-02,Karachi,Cash,6,214.43,20.0,1286.58,257.32,1029.26
TXN001287,2025-05-18,2025,5,May,2,Sunday,Shampoo 500ml,Beauty,Fatima Khan,LHR-02,Lahore,Cash,1,30.61,0.0,30.61,0.0,30.61
TXN004590,2026-04-25,2026,4,April,2,Saturday,Yoga Mat,Sports,Zainab Khan,LHR-01,Lahore,Cash,6,68.75,10.0,412.5,41.25,371.25
TXN002568,2025-03-03,2025,3,March,1,Monday,Football,Sports,Faisal Farooq,KHI-01,Karachi,Cash,2,202.33,15.0,404.66,60.7,343.96
TXN004090,2025-03-05,2025,3,March,1,Wednesday,Yoga Mat,Sports,Hina Iqbal,MUL-01,Multan,Cash,4,44.83,20.0,179.32,35.86,143.46
TXN003967,2024-06-05,2024,6,June,2,Wednesday,Dumbbell Set,Sports,Zainab Malik,KHI-02,Karachi,Credit Card,1,40.36,0.0,40.36,0.0,40.36
TXN001196,2024-04-12,2024,4,April,2,Friday,Yoga Mat,Sports,Ali Malik,MUL-01,Multan,Cash,5,96.26,20.0,481.3,96.26,385.04
TXN004031,2024-01-27,2024,1,January,1,Saturday,Hair Dryer,Beauty,Faisal Farooq,LHR-01,Lahore,Mobile Wallet,2,151.7,20.0,303.4,60.68,242.72
TXN000530,2024-06-30,2024,6,June,2,Sunday,Laptop Stand,Electronics,Mariam Iqbal,LHR-02,Lahore,Credit Card,1,246.03,5.0,246.03,12.3,233.73
TXN002997,2025-08-16,2025,8,August,3,Saturday,Wool Sweater,Apparel,Sara Raza,LHR-02,Lahore,Credit Card,5,94.44,0.0,472.2,0.0,472.2
TXN003461,2025-02-27,2025,2,February,1,Thursday,Webcam HD,Electronics,Fatima Farooq,KHI-02,Karachi,Mobile Wallet,5,5.67,0.0,28.35,0.0,28.35
TXN003714,2026-03-02,2026,3,March,1,Monday,Laptop Stand,Electronics,Usman Malik,KHI-01,Karachi,Mobile Wallet,1,76.93,20.0,76.93,15.39,61.54
TXN003128,2024-05-25,2024,5,May,2,Saturday,Blender,Home & Kitchen,Hina Iqbal,FSD-01,Faisalabad,Debit Card,3,247.96,0.0,743.88,0.0,743.88
TXN002205,2026-07-30,2026,7,July,3,Thursday,Sports Cap,Apparel,Sana Chaudhry,KHI-01,Karachi,Debit Card,2,57.52,10.0,115.04,11.5,103.54
TXN003535,2024-11-15,2024,11,November,4,Friday,Sunscreen SPF50,Beauty,Zainab Malik,ISB-01,Islamabad,Debit Card,5,222.19,15.0,1110.95,166.64,944.31
TXN000076,2025-09-02,2025,9,September,3,Tuesday,Dumbbell Set,Sports,Ayesha Raza,KHI-02,Karachi,Cash,2,72.93,20.0,145.86,29.17,116.69
TXN004466,2025-02-12,2025,2,February,1,Wednesday,Sports Cap,Apparel,Hassan Iqbal,ISB-01,Islamabad,Credit Card,2,106.45,10.0,212.9,21.29,191.61
TXN002909,2025-08-11,2025,8,August,3,Monday,Football,Sports,Hassan Butt,KHI-01,Karachi,Debit Card,4,208.03,20.0,832.12,166.42,665.7
TXN001353,2026-03-18,2026,3,March,1,Wednesday,Cycling Helmet,Sports,Ayesha Khan,MUL-01,Multan,Credit Card,1,229.22,0.0,229.22,0.0,229.22
TXN000102,2025-03-23,2025,3,March,1,Sunday,Non-Stick Pan,Home & Kitchen,Hassan Farooq,KHI-01,Karachi,Mobile Wallet,2,236.87,0.0,473.74,0.0,473.74
TXN000331,2025-07-05,2025,7,July,3,Saturday,Webcam HD,Electronics,Ayesha Raza,FSD-01,Faisalabad,Debit Card,6,51.52,10.0,309.12,30.91,278.21
TXN004302,2026-03-02,2026,3,March,1,Monday,Resistance Bands,Sports,Mariam Sheikh,ISB-01,Islamabad,Debit Card,3,154.21,5.0,462.63,23.13,439.5
TXN002350,2025-08-10,2025,8,August,3,Sunday,Sunscreen SPF50,Beauty,Bilal Butt,LHR-02,Lahore,Cash,6,155.61,0.0,933.66,0.0,933.66
TXN003245,2024-08-12,2024,8,August,3,Monday,Yoga Mat,Sports,Ali Malik,LHR-01,Lahore,Debit Card,4,10.62,0.0,42.48,0.0,42.48
TXN001915,2024-05-15,2024,5,May,2,Wednesday,USB-C Cable,Electronics,Kamran Iqbal,KHI-02,Karachi,Cash,1,86.59,5.0,86.59,4.33,82.26
TXN000084,2024-11-12,2024,11,November,4,Tuesday,Resistance Bands,Sports,Hassan Khan,LHR-01,Lahore,Credit Card,2,91.0,5.0,182.0,9.1,172.9
TXN004913,2024-10-19,2024,10,October,4,Saturday,Running Shoes,Apparel,Fatima Sheikh,FSD-01,Faisalabad,Cash,3,172.37,10.0,517.11,51.71,465.4
TXN001108,2026-06-18,2026,6,June,2,Thursday,Dumbbell Set,Sports,Sara Khan,KHI-01,Karachi,Cash,5,224.1,15.0,1120.5,168.07,952.43
TXN003895,2026-06-01,2026,6,June,2,Monday,LED Desk Lamp,Home & Kitchen,Fatima Farooq,ISB-01,Islamabad,Credit Card,5,126.98,15.0,634.9,95.23,539.67
TXN000045,2025-12-08,2025,12,December,4,Monday,Dumbbell Set,Sports,Ayesha Iqbal,LHR-02,Lahore,Cash,4,132.48,0.0,529.92,0.0,529.92
TXN001632,2026-02-02,2026,2,February,1,Monday,Face Moisturizer,Beauty,Hassan Iqbal,KHI-01,Karachi,Mobile Wallet,5,183.77,20.0,918.85,183.77,735.08
TXN003623,2025-11-01,2025,11,November,4,Saturday,Cycling Helmet,Sports,Mariam Chaudhry,KHI-02,Karachi,Credit Card,3,202.64,0.0,607.92,0.0,607.92
TXN003636,2026-07-31,2026,7,July,3,Friday,Sunscreen SPF50,Beauty,Ali Malik,FSD-01,Faisalabad,Credit Card,4,54.22,20.0,216.88,43.38,173.5
TXN001364,2026-01-31,2026,1,January,1,Saturday,Coffee Maker,Home & Kitchen,Bilal Chaudhry,FSD-01,Faisalabad,Cash,4,77.47,15.0,309.88,46.48,263.4
TXN002604,2025-09-30,2025,9,September,3,Tuesday,Yoga Mat,Sports,Fatima Sheikh,KHI-01,Karachi,Cash,5,212.73,0.0,1063.65,0.0,1063.65
TXN003446,2025-07-30,2025,7,July,3,Wednesday,Denim Jacket,Apparel,Usman Iqbal,FSD-01,Faisalabad,Debit Card,3,48.21,0.0,144.63,0.0,144.63
TXN000775,2024-04-21,2024,4,April,2,Sunday,Shampoo 500ml,Beauty,Faisal Butt,LHR-01,Lahore,Cash,2,81.1,0.0,162.2,0.0,162.2
TXN001913,2026-01-02,2026,1,January,1,Friday,Sports Cap,Apparel,Sara Sheikh,ISB-01,Islamabad,Cash,4,13.09,10.0,52.36,5.24,47.12
TXN000854,2024-07-22,2024,7,July,3,Monday,Face Moisturizer,Beauty,Usman Iqbal,PSH-01,Peshawar,Cash,5,193.89,0.0,969.45,0.0,969.45
TXN003643,2024-03-16,2024,3,March,1,Saturday,LED Desk Lamp,Home & Kitchen,Ali Khan,LHR-01,Lahore,Credit Card,4,109.48,0.0,437.92,0.0,437.92
TXN004963,2024-10-11,2024,10,October,4,Friday,Sports Cap,Apparel,Fatima Malik,KHI-02,Karachi,Credit Card,1,149.96,10.0,149.96,15.0,134.96
TXN004850,2026-05-17,2026,5,May,2,Sunday,Cycling Helmet,Sports,Fatima Farooq,KHI-01,Karachi,Debit Card,2,111.98,15.0,223.96,33.59,190.37
TXN003516,2026-02-21,2026,2,February,1,Saturday,Blender,Home & Kitchen,Sana Khan,LHR-01,Lahore,Cash,6,151.45,20.0,908.7,181.74,726.96
TXN001370,2024-12-14,2024,12,December,4,Saturday,Resistance Bands,Sports,Ahmed Malik,LHR-01,Lahore,Credit Card,1,60.83,15.0,60.83,9.12,51.71
TXN003919,2026-02-08,2026,2,February,1,Sunday,USB-C Cable,Electronics,Ali Farooq,ISB-01,Islamabad,Credit Card,5,31.84,0.0,159.2,0.0,159.2
TXN002272,2024-01-03,2024,1,January,1,Wednesday,Ceramic Mug Set,Home & Kitchen,Mariam Farooq,MUL-01,Multan,Credit Card,3,222.24,5.0,666.72,33.34,633.38
TXN001985,2025-04-09,2025,4,April,2,Wednesday,Lip Balm,Beauty,Bilal Farooq,KHI-02,Karachi,Debit Card,6,27.66,0.0,165.96,0.0,165.96
TXN003289,2026-04-13,2026,4,April,2,Monday,Laptop Stand,Electronics,Ayesha Chaudhry,KHI-02,Karachi,Credit Card,2,120.62,0.0,241.24,0.0,241.24
TXN003007,2025-01-05,2025,1,January,1,Sunday,Running Shoes,Apparel,Kamran Farooq,PSH-01,Peshawar,Mobile Wallet,5,38.83,0.0,194.15,0.0,194.15
TXN001703,2024-03-03,2024,3,March,1,Sunday,Resistance Bands,Sports,Zainab Chaudhry,LHR-01,Lahore,Credit Card,3,64.29,0.0,192.87,0.0,192.87
TXN001281,2025-12-08,2025,12,December,4,Monday,Shampoo 500ml,Beauty,Hina Khan,KHI-02,Karachi,Mobile Wallet,2,207.93,0.0,415.86,0.0,415.86
TXN001268,2026-06-03,2026,6,June,2,Wednesday,Football,Sports,Ali Raza,MUL-01,Multan,Mobile Wallet,4,195.7,0.0,782.8,0.0,782.8
TXN004918,2026-02-28,2026,2,February,1,Saturday,Running Shoes,Apparel,Kamran Farooq,LHR-02,Lahore,Credit Card,6,191.92,5.0,1151.52,57.58,1093.94
TXN001100,2025-06-24,2025,6,June,2,Tuesday,Wireless Mouse,Electronics,Omar Khan,KHI-02,Karachi,Credit Card,3,154.96,0.0,464.88,0.0,464.88
TXN001904,2026-05-29,2026,5,May,2,Friday,LED Desk Lamp,Home & Kitchen,Ali Chaudhry,LHR-02,Lahore,Cash,6,148.73,20.0,892.38,178.48,713.9
TXN002124,2026-04-10,2026,4,April,2,Friday,Shampoo 500ml,Beauty,Omar Raza,PSH-01,Peshawar,Mobile Wallet,3,150.51,5.0,451.53,22.58,428.95
TXN000769,2025-01-23,2025,1,January,1,Thursday,Resistance Bands,Sports,Bilal Khan,FSD-01,Faisalabad,Credit Card,3,196.21,10.0,588.63,58.86,529.77
TXN001821,2024-02-04,2024,2,February,1,Sunday,Cotton T-Shirt,Apparel,Ahmed Khan,LHR-01,Lahore,Debit Card,3,96.29,15.0,288.87,43.33,245.54
TXN004863,2024-01-26,2024,1,January,1,Friday,Football,Sports,Usman Farooq,FSD-01,Faisalabad,Cash,6,218.8,10.0,1312.8,131.28,1181.52
TXN001827,2026-05-25,2026,5,May,2,Monday,Denim Jacket,Apparel,Hina Sheikh,LHR-01,Lahore,Cash,4,82.31,5.0,329.24,16.46,312.78
TXN004733,2025-01-10,2025,1,January,1,Friday,Non-Stick Pan,Home & Kitchen,Omar Farooq,KHI-02,Karachi,Credit Card,1,48.6,15.0,48.6,7.29,41.31
TXN000631,2026-01-30,2026,1,January,1,Friday,Wireless Mouse,Electronics,Bilal Raza,LHR-01,Lahore,Mobile Wallet,3,134.57,10.0,403.71,40.37,363.34
TXN001820,2025-09-03,2025,9,September,3,Wednesday,Coffee Maker,Home & Kitchen,Sana Iqbal,LHR-01,Lahore,Cash,3,90.93,5.0,272.79,13.64,259.15
TXN002071,2025-06-24,2025,6,June,2,Tuesday,Resistance Bands,Sports,Fatima Sheikh,LHR-01,Lahore,Credit Card,4,197.97,20.0,791.88,158.38,633.5
TXN001874,2025-05-14,2025,5,May,2,Wednesday,LED Desk Lamp,Home & Kitchen,Mariam Farooq,LHR-01,Lahore,Cash,1,232.35,0.0,232.35,0.0,232.35
TXN000607,2025-11-05,2025,11,November,4,Wednesday,Laptop Stand,Electronics,Sara Malik,PSH-01,Peshawar,Debit Card,5,121.41,5.0,607.05,30.35,576.7
TXN000711,2025-11-07,2025,11,November,4,Friday,Blender,Home & Kitchen,Ahmed Farooq,LHR-02,Lahore,Cash,2,17.23,20.0,34.46,6.89,27.57
TXN003161,2024-12-19,2024,12,December,4,Thursday,Sunscreen SPF50,Beauty,Fatima Chaudhry,FSD-01,Faisalabad,Cash,1,86.37,15.0,86.37,12.96,73.41
TXN002705,2026-01-26,2026,1,January,1,Monday,Laptop Stand,Electronics,Zainab Butt,ISB-01,Islamabad,Cash,6,213.81,15.0,1282.86,192.43,1090.43
TXN004051,2024-05-23,2024,5,May,2,Thursday,Hair Dryer,Beauty,Ayesha Sheikh,LHR-02,Lahore,Credit Card,5,92.58,15.0,462.9,69.44,393.46
TXN003015,2025-01-22,2025,1,January,1,Wednesday,Face Moisturizer,Beauty,Sara Raza,MUL-01,Multan,Mobile Wallet,6,10.11,0.0,60.66,0.0,60.66
TXN000150,2026-02-11,2026,2,February,1,Wednesday,Hair Dryer,Beauty,Noor Iqbal,FSD-01,Faisalabad,Mobile Wallet,2,121.01,20.0,242.02,48.4,193.62
TXN002785,2024-06-11,2024,6,June,2,Tuesday,Coffee Maker,Home & Kitchen,Kamran Malik,MUL-01,Multan,Cash,5,183.42,15.0,917.1,137.56,779.54
TXN000648,2025-02-27,2025,2,February,1,Thursday,Denim Jacket,Apparel,Mariam Raza,MUL-01,Multan,Mobile Wallet,3,199.41,0.0,598.23,0.0,598.23
TXN002390,2024-06-20,2024,6,June,2,Thursday,Non-Stick Pan,Home & Kitchen,Mariam Farooq,PSH-01,Peshawar,Credit Card,5,8.37,5.0,41.85,2.09,39.76
TXN003438,2024-07-09,2024,7,July,3,Tuesday,Football,Sports,Hassan Malik,LHR-02,Lahore,Mobile Wallet,3,181.7,20.0,545.1,109.02,436.08
TXN003414,2025-10-14,2025,10,October,4,Tuesday,Lip Balm,Beauty,Ahmed Malik,MUL-01,Multan,Credit Card,4,228.47,10.0,913.88,91.39,822.49
TXN000567,2026-05-11,2026,5,May,2,Monday,Face Moisturizer,Beauty,Ayesha Farooq,LHR-02,Lahore,Cash,1,46.79,0.0,46.79,0.0,46.79
TXN000172,2025-11-11,2025,11,November,4,Tuesday,Hair Dryer,Beauty,Mariam Malik,LHR-01,Lahore,Credit Card,5,45.75,15.0,228.75,34.31,194.44
TXN002587,2024-09-01,2024,9,September,3,Sunday,Shampoo 500ml,Beauty,Hassan Malik,KHI-01,Karachi,Cash,6,65.53,15.0,393.18,58.98,334.2
TXN004327,2024-10-19,2024,10,October,4,Saturday,Dumbbell Set,Sports,Hassan Farooq,FSD-01,Faisalabad,Cash,3,117.91,5.0,353.73,17.69,336.04
TXN000523,2024-09-21,2024,9,September,3,Saturday,USB-C Cable,Electronics,Fatima Raza,MUL-01,Multan,Cash,1,235.69,10.0,235.69,23.57,212.12
TXN002354,2025-03-06,2025,3,March,1,Thursday,Cycling Helmet,Sports,Ali Iqbal,ISB-01,Islamabad,Debit Card,1,7.07,0.0,7.07,0.0,7.07
TXN002079,2025-06-19,2025,6,June,2,Thursday,Denim Jacket,Apparel,Ali Butt,KHI-01,Karachi,Mobile Wallet,2,245.14,15.0,490.28,73.54,416.74
TXN001202,2026-02-21,2026,2,February,1,Saturday,Blender,Home & Kitchen,Sara Farooq,PSH-01,Peshawar,Mobile Wallet,3,64.51,0.0,193.53,0.0,193.53
TXN003079,2026-03-30,2026,3,March,1,Monday,Running Shoes,Apparel,Fatima Iqbal,ISB-01,Islamabad,Mobile Wallet,3,125.24,0.0,375.72,0.0,375.72
TXN000001,2026-01-28,2026,1,January,1,Wednesday,Wireless Mouse,Electronics,Ayesha Butt,ISB-01,Islamabad,Cash,4,26.3,0.0,105.2,0.0,105.2
TXN001390,2026-07-11,2026,7,July,3,Saturday,Non-Stick Pan,Home & Kitchen,Zainab Butt,KHI-02,Karachi,Debit Card,2,129.28,15.0,258.56,38.78,219.78
TXN000919,2024-10-23,2024,10,October,4,Wednesday,Non-Stick Pan,Home & Kitchen,Omar Farooq,FSD-01,Faisalabad,Mobile Wallet,5,29.87,0.0,149.35,0.0,149.35
TXN000573,2026-06-24,2026,6,June,2,Wednesday,Webcam HD,Electronics,Faisal Sheikh,FSD-01,Faisalabad,Cash,6,82.9,10.0,497.4,49.74,447.66
TXN001205,2026-07-15,2026,7,July,3,Wednesday,Webcam HD,Electronics,Faisal Farooq,LHR-02,Lahore,Credit Card,3,211.43,0.0,634.29,0.0,634.29
TXN004199,2025-06-12,2025,6,June,2,Thursday,Wool Sweater,Apparel,Mariam Khan,ISB-01,Islamabad,Cash,4,5.98,0.0,23.92,0.0,23.92
TXN002491,2025-12-19,2025,12,December,4,Friday,Cotton T-Shirt,Apparel,Ahmed Iqbal,KHI-01,Karachi,Mobile Wallet,2,139.26,10.0,278.52,27.85,250.67
TXN000884,2024-01-22,2024,1,January,1,Monday,Denim Jacket,Apparel,Usman Sheikh,PSH-01,Peshawar,Cash,4,123.4,10.0,493.6,49.36,444.24
TXN000655,2026-04-27,2026,4,April,2,Monday,Resistance Bands,Sports,Kamran Farooq,LHR-02,Lahore,Credit Card,3,45.38,0.0,136.14,0.0,136.14
TXN004127,2026-03-31,2026,3,March,1,Tuesday,Face Moisturizer,Beauty,Ahmed Iqbal,KHI-02,Karachi,Cash,4,207.13,0.0,828.52,0.0,828.52
TXN002004,2024-10-25,2024,10,October,4,Friday,Sunscreen SPF50,Beauty,Fatima Malik,MUL-01,Multan,Credit Card,2,213.29,10.0,426.58,42.66,383.92
TXN002266,2024-09-02,2024,9,September,3,Monday,Ceramic Mug Set,Home & Kitchen,Hina Farooq,KHI-02,Karachi,Cash,6,150.5,15.0,903.0,135.45,767.55
TXN000304,2024-12-27,2024,12,December,4,Friday,Non-Stick Pan,Home & Kitchen,Ayesha Butt,MUL-01,Multan,Mobile Wallet,6,136.23,0.0,817.38,0.0,817.38
TXN003578,2025-04-08,2025,4,April,2,Tuesday,Wool Sweater,Apparel,Sara Sheikh,ISB-01,Islamabad,Cash,3,83.47,15.0,250.41,37.56,212.85
TXN000167,2025-05-19,2025,5,May,2,Monday,Dumbbell Set,Sports,Faisal Sheikh,KHI-01,Karachi,Credit Card,4,20.5,20.0,82.0,16.4,65.6
TXN004328,2024-07-13,2024,7,July,3,Saturday,Hair Dryer,Beauty,Fatima Khan,KHI-02,Karachi,Debit Card,1,113.59,0.0,113.59,0.0,113.59
TXN000906,2024-02-06,2024,2,February,1,Tuesday,Laptop Stand,Electronics,Sara Farooq,KHI-02,Karachi,Credit Card,1,122.31,0.0,122.31,0.0,122.31
TXN000946,2024-05-23,2024,5,May,2,Thursday,Blender,Home & Kitchen,Ahmed Sheikh,LHR-01,Lahore,Debit Card,2,30.05,20.0,60.1,12.02,48.08
TXN001061,2025-11-07,2025,11,November,4,Friday,Running Shoes,Apparel,Kamran Sheikh,FSD-01,Faisalabad,Mobile Wallet,4,57.82,20.0,231.28,46.26,185.02
TXN003279,2025-10-30,2025,10,October,4,Thursday,Shampoo 500ml,Beauty,Fatima Malik,LHR-01,Lahore,Debit Card,5,47.17,0.0,235.85,0.0,235.85
TXN003836,2026-05-01,2026,5,May,2,Friday,Cycling Helmet,Sports,Omar Iqbal,LHR-01,Lahore,Cash,1,98.05,15.0,98.05,14.71,83.34
TXN001867,2025-08-09,2025,8,August,3,Saturday,Webcam HD,Electronics,Kamran Farooq,LHR-02,Lahore,Cash,3,173.56,20.0,520.68,104.14,416.54
TXN000209,2024-02-01,2024,2,February,1,Thursday,Running Shoes,Apparel,Ahmed Chaudhry,MUL-01,Multan,Credit Card,5,214.38,5.0,1071.9,53.59,1018.31
TXN002190,2026-05-19,2026,5,May,2,Tuesday,Resistance Bands,Sports,Faisal Malik,ISB-01,Islamabad,Cash,1,88.17,15.0,88.17,13.23,74.94
TXN000343,2024-07-19,2024,7,July,3,Friday,Shampoo 500ml,Beauty,Sana Butt,KHI-01,Karachi,Mobile Wallet,6,155.92,0.0,935.52,0.0,935.52
TXN002248,2026-06-07,2026,6,June,2,Sunday,Denim Jacket,Apparel,Noor Chaudhry,KHI-01,Karachi,Credit Card,2,128.59,5.0,257.18,12.86,244.32
TXN003374,2025-01-29,2025,1,January,1,Wednesday,Hair Dryer,Beauty,Mariam Chaudhry,MUL-01,Multan,Credit Card,1,7.13,0.0,7.13,0.0,7.13
TXN000579,2025-06-01,2025,6,June,2,Sunday,Face Moisturizer,Beauty,Faisal Iqbal,FSD-01,Faisalabad,Mobile Wallet,2,185.06,0.0,370.12,0.0,370.12
TXN004993,2025-11-04,2025,11,November,4,Tuesday,Blender,Home & Kitchen,Bilal Farooq,MUL-01,Multan,Mobile Wallet,6,17.25,0.0,103.5,0.0,103.5
TXN002048,2025-09-12,2025,9,September,3,Friday,Resistance Bands,Sports,Ali Farooq,ISB-01,Islamabad,Mobile Wallet,4,107.06,0.0,428.24,0.0,428.24
TXN004645,2025-10-11,2025,10,October,4,Saturday,Running Shoes,Apparel,Ayesha Butt,MUL-01,Multan,Mobile Wallet,2,223.44,0.0,446.88,0.0,446.88
TXN000862,2025-11-06,2025,11,November,4,Thursday,Dumbbell Set,Sports,Ayesha Sheikh,KHI-01,Karachi,Cash,6,187.08,0.0,1122.48,0.0,1122.48
TXN002724,2024-08-02,2024,8,August,3,Friday,USB-C Cable,Electronics,Faisal Iqbal,KHI-02,Karachi,Cash,1,12.78,15.0,12.78,1.92,10.86
TXN001528,2025-05-11,2025,5,May,2,Sunday,Cotton T-Shirt,Apparel,Ayesha Raza,KHI-01,Karachi,Mobile Wallet,1,109.89,10.0,109.89,10.99,98.9
TXN003260,2025-05-21,2025,5,May,2,Wednesday,Hair Dryer,Beauty,Bilal Butt,PSH-01,Peshawar,Cash,3,83.88,0.0,251.64,0.0,251.64
TXN003808,2024-08-27,2024,8,August,3,Tuesday,Wool Sweater,Apparel,Hassan Malik,LHR-02,Lahore,Credit Card,4,114.07,0.0,456.28,0.0,456.28
TXN000815,2024-05-12,2024,5,May,2,Sunday,LED Desk Lamp,Home & Kitchen,Noor Butt,LHR-01,Lahore,Cash,5,70.43,0.0,352.15,0.0,352.15
TXN004512,2024-08-24,2024,8,August,3,Saturday,Shampoo 500ml,Beauty,Bilal Iqbal,PSH-01,Peshawar,Debit Card,3,243.84,15.0,731.52,109.73,621.79
TXN000364,2025-12-09,2025,12,December,4,Tuesday,Wireless Mouse,Electronics,Hina Sheikh,MUL-01,Multan,Debit Card,5,150.77,10.0,753.85,75.39,678.46
TXN000916,2025-03-29,2025,3,March,1,Saturday,Denim Jacket,Apparel,Hina Iqbal,FSD-01,Faisalabad,Credit Card,4,175.02,15.0,700.08,105.01,595.07
TXN003995,2025-06-21,2025,6,June,2,Saturday,Football,Sports,Ahmed Butt,KHI-01,Karachi,Cash,2,192.26,0.0,384.52,0.0,384.52
TXN001613,2024-07-25,2024,7,July,3,Thursday,Sports Cap,Apparel,Faisal Chaudhry,KHI-01,Karachi,Credit Card,4,203.92,15.0,815.68,122.35,693.33
TXN002284,2024-03-18,2024,3,March,1,Monday,Hair Dryer,Beauty,Ahmed Iqbal,PSH-01,Peshawar,Mobile Wallet,1,243.01,5.0,243.01,12.15,230.86
TXN001101,2024-02-21,2024,2,February,1,Wednesday,Sunscreen SPF50,Beauty,Usman Farooq,KHI-01,Karachi,Mobile Wallet,6,124.56,5.0,747.36,37.37,709.99
TXN002651,2025-12-22,2025,12,December,4,Monday,Bluetooth Speaker,Electronics,Zainab Raza,FSD-01,Faisalabad,Credit Card,5,33.12,0.0,165.6,0.0,165.6
TXN001763,2026-03-07,2026,3,March,1,Saturday,Hair Dryer,Beauty,Omar Farooq,LHR-02,Lahore,Mobile Wallet,1,32.91,15.0,32.91,4.94,27.97
TXN002368,2025-12-19,2025,12,December,4,Friday,Face Moisturizer,Beauty,Zainab Chaudhry,FSD-01,Faisalabad,Debit Card,3,135.81,20.0,407.43,81.49,325.94
TXN001630,2024-11-10,2024,11,November,4,Sunday,Wireless Mouse,Electronics,Sara Malik,LHR-01,Lahore,Cash,1,59.79,0.0,59.79,0.0,59.79
TXN004678,2026-07-22,2026,7,July,3,Wednesday,Denim Jacket,Apparel,Bilal Malik,MUL-01,Multan,Credit Card,1,6.57,5.0,6.57,0.33,6.24
TXN004290,2026-02-12,2026,2,February,1,Thursday,Running Shoes,Apparel,Ahmed Farooq,KHI-01,Karachi,Cash,4,235.42,5.0,941.68,47.08,894.6
TXN001734,2025-05-03,2025,5,May,2,Saturday,Resistance Bands,Sports,Omar Malik,KHI-02,Karachi,Mobile Wallet,4,118.89,5.0,475.56,23.78,451.78
TXN000602,2025-03-28,2025,3,March,1,Friday,Running Shoes,Apparel,Zainab Farooq,LHR-01,Lahore,Credit Card,2,123.2,0.0,246.4,0.0,246.4
TXN001998,2026-02-17,2026,2,February,1,Tuesday,Coffee Maker,Home & Kitchen,Hassan Chaudhry,MUL-01,Multan,Cash,6,201.35,15.0,1208.1,181.22,1026.88
TXN001861,2024-11-03,2024,11,November,4,Sunday,Wireless Mouse,Electronics,Hassan Khan,LHR-01,Lahore,Debit Card,3,6.23,0.0,18.69,0.0,18.69
TXN004374,2024-07-26,2024,7,July,3,Friday,Lip Balm,Beauty,Ali Butt,MUL-01,Multan,Cash,3,46.39,5.0,139.17,6.96,132.21
TXN001986,2025-07-26,2025,7,July,3,Saturday,Laptop Stand,Electronics,Kamran Khan,MUL-01,Multan,Credit Card,2,29.81,0.0,59.62,0.0,59.62
TXN000730,2024-01-24,2024,1,January,1,Wednesday,Non-Stick Pan,Home & Kitchen,Sana Butt,LHR-02,Lahore,Debit Card,3,206.23,15.0,618.69,92.8,525.89
TXN004333,2026-07-15,2026,7,July,3,Wednesday,Laptop Stand,Electronics,Sana Sheikh,LHR-01,Lahore,Credit Card,2,146.23,10.0,292.46,29.25,263.21
TXN003420,2024-11-30,2024,11,November,4,Saturday,Cotton T-Shirt,Apparel,Sana Khan,LHR-02,Lahore,Credit Card,5,214.18,0.0,1070.9,0.0,1070.9
TXN002125,2024-12-17,2024,12,December,4,Tuesday,Coffee Maker,Home & Kitchen,Sana Raza,LHR-02,Lahore,Credit Card,1,127.62,15.0,127.62,19.14,108.48
TXN000972,2026-04-06,2026,4,April,2,Monday,Bluetooth Speaker,Electronics,Sana Butt,PSH-01,Peshawar,Credit Card,4,226.83,0.0,907.32,0.0,907.32
TXN000789,2025-05-17,2025,5,May,2,Saturday,LED Desk Lamp,Home & Kitchen,Ali Farooq,LHR-01,Lahore,Debit Card,6,120.99,0.0,725.94,0.0,725.94
TXN004427,2024-03-10,2024,3,March,1,Sunday,Denim Jacket,Apparel,Kamran Chaudhry,KHI-02,Karachi,Cash,1,94.19,20.0,94.19,18.84,75.35
TXN002477,2025-08-12,2025,8,August,3,Tuesday,Face Moisturizer,Beauty,Hassan Khan,KHI-01,Karachi,Debit Card,4,103.22,10.0,412.88,41.29,371.59
TXN000507,2024-06-17,2024,6,June,2,Monday,Webcam HD,Electronics,Sara Raza,LHR-02,Lahore,Credit Card,1,20.06,10.0,20.06,2.01,18.05
TXN000994,2024-01-21,2024,1,January,1,Sunday,Cotton T-Shirt,Apparel,Ali Iqbal,PSH-01,Peshawar,Debit Card,4,111.89,0.0,447.56,0.0,447.56
TXN001339,2025-09-18,2025,9,September,3,Thursday,Blender,Home & Kitchen,Noor Sheikh,KHI-01,Karachi,Mobile Wallet,4,19.61,20.0,78.44,15.69,62.75
TXN002593,2024-01-06,2024,1,January,1,Saturday,Shampoo 500ml,Beauty,Zainab Chaudhry,PSH-01,Peshawar,Mobile Wallet,4,38.1,0.0,152.4,0.0,152.4
TXN004616,2025-04-07,2025,4,April,2,Monday,Shampoo 500ml,Beauty,Ahmed Iqbal,ISB-01,Islamabad,Credit Card,3,150.78,20.0,452.34,90.47,361.87
TXN004998,2026-02-03,2026,2,February,1,Tuesday,Coffee Maker,Home & Kitchen,Omar Khan,ISB-01,Islamabad,Cash,3,130.23,5.0,390.69,19.53,371.16
TXN001075,2025-10-08,2025,10,October,4,Wednesday,LED Desk Lamp,Home & Kitchen,Kamran Khan,LHR-02,Lahore,Cash,3,43.38,0.0,130.14,0.0,130.14
TXN000245,2025-05-03,2025,5,May,2,Saturday,Wool Sweater,Apparel,Bilal Iqbal,LHR-02,Lahore,Debit Card,5,6.14,0.0,30.7,0.0,30.7
TXN001517,2026-07-20,2026,7,July,3,Monday,Bluetooth Speaker,Electronics,Kamran Raza,KHI-02,Karachi,Cash,4,144.62,0.0,578.48,0.0,578.48
TXN004029,2025-06-25,2025,6,June,2,Wednesday,Face Moisturizer,Beauty,Ayesha Sheikh,ISB-01,Islamabad,Credit Card,4,157.37,20.0,629.48,125.9,503.58
TXN002698,2025-06-27,2025,6,June,2,Friday,Cotton T-Shirt,Apparel,Usman Khan,MUL-01,Multan,Mobile Wallet,5,13.17,0.0,65.85,0.0,65.85
TXN004580,2025-06-23,2025,6,June,2,Monday,Non-Stick Pan,Home & Kitchen,Ali Malik,LHR-01,Lahore,Cash,3,246.01,0.0,738.03,0.0,738.03
TXN001804,2024-09-11,2024,9,September,3,Wednesday,Coffee Maker,Home & Kitchen,Hassan Farooq,FSD-01,Faisalabad,Cash,5,109.6,0.0,548.0,0.0,548.0
TXN003567,2026-01-17,2026,1,January,1,Saturday,LED Desk Lamp,Home & Kitchen,Bilal Farooq,FSD-01,Faisalabad,Cash,2,131.14,0.0,262.28,0.0,262.28
TXN001767,2026-06-11,2026,6,June,2,Thursday,Wireless Mouse,Electronics,Ayesha Sheikh,LHR-02,Lahore,Debit Card,2,29.53,10.0,59.06,5.91,53.15
TXN001834,2024-02-12,2024,2,February,1,Monday,Webcam HD,Electronics,Zainab Malik,KHI-02,Karachi,Mobile Wallet,2,18.59,0.0,37.18,0.0,37.18
TXN004822,2025-05-15,2025,5,May,2,Thursday,Running Shoes,Apparel,Hina Butt,FSD-01,Faisalabad,Mobile Wallet,3,102.34,0.0,307.02,0.0,307.02
TXN003425,2025-03-23,2025,3,March,1,Sunday,Webcam HD,Electronics,Noor Iqbal,MUL-01,Multan,Cash,1,144.08,15.0,144.08,21.61,122.47
TXN004195,2024-06-27,2024,6,June,2,Thursday,Non-Stick Pan,Home & Kitchen,Hina Chaudhry,KHI-01,Karachi,Cash,4,132.2,15.0,528.8,79.32,449.48
TXN003752,2025-11-05,2025,11,November,4,Wednesday,USB-C Cable,Electronics,Noor Iqbal,FSD-01,Faisalabad,Credit Card,2,71.66,0.0,143.32,0.0,143.32
TXN004939,2026-04-11,2026,4,April,2,Saturday,Webcam HD,Electronics,Mariam Khan,PSH-01,Peshawar,Cash,6,220.95,10.0,1325.7,132.57,1193.13
TXN002375,2026-05-24,2026,5,May,2,Sunday,Face Moisturizer,Beauty,Noor Khan,LHR-02,Lahore,Cash,6,39.63,5.0,237.78,11.89,225.89
TXN004147,2025-07-30,2025,7,July,3,Wednesday,Resistance Bands,Sports,Omar Iqbal,MUL-01,Multan,Credit Card,3,71.36,5.0,214.08,10.7,203.38
TXN004049,2025-05-25,2025,5,May,2,Sunday,Resistance Bands,Sports,Hina Khan,LHR-01,Lahore,Cash,5,17.51,0.0,87.55,0.0,87.55
TXN000133,2026-04-03,2026,4,April,2,Friday,LED Desk Lamp,Home & Kitchen,Faisal Iqbal,LHR-02,Lahore,Credit Card,3,76.16,5.0,228.48,11.42,217.06
TXN004442,2024-03-11,2024,3,March,1,Monday,Wool Sweater,Apparel,Sana Iqbal,KHI-02,Karachi,Cash,5,86.08,0.0,430.4,0.0,430.4
TXN004952,2024-12-31,2024,12,December,4,Tuesday,Wireless Mouse,Electronics,Hassan Farooq,ISB-01,Islamabad,Credit Card,5,145.74,10.0,728.7,72.87,655.83
TXN003701,2024-09-24,2024,9,September,3,Tuesday,Shampoo 500ml,Beauty,Sara Farooq,MUL-01,Multan,Credit Card,5,121.06,10.0,605.3,60.53,544.77
TXN002880,2026-03-29,2026,3,March,1,Sunday,Wool Sweater,Apparel,Zainab Iqbal,MUL-01,Multan,Credit Card,5,23.49,20.0,117.45,23.49,93.96
TXN001710,2024-12-15,2024,12,December,4,Sunday,Hair Dryer,Beauty,Ali Butt,KHI-02,Karachi,Cash,4,43.61,5.0,174.44,8.72,165.72
TXN000445,2026-03-23,2026,3,March,1,Monday,Wireless Mouse,Electronics,Sana Iqbal,LHR-01,Lahore,Credit Card,1,130.8,0.0,130.8,0.0,130.8
TXN004634,2026-02-25,2026,2,February,1,Wednesday,Bluetooth Speaker,Electronics,Sara Raza,MUL-01,Multan,Cash,3,54.88,15.0,164.64,24.7,139.94
TXN001884,2025-06-19,2025,6,June,2,Thursday,Hair Dryer,Beauty,Sara Sheikh,ISB-01,Islamabad,Cash,5,110.15,15.0,550.75,82.61,468.14
TXN000585,2026-01-15,2026,1,January,1,Thursday,Lip Balm,Beauty,Faisal Chaudhry,ISB-01,Islamabad,Debit Card,5,31.77,0.0,158.85,0.0,158.85
TXN002903,2025-03-09,2025,3,March,1,Sunday,Running Shoes,Apparel,Omar Iqbal,PSH-01,Peshawar,Credit Card,4,28.22,0.0,112.88,0.0,112.88
TXN002869,2024-08-09,2024,8,August,3,Friday,Blender,Home & Kitchen,Kamran Sheikh,MUL-01,Multan,Credit Card,5,169.14,5.0,845.7,42.28,803.42
TXN004751,2025-02-06,2025,2,February,1,Thursday,Sunscreen SPF50,Beauty,Omar Butt,PSH-01,Peshawar,Debit Card,4,167.82,15.0,671.28,100.69,570.59
TXN000702,2026-06-22,2026,6,June,2,Monday,Webcam HD,Electronics,Ayesha Malik,ISB-01,Islamabad,Credit Card,4,176.38,15.0,705.52,105.83,599.69
TXN004046,2026-05-04,2026,5,May,2,Monday,Cycling Helmet,Sports,Hassan Farooq,KHI-01,Karachi,Debit Card,3,76.05,0.0,228.15,0.0,228.15
TXN001087,2025-09-14,2025,9,September,3,Sunday,Wireless Mouse,Electronics,Ahmed Butt,KHI-02,Karachi,Debit Card,1,205.45,0.0,205.45,0.0,205.45
TXN003933,2024-04-07,2024,4,April,2,Sunday,Non-Stick Pan,Home & Kitchen,Mariam Chaudhry,MUL-01,Multan,Credit Card,4,232.42,15.0,929.68,139.45,790.23
TXN004317,2026-03-11,2026,3,March,1,Wednesday,Lip Balm,Beauty,Mariam Sheikh,FSD-01,Faisalabad,Credit Card,6,10.61,0.0,63.66,0.0,63.66
TXN003248,2025-04-01,2025,4,April,2,Tuesday,Coffee Maker,Home & Kitchen,Noor Butt,LHR-02,Lahore,Debit Card,1,48.89,5.0,48.89,2.44,46.45
TXN002512,2024-09-13,2024,9,September,3,Friday,USB-C Cable,Electronics,Omar Khan,FSD-01,Faisalabad,Credit Card,1,110.88,15.0,110.88,16.63,94.25
TXN004062,2025-09-21,2025,9,September,3,Sunday,Denim Jacket,Apparel,Ali Iqbal,ISB-01,Islamabad,Mobile Wallet,1,75.7,0.0,75.7,0.0,75.7
TXN002466,2024-11-23,2024,11,November,4,Saturday,Non-Stick Pan,Home & Kitchen,Omar Raza,PSH-01,Peshawar,Mobile Wallet,4,139.2,0.0,556.8,0.0,556.8
TXN001377,2026-06-01,2026,6,June,2,Monday,Cotton T-Shirt,Apparel,Kamran Khan,PSH-01,Peshawar,Credit Card,5,231.53,0.0,1157.65,0.0,1157.65
TXN001779,2025-08-31,2025,8,August,3,Sunday,Cotton T-Shirt,Apparel,Hina Sheikh,FSD-01,Faisalabad,Cash,2,167.02,0.0,334.04,0.0,334.04
TXN001153,2024-07-17,2024,7,July,3,Wednesday,Denim Jacket,Apparel,Faisal Sheikh,ISB-01,Islamabad,Credit Card,3,212.48,0.0,637.44,0.0,637.44
TXN000401,2025-09-16,2025,9,September,3,Tuesday,LED Desk Lamp,Home & Kitchen,Kamran Malik,KHI-01,Karachi,Cash,4,48.72,5.0,194.88,9.74,185.14
TXN003322,2024-05-04,2024,5,May,2,Saturday,Webcam HD,Electronics,Bilal Raza,PSH-01,Peshawar,Credit Card,6,147.19,0.0,883.14,0.0,883.14
TXN002582,2025-06-21,2025,6,June,2,Saturday,Lip Balm,Beauty,Hina Chaudhry,LHR-01,Lahore,Mobile Wallet,3,52.79,0.0,158.37,0.0,158.37
TXN000808,2025-01-08,2025,1,January,1,Wednesday,Webcam HD,Electronics,Mariam Farooq,PSH-01,Peshawar,Credit Card,4,197.45,15.0,789.8,118.47,671.33
TXN001275,2025-04-16,2025,4,April,2,Wednesday,Running Shoes,Apparel,Hina Iqbal,ISB-01,Islamabad,Credit Card,6,70.43,0.0,422.58,0.0,422.58
TXN002819,2025-04-17,2025,4,April,2,Thursday,LED Desk Lamp,Home & Kitchen,Kamran Sheikh,KHI-02,Karachi,Cash,2,124.42,10.0,248.84,24.88,223.96
TXN001799,2024-07-04,2024,7,July,3,Thursday,Wireless Mouse,Electronics,Usman Raza,LHR-01,Lahore,Mobile Wallet,2,146.59,0.0,293.18,0.0,293.18
TXN002017,2024-11-23,2024,11,November,4,Saturday,Wireless Mouse,Electronics,Fatima Raza,LHR-02,Lahore,Cash,2,173.03,10.0,346.06,34.61,311.45
TXN001060,2025-12-01,2025,12,December,4,Monday,Wool Sweater,Apparel,Ali Sheikh,MUL-01,Multan,Mobile Wallet,2,31.59,0.0,63.18,0.0,63.18
TXN002415,2024-03-21,2024,3,March,1,Thursday,Bluetooth Speaker,Electronics,Usman Butt,LHR-02,Lahore,Debit Card,5,230.84,0.0,1154.2,0.0,1154.2
TXN002353,2024-02-03,2024,2,February,1,Saturday,Sports Cap,Apparel,Omar Butt,LHR-02,Lahore,Cash,3,225.63,10.0,676.89,67.69,609.2
TXN000766,2025-04-20,2025,4,April,2,Sunday,Ceramic Mug Set,Home & Kitchen,Omar Butt,PSH-01,Peshawar,Mobile Wallet,3,166.85,20.0,500.55,100.11,400.44
TXN004553,2024-11-28,2024,11,November,4,Thursday,Bluetooth Speaker,Electronics,Bilal Iqbal,PSH-01,Peshawar,Cash,4,230.09,0.0,920.36,0.0,920.36
TXN002522,2025-11-27,2025,11,November,4,Thursday,Sports Cap,Apparel,Sana Raza,MUL-01,Multan,Debit Card,4,108.61,0.0,434.44,0.0,434.44
TXN002731,2025-03-08,2025,3,March,1,Saturday,Sports Cap,Apparel,Ahmed Farooq,LHR-02,Lahore,Cash,3,101.94,5.0,305.82,15.29,290.53
TXN003833,2026-07-15,2026,7,July,3,Wednesday,Dumbbell Set,Sports,Hassan Butt,PSH-01,Peshawar,Credit Card,1,103.04,0.0,103.04,0.0,103.04
TXN000537,2024-03-15,2024,3,March,1,Friday,Shampoo 500ml,Beauty,Ahmed Raza,FSD-01,Faisalabad,Credit Card,1,156.79,0.0,156.79,0.0,156.79
TXN004510,2025-09-24,2025,9,September,3,Wednesday,Dumbbell Set,Sports,Ali Butt,KHI-01,Karachi,Cash,1,13.84,10.0,13.84,1.38,12.46
TXN003401,2025-01-10,2025,1,January,1,Friday,Coffee Maker,Home & Kitchen,Mariam Iqbal,LHR-01,Lahore,Credit Card,5,153.05,5.0,765.25,38.26,726.99
TXN001123,2025-10-23,2025,10,October,4,Thursday,Non-Stick Pan,Home & Kitchen,Fatima Iqbal,KHI-02,Karachi,Cash,4,132.14,0.0,528.56,0.0,528.56
TXN003430,2025-07-21,2025,7,July,3,Monday,Wool Sweater,Apparel,Omar Chaudhry,MUL-01,Multan,Debit Card,2,47.19,20.0,94.38,18.88,75.5
TXN000973,2025-09-11,2025,9,September,3,Thursday,Shampoo 500ml,Beauty,Fatima Malik,PSH-01,Peshawar,Credit Card,4,10.8,0.0,43.2,0.0,43.2
TXN003984,2024-05-14,2024,5,May,2,Tuesday,Denim Jacket,Apparel,Omar Butt,PSH-01,Peshawar,Credit Card,2,97.03,0.0,194.06,0.0,194.06
TXN003351,2025-10-05,2025,10,October,4,Sunday,Yoga Mat,Sports,Faisal Iqbal,ISB-01,Islamabad,Debit Card,6,58.99,10.0,353.94,35.39,318.55
TXN001011,2024-10-05,2024,10,October,4,Saturday,Resistance Bands,Sports,Ayesha Butt,ISB-01,Islamabad,Credit Card,3,235.29,5.0,705.87,35.29,670.58
TXN001807,2025-03-19,2025,3,March,1,Wednesday,Laptop Stand,Electronics,Kamran Khan,LHR-02,Lahore,Credit Card,3,17.62,0.0,52.86,0.0,52.86
TXN001858,2025-03-27,2025,3,March,1,Thursday,Non-Stick Pan,Home & Kitchen,Noor Chaudhry,FSD-01,Faisalabad,Credit Card,2,129.1,20.0,258.2,51.64,206.56
TXN001397,2024-02-27,2024,2,February,1,Tuesday,Laptop Stand,Electronics,Bilal Iqbal,LHR-01,Lahore,Mobile Wallet,1,195.86,0.0,195.86,0.0,195.86
TXN004969,2026-06-14,2026,6,June,2,Sunday,Laptop Stand,Electronics,Mariam Farooq,LHR-02,Lahore,Cash,5,33.09,0.0,165.45,0.0,165.45
TXN000935,2026-04-29,2026,4,April,2,Wednesday,Running Shoes,Apparel,Usman Khan,FSD-01,Faisalabad,Mobile Wallet,2,73.03,5.0,146.06,7.3,138.76
TXN004962,2024-08-18,2024,8,August,3,Sunday,Bluetooth Speaker,Electronics,Ali Chaudhry,ISB-01,Islamabad,Mobile Wallet,1,82.85,15.0,82.85,12.43,70.42
TXN001534,2025-07-01,2025,7,July,3,Tuesday,Yoga Mat,Sports,Sana Iqbal,ISB-01,Islamabad,Credit Card,2,217.17,0.0,434.34,0.0,434.34
TXN003061,2025-06-28,2025,6,June,2,Saturday,Face Moisturizer,Beauty,Kamran Butt,MUL-01,Multan,Mobile Wallet,3,45.31,0.0,135.93,0.0,135.93
TXN001909,2025-03-25,2025,3,March,1,Tuesday,Hair Dryer,Beauty,Ahmed Farooq,PSH-01,Peshawar,Mobile Wallet,1,96.77,10.0,96.77,9.68,87.09
TXN001525,2024-03-09,2024,3,March,1,Saturday,Yoga Mat,Sports,Bilal Iqbal,KHI-01,Karachi,Cash,6,77.89,5.0,467.34,23.37,443.97
TXN003792,2025-10-14,2025,10,October,4,Tuesday,Denim Jacket,Apparel,Omar Chaudhry,FSD-01,Faisalabad,Mobile Wallet,6,224.6,0.0,1347.6,0.0,1347.6
TXN002863,2025-05-12,2025,5,May,2,Monday,Football,Sports,Usman Iqbal,MUL-01,Multan,Cash,5,134.83,0.0,674.15,0.0,674.15
TXN000379,2024-05-27,2024,5,May,2,Monday,Face Moisturizer,Beauty,Zainab Farooq,PSH-01,Peshawar,Debit Card,3,68.22,15.0,204.66,30.7,173.96
TXN000299,2025-09-15,2025,9,September,3,Monday,Wool Sweater,Apparel,Sara Malik,MUL-01,Multan,Cash,4,182.5,15.0,730.0,109.5,620.5
TXN001655,2024-12-11,2024,12,December,4,Wednesday,Shampoo 500ml,Beauty,Sara Iqbal,MUL-01,Multan,Credit Card,2,249.59,0.0,499.18,0.0,499.18
TXN000652,2026-05-01,2026,5,May,2,Friday,Bluetooth Speaker,Electronics,Bilal Malik,FSD-01,Faisalabad,Credit Card,2,41.68,10.0,83.36,8.34,75.02
TXN003041,2024-02-23,2024,2,February,1,Friday,Cycling Helmet,Sports,Kamran Sheikh,MUL-01,Multan,Cash,5,218.81,10.0,1094.05,109.41,984.64
TXN000328,2026-03-21,2026,3,March,1,Saturday,Cycling Helmet,Sports,Ahmed Raza,LHR-01,Lahore,Debit Card,2,35.83,15.0,71.66,10.75,60.91
TXN002166,2024-06-30,2024,6,June,2,Sunday,Running Shoes,Apparel,Mariam Chaudhry,KHI-02,Karachi,Cash,1,50.73,20.0,50.73,10.15,40.58
TXN001902,2026-05-28,2026,5,May,2,Thursday,Non-Stick Pan,Home & Kitchen,Faisal Farooq,PSH-01,Peshawar,Credit Card,3,7.3,15.0,21.9,3.29,18.61
TXN003377,2024-10-11,2024,10,October,4,Friday,Cycling Helmet,Sports,Mariam Chaudhry,ISB-01,Islamabad,Credit Card,2,150.48,0.0,300.96,0.0,300.96
TXN000412,2025-12-09,2025,12,December,4,Tuesday,Denim Jacket,Apparel,Kamran Iqbal,ISB-01,Islamabad,Debit Card,6,151.09,15.0,906.54,135.98,770.56
TXN003436,2025-08-02,2025,8,August,3,Saturday,Sunscreen SPF50,Beauty,Bilal Khan,KHI-02,Karachi,Credit Card,6,40.78,0.0,244.68,0.0,244.68
TXN001837,2024-11-10,2024,11,November,4,Sunday,Cotton T-Shirt,Apparel,Omar Butt,LHR-02,Lahore,Credit Card,4,7.51,0.0,30.04,0.0,30.04
TXN003827,2025-09-16,2025,9,September,3,Tuesday,Dumbbell Set,Sports,Noor Raza,ISB-01,Islamabad,Mobile Wallet,2,41.56,0.0,83.12,0.0,83.12
TXN004332,2026-04-22,2026,4,April,2,Wednesday,Wireless Mouse,Electronics,Noor Iqbal,MUL-01,Multan,Mobile Wallet,2,143.72,0.0,287.44,0.0,287.44
TXN004981,2026-07-31,2026,7,July,3,Friday,Yoga Mat,Sports,Hina Khan,LHR-02,Lahore,Credit Card,4,249.86,10.0,999.44,99.94,899.5
TXN000958,2026-04-30,2026,4,April,2,Thursday,Denim Jacket,Apparel,Faisal Iqbal,LHR-02,Lahore,Debit Card,1,106.04,0.0,106.04,0.0,106.04
TXN000574,2024-11-12,2024,11,November,4,Tuesday,Dumbbell Set,Sports,Ayesha Khan,LHR-01,Lahore,Mobile Wallet,2,185.79,0.0,371.58,0.0,371.58
TXN002333,2026-03-06,2026,3,March,1,Friday,Dumbbell Set,Sports,Faisal Butt,KHI-02,Karachi,Credit Card,4,139.57,15.0,558.28,83.74,474.54
TXN000828,2024-12-16,2024,12,December,4,Monday,USB-C Cable,Electronics,Kamran Farooq,LHR-02,Lahore,Debit Card,3,173.85,10.0,521.55,52.16,469.39
TXN004496,2024-04-28,2024,4,April,2,Sunday,Coffee Maker,Home & Kitchen,Omar Chaudhry,FSD-01,Faisalabad,Cash,4,17.16,5.0,68.64,3.43,65.21
TXN003675,2026-01-25,2026,1,January,1,Sunday,Shampoo 500ml,Beauty,Sana Butt,LHR-01,Lahore,Cash,5,161.19,15.0,805.95,120.89,685.06
TXN002000,2025-09-16,2025,9,September,3,Tuesday,Blender,Home & Kitchen,Faisal Sheikh,LHR-01,Lahore,Credit Card,3,47.07,0.0,141.21,0.0,141.21
TXN002464,2025-02-10,2025,2,February,1,Monday,Sports Cap,Apparel,Hina Raza,LHR-01,Lahore,Cash,4,189.73,0.0,758.92,0.0,758.92
TXN000053,2024-10-05,2024,10,October,4,Saturday,Cycling Helmet,Sports,Fatima Farooq,PSH-01,Peshawar,Credit Card,4,137.3,5.0,549.2,27.46,521.74
TXN002365,2024-06-07,2024,6,June,2,Friday,Coffee Maker,Home & Kitchen,Bilal Raza,MUL-01,Multan,Cash,3,35.25,0.0,105.75,0.0,105.75
TXN000035,2025-12-11,2025,12,December,4,Thursday,Running Shoes,Apparel,Omar Malik,FSD-01,Faisalabad,Mobile Wallet,1,178.07,5.0,178.07,8.9,169.17
TXN000078,2026-03-13,2026,3,March,1,Friday,Resistance Bands,Sports,Kamran Butt,LHR-02,Lahore,Mobile Wallet,4,132.76,5.0,531.04,26.55,504.49
TXN002050,2025-05-19,2025,5,May,2,Monday,Lip Balm,Beauty,Kamran Khan,LHR-02,Lahore,Mobile Wallet,4,163.14,15.0,652.56,97.88,554.68
TXN004002,2024-10-08,2024,10,October,4,Tuesday,Non-Stick Pan,Home & Kitchen,Hina Farooq,LHR-01,Lahore,Credit Card,5,105.81,0.0,529.05,0.0,529.05
TXN003344,2025-03-17,2025,3,March,1,Monday,Cycling Helmet,Sports,Omar Raza,PSH-01,Peshawar,Credit Card,6,118.51,5.0,711.06,35.55,675.51
TXN002130,2025-10-14,2025,10,October,4,Tuesday,Bluetooth Speaker,Electronics,Bilal Iqbal,LHR-01,Lahore,Cash,4,237.89,10.0,951.56,95.16,856.4
TXN001169,2025-05-06,2025,5,May,2,Tuesday,Face Moisturizer,Beauty,Usman Farooq,KHI-01,Karachi,Cash,2,70.21,5.0,140.42,7.02,133.4
TXN000529,2026-07-05,2026,7,July,3,Sunday,Cotton T-Shirt,Apparel,Ali Khan,PSH-01,Peshawar,Credit Card,4,177.31,15.0,709.24,106.39,602.85
TXN001713,2026-01-20,2026,1,January,1,Tuesday,Sunscreen SPF50,Beauty,Fatima Chaudhry,LHR-02,Lahore,Credit Card,4,164.86,0.0,659.44,0.0,659.44
TXN004803,2025-11-26,2025,11,November,4,Wednesday,Running Shoes,Apparel,Fatima Khan,KHI-01,Karachi,Cash,5,31.62,20.0,158.1,31.62,126.48
TXN002640,2024-09-17,2024,9,September,3,Tuesday,Wool Sweater,Apparel,Sara Sheikh,KHI-02,Karachi,Debit Card,5,135.44,0.0,677.2,0.0,677.2
TXN004804,2024-01-30,2024,1,January,1,Tuesday,Resistance Bands,Sports,Ayesha Chaudhry,FSD-01,Faisalabad,Cash,1,105.64,0.0,105.64,0.0,105.64
TXN000679,2025-10-05,2025,10,October,4,Sunday,Dumbbell Set,Sports,Usman Malik,FSD-01,Faisalabad,Cash,5,42.5,0.0,212.5,0.0,212.5
TXN004581,2024-03-28,2024,3,March,1,Thursday,Wireless Mouse,Electronics,Omar Khan,KHI-02,Karachi,Credit Card,1,223.96,0.0,223.96,0.0,223.96
TXN001313,2024-06-05,2024,6,June,2,Wednesday,Wool Sweater,Apparel,Hina Butt,FSD-01,Faisalabad,Cash,1,199.34,5.0,199.34,9.97,189.37
TXN001822,2026-07-24,2026,7,July,3,Friday,Coffee Maker,Home & Kitchen,Noor Raza,FSD-01,Faisalabad,Credit Card,2,216.91,0.0,433.82,0.0,433.82
TXN003988,2026-01-31,2026,1,January,1,Saturday,Sunscreen SPF50,Beauty,Sana Iqbal,KHI-01,Karachi,Debit Card,1,156.33,0.0,156.33,0.0,156.33
TXN000812,2026-01-11,2026,1,January,1,Sunday,Football,Sports,Sara Raza,LHR-01,Lahore,Debit Card,1,204.06,0.0,204.06,0.0,204.06
TXN000025,2025-11-16,2025,11,November,4,Sunday,Wool Sweater,Apparel,Hina Raza,LHR-01,Lahore,Credit Card,3,203.63,5.0,610.89,30.54,580.35
TXN002123,2025-10-05,2025,10,October,4,Sunday,Bluetooth Speaker,Electronics,Hassan Khan,MUL-01,Multan,Mobile Wallet,2,142.68,20.0,285.36,57.07,228.29
TXN001338,2025-10-08,2025,10,October,4,Wednesday,Cycling Helmet,Sports,Faisal Butt,KHI-02,Karachi,Cash,2,85.03,0.0,170.06,0.0,170.06
TXN001126,2025-06-21,2025,6,June,2,Saturday,Denim Jacket,Apparel,Usman Iqbal,FSD-01,Faisalabad,Cash,4,63.35,0.0,253.4,0.0,253.4
TXN000497,2024-02-22,2024,2,February,1,Thursday,Hair Dryer,Beauty,Usman Chaudhry,KHI-02,Karachi,Mobile Wallet,6,6.93,5.0,41.58,2.08,39.5
TXN001527,2025-01-27,2025,1,January,1,Monday,Football,Sports,Ahmed Iqbal,KHI-01,Karachi,Debit Card,6,44.14,0.0,264.84,0.0,264.84
TXN001996,2026-03-11,2026,3,March,1,Wednesday,Sunscreen SPF50,Beauty,Hassan Khan,MUL-01,Multan,Debit Card,6,168.27,0.0,1009.62,0.0,1009.62
TXN000099,2026-02-28,2026,2,February,1,Saturday,Blender,Home & Kitchen,Faisal Sheikh,KHI-01,Karachi,Credit Card,2,203.22,0.0,406.44,0.0,406.44
TXN004906,2025-10-12,2025,10,October,4,Sunday,Hair Dryer,Beauty,Ahmed Malik,LHR-01,Lahore,Credit Card,6,81.15,0.0,486.9,0.0,486.9
TXN004563,2026-07-18,2026,7,July,3,Saturday,Yoga Mat,Sports,Ali Chaudhry,ISB-01,Islamabad,Cash,1,173.01,15.0,173.01,25.95,147.06
TXN003431,2025-06-20,2025,6,June,2,Friday,Running Shoes,Apparel,Noor Sheikh,MUL-01,Multan,Debit Card,4,241.0,15.0,964.0,144.6,819.4
TXN003693,2026-01-14,2026,1,January,1,Wednesday,Shampoo 500ml,Beauty,Kamran Raza,PSH-01,Peshawar,Debit Card,5,153.34,0.0,766.7,0.0,766.7
TXN002782,2025-04-22,2025,4,April,2,Tuesday,Running Shoes,Apparel,Ayesha Farooq,LHR-01,Lahore,Credit Card,2,194.62,0.0,389.24,0.0,389.24
TXN003527,2024-05-16,2024,5,May,2,Thursday,Webcam HD,Electronics,Bilal Iqbal,LHR-01,Lahore,Cash,2,123.82,0.0,247.64,0.0,247.64
TXN004584,2024-08-07,2024,8,August,3,Wednesday,Non-Stick Pan,Home & Kitchen,Kamran Farooq,LHR-01,Lahore,Debit Card,4,133.98,15.0,535.92,80.39,455.53
TXN002458,2025-06-26,2025,6,June,2,Thursday,Sunscreen SPF50,Beauty,Usman Sheikh,FSD-01,Faisalabad,Mobile Wallet,2,68.01,20.0,136.02,27.2,108.82
TXN001964,2024-08-17,2024,8,August,3,Saturday,Ceramic Mug Set,Home & Kitchen,Ali Sheikh,LHR-01,Lahore,Credit Card,4,14.54,20.0,58.16,11.63,46.53
TXN000927,2025-11-11,2025,11,November,4,Tuesday,USB-C Cable,Electronics,Bilal Farooq,LHR-02,Lahore,Credit Card,1,155.08,15.0,155.08,23.26,131.82
TXN000593,2026-05-02,2026,5,May,2,Saturday,Dumbbell Set,Sports,Ahmed Sheikh,KHI-01,Karachi,Mobile Wallet,4,249.09,0.0,996.36,0.0,996.36
TXN002879,2025-02-24,2025,2,February,1,Monday,Coffee Maker,Home & Kitchen,Sara Chaudhry,PSH-01,Peshawar,Credit Card,6,122.85,0.0,737.1,0.0,737.1
TXN003736,2024-01-04,2024,1,January,1,Thursday,Non-Stick Pan,Home & Kitchen,Noor Chaudhry,PSH-01,Peshawar,Debit Card,3,117.27,15.0,351.81,52.77,299.04
TXN000260,2024-02-25,2024,2,February,1,Sunday,Resistance Bands,Sports,Usman Farooq,ISB-01,Islamabad,Credit Card,3,211.86,5.0,635.58,31.78,603.8
TXN001097,2024-08-09,2024,8,August,3,Friday,Football,Sports,Mariam Iqbal,MUL-01,Multan,Cash,4,142.64,0.0,570.56,0.0,570.56
TXN004186,2025-01-28,2025,1,January,1,Tuesday,LED Desk Lamp,Home & Kitchen,Fatima Iqbal,KHI-02,Karachi,Debit Card,1,131.14,0.0,131.14,0.0,131.14
TXN001679,2025-08-22,2025,8,August,3,Friday,Cycling Helmet,Sports,Hina Sheikh,LHR-01,Lahore,Cash,2,31.03,10.0,62.06,6.21,55.85
TXN001482,2025-10-12,2025,10,October,4,Sunday,Non-Stick Pan,Home & Kitchen,Hina Raza,LHR-02,Lahore,Cash,3,46.16,0.0,138.48,0.0,138.48
TXN003713,2025-05-25,2025,5,May,2,Sunday,Ceramic Mug Set,Home & Kitchen,Usman Khan,MUL-01,Multan,Credit Card,5,12.81,20.0,64.05,12.81,51.24
TXN003991,2025-10-20,2025,10,October,4,Monday,Wireless Mouse,Electronics,Ali Butt,LHR-02,Lahore,Mobile Wallet,3,8.05,10.0,24.15,2.42,21.73
TXN000803,2025-11-15,2025,11,November,4,Saturday,Running Shoes,Apparel,Sana Iqbal,LHR-02,Lahore,Cash,6,208.68,5.0,1252.08,62.6,1189.48
TXN003288,2025-11-16,2025,11,November,4,Sunday,Face Moisturizer,Beauty,Faisal Raza,PSH-01,Peshawar,Cash,3,216.39,10.0,649.17,64.92,584.25
TXN000054,2024-10-02,2024,10,October,4,Wednesday,Non-Stick Pan,Home & Kitchen,Ayesha Khan,LHR-02,Lahore,Cash,2,14.86,0.0,29.72,0.0,29.72
TXN002775,2025-09-24,2025,9,September,3,Wednesday,Laptop Stand,Electronics,Bilal Iqbal,KHI-01,Karachi,Mobile Wallet,1,56.24,0.0,56.24,0.0,56.24
TXN002114,2025-03-25,2025,3,March,1,Tuesday,Sports Cap,Apparel,Ahmed Chaudhry,LHR-01,Lahore,Mobile Wallet,4,132.13,10.0,528.52,52.85,475.67
TXN004692,2024-01-07,2024,1,January,1,Sunday,Wireless Mouse,Electronics,Zainab Raza,MUL-01,Multan,Debit Card,3,172.31,20.0,516.93,103.39,413.54
TXN004487,2025-03-14,2025,3,March,1,Friday,Face Moisturizer,Beauty,Ayesha Malik,LHR-02,Lahore,Mobile Wallet,2,68.96,0.0,137.92,0.0,137.92
TXN003978,2024-08-29,2024,8,August,3,Thursday,USB-C Cable,Electronics,Fatima Raza,LHR-02,Lahore,Cash,4,5.79,20.0,23.16,4.63,18.53
TXN000452,2025-02-18,2025,2,February,1,Tuesday,Sunscreen SPF50,Beauty,Hassan Iqbal,ISB-01,Islamabad,Mobile Wallet,2,130.3,0.0,260.6,0.0,260.6
TXN000436,2024-05-27,2024,5,May,2,Monday,Coffee Maker,Home & Kitchen,Noor Sheikh,MUL-01,Multan,Mobile Wallet,5,79.29,10.0,396.45,39.65,356.8
TXN003235,2026-03-11,2026,3,March,1,Wednesday,Running Shoes,Apparel,Omar Farooq,LHR-01,Lahore,Credit Card,6,29.44,10.0,176.64,17.66,158.98
TXN002047,2026-04-16,2026,4,April,2,Thursday,Laptop Stand,Electronics,Kamran Sheikh,ISB-01,Islamabad,Debit Card,4,48.34,15.0,193.36,29.0,164.36
TXN000019,2025-10-22,2025,10,October,4,Wednesday,LED Desk Lamp,Home & Kitchen,Omar Butt,KHI-02,Karachi,Credit Card,1,117.02,10.0,117.02,11.7,105.32
TXN003208,2025-07-07,2025,7,July,3,Monday,Hair Dryer,Beauty,Kamran Khan,KHI-01,Karachi,Debit Card,2,226.65,0.0,453.3,0.0,453.3
TXN000288,2026-06-07,2026,6,June,2,Sunday,Yoga Mat,Sports,Faisal Butt,ISB-01,Islamabad,Mobile Wallet,4,120.06,0.0,480.24,0.0,480.24
TXN001409,2024-01-10,2024,1,January,1,Wednesday,Football,Sports,Hassan Iqbal,FSD-01,Faisalabad,Credit Card,2,21.15,15.0,42.3,6.34,35.96
TXN002227,2026-04-04,2026,4,April,2,Saturday,Lip Balm,Beauty,Hassan Raza,KHI-02,Karachi,Debit Card,1,73.52,0.0,73.52,0.0,73.52
TXN002875,2024-12-17,2024,12,December,4,Tuesday,Football,Sports,Noor Raza,FSD-01,Faisalabad,Mobile Wallet,2,214.24,5.0,428.48,21.42,407.06
TXN002711,2024-09-24,2024,9,September,3,Tuesday,Sports Cap,Apparel,Mariam Khan,LHR-02,Lahore,Debit Card,2,99.34,0.0,198.68,0.0,198.68
TXN004314,2025-03-02,2025,3,March,1,Sunday,Coffee Maker,Home & Kitchen,Kamran Butt,MUL-01,Multan,Credit Card,3,58.37,15.0,175.11,26.27,148.84
TXN000047,2026-02-17,2026,2,February,1,Tuesday,Dumbbell Set,Sports,Usman Farooq,KHI-02,Karachi,Cash,1,151.21,0.0,151.21,0.0,151.21
TXN004296,2025-01-24,2025,1,January,1,Friday,Dumbbell Set,Sports,Omar Malik,LHR-01,Lahore,Credit Card,1,229.95,0.0,229.95,0.0,229.95
TXN000883,2024-02-11,2024,2,February,1,Sunday,Face Moisturizer,Beauty,Sara Raza,ISB-01,Islamabad,Credit Card,6,139.26,0.0,835.56,0.0,835.56
TXN004209,2026-01-27,2026,1,January,1,Tuesday,Non-Stick Pan,Home & Kitchen,Fatima Iqbal,LHR-02,Lahore,Mobile Wallet,4,10.63,0.0,42.52,0.0,42.52
TXN001859,2024-02-08,2024,2,February,1,Thursday,Running Shoes,Apparel,Ahmed Malik,KHI-01,Karachi,Cash,3,190.86,0.0,572.58,0.0,572.58
TXN003089,2026-06-26,2026,6,June,2,Friday,Blender,Home & Kitchen,Fatima Sheikh,LHR-01,Lahore,Cash,6,245.01,15.0,1470.06,220.51,1249.55
TXN004882,2025-05-23,2025,5,May,2,Friday,Sunscreen SPF50,Beauty,Hassan Farooq,LHR-01,Lahore,Credit Card,1,217.83,0.0,217.83,0.0,217.83
TXN003547,2025-12-31,2025,12,December,4,Wednesday,Coffee Maker,Home & Kitchen,Faisal Chaudhry,LHR-02,Lahore,Credit Card,6,244.86,10.0,1469.16,146.92,1322.24
TXN002521,2024-11-27,2024,11,November,4,Wednesday,Laptop Stand,Electronics,Sara Iqbal,KHI-01,Karachi,Credit Card,3,124.51,15.0,373.53,56.03,317.5
TXN001472,2024-03-18,2024,3,March,1,Monday,Cotton T-Shirt,Apparel,Bilal Butt,LHR-02,Lahore,Mobile Wallet,5,117.65,0.0,588.25,0.0,588.25
TXN001711,2024-06-17,2024,6,June,2,Monday,Running Shoes,Apparel,Sara Raza,FSD-01,Faisalabad,Cash,5,35.82,0.0,179.1,0.0,179.1
TXN002862,2026-04-11,2026,4,April,2,Saturday,Sports Cap,Apparel,Faisal Iqbal,MUL-01,Multan,Mobile Wallet,4,164.82,0.0,659.28,0.0,659.28
TXN000969,2026-01-02,2026,1,January,1,Friday,Face Moisturizer,Beauty,Hassan Malik,PSH-01,Peshawar,Mobile Wallet,4,230.97,10.0,923.88,92.39,831.49
TXN004246,2026-05-26,2026,5,May,2,Tuesday,Cotton T-Shirt,Apparel,Fatima Farooq,MUL-01,Multan,Cash,6,37.72,15.0,226.32,33.95,192.37
TXN002498,2026-05-08,2026,5,May,2,Friday,Cycling Helmet,Sports,Faisal Sheikh,KHI-01,Karachi,Debit Card,1,75.0,0.0,75.0,0.0,75.0
TXN003940,2024-12-17,2024,12,December,4,Tuesday,Wool Sweater,Apparel,Sara Farooq,PSH-01,Peshawar,Credit Card,5,181.42,20.0,907.1,181.42,725.68
TXN002663,2024-04-05,2024,4,April,2,Friday,Sunscreen SPF50,Beauty,Omar Khan,KHI-02,Karachi,Cash,4,18.57,15.0,74.28,11.14,63.14
TXN001430,2025-11-15,2025,11,November,4,Saturday,Football,Sports,Sara Sheikh,KHI-02,Karachi,Cash,2,62.21,0.0,124.42,0.0,124.42
TXN000963,2025-05-28,2025,5,May,2,Wednesday,Dumbbell Set,Sports,Faisal Malik,KHI-02,Karachi,Credit Card,1,15.28,10.0,15.28,1.53,13.75
TXN002771,2024-09-02,2024,9,September,3,Monday,Denim Jacket,Apparel,Noor Malik,LHR-02,Lahore,Cash,6,30.4,15.0,182.4,27.36,155.04
TXN001219,2026-06-21,2026,6,June,2,Sunday,Face Moisturizer,Beauty,Bilal Khan,KHI-02,Karachi,Cash,3,192.18,10.0,576.54,57.65,518.89
TXN001243,2026-07-24,2026,7,July,3,Friday,Laptop Stand,Electronics,Ali Khan,PSH-01,Peshawar,Credit Card,5,19.4,0.0,97.0,0.0,97.0
TXN003757,2025-09-23,2025,9,September,3,Tuesday,Running Shoes,Apparel,Hassan Butt,FSD-01,Faisalabad,Mobile Wallet,1,17.1,0.0,17.1,0.0,17.1
TXN000987,2024-05-23,2024,5,May,2,Thursday,Laptop Stand,Electronics,Fatima Farooq,PSH-01,Peshawar,Cash,1,35.11,0.0,35.11,0.0,35.11
TXN000853,2024-10-04,2024,10,October,4,Friday,USB-C Cable,Electronics,Ayesha Butt,FSD-01,Faisalabad,Credit Card,2,234.39,5.0,468.78,23.44,445.34
TXN004289,2025-11-13,2025,11,November,4,Thursday,Yoga Mat,Sports,Noor Khan,FSD-01,Faisalabad,Credit Card,4,28.72,10.0,114.88,11.49,103.39
TXN002303,2025-08-27,2025,8,August,3,Wednesday,Blender,Home & Kitchen,Usman Butt,ISB-01,Islamabad,Credit Card,2,189.17,20.0,378.34,75.67,302.67
TXN004112,2026-01-15,2026,1,January,1,Thursday,Wool Sweater,Apparel,Mariam Sheikh,FSD-01,Faisalabad,Cash,4,198.42,0.0,793.68,0.0,793.68
TXN001784,2026-06-06,2026,6,June,2,Saturday,Bluetooth Speaker,Electronics,Mariam Raza,PSH-01,Peshawar,Cash,5,30.32,5.0,151.6,7.58,144.02
TXN003083,2026-02-19,2026,2,February,1,Thursday,Denim Jacket,Apparel,Faisal Iqbal,ISB-01,Islamabad,Credit Card,2,105.99,5.0,211.98,10.6,201.38
TXN000723,2024-12-13,2024,12,December,4,Friday,Football,Sports,Hina Sheikh,LHR-02,Lahore,Mobile Wallet,2,180.22,0.0,360.44,0.0,360.44
TXN003251,2025-10-20,2025,10,October,4,Monday,Sports Cap,Apparel,Hina Khan,LHR-01,Lahore,Cash,4,247.3,15.0,989.2,148.38,840.82
TXN003207,2025-12-16,2025,12,December,4,Tuesday,LED Desk Lamp,Home & Kitchen,Sana Iqbal,ISB-01,Islamabad,Credit Card,6,131.14,10.0,786.84,78.68,708.16
TXN003968,2025-04-24,2025,4,April,2,Thursday,Shampoo 500ml,Beauty,Zainab Chaudhry,MUL-01,Multan,Credit Card,6,197.95,0.0,1187.7,0.0,1187.7
TXN001045,2024-02-17,2024,2,February,1,Saturday,Yoga Mat,Sports,Bilal Khan,KHI-02,Karachi,Cash,4,22.69,0.0,90.76,0.0,90.76
TXN001927,2026-07-14,2026,7,July,3,Tuesday,Sports Cap,Apparel,Sara Chaudhry,PSH-01,Peshawar,Debit Card,4,86.89,20.0,347.56,69.51,278.05
TXN001890,2025-08-09,2025,8,August,3,Saturday,Football,Sports,Zainab Farooq,MUL-01,Multan,Cash,6,247.89,10.0,1487.34,148.73,1338.61
TXN004513,2026-07-11,2026,7,July,3,Saturday,Shampoo 500ml,Beauty,Omar Malik,PSH-01,Peshawar,Mobile Wallet,4,31.24,20.0,124.96,24.99,99.97
TXN003112,2025-06-06,2025,6,June,2,Friday,Sunscreen SPF50,Beauty,Sana Sheikh,ISB-01,Islamabad,Debit Card,1,32.33,0.0,32.33,0.0,32.33
TXN002154,2025-08-13,2025,8,August,3,Wednesday,Ceramic Mug Set,Home & Kitchen,Sana Malik,MUL-01,Multan,Cash,2,135.31,15.0,270.62,40.59,230.03
TXN001547,2025-01-19,2025,1,January,1,Sunday,Shampoo 500ml,Beauty,Hina Butt,MUL-01,Multan,Cash,1,94.01,15.0,94.01,14.1,79.91
TXN000850,2026-01-26,2026,1,January,1,Monday,Cotton T-Shirt,Apparel,Hassan Farooq,MUL-01,Multan,Cash,1,164.36,5.0,164.36,8.22,156.14
TXN003136,2025-07-21,2025,7,July,3,Monday,Sports Cap,Apparel,Fatima Sheikh,MUL-01,Multan,Credit Card,1,171.43,0.0,171.43,0.0,171.43
TXN000532,2025-05-20,2025,5,May,2,Tuesday,Cotton T-Shirt,Apparel,Faisal Malik,KHI-02,Karachi,Cash,6,140.19,10.0,841.14,84.11,757.03
TXN001869,2025-10-26,2025,10,October,4,Sunday,Laptop Stand,Electronics,Mariam Raza,LHR-01,Lahore,Mobile Wallet,3,56.51,10.0,169.53,16.95,152.58
TXN002919,2025-03-06,2025,3,March,1,Thursday,Sunscreen SPF50,Beauty,Faisal Khan,LHR-01,Lahore,Credit Card,2,216.43,0.0,432.86,0.0,432.86
TXN003913,2024-03-11,2024,3,March,1,Monday,Coffee Maker,Home & Kitchen,Faisal Khan,LHR-01,Lahore,Cash,4,122.08,0.0,488.32,0.0,488.32
TXN003068,2026-04-13,2026,4,April,2,Monday,Denim Jacket,Apparel,Ahmed Chaudhry,LHR-01,Lahore,Mobile Wallet,1,247.31,15.0,247.31,37.1,210.21
TXN004200,2025-04-01,2025,4,April,2,Tuesday,Face Moisturizer,Beauty,Noor Farooq,ISB-01,Islamabad,Cash,1,156.93,5.0,156.93,7.85,149.08
TXN003415,2025-02-11,2025,2,February,1,Tuesday,Webcam HD,Electronics,Bilal Raza,KHI-02,Karachi,Cash,1,187.2,0.0,187.2,0.0,187.2
TXN003215,2024-04-04,2024,4,April,2,Thursday,Football,Sports,Ahmed Farooq,PSH-01,Peshawar,Debit Card,6,70.58,0.0,423.48,0.0,423.48
TXN001532,2026-02-19,2026,2,February,1,Thursday,Laptop Stand,Electronics,Ahmed Butt,FSD-01,Faisalabad,Credit Card,1,48.94,10.0,48.94,4.89,44.05
TXN004856,2025-06-02,2025,6,June,2,Monday,Laptop Stand,Electronics,Omar Sheikh,PSH-01,Peshawar,Credit Card,4,106.12,10.0,424.48,42.45,382.03
TXN003779,2025-01-20,2025,1,January,1,Monday,LED Desk Lamp,Home & Kitchen,Noor Iqbal,PSH-01,Peshawar,Credit Card,4,89.24,5.0,356.96,17.85,339.11
TXN003828,2024-08-18,2024,8,August,3,Sunday,Running Shoes,Apparel,Hina Sheikh,KHI-02,Karachi,Credit Card,3,68.47,5.0,205.41,10.27,195.14
TXN000192,2026-02-05,2026,2,February,1,Thursday,Cotton T-Shirt,Apparel,Hina Farooq,LHR-01,Lahore,Credit Card,5,230.37,0.0,1151.85,0.0,1151.85
TXN003856,2026-03-01,2026,3,March,1,Sunday,Hair Dryer,Beauty,Kamran Chaudhry,MUL-01,Multan,Cash,4,34.55,20.0,138.2,27.64,110.56
TXN001952,2024-03-31,2024,3,March,1,Sunday,Shampoo 500ml,Beauty,Noor Farooq,LHR-02,Lahore,Debit Card,3,205.24,0.0,615.72,0.0,615.72
TXN002356,2025-06-22,2025,6,June,2,Sunday,Resistance Bands,Sports,Kamran Farooq,MUL-01,Multan,Credit Card,5,243.15,15.0,1215.75,182.36,1033.39
TXN001971,2025-06-12,2025,6,June,2,Thursday,Bluetooth Speaker,Electronics,Sara Chaudhry,ISB-01,Islamabad,Credit Card,5,32.16,0.0,160.8,0.0,160.8
TXN004471,2025-02-22,2025,2,February,1,Saturday,Laptop Stand,Electronics,Omar Khan,KHI-01,Karachi,Credit Card,1,99.12,20.0,99.12,19.82,79.3
TXN001253,2024-02-21,2024,2,February,1,Wednesday,Sunscreen SPF50,Beauty,Fatima Iqbal,KHI-01,Karachi,Cash,4,229.71,10.0,918.84,91.88,826.96
TXN001001,2025-10-24,2025,10,October,4,Friday,Hair Dryer,Beauty,Faisal Iqbal,PSH-01,Peshawar,Debit Card,5,91.71,5.0,458.55,22.93,435.62
TXN002462,2024-02-13,2024,2,February,1,Tuesday,Coffee Maker,Home & Kitchen,Faisal Sheikh,PSH-01,Peshawar,Credit Card,1,26.62,0.0,26.62,0.0,26.62
TXN001899,2025-06-09,2025,6,June,2,Monday,Wireless Mouse,Electronics,Ayesha Butt,KHI-01,Karachi,Debit Card,4,130.77,0.0,523.08,0.0,523.08
TXN001771,2024-01-29,2024,1,January,1,Monday,Face Moisturizer,Beauty,Ayesha Chaudhry,MUL-01,Multan,Credit Card,5,169.47,5.0,847.35,42.37,804.98
TXN001046,2024-05-30,2024,5,May,2,Thursday,Cotton T-Shirt,Apparel,Noor Malik,LHR-01,Lahore,Mobile Wallet,1,163.75,5.0,163.75,8.19,155.56
TXN002165,2025-08-07,2025,8,August,3,Thursday,Shampoo 500ml,Beauty,Ahmed Sheikh,FSD-01,Faisalabad,Credit Card,6,149.96,10.0,899.76,89.98,809.78
TXN003880,2024-10-19,2024,10,October,4,Saturday,Denim Jacket,Apparel,Hassan Butt,LHR-02,Lahore,Cash,5,84.55,15.0,422.75,63.41,359.34
TXN001091,2024-01-17,2024,1,January,1,Wednesday,Webcam HD,Electronics,Sara Chaudhry,FSD-01,Faisalabad,Cash,3,248.86,20.0,746.58,149.32,597.26
TXN003432,2025-04-22,2025,4,April,2,Tuesday,Cotton T-Shirt,Apparel,Ali Malik,KHI-02,Karachi,Mobile Wallet,5,102.2,5.0,511.0,25.55,485.45
TXN004633,2025-09-01,2025,9,September,3,Monday,Denim Jacket,Apparel,Sara Malik,LHR-01,Lahore,Credit Card,6,48.61,15.0,291.66,43.75,247.91
TXN002770,2025-09-13,2025,9,September,3,Saturday,Cycling Helmet,Sports,Sana Farooq,FSD-01,Faisalabad,Cash,6,101.87,5.0,611.22,30.56,580.66
TXN003063,2026-04-04,2026,4,April,2,Saturday,Cycling Helmet,Sports,Mariam Farooq,PSH-01,Peshawar,Cash,6,60.11,15.0,360.66,54.1,306.56
TXN004078,2026-05-23,2026,5,May,2,Saturday,USB-C Cable,Electronics,Mariam Iqbal,MUL-01,Multan,Debit Card,4,207.52,0.0,830.08,0.0,830.08
TXN000565,2024-04-17,2024,4,April,2,Wednesday,Bluetooth Speaker,Electronics,Noor Malik,PSH-01,Peshawar,Cash,3,192.8,0.0,578.4,0.0,578.4
TXN001650,2025-11-18,2025,11,November,4,Tuesday,Running Shoes,Apparel,Sara Iqbal,KHI-02,Karachi,Credit Card,5,123.99,5.0,619.95,31.0,588.95
TXN002975,2025-04-01,2025,4,April,2,Tuesday,Hair Dryer,Beauty,Mariam Chaudhry,LHR-01,Lahore,Cash,2,155.32,5.0,310.64,15.53,295.11
TXN003196,2024-11-22,2024,11,November,4,Friday,USB-C Cable,Electronics,Ayesha Butt,LHR-01,Lahore,Debit Card,5,48.94,15.0,244.7,36.7,208.0
TXN002249,2025-06-09,2025,6,June,2,Monday,Resistance Bands,Sports,Omar Raza,LHR-02,Lahore,Debit Card,6,145.92,0.0,875.52,0.0,875.52
TXN003457,2025-01-30,2025,1,January,1,Thursday,Running Shoes,Apparel,Kamran Iqbal,LHR-01,Lahore,Cash,1,161.98,15.0,161.98,24.3,137.68
TXN003632,2026-07-20,2026,7,July,3,Monday,Dumbbell Set,Sports,Hassan Butt,MUL-01,Multan,Mobile Wallet,6,24.48,15.0,146.88,22.03,124.85
TXN000122,2025-07-29,2025,7,July,3,Tuesday,Running Shoes,Apparel,Mariam Iqbal,FSD-01,Faisalabad,Credit Card,4,83.18,0.0,332.72,0.0,332.72
TXN001451,2024-06-14,2024,6,June,2,Friday,Non-Stick Pan,Home & Kitchen,Omar Farooq,ISB-01,Islamabad,Mobile Wallet,3,47.33,10.0,141.99,14.2,127.79
TXN001028,2026-04-02,2026,4,April,2,Thursday,Shampoo 500ml,Beauty,Ali Iqbal,MUL-01,Multan,Credit Card,5,130.72,20.0,653.6,130.72,522.88
TXN000042,2024-03-11,2024,3,March,1,Monday,Blender,Home & Kitchen,Ahmed Raza,LHR-02,Lahore,Mobile Wallet,1,163.65,0.0,163.65,0.0,163.65
TXN000495,2024-04-24,2024,4,April,2,Wednesday,Cycling Helmet,Sports,Zainab Malik,MUL-01,Multan,Cash,2,175.53,15.0,351.06,52.66,298.4
TXN004478,2026-02-13,2026,2,February,1,Friday,Sunscreen SPF50,Beauty,Sana Raza,FSD-01,Faisalabad,Credit Card,5,111.15,0.0,555.75,0.0,555.75
TXN004871,2025-03-24,2025,3,March,1,Monday,LED Desk Lamp,Home & Kitchen,Kamran Sheikh,KHI-01,Karachi,Credit Card,5,191.14,15.0,955.7,143.35,812.35
TXN002526,2025-10-04,2025,10,October,4,Saturday,Football,Sports,Zainab Farooq,PSH-01,Peshawar,Credit Card,6,247.65,0.0,1485.9,0.0,1485.9
TXN002615,2025-10-17,2025,10,October,4,Friday,Face Moisturizer,Beauty,Mariam Chaudhry,KHI-01,Karachi,Mobile Wallet,3,145.77,0.0,437.31,0.0,437.31
TXN004652,2024-05-14,2024,5,May,2,Tuesday,USB-C Cable,Electronics,Hina Farooq,MUL-01,Multan,Cash,3,128.51,20.0,385.53,77.11,308.42
TXN004861,2024-05-30,2024,5,May,2,Thursday,Yoga Mat,Sports,Ayesha Iqbal,KHI-01,Karachi,Cash,6,12.23,10.0,73.38,7.34,66.04
TXN004128,2025-09-08,2025,9,September,3,Monday,Running Shoes,Apparel,Hina Chaudhry,KHI-02,Karachi,Cash,3,207.2,0.0,621.6,0.0,621.6
TXN004362,2024-05-24,2024,5,May,2,Friday,Blender,Home & Kitchen,Hassan Sheikh,ISB-01,Islamabad,Debit Card,3,160.73,20.0,482.19,96.44,385.75
TXN002076,2025-10-05,2025,10,October,4,Sunday,Ceramic Mug Set,Home & Kitchen,Zainab Malik,FSD-01,Faisalabad,Credit Card,2,171.76,0.0,343.52,0.0,343.52
TXN001891,2026-05-08,2026,5,May,2,Friday,Shampoo 500ml,Beauty,Ali Farooq,FSD-01,Faisalabad,Debit Card,2,160.94,0.0,321.88,0.0,321.88
TXN004904,2026-01-10,2026,1,January,1,Saturday,Hair Dryer,Beauty,Zainab Farooq,ISB-01,Islamabad,Mobile Wallet,1,124.88,0.0,124.88,0.0,124.88
TXN002784,2025-01-03,2025,1,January,1,Friday,Coffee Maker,Home & Kitchen,Noor Chaudhry,ISB-01,Islamabad,Credit Card,4,19.85,10.0,79.4,7.94,71.46
TXN002565,2025-06-05,2025,6,June,2,Thursday,Running Shoes,Apparel,Omar Khan,MUL-01,Multan,Mobile Wallet,6,17.65,0.0,105.9,0.0,105.9
TXN001246,2025-08-09,2025,8,August,3,Saturday,Hair Dryer,Beauty,Hina Khan,ISB-01,Islamabad,Credit Card,2,195.88,20.0,391.76,78.35,313.41
TXN002116,2026-03-05,2026,3,March,1,Thursday,USB-C Cable,Electronics,Zainab Khan,FSD-01,Faisalabad,Credit Card,1,67.0,0.0,67.0,0.0,67.0
TXN002210,2024-02-03,2024,2,February,1,Saturday,Hair Dryer,Beauty,Ahmed Iqbal,KHI-01,Karachi,Debit Card,2,138.05,15.0,276.1,41.41,234.69
TXN003130,2025-07-29,2025,7,July,3,Tuesday,Denim Jacket,Apparel,Ahmed Farooq,ISB-01,Islamabad,Cash,3,60.24,0.0,180.72,0.0,180.72
TXN002872,2024-05-02,2024,5,May,2,Thursday,Bluetooth Speaker,Electronics,Usman Malik,PSH-01,Peshawar,Cash,4,168.82,10.0,675.28,67.53,607.75
TXN003581,2025-07-03,2025,7,July,3,Thursday,Ceramic Mug Set,Home & Kitchen,Fatima Chaudhry,MUL-01,Multan,Mobile Wallet,1,125.6,20.0,125.6,25.12,100.48
TXN003861,2024-04-09,2024,4,April,2,Tuesday,Football,Sports,Noor Farooq,MUL-01,Multan,Mobile Wallet,6,46.53,0.0,279.18,0.0,279.18
TXN000487,2026-03-28,2026,3,March,1,Saturday,Lip Balm,Beauty,Usman Khan,KHI-01,Karachi,Debit Card,5,187.23,5.0,936.15,46.81,889.34
TXN002083,2024-08-13,2024,8,August,3,Tuesday,Blender,Home & Kitchen,Usman Khan,PSH-01,Peshawar,Mobile Wallet,2,160.83,20.0,321.66,64.33,257.33
TXN003770,2026-01-22,2026,1,January,1,Thursday,Wool Sweater,Apparel,Omar Khan,KHI-02,Karachi,Credit Card,1,16.96,5.0,16.96,0.85,16.11
TXN004762,2026-05-17,2026,5,May,2,Sunday,LED Desk Lamp,Home & Kitchen,Usman Khan,ISB-01,Islamabad,Cash,3,249.08,10.0,747.24,74.72,672.52
TXN003997,2026-04-17,2026,4,April,2,Friday,Wireless Mouse,Electronics,Mariam Chaudhry,LHR-02,Lahore,Credit Card,1,187.84,10.0,187.84,18.78,169.06
TXN000127,2024-12-01,2024,12,December,4,Sunday,Running Shoes,Apparel,Kamran Sheikh,PSH-01,Peshawar,Cash,4,83.04,0.0,332.16,0.0,332.16
TXN000393,2026-07-20,2026,7,July,3,Monday,Cycling Helmet,Sports,Hassan Khan,ISB-01,Islamabad,Credit Card,6,186.05,0.0,1116.3,0.0,1116.3
TXN003444,2024-07-06,2024,7,July,3,Saturday,Bluetooth Speaker,Electronics,Mariam Butt,FSD-01,Faisalabad,Credit Card,6,95.46,5.0,572.76,28.64,544.12
TXN002287,2026-01-26,2026,1,January,1,Monday,Wool Sweater,Apparel,Noor Raza,ISB-01,Islamabad,Credit Card,2,145.52,20.0,291.04,58.21,232.83
TXN002702,2025-01-13,2025,1,January,1,Monday,Yoga Mat,Sports,Zainab Malik,KHI-01,Karachi,Cash,6,198.36,10.0,1190.16,119.02,1071.14
TXN002023,2025-11-18,2025,11,November,4,Tuesday,Dumbbell Set,Sports,Kamran Iqbal,ISB-01,Islamabad,Credit Card,5,160.73,0.0,803.65,0.0,803.65
TXN004891,2025-10-24,2025,10,October,4,Friday,Denim Jacket,Apparel,Ayesha Butt,LHR-02,Lahore,Credit Card,2,75.88,0.0,151.76,0.0,151.76
TXN000222,2025-03-24,2025,3,March,1,Monday,Cotton T-Shirt,Apparel,Hassan Malik,FSD-01,Faisalabad,Debit Card,2,107.82,5.0,215.64,10.78,204.86
TXN002028,2024-12-29,2024,12,December,4,Sunday,Wool Sweater,Apparel,Zainab Butt,FSD-01,Faisalabad,Cash,4,31.74,0.0,126.96,0.0,126.96
TXN004156,2026-07-07,2026,7,July,3,Tuesday,Blender,Home & Kitchen,Omar Chaudhry,ISB-01,Islamabad,Cash,2,166.78,0.0,333.56,0.0,333.56
TXN000478,2025-12-01,2025,12,December,4,Monday,USB-C Cable,Electronics,Ayesha Farooq,ISB-01,Islamabad,Mobile Wallet,1,117.25,15.0,117.25,17.59,99.66
TXN003398,2024-12-10,2024,12,December,4,Tuesday,Sports Cap,Apparel,Omar Chaudhry,KHI-01,Karachi,Cash,4,169.74,5.0,678.96,33.95,645.01
TXN004050,2025-07-31,2025,7,July,3,Thursday,Denim Jacket,Apparel,Faisal Farooq,KHI-02,Karachi,Cash,3,146.68,15.0,440.04,66.01,374.03
TXN002418,2026-04-04,2026,4,April,2,Saturday,Sunscreen SPF50,Beauty,Ayesha Butt,MUL-01,Multan,Mobile Wallet,6,92.07,0.0,552.42,0.0,552.42
TXN000093,2025-04-18,2025,4,April,2,Friday,USB-C Cable,Electronics,Sara Malik,ISB-01,Islamabad,Cash,6,140.81,20.0,844.86,168.97,675.89
TXN002251,2024-08-31,2024,8,August,3,Saturday,Resistance Bands,Sports,Hassan Chaudhry,KHI-01,Karachi,Debit Card,4,11.56,20.0,46.24,9.25,36.99
TXN004400,2025-05-05,2025,5,May,2,Monday,LED Desk Lamp,Home & Kitchen,Hina Butt,ISB-01,Islamabad,Cash,1,67.23,20.0,67.23,13.45,53.78
TXN001530,2026-01-20,2026,1,January,1,Tuesday,Football,Sports,Sana Sheikh,FSD-01,Faisalabad,Debit Card,3,126.69,0.0,380.07,0.0,380.07
TXN001019,2025-02-14,2025,2,February,1,Friday,Wool Sweater,Apparel,Mariam Chaudhry,PSH-01,Peshawar,Debit Card,2,202.71,15.0,405.42,60.81,344.61
TXN003885,2024-07-13,2024,7,July,3,Saturday,Face Moisturizer,Beauty,Hina Chaudhry,MUL-01,Multan,Mobile Wallet,1,134.98,20.0,134.98,27.0,107.98
TXN003241,2026-06-14,2026,6,June,2,Sunday,Non-Stick Pan,Home & Kitchen,Usman Chaudhry,KHI-01,Karachi,Credit Card,6,147.75,0.0,886.5,0.0,886.5
TXN001363,2025-10-14,2025,10,October,4,Tuesday,Laptop Stand,Electronics,Ahmed Raza,LHR-02,Lahore,Debit Card,5,94.0,0.0,470.0,0.0,470.0
TXN004774,2025-05-05,2025,5,May,2,Monday,USB-C Cable,Electronics,Sara Sheikh,KHI-01,Karachi,Cash,4,182.26,0.0,729.04,0.0,729.04
TXN000330,2024-10-29,2024,10,October,4,Tuesday,LED Desk Lamp,Home & Kitchen,Hassan Sheikh,PSH-01,Peshawar,Credit Card,1,137.69,5.0,137.69,6.88,130.81
TXN004826,2024-08-02,2024,8,August,3,Friday,Blender,Home & Kitchen,Usman Butt,KHI-02,Karachi,Debit Card,4,143.69,0.0,574.76,0.0,574.76
TXN000612,2025-01-23,2025,1,January,1,Thursday,Running Shoes,Apparel,Noor Sheikh,KHI-01,Karachi,Credit Card,2,241.18,0.0,482.36,0.0,482.36
TXN001476,2024-11-21,2024,11,November,4,Thursday,Cotton T-Shirt,Apparel,Mariam Butt,LHR-02,Lahore,Credit Card,6,71.37,15.0,428.22,64.23,363.99
TXN002791,2026-07-05,2026,7,July,3,Sunday,Running Shoes,Apparel,Mariam Sheikh,PSH-01,Peshawar,Debit Card,2,147.34,0.0,294.68,0.0,294.68
TXN002557,2025-06-06,2025,6,June,2,Friday,Dumbbell Set,Sports,Ali Sheikh,PSH-01,Peshawar,Credit Card,4,219.98,10.0,879.92,87.99,791.93
TXN002825,2026-04-01,2026,4,April,2,Wednesday,Blender,Home & Kitchen,Sara Farooq,KHI-02,Karachi,Mobile Wallet,1,249.74,15.0,249.74,37.46,212.28
TXN000456,2025-06-02,2025,6,June,2,Monday,Sunscreen SPF50,Beauty,Sana Farooq,LHR-02,Lahore,Debit Card,4,100.89,15.0,403.56,60.53,343.03
TXN004686,2025-10-23,2025,10,October,4,Thursday,Sports Cap,Apparel,Faisal Malik,ISB-01,Islamabad,Cash,5,154.45,15.0,772.25,115.84,656.41
TXN003122,2026-02-22,2026,2,February,1,Sunday,Webcam HD,Electronics,Mariam Chaudhry,KHI-02,Karachi,Debit Card,3,247.32,0.0,741.96,0.0,741.96
TXN004657,2024-10-21,2024,10,October,4,Monday,Lip Balm,Beauty,Hina Iqbal,KHI-01,Karachi,Credit Card,3,67.6,0.0,202.8,0.0,202.8
TXN003521,2025-05-26,2025,5,May,2,Monday,Lip Balm,Beauty,Kamran Malik,ISB-01,Islamabad,Mobile Wallet,1,211.89,10.0,211.89,21.19,190.7
TXN002055,2025-08-07,2025,8,August,3,Thursday,Face Moisturizer,Beauty,Omar Malik,LHR-01,Lahore,Credit Card,4,17.55,10.0,70.2,7.02,63.18
TXN003343,2025-10-17,2025,10,October,4,Friday,Bluetooth Speaker,Electronics,Ali Chaudhry,KHI-01,Karachi,Cash,1,37.15,20.0,37.15,7.43,29.72
TXN001775,2025-11-02,2025,11,November,4,Sunday,Football,Sports,Ahmed Sheikh,ISB-01,Islamabad,Debit Card,3,191.55,0.0,574.65,0.0,574.65
TXN002128,2024-09-02,2024,9,September,3,Monday,Cycling Helmet,Sports,Kamran Iqbal,FSD-01,Faisalabad,Debit Card,5,214.83,15.0,1074.15,161.12,913.03
TXN000515,2025-07-26,2025,7,July,3,Saturday,Sports Cap,Apparel,Usman Farooq,LHR-02,Lahore,Debit Card,1,230.82,0.0,230.82,0.0,230.82
TXN002779,2026-02-21,2026,2,February,1,Saturday,Non-Stick Pan,Home & Kitchen,Hassan Farooq,KHI-01,Karachi,Credit Card,5,240.57,5.0,1202.85,60.14,1142.71
TXN003331,2024-04-30,2024,4,April,2,Tuesday,Blender,Home & Kitchen,Ahmed Sheikh,KHI-02,Karachi,Credit Card,4,199.69,15.0,798.76,119.81,678.95
TXN004283,2024-04-29,2024,4,April,2,Monday,Shampoo 500ml,Beauty,Bilal Butt,PSH-01,Peshawar,Cash,6,33.39,5.0,200.34,10.02,190.32
TXN001863,2024-12-06,2024,12,December,4,Friday,Sunscreen SPF50,Beauty,Faisal Sheikh,ISB-01,Islamabad,Credit Card,6,55.52,10.0,333.12,33.31,299.81
TXN003107,2025-08-08,2025,8,August,3,Friday,Ceramic Mug Set,Home & Kitchen,Ali Sheikh,LHR-01,Lahore,Debit Card,6,14.75,15.0,88.5,13.28,75.22
TXN001012,2024-09-11,2024,9,September,3,Wednesday,LED Desk Lamp,Home & Kitchen,Bilal Butt,LHR-02,Lahore,Credit Card,1,226.77,5.0,226.77,11.34,215.43
TXN000504,2025-03-28,2025,3,March,1,Friday,Bluetooth Speaker,Electronics,Usman Raza,LHR-02,Lahore,Cash,1,127.11,20.0,127.11,25.42,101.69
TXN003830,2025-06-05,2025,6,June,2,Thursday,Face Moisturizer,Beauty,Sara Khan,PSH-01,Peshawar,Credit Card,1,53.22,20.0,53.22,10.64,42.58
TXN001611,2024-12-10,2024,12,December,4,Tuesday,Non-Stick Pan,Home & Kitchen,Hassan Malik,PSH-01,Peshawar,Cash,2,237.33,5.0,474.66,23.73,450.93
TXN001876,2025-12-11,2025,12,December,4,Thursday,Face Moisturizer,Beauty,Sana Farooq,ISB-01,Islamabad,Debit Card,1,243.68,10.0,243.68,24.37,219.31
TXN002701,2024-06-03,2024,6,June,2,Monday,Blender,Home & Kitchen,Ali Raza,LHR-02,Lahore,Credit Card,5,88.94,5.0,444.7,22.23,422.47
TXN000425,2024-02-25,2024,2,February,1,Sunday,Denim Jacket,Apparel,Mariam Chaudhry,FSD-01,Faisalabad,Mobile Wallet,4,96.34,0.0,385.36,0.0,385.36
TXN003076,2026-02-13,2026,2,February,1,Friday,Cycling Helmet,Sports,Ayesha Chaudhry,KHI-02,Karachi,Mobile Wallet,6,205.0,0.0,1230.0,0.0,1230.0
TXN000213,2025-10-20,2025,10,October,4,Monday,Football,Sports,Sara Chaudhry,LHR-01,Lahore,Credit Card,5,66.04,20.0,330.2,66.04,264.16
TXN003826,2025-11-30,2025,11,November,4,Sunday,Laptop Stand,Electronics,Bilal Butt,LHR-01,Lahore,Mobile Wallet,6,8.38,0.0,50.28,0.0,50.28
TXN000830,2024-08-21,2024,8,August,3,Wednesday,Coffee Maker,Home & Kitchen,Bilal Chaudhry,KHI-01,Karachi,Debit Card,5,213.48,0.0,1067.4,0.0,1067.4
TXN000369,2025-09-22,2025,9,September,3,Monday,Cycling Helmet,Sports,Fatima Raza,LHR-01,Lahore,Mobile Wallet,2,208.85,15.0,417.7,62.66,355.04
TXN004859,2025-11-21,2025,11,November,4,Friday,Cycling Helmet,Sports,Zainab Farooq,LHR-02,Lahore,Cash,2,129.79,0.0,259.58,0.0,259.58
TXN003442,2025-09-17,2025,9,September,3,Wednesday,Coffee Maker,Home & Kitchen,Ali Khan,LHR-02,Lahore,Debit Card,4,34.02,0.0,136.08,0.0,136.08
TXN003587,2024-12-16,2024,12,December,4,Monday,Blender,Home & Kitchen,Ayesha Malik,LHR-02,Lahore,Mobile Wallet,6,215.42,0.0,1292.52,0.0,1292.52
TXN001209,2026-05-01,2026,5,May,2,Friday,Resistance Bands,Sports,Hassan Sheikh,MUL-01,Multan,Cash,5,163.93,0.0,819.65,0.0,819.65
TXN002068,2025-03-09,2025,3,March,1,Sunday,Yoga Mat,Sports,Mariam Sheikh,ISB-01,Islamabad,Cash,4,216.75,15.0,867.0,130.05,736.95
TXN004385,2025-09-04,2025,9,September,3,Thursday,Running Shoes,Apparel,Kamran Malik,KHI-02,Karachi,Debit Card,6,117.32,20.0,703.92,140.78,563.14
TXN004664,2024-05-29,2024,5,May,2,Wednesday,Yoga Mat,Sports,Usman Butt,FSD-01,Faisalabad,Mobile Wallet,5,193.8,20.0,969.0,193.8,775.2
TXN003875,2025-06-05,2025,6,June,2,Thursday,LED Desk Lamp,Home & Kitchen,Usman Sheikh,PSH-01,Peshawar,Mobile Wallet,4,76.88,15.0,307.52,46.13,261.39
TXN000879,2025-07-14,2025,7,July,3,Monday,USB-C Cable,Electronics,Hassan Sheikh,PSH-01,Peshawar,Mobile Wallet,4,83.86,0.0,335.44,0.0,335.44
TXN004605,2024-12-22,2024,12,December,4,Sunday,Football,Sports,Kamran Chaudhry,LHR-02,Lahore,Cash,1,32.67,5.0,32.67,1.63,31.04
TXN002026,2025-12-29,2025,12,December,4,Monday,Yoga Mat,Sports,Ayesha Farooq,ISB-01,Islamabad,Cash,1,7.1,0.0,7.1,0.0,7.1
TXN001543,2026-04-10,2026,4,April,2,Friday,Coffee Maker,Home & Kitchen,Sara Butt,LHR-02,Lahore,Cash,1,97.75,0.0,97.75,0.0,97.75
TXN002016,2024-11-09,2024,11,November,4,Saturday,Coffee Maker,Home & Kitchen,Hassan Khan,FSD-01,Faisalabad,Cash,2,248.79,15.0,497.58,74.64,422.94
TXN003463,2025-05-14,2025,5,May,2,Wednesday,Denim Jacket,Apparel,Faisal Iqbal,LHR-02,Lahore,Mobile Wallet,2,54.22,20.0,108.44,21.69,86.75
TXN002550,2026-01-20,2026,1,January,1,Tuesday,USB-C Cable,Electronics,Fatima Raza,MUL-01,Multan,Mobile Wallet,1,15.02,0.0,15.02,0.0,15.02
TXN004724,2025-04-03,2025,4,April,2,Thursday,Football,Sports,Omar Farooq,LHR-01,Lahore,Credit Card,5,29.42,15.0,147.1,22.07,125.03
TXN002988,2024-08-11,2024,8,August,3,Sunday,Wool Sweater,Apparel,Usman Farooq,ISB-01,Islamabad,Credit Card,3,133.76,0.0,401.28,0.0,401.28
TXN000922,2025-12-29,2025,12,December,4,Monday,Ceramic Mug Set,Home & Kitchen,Fatima Butt,KHI-01,Karachi,Cash,1,91.9,5.0,91.9,4.59,87.31
TXN004989,2026-02-08,2026,2,February,1,Sunday,Cycling Helmet,Sports,Mariam Malik,KHI-01,Karachi,Cash,2,174.78,0.0,349.56,0.0,349.56
TXN000670,2026-03-22,2026,3,March,1,Sunday,Non-Stick Pan,Home & Kitchen,Kamran Sheikh,KHI-01,Karachi,Cash,5,104.56,20.0,522.8,104.56,418.24
TXN000687,2025-02-23,2025,2,February,1,Sunday,Non-Stick Pan,Home & Kitchen,Hina Khan,PSH-01,Peshawar,Credit Card,6,152.95,5.0,917.7,45.88,871.82
TXN001095,2025-06-16,2025,6,June,2,Monday,Sports Cap,Apparel,Omar Raza,KHI-02,Karachi,Credit Card,5,166.03,0.0,830.15,0.0,830.15
TXN002611,2024-05-03,2024,5,May,2,Friday,Dumbbell Set,Sports,Ahmed Iqbal,FSD-01,Faisalabad,Mobile Wallet,6,84.33,0.0,505.98,0.0,505.98
TXN004604,2025-05-01,2025,5,May,2,Thursday,Webcam HD,Electronics,Bilal Farooq,MUL-01,Multan,Cash,5,208.73,0.0,1043.65,0.0,1043.65
TXN002065,2024-06-07,2024,6,June,2,Friday,Yoga Mat,Sports,Bilal Sheikh,LHR-01,Lahore,Debit Card,4,155.97,0.0,623.88,0.0,623.88
TXN002671,2024-03-26,2024,3,March,1,Tuesday,Cotton T-Shirt,Apparel,Noor Chaudhry,KHI-02,Karachi,Credit Card,5,38.17,0.0,190.85,0.0,190.85
TXN001384,2024-09-12,2024,9,September,3,Thursday,Face Moisturizer,Beauty,Noor Iqbal,KHI-01,Karachi,Credit Card,1,48.39,0.0,48.39,0.0,48.39
TXN004303,2026-01-01,2026,1,January,1,Thursday,Bluetooth Speaker,Electronics,Ali Chaudhry,KHI-02,Karachi,Debit Card,3,206.59,15.0,619.77,92.97,526.8
TXN000413,2025-09-25,2025,9,September,3,Thursday,Webcam HD,Electronics,Usman Malik,KHI-02,Karachi,Credit Card,5,216.37,15.0,1081.85,162.28,919.57
TXN004238,2026-02-02,2026,2,February,1,Monday,Dumbbell Set,Sports,Hina Farooq,ISB-01,Islamabad,Mobile Wallet,5,228.15,0.0,1140.75,0.0,1140.75
TXN000909,2025-06-25,2025,6,June,2,Wednesday,Running Shoes,Apparel,Ali Farooq,PSH-01,Peshawar,Credit Card,2,141.43,0.0,282.86,0.0,282.86
TXN000765,2025-05-16,2025,5,May,2,Friday,Ceramic Mug Set,Home & Kitchen,Zainab Butt,KHI-01,Karachi,Credit Card,3,101.09,0.0,303.27,0.0,303.27
TXN000284,2024-02-07,2024,2,February,1,Wednesday,Wireless Mouse,Electronics,Ali Iqbal,LHR-01,Lahore,Mobile Wallet,5,68.85,0.0,344.25,0.0,344.25
TXN001351,2025-07-20,2025,7,July,3,Sunday,Bluetooth Speaker,Electronics,Bilal Farooq,MUL-01,Multan,Debit Card,1,225.92,10.0,225.92,22.59,203.33
TXN002396,2026-02-08,2026,2,February,1,Sunday,Hair Dryer,Beauty,Omar Farooq,FSD-01,Faisalabad,Cash,6,18.38,15.0,110.28,16.54,93.74
TXN003200,2026-02-21,2026,2,February,1,Saturday,USB-C Cable,Electronics,Hassan Farooq,KHI-01,Karachi,Mobile Wallet,6,208.59,5.0,1251.54,62.58,1188.96
TXN000938,2025-12-05,2025,12,December,4,Friday,Wireless Mouse,Electronics,Mariam Iqbal,PSH-01,Peshawar,Debit Card,3,227.99,5.0,683.97,34.2,649.77
TXN001322,2025-09-26,2025,9,September,3,Friday,Lip Balm,Beauty,Ayesha Sheikh,LHR-01,Lahore,Credit Card,3,66.7,20.0,200.1,40.02,160.08
TXN002978,2025-08-15,2025,8,August,3,Friday,Resistance Bands,Sports,Mariam Farooq,KHI-01,Karachi,Debit Card,1,131.09,15.0,131.09,19.66,111.43
TXN002217,2024-09-24,2024,9,September,3,Tuesday,Denim Jacket,Apparel,Hassan Farooq,MUL-01,Multan,Credit Card,1,152.91,5.0,152.91,7.65,145.26
TXN001220,2026-07-07,2026,7,July,3,Tuesday,Wool Sweater,Apparel,Zainab Malik,LHR-01,Lahore,Debit Card,2,95.29,0.0,190.58,0.0,190.58
TXN002815,2024-08-24,2024,8,August,3,Saturday,Cycling Helmet,Sports,Sara Sheikh,LHR-02,Lahore,Mobile Wallet,6,204.33,10.0,1225.98,122.6,1103.38
TXN003687,2025-09-30,2025,9,September,3,Tuesday,Webcam HD,Electronics,Hina Chaudhry,MUL-01,Multan,Credit Card,2,158.25,10.0,316.5,31.65,284.85
TXN002762,2024-12-28,2024,12,December,4,Saturday,Non-Stick Pan,Home & Kitchen,Hina Khan,FSD-01,Faisalabad,Cash,4,151.75,0.0,607.0,0.0,607.0
TXN004301,2025-04-17,2025,4,April,2,Thursday,Denim Jacket,Apparel,Mariam Farooq,PSH-01,Peshawar,Credit Card,6,111.74,0.0,670.44,0.0,670.44
TXN004170,2025-08-26,2025,8,August,3,Tuesday,Bluetooth Speaker,Electronics,Hassan Malik,MUL-01,Multan,Cash,5,68.37,0.0,341.85,0.0,341.85
TXN000901,2026-07-02,2026,7,July,3,Thursday,Dumbbell Set,Sports,Ahmed Butt,FSD-01,Faisalabad,Credit Card,1,179.54,10.0,179.54,17.95,161.59
TXN003540,2026-05-18,2026,5,May,2,Monday,Lip Balm,Beauty,Omar Farooq,MUL-01,Multan,Cash,5,99.29,0.0,496.45,0.0,496.45
TXN001933,2024-08-24,2024,8,August,3,Saturday,Running Shoes,Apparel,Bilal Khan,ISB-01,Islamabad,Credit Card,1,150.88,20.0,150.88,30.18,120.7
TXN003887,2026-05-24,2026,5,May,2,Sunday,Dumbbell Set,Sports,Bilal Butt,LHR-02,Lahore,Mobile Wallet,5,60.43,20.0,302.15,60.43,241.72
TXN000821,2026-04-29,2026,4,April,2,Wednesday,Lip Balm,Beauty,Hina Sheikh,PSH-01,Peshawar,Cash,6,191.92,5.0,1151.52,57.58,1093.94
TXN004439,2025-08-06,2025,8,August,3,Wednesday,Hair Dryer,Beauty,Usman Farooq,FSD-01,Faisalabad,Debit Card,1,182.29,10.0,182.29,18.23,164.06
TXN004928,2024-03-17,2024,3,March,1,Sunday,Resistance Bands,Sports,Fatima Farooq,FSD-01,Faisalabad,Cash,5,246.22,0.0,1231.1,0.0,1231.1
TXN004074,2025-03-01,2025,3,March,1,Saturday,Bluetooth Speaker,Electronics,Zainab Raza,LHR-01,Lahore,Debit Card,3,178.44,0.0,535.32,0.0,535.32
TXN004324,2026-03-10,2026,3,March,1,Tuesday,Wool Sweater,Apparel,Faisal Butt,KHI-01,Karachi,Credit Card,3,138.7,5.0,416.1,20.8,395.3
TXN000431,2024-01-26,2024,1,January,1,Friday,Coffee Maker,Home & Kitchen,Kamran Sheikh,FSD-01,Faisalabad,Credit Card,2,233.11,0.0,466.22,0.0,466.22
TXN002102,2025-12-29,2025,12,December,4,Monday,Blender,Home & Kitchen,Hina Khan,LHR-01,Lahore,Cash,6,146.71,0.0,880.26,0.0,880.26
TXN003088,2026-06-27,2026,6,June,2,Saturday,Wireless Mouse,Electronics,Kamran Butt,ISB-01,Islamabad,Debit Card,5,159.19,20.0,795.95,159.19,636.76
TXN002335,2026-04-14,2026,4,April,2,Tuesday,Running Shoes,Apparel,Zainab Farooq,KHI-02,Karachi,Credit Card,1,245.93,0.0,245.93,0.0,245.93
TXN000200,2024-06-10,2024,6,June,2,Monday,Sunscreen SPF50,Beauty,Ahmed Farooq,FSD-01,Faisalabad,Cash,5,194.47,15.0,972.35,145.85,826.5
TXN000004,2024-03-22,2024,3,March,1,Friday,Blender,Home & Kitchen,Sara Khan,KHI-02,Karachi,Cash,4,217.29,0.0,869.16,0.0,869.16
TXN002433,2025-02-04,2025,2,February,1,Tuesday,Wireless Mouse,Electronics,Hina Sheikh,MUL-01,Multan,Debit Card,3,181.8,15.0,545.4,81.81,463.59
TXN000603,2026-05-11,2026,5,May,2,Monday,Blender,Home & Kitchen,Bilal Iqbal,LHR-02,Lahore,Credit Card,1,231.87,0.0,231.87,0.0,231.87
TXN003745,2024-02-20,2024,2,February,1,Tuesday,Wireless Mouse,Electronics,Sana Malik,KHI-02,Karachi,Cash,2,130.77,10.0,261.54,26.15,235.39
TXN004076,2025-05-30,2025,5,May,2,Friday,Cycling Helmet,Sports,Hassan Butt,KHI-01,Karachi,Debit Card,5,87.54,0.0,437.7,0.0,437.7
TXN001138,2025-03-26,2025,3,March,1,Wednesday,Dumbbell Set,Sports,Faisal Khan,LHR-02,Lahore,Mobile Wallet,2,163.13,0.0,326.26,0.0,326.26
TXN000199,2026-07-10,2026,7,July,3,Friday,Coffee Maker,Home & Kitchen,Bilal Chaudhry,FSD-01,Faisalabad,Cash,4,87.08,15.0,348.32,52.25,296.07
TXN004188,2024-08-19,2024,8,August,3,Monday,Webcam HD,Electronics,Noor Raza,PSH-01,Peshawar,Mobile Wallet,1,30.8,10.0,30.8,3.08,27.72
TXN001263,2024-07-12,2024,7,July,3,Friday,Laptop Stand,Electronics,Faisal Butt,MUL-01,Multan,Mobile Wallet,4,60.06,10.0,240.24,24.02,216.22
TXN003710,2025-12-08,2025,12,December,4,Monday,Wool Sweater,Apparel,Ayesha Butt,KHI-02,Karachi,Mobile Wallet,6,232.02,10.0,1392.12,139.21,1252.91
TXN003841,2025-05-06,2025,5,May,2,Tuesday,Cotton T-Shirt,Apparel,Usman Butt,LHR-01,Lahore,Cash,6,195.95,20.0,1175.7,235.14,940.56
TXN001210,2026-06-21,2026,6,June,2,Sunday,Cotton T-Shirt,Apparel,Ali Iqbal,PSH-01,Peshawar,Credit Card,2,56.47,0.0,112.94,0.0,112.94
TXN003807,2026-02-26,2026,2,February,1,Thursday,Sunscreen SPF50,Beauty,Fatima Khan,LHR-01,Lahore,Credit Card,3,49.11,0.0,147.33,0.0,147.33
TXN003705,2025-10-06,2025,10,October,4,Monday,Denim Jacket,Apparel,Omar Farooq,MUL-01,Multan,Cash,5,30.55,0.0,152.75,0.0,152.75
TXN002213,2025-08-10,2025,8,August,3,Sunday,Blender,Home & Kitchen,Hassan Sheikh,FSD-01,Faisalabad,Mobile Wallet,2,230.74,15.0,461.48,69.22,392.26
TXN004287,2026-01-03,2026,1,January,1,Saturday,LED Desk Lamp,Home & Kitchen,Faisal Butt,LHR-02,Lahore,Credit Card,3,189.08,0.0,567.24,0.0,567.24
TXN000181,2024-06-20,2024,6,June,2,Thursday,Football,Sports,Sana Iqbal,MUL-01,Multan,Debit Card,2,143.52,10.0,287.04,28.7,258.34
TXN002215,2024-01-25,2024,1,January,1,Thursday,Blender,Home & Kitchen,Mariam Butt,LHR-02,Lahore,Cash,3,164.83,20.0,494.49,98.9,395.59
TXN004836,2024-06-12,2024,6,June,2,Wednesday,Resistance Bands,Sports,Usman Farooq,ISB-01,Islamabad,Credit Card,3,38.95,0.0,116.85,0.0,116.85
TXN002221,2024-01-08,2024,1,January,1,Monday,LED Desk Lamp,Home & Kitchen,Usman Sheikh,PSH-01,Peshawar,Mobile Wallet,3,33.33,20.0,99.99,20.0,79.99
TXN004160,2026-06-06,2026,6,June,2,Saturday,Lip Balm,Beauty,Zainab Butt,KHI-02,Karachi,Credit Card,2,228.39,5.0,456.78,22.84,433.94
TXN001575,2025-10-14,2025,10,October,4,Tuesday,Denim Jacket,Apparel,Zainab Farooq,KHI-02,Karachi,Credit Card,6,88.55,5.0,531.3,26.57,504.73
TXN002951,2025-05-31,2025,5,May,2,Saturday,Sunscreen SPF50,Beauty,Ayesha Malik,KHI-02,Karachi,Credit Card,2,201.25,0.0,402.5,0.0,402.5
TXN004481,2024-03-28,2024,3,March,1,Thursday,Sunscreen SPF50,Beauty,Sana Iqbal,LHR-02,Lahore,Mobile Wallet,2,196.73,0.0,393.46,0.0,393.46
TXN003546,2026-06-11,2026,6,June,2,Thursday,Blender,Home & Kitchen,Sana Butt,KHI-02,Karachi,Cash,4,47.84,20.0,191.36,38.27,153.09
TXN003669,2024-05-19,2024,5,May,2,Sunday,LED Desk Lamp,Home & Kitchen,Bilal Sheikh,MUL-01,Multan,Cash,1,168.0,0.0,168.0,0.0,168.0
TXN000758,2024-02-12,2024,2,February,1,Monday,Lip Balm,Beauty,Faisal Raza,FSD-01,Faisalabad,Cash,6,221.18,10.0,1327.08,132.71,1194.37
TXN003907,2024-12-25,2024,12,December,4,Wednesday,Wool Sweater,Apparel,Ayesha Malik,KHI-01,Karachi,Mobile Wallet,4,58.43,5.0,233.72,11.69,222.03
TXN002776,2025-10-27,2025,10,October,4,Monday,LED Desk Lamp,Home & Kitchen,Ali Butt,KHI-02,Karachi,Cash,2,222.53,20.0,445.06,89.01,356.05
TXN002001,2025-02-10,2025,2,February,1,Monday,Shampoo 500ml,Beauty,Hina Malik,PSH-01,Peshawar,Credit Card,2,182.59,0.0,365.18,0.0,365.18
TXN001640,2024-05-13,2024,5,May,2,Monday,Face Moisturizer,Beauty,Ayesha Khan,LHR-01,Lahore,Credit Card,6,19.44,0.0,116.64,0.0,116.64
TXN001714,2024-07-17,2024,7,July,3,Wednesday,Bluetooth Speaker,Electronics,Ahmed Sheikh,LHR-02,Lahore,Debit Card,4,170.41,0.0,681.64,0.0,681.64
TXN004761,2026-06-01,2026,6,June,2,Monday,Denim Jacket,Apparel,Usman Chaudhry,ISB-01,Islamabad,Cash,2,200.68,20.0,401.36,80.27,321.09
TXN004853,2024-10-07,2024,10,October,4,Monday,Coffee Maker,Home & Kitchen,Faisal Khan,FSD-01,Faisalabad,Cash,3,139.75,15.0,419.25,62.89,356.36
TXN004243,2025-10-08,2025,10,October,4,Wednesday,Lip Balm,Beauty,Sana Chaudhry,KHI-01,Karachi,Cash,4,153.5,0.0,614.0,0.0,614.0
TXN003067,2024-02-23,2024,2,February,1,Friday,Non-Stick Pan,Home & Kitchen,Sana Sheikh,LHR-02,Lahore,Cash,3,211.46,20.0,634.38,126.88,507.5
TXN003223,2024-04-29,2024,4,April,2,Monday,Wool Sweater,Apparel,Zainab Chaudhry,ISB-01,Islamabad,Mobile Wallet,2,167.12,20.0,334.24,66.85,267.39
TXN002129,2025-11-21,2025,11,November,4,Friday,Running Shoes,Apparel,Bilal Butt,FSD-01,Faisalabad,Cash,6,203.37,5.0,1220.22,61.01,1159.21
TXN004559,2024-12-23,2024,12,December,4,Monday,Football,Sports,Zainab Farooq,LHR-02,Lahore,Credit Card,3,101.18,0.0,303.54,0.0,303.54
TXN002625,2024-07-21,2024,7,July,3,Sunday,Blender,Home & Kitchen,Sara Farooq,LHR-01,Lahore,Debit Card,1,107.13,0.0,107.13,0.0,107.13
TXN001124,2024-05-02,2024,5,May,2,Thursday,Lip Balm,Beauty,Ayesha Khan,ISB-01,Islamabad,Cash,5,224.0,5.0,1120.0,56.0,1064.0
TXN002202,2024-08-20,2024,8,August,3,Tuesday,Resistance Bands,Sports,Fatima Malik,PSH-01,Peshawar,Cash,5,222.36,5.0,1111.8,55.59,1056.21
TXN001513,2025-10-24,2025,10,October,4,Friday,Wireless Mouse,Electronics,Bilal Raza,PSH-01,Peshawar,Cash,1,159.68,5.0,159.68,7.98,151.7
TXN002379,2024-05-15,2024,5,May,2,Wednesday,Laptop Stand,Electronics,Bilal Farooq,ISB-01,Islamabad,Cash,3,233.28,10.0,699.84,69.98,629.86
TXN000056,2025-06-10,2025,6,June,2,Tuesday,USB-C Cable,Electronics,Omar Malik,ISB-01,Islamabad,Debit Card,5,166.13,10.0,830.65,83.06,747.59
TXN000954,2025-09-03,2025,9,September,3,Wednesday,Lip Balm,Beauty,Faisal Sheikh,PSH-01,Peshawar,Credit Card,6,199.78,10.0,1198.68,119.87,1078.81
TXN003871,2026-01-22,2026,1,January,1,Thursday,Blender,Home & Kitchen,Usman Iqbal,MUL-01,Multan,Credit Card,3,90.78,0.0,272.34,0.0,272.34
TXN002547,2026-04-18,2026,4,April,2,Saturday,Sports Cap,Apparel,Sana Farooq,MUL-01,Multan,Credit Card,2,54.3,10.0,108.6,10.86,97.74
TXN000421,2025-10-25,2025,10,October,4,Saturday,Cotton T-Shirt,Apparel,Noor Butt,LHR-01,Lahore,Cash,6,8.9,20.0,53.4,10.68,42.72
TXN003511,2026-01-29,2026,1,January,1,Thursday,Wireless Mouse,Electronics,Sana Khan,KHI-01,Karachi,Mobile Wallet,4,214.74,10.0,858.96,85.9,773.06
TXN004985,2026-04-01,2026,4,April,2,Wednesday,LED Desk Lamp,Home & Kitchen,Usman Raza,PSH-01,Peshawar,Credit Card,6,31.48,10.0,188.88,18.89,169.99
TXN001586,2025-06-05,2025,6,June,2,Thursday,Laptop Stand,Electronics,Mariam Iqbal,KHI-02,Karachi,Debit Card,4,145.39,10.0,581.56,58.16,523.4
TXN000835,2025-08-22,2025,8,August,3,Friday,Bluetooth Speaker,Electronics,Bilal Chaudhry,LHR-02,Lahore,Credit Card,1,121.93,0.0,121.93,0.0,121.93
TXN003569,2024-10-24,2024,10,October,4,Thursday,Resistance Bands,Sports,Fatima Malik,KHI-02,Karachi,Cash,6,242.66,0.0,1455.96,0.0,1455.96
TXN002649,2025-10-22,2025,10,October,4,Wednesday,Face Moisturizer,Beauty,Ayesha Sheikh,MUL-01,Multan,Credit Card,3,18.37,5.0,55.11,2.76,52.35
TXN002678,2024-08-12,2024,8,August,3,Monday,Shampoo 500ml,Beauty,Zainab Iqbal,MUL-01,Multan,Cash,4,78.59,5.0,314.36,15.72,298.64
TXN002596,2024-03-12,2024,3,March,1,Tuesday,Yoga Mat,Sports,Fatima Iqbal,KHI-02,Karachi,Debit Card,3,82.2,0.0,246.6,0.0,246.6
TXN001015,2026-01-25,2026,1,January,1,Sunday,Coffee Maker,Home & Kitchen,Faisal Malik,FSD-01,Faisalabad,Credit Card,4,41.76,20.0,167.04,33.41,133.63
TXN004279,2025-12-12,2025,12,December,4,Friday,Blender,Home & Kitchen,Usman Raza,KHI-02,Karachi,Credit Card,6,168.46,15.0,1010.76,151.61,859.15
TXN003221,2024-01-02,2024,1,January,1,Tuesday,Football,Sports,Ahmed Butt,PSH-01,Peshawar,Cash,6,110.01,0.0,660.06,0.0,660.06
TXN000580,2024-10-17,2024,10,October,4,Thursday,USB-C Cable,Electronics,Hina Chaudhry,KHI-01,Karachi,Cash,4,142.72,5.0,570.88,28.54,542.34
TXN004778,2024-10-20,2024,10,October,4,Sunday,LED Desk Lamp,Home & Kitchen,Faisal Farooq,ISB-01,Islamabad,Cash,5,91.68,0.0,458.4,0.0,458.4
TXN002363,2024-12-31,2024,12,December,4,Tuesday,Football,Sports,Ayesha Sheikh,ISB-01,Islamabad,Mobile Wallet,3,97.84,0.0,293.52,0.0,293.52
TXN003690,2025-07-08,2025,7,July,3,Tuesday,LED Desk Lamp,Home & Kitchen,Omar Khan,MUL-01,Multan,Credit Card,3,64.92,0.0,194.76,0.0,194.76
TXN000511,2024-05-07,2024,5,May,2,Tuesday,USB-C Cable,Electronics,Mariam Malik,ISB-01,Islamabad,Credit Card,1,78.0,0.0,78.0,0.0,78.0
TXN003206,2025-02-12,2025,2,February,1,Wednesday,Blender,Home & Kitchen,Kamran Raza,KHI-02,Karachi,Debit Card,2,78.11,10.0,156.22,15.62,140.6
TXN002524,2026-06-03,2026,6,June,2,Wednesday,Face Moisturizer,Beauty,Mariam Raza,FSD-01,Faisalabad,Cash,5,58.68,0.0,293.4,0.0,293.4
TXN004228,2026-05-29,2026,5,May,2,Friday,Laptop Stand,Electronics,Sara Iqbal,KHI-01,Karachi,Mobile Wallet,1,34.56,0.0,34.56,0.0,34.56
TXN001758,2025-02-14,2025,2,February,1,Friday,USB-C Cable,Electronics,Ahmed Sheikh,KHI-01,Karachi,Cash,6,94.74,15.0,568.44,85.27,483.17
TXN004576,2024-05-07,2024,5,May,2,Tuesday,Ceramic Mug Set,Home & Kitchen,Faisal Malik,PSH-01,Peshawar,Credit Card,4,136.19,20.0,544.76,108.95,435.81
TXN001930,2026-07-14,2026,7,July,3,Tuesday,Hair Dryer,Beauty,Hina Iqbal,PSH-01,Peshawar,Credit Card,3,189.41,15.0,568.23,85.23,483.0
TXN003549,2025-05-19,2025,5,May,2,Monday,Webcam HD,Electronics,Sana Butt,LHR-02,Lahore,Cash,2,206.91,5.0,413.82,20.69,393.13
TXN004895,2025-07-16,2025,7,July,3,Wednesday,Wool Sweater,Apparel,Kamran Iqbal,KHI-02,Karachi,Cash,5,26.73,0.0,133.65,0.0,133.65
TXN003062,2025-04-12,2025,4,April,2,Saturday,Yoga Mat,Sports,Sana Khan,ISB-01,Islamabad,Mobile Wallet,4,185.04,15.0,740.16,111.02,629.14
TXN002080,2025-01-22,2025,1,January,1,Wednesday,Wool Sweater,Apparel,Hina Farooq,FSD-01,Faisalabad,Mobile Wallet,1,181.98,5.0,181.98,9.1,172.88
TXN004232,2024-01-10,2024,1,January,1,Wednesday,Face Moisturizer,Beauty,Zainab Iqbal,LHR-02,Lahore,Mobile Wallet,5,181.07,0.0,905.35,0.0,905.35
TXN002614,2025-07-14,2025,7,July,3,Monday,Coffee Maker,Home & Kitchen,Hina Khan,PSH-01,Peshawar,Cash,6,29.67,20.0,178.02,35.6,142.42
TXN001966,2024-10-09,2024,10,October,4,Wednesday,Bluetooth Speaker,Electronics,Bilal Farooq,KHI-02,Karachi,Mobile Wallet,1,160.55,0.0,160.55,0.0,160.55
TXN001311,2024-04-01,2024,4,April,2,Monday,Coffee Maker,Home & Kitchen,Faisal Khan,ISB-01,Islamabad,Debit Card,4,167.35,5.0,669.4,33.47,635.93
TXN002939,2026-01-11,2026,1,January,1,Sunday,Face Moisturizer,Beauty,Hina Raza,MUL-01,Multan,Credit Card,5,98.23,0.0,491.15,0.0,491.15
TXN001893,2025-02-14,2025,2,February,1,Friday,Blender,Home & Kitchen,Kamran Chaudhry,MUL-01,Multan,Mobile Wallet,6,84.11,0.0,504.66,0.0,504.66
TXN001591,2025-06-12,2025,6,June,2,Thursday,Football,Sports,Hina Farooq,ISB-01,Islamabad,Cash,4,126.69,5.0,506.76,25.34,481.42
TXN001383,2025-02-06,2025,2,February,1,Thursday,Dumbbell Set,Sports,Mariam Malik,FSD-01,Faisalabad,Mobile Wallet,6,155.29,0.0,931.74,0.0,931.74
TXN000081,2024-06-05,2024,6,June,2,Wednesday,Sunscreen SPF50,Beauty,Omar Iqbal,LHR-02,Lahore,Credit Card,1,231.13,5.0,231.13,11.56,219.57
TXN004421,2024-11-16,2024,11,November,4,Saturday,LED Desk Lamp,Home & Kitchen,Noor Malik,KHI-01,Karachi,Credit Card,5,170.37,10.0,851.85,85.19,766.66
TXN002324,2025-06-17,2025,6,June,2,Tuesday,Cotton T-Shirt,Apparel,Zainab Iqbal,ISB-01,Islamabad,Cash,5,103.8,10.0,519.0,51.9,467.1
TXN003847,2025-05-30,2025,5,May,2,Friday,Shampoo 500ml,Beauty,Fatima Khan,LHR-01,Lahore,Mobile Wallet,1,47.98,15.0,47.98,7.2,40.78
TXN001274,2024-05-03,2024,5,May,2,Friday,Wireless Mouse,Electronics,Sana Raza,LHR-02,Lahore,Debit Card,5,95.25,10.0,476.25,47.62,428.63
TXN002830,2024-09-19,2024,9,September,3,Thursday,Running Shoes,Apparel,Sana Iqbal,PSH-01,Peshawar,Credit Card,3,211.46,0.0,634.38,0.0,634.38
TXN004995,2026-01-15,2026,1,January,1,Thursday,Blender,Home & Kitchen,Mariam Sheikh,LHR-01,Lahore,Credit Card,4,36.46,5.0,145.84,7.29,138.55
TXN004536,2026-02-12,2026,2,February,1,Thursday,Denim Jacket,Apparel,Mariam Iqbal,LHR-01,Lahore,Credit Card,1,115.74,15.0,115.74,17.36,98.38
TXN003562,2025-01-07,2025,1,January,1,Tuesday,Bluetooth Speaker,Electronics,Fatima Sheikh,KHI-01,Karachi,Cash,4,48.82,0.0,195.28,0.0,195.28
TXN001829,2024-11-05,2024,11,November,4,Tuesday,USB-C Cable,Electronics,Omar Sheikh,PSH-01,Peshawar,Credit Card,3,5.65,0.0,16.95,0.0,16.95
TXN000926,2024-03-17,2024,3,March,1,Sunday,Blender,Home & Kitchen,Ali Sheikh,LHR-02,Lahore,Credit Card,2,96.48,0.0,192.96,0.0,192.96
TXN000780,2024-12-04,2024,12,December,4,Wednesday,Running Shoes,Apparel,Mariam Chaudhry,KHI-02,Karachi,Credit Card,2,181.43,5.0,362.86,18.14,344.72
TXN003441,2025-08-26,2025,8,August,3,Tuesday,Shampoo 500ml,Beauty,Omar Farooq,ISB-01,Islamabad,Credit Card,3,48.73,0.0,146.19,0.0,146.19
TXN000201,2026-05-28,2026,5,May,2,Thursday,Bluetooth Speaker,Electronics,Sana Raza,LHR-01,Lahore,Cash,6,140.45,0.0,842.7,0.0,842.7
TXN000272,2025-06-27,2025,6,June,2,Friday,Running Shoes,Apparel,Mariam Chaudhry,FSD-01,Faisalabad,Cash,1,249.17,5.0,249.17,12.46,236.71
TXN001508,2024-06-15,2024,6,June,2,Saturday,Football,Sports,Ali Raza,KHI-02,Karachi,Cash,5,61.84,20.0,309.2,61.84,247.36
TXN001976,2025-04-06,2025,4,April,2,Sunday,Wireless Mouse,Electronics,Ali Butt,MUL-01,Multan,Mobile Wallet,1,62.27,0.0,62.27,0.0,62.27
TXN001570,2024-02-10,2024,2,February,1,Saturday,Shampoo 500ml,Beauty,Ali Iqbal,FSD-01,Faisalabad,Credit Card,2,178.11,0.0,356.22,0.0,356.22
TXN003726,2024-02-05,2024,2,February,1,Monday,Lip Balm,Beauty,Usman Sheikh,LHR-02,Lahore,Debit Card,5,156.47,20.0,782.35,156.47,625.88
TXN003066,2026-03-05,2026,3,March,1,Thursday,Lip Balm,Beauty,Hassan Farooq,FSD-01,Faisalabad,Cash,3,111.37,5.0,334.11,16.71,317.4
TXN003869,2025-09-18,2025,9,September,3,Thursday,LED Desk Lamp,Home & Kitchen,Ali Sheikh,ISB-01,Islamabad,Debit Card,1,98.67,10.0,98.67,9.87,88.8
TXN001029,2026-03-09,2026,3,March,1,Monday,Blender,Home & Kitchen,Sana Butt,LHR-01,Lahore,Credit Card,4,214.53,10.0,858.12,85.81,772.31
TXN003077,2026-07-19,2026,7,July,3,Sunday,Yoga Mat,Sports,Noor Iqbal,FSD-01,Faisalabad,Credit Card,5,11.54,0.0,57.7,0.0,57.7
TXN000562,2024-05-26,2024,5,May,2,Sunday,Sports Cap,Apparel,Usman Farooq,ISB-01,Islamabad,Cash,4,20.67,0.0,82.68,0.0,82.68
TXN001396,2025-06-30,2025,6,June,2,Monday,Running Shoes,Apparel,Hassan Butt,LHR-01,Lahore,Credit Card,2,17.65,0.0,35.3,0.0,35.3
