transaction_id,order_date,customer_name,customer_email,product_name,category,store_id,city,quantity,unit_price,discount_pct,payment_method
TXN004436,2024-10-29,Zainab Farooq,,Non-Stick Pan,Home & Kitchen,FSD-01,Faisalabad,4,230.64,20,Mobile Wallet
TXN004460,20-Sep-2025,Noor Sheikh,noor.sheikh@example.com,Lip Balm,Beauty,KHI-02,Karachi,3,187.11,0,CREDIT CARD
TXN001150,03-May-2024,FAISAL MALIK,faisal.malik@example.com,Wireless Mouse,Electronics,MUL-01,Multan,4,181.81,15,cash
TXN003400,21/10/2025,Noor Farooq,noor.farooq@example.com,Shampoo 500ml,Beauty,KHI-01,Karachi,3,149.07,0,Cash
TXN004480,2024-03-21,Ali Malik,ali.malik@example.com,Non-Stick Pan,Home & Kitchen,LHR-02,Lahore,4,85.84,10,CREDIT CARD
TXN001791,04/09/2025,Ayesha Khan,ayesha.khan@example.com,Shampoo 500ml,Beauty,LHR-01,Lahore,6,132.72,0,CREDIT CARD
TXN001456,2026-05-20,Sana Raza,sana.raza@example.com,Resistance Bands,Sports,PSH-01,Peshawar,1,148.74,0,Cash
TXN001368,26/10/2024,Fatima Raza,fatima.raza@example.com,Yoga Mat,Sports,LHR-02,Lahore,4,217.99,15,Mobile Wallet
TXN002319,12/12/2024,Hina Sheikh,hina.sheikh@example.com,Bluetooth Speaker,Electronics,LHR-01,Lahore,5,21.51,5,Debit Card
TXN003301,09-Feb-2026,Noor Raza,noor.raza@example.com,Laptop Stand,Electronics,PSH-01,Peshawar,5,23.43,10,Mobile Wallet
TXN000220,2025-08-04,Ali Iqbal,ali.iqbal@example.com,Coffee Maker,Home & Kitchen,KHI-01,Karachi,3,49.61,0,CREDIT CARD
TXN000669,2024-07-22,Faisal Khan,faisal.khan@example.com,Wool Sweater,Apparel,FSD-01,Faisalabad,5,182.07,20,CREDIT CARD
TXN000913,20/08/2024,Kamran Iqbal,kamran.iqbal@example.com,Coffee Maker,Home & Kitchen,LHR-01,Lahore,6,35.63,5,Mobile Wallet
TXN002093,13-Jun-2024,Zainab Malik,zainab.malik@example.com,Blender,Home & Kitchen,FSD-01,Faisalabad,6,81.67,0,Credit Card
TXN004992,16-Sep-2024,Noor Chaudhry,noor.chaudhry@example.com,Coffee Maker,Home & Kitchen,PSH-01,Peshawar,4,216.03,0,Mobile Wallet
TXN000433,13/08/2024,FATIMA CHAUDHRY,fatima.chaudhry@example.com,Face Moisturizer,Beauty,KHI-01,Karachi,3,92.56,10,cash
TXN002533,27-Oct-2025,Bilal Malik,bilal.malik@example.com,Cycling Helmet,Sports,MUL-01,Multan,6,219.28,0,cash
TXN003953,2025-04-23,Kamran Khan,kamran.khan@example.com,Hair Dryer,Beauty,KHI-02,Karachi,3,139.71,5,Debit Card
TXN001318,02-May-2026,Omar Chaudhry,omar.chaudhry@example.com,Laptop Stand,Electronics,PSH-01,Peshawar,2,234.25,0,CREDIT CARD
TXN002369,18-Sep-2025,Mariam Khan,mariam.khan@example.com,Wool Sweater,Apparel,KHI-01,Karachi,6,205.17,20,Cash
TXN004508,2025-04-12,  Zainab Chaudhry  ,zainab.chaudhry@example.com,Blender,Home & Kitchen,KHI-02,Karachi,5,11.21,15,cash
TXN002764,02-Jul-2026,Faisal Sheikh,faisal.sheikh@example.com,LED Desk Lamp,Home & Kitchen,LHR-01,Lahore,5,11.35,0,Mobile Wallet
TXN004685,2024-07-29,Bilal Iqbal,bilal.iqbal@example.com,Sports Cap,Apparel,KHI-01,Karachi,2,126.69,15,Mobile Wallet
TXN000168,09/02/2025,  KAMRAN MALIK  ,kamran.malik@example.com,Wool Sweater,Apparel,KHI-02,Karachi,4,211.2,0,Mobile Wallet
TXN001144,2026-06-23,Faisal Khan,faisal.khan@example.com,Bluetooth Speaker,Electronics,FSD-01,Faisalabad,5,70.0,15,Mobile Wallet
TXN000404,2025-10-24,ZAINAB IQBAL,zainab.iqbal@example.com,Cycling Helmet,Sports,FSD-01,Faisalabad,3,94.51,20,Debit Card
TXN004684,2025-09-20,Bilal Khan,bilal.khan@example.com,LED Desk Lamp,Home & Kitchen,FSD-01,Faisalabad,3,161.83,20,Credit Card
TXN000441,20-Jun-2024,Usman Sheikh,usman.sheikh@example.com,Blender,Home & Kitchen,LHR-02,Lahore,3,84.04,0,Debit Card
TXN000508,2024-12-18,Faisal Chaudhry,faisal.chaudhry@example.com,Cycling Helmet,Sports,MUL-01,Multan,5,207.62,5,Mobile Wallet
TXN000052,2025-10-25,Hassan Butt,hassan.butt@example.com,Face Moisturizer,Beauty,KHI-02,Karachi,2,227.56,0,cash
TXN004544,2024-07-15,AHMED KHAN,ahmed.khan@example.com,Sunscreen SPF50,Beauty,KHI-02,Karachi,2,70.77,5,cash
TXN000989,2024-11-20,Mariam Butt,mariam.butt@example.com,Resistance Bands,Sports,ISB-01,Islamabad,4,47.1,0,Credit Card
TXN002275,2025-10-04,Mariam Khan,mariam.khan@example.com,Webcam HD,Electronics,LHR-02,Lahore,3,62.68,0,cash
TXN000187,2026-05-20,Sara Farooq,sara.farooq@example.com,Blender,Home & Kitchen,LHR-01,Lahore,4,199.94,0,Mobile Wallet
TXN003937,13/04/2024,Bilal Raza,bilal.raza@example.com,Football,Sports,KHI-02,Karachi,2,162.44,20,Debit Card
TXN002692,24-Aug-2024,ALI MALIK,ali.malik@example.com,Football,Sports,KHI-01,Karachi,2,49.58,10,Cash
TXN000204,13-Oct-2025,ALI IQBAL,ali.iqbal@example.com,Dumbbell Set,Sports,KHI-01,Karachi,,219.91,20,CREDIT CARD
TXN002256,22/01/2024,Noor Farooq,noor.farooq@example.com,Bluetooth Speaker,Electronics,PSH-01,Peshawar,2,78.78,5,Cash
TXN004258,03-Feb-2025,Hina Sheikh,hina.sheikh@example.com,Lip Balm,Beauty,FSD-01,Faisalabad,2,35.17,0,Credit Card
TXN000374,12-Jun-2025,  Omar Sheikh  ,omar.sheikh@example.com,Hair Dryer,Beauty,ISB-01,Islamabad,2,248.22,15,cash
TXN001583,16-Feb-2024,Kamran Khan,kamran.khan@example.com,Face Moisturizer,Beauty,LHR-02,Lahore,3,78.08,15,Mobile Wallet
TXN001497,2025-04-23,Mariam Iqbal,mariam.iqbal@example.com,Webcam HD,Electronics,PSH-01,Peshawar,4,171.46,20,Credit Card
TXN000015,2026-06-14,Bilal Iqbal,bilal.iqbal@example.com,Sports Cap,Apparel,PSH-01,Peshawar,5,113.57,10,Credit Card
TXN003831,2024-05-14,Mariam Raza,mariam.raza@example.com,Cotton T-Shirt,Apparel,ISB-01,Islamabad,6,122.13,10,cash
TXN002211,30/05/2026,Sara Malik,sara.malik@example.com,Blender,Home & Kitchen,ISB-01,Islamabad,2,91.11,0,Mobile Wallet
TXN001957,19-Feb-2024,  Zainab Butt  ,zainab.butt@example.com,Ceramic Mug Set,Home & Kitchen,KHI-02,Karachi,2,165.68,15,Credit Card
TXN001553,09/05/2026,Mariam Raza,mariam.raza@example.com,Webcam HD,Electronics,MUL-01,Multan,4,191.71,0,cash
TXN002877,30-Aug-2024,Ayesha Iqbal,ayesha.iqbal@example.com,Dumbbell Set,Sports,PSH-01,Peshawar,2,38.06,10,cash
TXN003766,17-Sep-2024,KAMRAN RAZA,kamran.raza@example.com,Blender,Home & Kitchen,ISB-01,Islamabad,,214.17,20,CREDIT CARD
TXN001042,22-Jun-2024,Ali Farooq,ali.farooq@example.com,Denim Jacket,Apparel,LHR-02,Lahore,6,239.54,0,CREDIT CARD
TXN000814,23/03/2025,Ahmed Raza,ahmed.raza@example.com,Resistance Bands,Sports,KHI-02,Karachi,2,187.98,10,Mobile Wallet
TXN003224,17/08/2025,Faisal Khan,faisal.khan@example.com,Dumbbell Set,Sports,LHR-01,Lahore,5,40.97,0,cash
TXN004073,30/08/2025,Ayesha Malik,ayesha.malik@example.com,Laptop Stand,Electronics,FSD-01,Faisalabad,6,236.58,0,Cash
TXN004740,2024-08-06,Kamran Farooq,kamran.farooq@example.com,Resistance Bands,Sports,KHI-01,Karachi,,144.72,5,cash
TXN002145,28-Feb-2026,Bilal Raza,bilal.raza@example.com,Running Shoes,Apparel,KHI-01,Karachi,2,61.57,20,Cash
TXN003821,22-Nov-2024,Hina Iqbal,hina.iqbal@example.com,Ceramic Mug Set,Home & Kitchen,LHR-01,Lahore,4,76.59,20,Credit Card
TXN000301,27-Dec-2024,Hina Malik,hina.malik@example.com,Coffee Maker,Home & Kitchen,LHR-01,Lahore,5,,15,Credit Card
TXN004821,2025-09-28,Omar Farooq,omar.farooq@example.com,Denim Jacket,Apparel,FSD-01,Faisalabad,2,189.54,10,cash
TXN003832,20-Sep-2025,Hassan Sheikh,hassan.sheikh@example.com,Football,Sports,ISB-01,Islamabad,2,215.77,10,Debit Card
TXN004354,2026-02-07,Zainab Khan,zainab.khan@example.com,Denim Jacket,Apparel,FSD-01,Faisalabad,4,110.0,0,Debit Card
TXN000154,2025-07-30,Omar Butt,omar.butt@example.com,Face Moisturizer,Beauty,PSH-01,Peshawar,1,186.61,10,CREDIT CARD
TXN000797,2024-02-02,Sara Butt,sara.butt@example.com,Resistance Bands,Sports,ISB-01,Islamabad,6,131.67,10,Debit Card
TXN000013,15-May-2024,Ayesha Chaudhry,ayesha.chaudhry@example.com,USB-C Cable,Electronics,LHR-02,Lahore,5,234.2,5,Mobile Wallet
TXN001255,2025-10-02,Hina Butt,hina.butt@example.com,Cotton T-Shirt,Apparel,LHR-01,Lahore,2,38.14,0,Mobile Wallet
TXN001701,24-Sep-2024,HASSAN KHAN,hassan.khan@example.com,Cycling Helmet,Sports,MUL-01,Multan,1,95.55,0,Credit Card
TXN003566,23/05/2026,FAISAL BUTT,faisal.butt@example.com,Bluetooth Speaker,Electronics,KHI-02,Karachi,5,113.89,15,cash
TXN004391,2025-04-06,Ali Iqbal,ali.iqbal@example.com,Bluetooth Speaker,Electronics,MUL-01,Multan,6,198.06,0,Debit Card
TXN000978,2025-06-09,  Bilal Sheikh  ,bilal.sheikh@example.com,Yoga Mat,Sports,KHI-01,Karachi,2,143.71,15,Debit Card
TXN002987,2025-08-20,Ahmed Raza,ahmed.raza@example.com,Yoga Mat,Sports,MUL-01,Multan,1,120.34,20,Cash
TXN003678,05/01/2026,Hina Khan,hina.khan@example.com,Coffee Maker,Home & Kitchen,KHI-01,Karachi,1,98.95,0,Mobile Wallet
TXN001509,06/01/2024,Fatima Iqbal,fatima.iqbal@example.com,Cotton T-Shirt,Apparel,PSH-01,Peshawar,6,160.33,0,Debit Card
TXN000046,04/12/2024,Sana Raza,sana.raza@example.com,Running Shoes,Apparel,FSD-01,Faisalabad,3,177.2,15,Cash
TXN001391,29/04/2026,Faisal Chaudhry,faisal.chaudhry@example.com,Denim Jacket,Apparel,KHI-02,Karachi,,,0,Debit Card
TXN002290,2025-03-27,Kamran Khan,kamran.khan@example.com,Bluetooth Speaker,Electronics,LHR-02,Lahore,2,32.27,10,Cash
TXN001717,2026-05-07,Kamran Butt,,Lip Balm,Beauty,KHI-02,Karachi,3,146.97,0,Mobile Wallet
TXN000896,10-Apr-2025,Usman Sheikh,usman.sheikh@example.com,Cotton T-Shirt,Apparel,PSH-01,Peshawar,4,139.26,15,cash
TXN004919,09/02/2026,  Faisal Khan  ,faisal.khan@example.com,Running Shoes,Apparel,FSD-01,Faisalabad,4,213.32,15,cash
TXN004521,2026-03-10,Ayesha Khan,ayesha.khan@example.com,Cotton T-Shirt,Apparel,LHR-02,Lahore,2,54.38,20,cash
TXN000800,2025-06-03,Ahmed Butt,ahmed.butt@example.com,Sunscreen SPF50,Beauty,ISB-01,Islamabad,3,108.14,0,Cash
TXN000097,26-Jan-2026,Omar Sheikh,omar.sheikh@example.com,Blender,Home & Kitchen,MUL-01,Multan,1,228.55,0,Credit Card
TXN001068,2024-06-03,Zainab Farooq,zainab.farooq@example.com,Sports Cap,Apparel,PSH-01,Peshawar,3,206.97,0,Mobile Wallet
TXN001198,22/03/2026,HASSAN FAROOQ,hassan.farooq@example.com,Ceramic Mug Set,Home & Kitchen,LHR-01,Lahore,6,213.92,15,Credit Card
TXN000553,2026-07-12,  Kamran Butt  ,kamran.butt@example.com,Face Moisturizer,Beauty,KHI-01,Karachi,5,77.16,20,Debit Card
TXN000071,10/04/2025,SARA IQBAL,sara.iqbal@example.com,Hair Dryer,Beauty,FSD-01,Faisalabad,6,169.84,15,Debit Card
TXN000386,21-Mar-2025,Faisal Raza,faisal.raza@example.com,Bluetooth Speaker,Electronics,MUL-01,Multan,2,56.75,5,Debit Card
TXN001897,2025-07-12,Bilal Butt,,Blender,Home & Kitchen,LHR-01,Lahore,3,190.22,15,Credit Card
TXN004086,01/09/2025,Omar Iqbal,omar.iqbal@example.com,Shampoo 500ml,Beauty,LHR-02,Lahore,5,162.58,0,Cash
TXN001907,30-Oct-2024,Bilal Sheikh,bilal.sheikh@example.com,Sports Cap,Apparel,PSH-01,Peshawar,,87.77,0,cash
TXN004080,21-Apr-2025,Ayesha Chaudhry,ayesha.chaudhry@example.com,Coffee Maker,Home & Kitchen,LHR-01,Lahore,3,188.06,5,CREDIT CARD
TXN004543,15/06/2026,Ahmed Chaudhry,ahmed.chaudhry@example.com,Running Shoes,Apparel,KHI-01,Karachi,6,43.8,0,Mobile Wallet
TXN002496,2026-01-29,Ahmed Butt,ahmed.butt@example.com,USB-C Cable,Electronics,KHI-02,Karachi,5,219.27,5,cash
TXN002924,2025-07-05,Mariam Iqbal,mariam.iqbal@example.com,Denim Jacket,Apparel,LHR-02,Lahore,1,200.1,0,Debit Card
TXN003081,2025-01-21,Zainab Raza,zainab.raza@example.com,Resistance Bands,Sports,LHR-01,Lahore,2,112.33,0,Debit Card
TXN002239,05/06/2026,Hassan Raza,hassan.raza@example.com,Cotton T-Shirt,Apparel,KHI-02,Karachi,6,166.68,0,cash
TXN000030,15-Mar-2026,Faisal Khan,faisal.khan@example.com,Sports Cap,Apparel,ISB-01,Islamabad,3,153.63,0,cash
TXN002286,28-Mar-2025,  Noor Raza  ,noor.raza@example.com,Cycling Helmet,Sports,LHR-02,Lahore,2,77.72,0,Credit Card
TXN004256,2025-05-18,Hassan Iqbal,hassan.iqbal@example.com,Ceramic Mug Set,Home & Kitchen,PSH-01,Peshawar,1,63.01,20,cash
TXN003575,20-Jun-2024,Fatima Chaudhry,,Coffee Maker,Home & Kitchen,KHI-02,Karachi,3,29.85,10,Mobile Wallet
TXN001718,18-Mar-2026,Noor Khan,noor.khan@example.com,Ceramic Mug Set,Home & Kitchen,KHI-02,Karachi,1,148.75,15,CREDIT CARD
TXN001558,09-Aug-2025,Kamran Khan,kamran.khan@example.com,Cotton T-Shirt,Apparel,FSD-01,Faisalabad,6,24.59,10,Mobile Wallet
TXN003560,20/10/2024,Mariam Malik,mariam.malik@example.com,Coffee Maker,Home & Kitchen,LHR-02,Lahore,1,107.89,10,CREDIT CARD
TXN002480,29/04/2024,Noor Butt,noor.butt@example.com,Wireless Mouse,Electronics,MUL-01,Multan,2,174.33,0,Debit Card
TXN002147,2024-09-30,Hassan Khan,hassan.khan@example.com,Coffee Maker,Home & Kitchen,KHI-02,Karachi,2,51.82,10,cash
TXN003370,2024-10-24,  Sana Malik  ,sana.malik@example.com,Blender,Home & Kitchen,FSD-01,Faisalabad,3,168.81,0,CREDIT CARD
TXN000473,2025-08-12,Ali Iqbal,ali.iqbal@example.com,Wool Sweater,Apparel,KHI-01,Karachi,2,32.15,20,CREDIT CARD
TXN004028,01-Mar-2024,Sana Raza,sana.raza@example.com,Wool Sweater,Apparel,KHI-01,Karachi,2,167.58,15,Cash
TXN001974,2024-10-01,Sana Chaudhry,sana.chaudhry@example.com,Wool Sweater,Apparel,FSD-01,Faisalabad,4,59.51,10,cash
TXN003474,2024-10-08,Ahmed Khan,ahmed.khan@example.com,Webcam HD,Electronics,KHI-01,Karachi,2,157.46,0,Mobile Wallet
TXN004033,2026-06-06,Sana Butt,sana.butt@example.com,Bluetooth Speaker,Electronics,PSH-01,Peshawar,1,66.93,0,Cash
TXN003100,2025-02-23,Usman Khan,usman.khan@example.com,Football,Sports,FSD-01,Faisalabad,5,71.61,20,CREDIT CARD
TXN002427,2024-06-27,Ali Farooq,ali.farooq@example.com,Cotton T-Shirt,Apparel,LHR-01,Lahore,6,171.03,0,Mobile Wallet
TXN003730,29-Nov-2025,Sana Malik,sana.malik@example.com,Non-Stick Pan,Home & Kitchen,MUL-01,Multan,1,145.41,0,Mobile Wallet
TXN000591,05/11/2025,Hassan Butt,,Cotton T-Shirt,Apparel,LHR-02,Lahore,6,131.15,20,Debit Card
TXN003734,2024-08-10,KAMRAN BUTT,kamran.butt@example.com,Football,Sports,ISB-01,Islamabad,3,239.71,5,cash
TXN001414,23/10/2025,SARA RAZA,sara.raza@example.com,Face Moisturizer,Beauty,LHR-02,Lahore,3,175.1,20,Debit Card
TXN002465,16-Oct-2024,Sana Raza,sana.raza@example.com,Cycling Helmet,Sports,LHR-02,Lahore,2,7.92,20,Credit Card
TXN001248,22/07/2026,Bilal Khan,bilal.khan@example.com,Sunscreen SPF50,Beauty,KHI-02,Karachi,5,86.85,5,Debit Card
TXN002856,2025-08-03,Ayesha Farooq,ayesha.farooq@example.com,Cycling Helmet,Sports,PSH-01,Peshawar,2,170.22,5,Credit Card
TXN003846,2024-02-13,HASSAN MALIK,hassan.malik@example.com,Lip Balm,Beauty,ISB-01,Islamabad,6,89.05,0,Debit Card
TXN000138,2026-02-14,Ali Raza,ali.raza@example.com,Lip Balm,Beauty,KHI-01,Karachi,6,48.0,10,Debit Card
TXN004611,15-Mar-2024,AYESHA CHAUDHRY,ayesha.chaudhry@example.com,Wool Sweater,Apparel,ISB-01,Islamabad,6,186.73,5,Mobile Wallet
TXN000736,14/02/2024,SARA KHAN,sara.khan@example.com,Bluetooth Speaker,Electronics,LHR-01,Lahore,6,90.67,0,cash
TXN003275,2024-09-07,Zainab Khan,zainab.khan@example.com,Sunscreen SPF50,Beauty,LHR-01,Lahore,3,28.66,5,Debit Card
TXN003179,2025-11-14,Kamran Raza,kamran.raza@example.com,Laptop Stand,Electronics,MUL-01,Multan,4,73.37,15,Credit Card
TXN004308,14-Jul-2026,ALI SHEIKH,ali.sheikh@example.com,Resistance Bands,Sports,MUL-01,Multan,5,42.55,15,cash
TXN000336,15/05/2026,Mariam Raza,mariam.raza@example.com,Coffee Maker,Home & Kitchen,PSH-01,Peshawar,6,106.02,10,Cash
TXN003811,16/04/2024,AHMED CHAUDHRY,ahmed.chaudhry@example.com,Hair Dryer,Beauty,ISB-01,Islamabad,5,6.56,10,Mobile Wallet
TXN000960,20/04/2026,ZAINAB RAZA,zainab.raza@example.com,Shampoo 500ml,Beauty,LHR-01,Lahore,3,138.42,10,cash
TXN000437,2024-05-20,Hina Farooq,hina.farooq@example.com,Lip Balm,Beauty,MUL-01,Multan,4,50.57,20,Debit Card
TXN000363,2024-12-23,  Usman Khan  ,usman.khan@example.com,Bluetooth Speaker,Electronics,ISB-01,Islamabad,1,40.62,0,Debit Card
TXN004749,2025-12-11,Ali Butt,ali.butt@example.com,Denim Jacket,Apparel,PSH-01,Peshawar,5,133.7,0,CREDIT CARD
TXN002632,30-Sep-2024,FAISAL SHEIKH,faisal.sheikh@example.com,Blender,Home & Kitchen,KHI-02,Karachi,5,129.77,15,CREDIT CARD
TXN002167,24/10/2024,Usman Raza,usman.raza@example.com,Wireless Mouse,Electronics,LHR-01,Lahore,3,109.66,5,Mobile Wallet
TXN004624,2024-09-17,Zainab Malik,zainab.malik@example.com,Face Moisturizer,Beauty,MUL-01,Multan,5,137.26,15,cash
TXN004176,2025-12-05,Bilal Iqbal,,Resistance Bands,Sports,LHR-02,Lahore,5,115.6,15,Debit Card
TXN002789,31-Jan-2025,Ahmed Raza,ahmed.raza@example.com,Non-Stick Pan,Home & Kitchen,ISB-01,Islamabad,5,122.29,20,Debit Card
TXN004823,19/05/2024,  Zainab Farooq  ,zainab.farooq@example.com,Dumbbell Set,Sports,KHI-01,Karachi,5,119.86,0,Cash
TXN000798,2024-01-09,Omar Malik,omar.malik@example.com,Hair Dryer,Beauty,LHR-01,Lahore,3,108.24,0,Debit Card
TXN002236,07-Jan-2025,Fatima Sheikh,fatima.sheikh@example.com,Face Moisturizer,Beauty,KHI-02,Karachi,5,162.93,0,CREDIT CARD
TXN004316,2024-09-19,AHMED FAROOQ,ahmed.farooq@example.com,Ceramic Mug Set,Home & Kitchen,LHR-02,Lahore,2,235.02,0,cash
TXN002993,08-Jul-2024,Zainab Chaudhry,zainab.chaudhry@example.com,Yoga Mat,Sports,KHI-01,Karachi,2,134.08,0,CREDIT CARD
TXN004764,22/02/2025,ALI FAROOQ,ali.farooq@example.com,Ceramic Mug Set,Home & Kitchen,LHR-02,Lahore,1,84.31,0,Cash
TXN000743,22/09/2025,Ayesha Chaudhry,,LED Desk Lamp,Home & Kitchen,LHR-02,Lahore,6,93.62,20,cash
TXN000559,06/08/2025,Sara Iqbal,,Shampoo 500ml,Beauty,MUL-01,Multan,3,161.56,10,Cash
TXN001398,2024-02-01,Mariam Butt,mariam.butt@example.com,Shampoo 500ml,Beauty,LHR-02,Lahore,4,88.05,0,Mobile Wallet
TXN001833,2026-06-05,Omar Raza,omar.raza@example.com,Bluetooth Speaker,Electronics,MUL-01,Multan,3,97.31,10,Cash
TXN003918,2025-03-29,AYESHA MALIK,ayesha.malik@example.com,Cotton T-Shirt,Apparel,LHR-02,Lahore,5,239.95,20,Credit Card
TXN002835,2025-03-30,Hina Iqbal,hina.iqbal@example.com,Wool Sweater,Apparel,MUL-01,Multan,3,76.86,15,cash
TXN003046,06/10/2024,Ayesha Khan,ayesha.khan@example.com,Shampoo 500ml,Beauty,FSD-01,Faisalabad,5,80.8,20,Cash
TXN001578,04-Jan-2024,Faisal Butt,faisal.butt@example.com,Hair Dryer,Beauty,ISB-01,Islamabad,4,215.23,0,Credit Card
TXN000148,2026-06-03,Faisal Farooq,faisal.farooq@example.com,Bluetooth Speaker,Electronics,LHR-01,Lahore,3,39.33,10,Debit Card
TXN004497,30-Apr-2025,Hassan Sheikh,hassan.sheikh@example.com,Laptop Stand,Electronics,KHI-01,Karachi,6,112.27,0,cash
TXN003798,06-Sep-2024,Sara Chaudhry,sara.chaudhry@example.com,Coffee Maker,Home & Kitchen,LHR-01,Lahore,3,69.09,0,Cash
TXN003773,2024-08-16,Ahmed Sheikh,ahmed.sheikh@example.com,Denim Jacket,Apparel,LHR-01,Lahore,6,72.48,0,Mobile Wallet
TXN004784,02-Sep-2025,Faisal Farooq,faisal.farooq@example.com,Ceramic Mug Set,Home & Kitchen,PSH-01,Peshawar,3,210.06,0,CREDIT CARD
TXN001473,2025-08-23,Kamran Raza,kamran.raza@example.com,Non-Stick Pan,Home & Kitchen,KHI-02,Karachi,4,49.3,5,Debit Card
TXN004951,19-Dec-2024,  Faisal Butt  ,faisal.butt@example.com,Wool Sweater,Apparel,KHI-02,Karachi,4,49.89,15,cash
TXN002674,25-Dec-2024,Sana Malik,sana.malik@example.com,Sports Cap,Apparel,PSH-01,Peshawar,3,163.98,10,CREDIT CARD
TXN004447,01-Mar-2025,Hassan Malik,hassan.malik@example.com,Webcam HD,Electronics,PSH-01,Peshawar,5,197.34,5,CREDIT CARD
TXN001265,2025-10-13,Bilal Malik,bilal.malik@example.com,Cycling Helmet,Sports,ISB-01,Islamabad,4,135.78,15,cash
TXN001182,06-Jul-2026,Sara Butt,sara.butt@example.com,Wireless Mouse,Electronics,ISB-01,Islamabad,6,65.83,20,Cash
TXN002267,09/11/2024,Zainab Iqbal,zainab.iqbal@example.com,LED Desk Lamp,Home & Kitchen,KHI-01,Karachi,5,99.09,10,CREDIT CARD
TXN001264,31/03/2024,Faisal Sheikh,faisal.sheikh@example.com,Denim Jacket,Apparel,KHI-01,Karachi,3,242.32,0,CREDIT CARD
TXN003440,30/04/2025,Zainab Khan,zainab.khan@example.com,Resistance Bands,Sports,FSD-01,Faisalabad,5,65.3,0,cash
TXN004950,2025-04-27,Fatima Farooq,fatima.farooq@example.com,Cycling Helmet,Sports,MUL-01,Multan,6,65.58,20,cash
TXN003030,31-Oct-2025,SANA RAZA,sana.raza@example.com,Sunscreen SPF50,Beauty,LHR-01,Lahore,5,157.9,5,Mobile Wallet
TXN000234,14-Nov-2024,Mariam Khan,mariam.khan@example.com,Wool Sweater,Apparel,PSH-01,Peshawar,2,129.16,10,Credit Card
TXN004347,25-Sep-2025,Ayesha Raza,ayesha.raza@example.com,Yoga Mat,Sports,ISB-01,Islamabad,6,79.64,5,cash
TXN000149,24-Jul-2025,Bilal Butt,bilal.butt@example.com,Coffee Maker,Home & Kitchen,ISB-01,Islamabad,2,220.53,5,Credit Card
TXN004635,22-Apr-2025,FAISAL KHAN,faisal.khan@example.com,Cotton T-Shirt,Apparel,MUL-01,Multan,1,85.34,0,Mobile Wallet
TXN002985,21-Mar-2024,Ahmed Butt,ahmed.butt@example.com,Coffee Maker,Home & Kitchen,PSH-01,Peshawar,1,168.36,0,CREDIT CARD
TXN000316,2024-04-07,Hassan Malik,hassan.malik@example.com,Bluetooth Speaker,Electronics,KHI-02,Karachi,4,234.51,5,cash
TXN004614,08-Jan-2025,Noor Raza,noor.raza@example.com,Yoga Mat,Sports,LHR-01,Lahore,2,5.31,15,Cash
TXN002860,2025-11-20,Sana Iqbal,sana.iqbal@example.com,Webcam HD,Electronics,PSH-01,Peshawar,1,36.54,0,Cash
TXN001852,06-Jun-2025,Sana Khan,sana.khan@example.com,Denim Jacket,Apparel,MUL-01,Multan,6,103.98,20,Debit Card
TXN000294,01/04/2026,Mariam Khan,mariam.khan@example.com,Hair Dryer,Beauty,MUL-01,Multan,4,198.44,20,CREDIT CARD
TXN000375,23-Feb-2026,Omar Farooq,omar.farooq@example.com,Non-Stick Pan,Home & Kitchen,LHR-02,Lahore,1,187.66,0,Debit Card
TXN002443,25/09/2025,  Bilal Iqbal  ,bilal.iqbal@example.com,Non-Stick Pan,Home & Kitchen,ISB-01,Islamabad,1,16.33,0,cash
TXN001071,08-Sep-2025,Sana Khan,sana.khan@example.com,Webcam HD,Electronics,LHR-01,Lahore,5,141.77,20,cash
TXN000156,27-Jul-2026,Hina Sheikh,,Shampoo 500ml,Beauty,FSD-01,Faisalabad,1,247.63,0,CREDIT CARD
TXN000358,19/06/2024,Faisal Chaudhry,faisal.chaudhry@example.com,Running Shoes,Apparel,PSH-01,Peshawar,1,77.13,5,CREDIT CARD
TXN003285,2025-08-30,  Zainab Raza  ,zainab.raza@example.com,Ceramic Mug Set,Home & Kitchen,LHR-01,Lahore,3,228.3,0,Cash
TXN003119,09-Mar-2024,Sara Iqbal,sara.iqbal@example.com,Cycling Helmet,Sports,KHI-02,Karachi,5,114.52,0,Debit Card
TXN000738,28/09/2025,Ahmed Raza,ahmed.raza@example.com,LED Desk Lamp,Home & Kitchen,LHR-02,Lahore,2,73.55,10,Cash
TXN004034,2026-02-23,Zainab Malik,zainab.malik@example.com,Hair Dryer,Beauty,ISB-01,Islamabad,2,236.06,15,CREDIT CARD
TXN004912,28/06/2026,Ali Farooq,ali.farooq@example.com,Sports Cap,Apparel,KHI-01,Karachi,4,178.95,0,CREDIT CARD
TXN003909,10-Feb-2026,Ayesha Khan,ayesha.khan@example.com,USB-C Cable,Electronics,PSH-01,Peshawar,5,232.07,15,CREDIT CARD
TXN004978,04/01/2026,Sara Malik,sara.malik@example.com,Laptop Stand,Electronics,KHI-02,Karachi,4,124.96,10,Mobile Wallet
TXN002474,10/07/2026,  Kamran Iqbal  ,kamran.iqbal@example.com,Dumbbell Set,Sports,LHR-02,Lahore,4,218.15,0,CREDIT CARD
TXN001232,2025-06-26,Ayesha Raza,ayesha.raza@example.com,Ceramic Mug Set,Home & Kitchen,ISB-01,Islamabad,3,104.38,15,Mobile Wallet
TXN000322,05-Oct-2024,Zainab Malik,zainab.malik@example.com,Bluetooth Speaker,Electronics,KHI-01,Karachi,2,157.57,10,Credit Card
TXN000280,2024-04-27,Hina Butt,hina.butt@example.com,Dumbbell Set,Sports,KHI-01,Karachi,5,169.39,10,Mobile Wallet
TXN002691,2026-02-11,Omar Raza,omar.raza@example.com,Football,Sports,PSH-01,Peshawar,3,173.1,0,Mobile Wallet
TXN002193,15/06/2026,Hassan Butt,hassan.butt@example.com,Football,Sports,KHI-02,Karachi,5,149.98,0,Cash
TXN003124,2024-06-06,NOOR BUTT,noor.butt@example.com,Blender,Home & Kitchen,KHI-01,Karachi,3,29.41,0,cash
TXN000977,2026-03-31,Bilal Raza,bilal.raza@example.com,Yoga Mat,Sports,ISB-01,Islamabad,4,51.22,0,Mobile Wallet
TXN001088,17/04/2026,Usman Chaudhry,usman.chaudhry@example.com,Cotton T-Shirt,Apparel,KHI-01,Karachi,2,129.72,15,Mobile Wallet
TXN002660,2025-09-02,Noor Malik,noor.malik@example.com,Sports Cap,Apparel,LHR-01,Lahore,3,122.94,15,Mobile Wallet
TXN000979,2024-01-29,Noor Khan,noor.khan@example.com,Ceramic Mug Set,Home & Kitchen,LHR-01,Lahore,3,169.56,20,Cash
TXN002897,2026-05-26,  KAMRAN FAROOQ  ,kamran.farooq@example.com,Resistance Bands,Sports,KHI-02,Karachi,5,113.77,0,CREDIT CARD
TXN003695,23-Jan-2024,Zainab Butt,zainab.butt@example.com,Lip Balm,Beauty,MUL-01,Multan,2,125.8,0,Credit Card
TXN003049,04-Nov-2024,Mariam Iqbal,mariam.iqbal@example.com,LED Desk Lamp,Home & Kitchen,FSD-01,Faisalabad,4,126.97,5,cash
TXN004617,2024-11-09,SANA MALIK,sana.malik@example.com,Denim Jacket,Apparel,LHR-01,Lahore,4,186.55,0,cash
TXN002646,01-Apr-2025,Kamran Sheikh,kamran.sheikh@example.com,Ceramic Mug Set,Home & Kitchen,PSH-01,Peshawar,2,88.07,10,cash
TXN003060,03/11/2024,Sana Sheikh,,Cotton T-Shirt,Apparel,MUL-01,Multan,3,210.01,0,Mobile Wallet
TXN003876,01/06/2026,Omar Butt,omar.butt@example.com,Webcam HD,Electronics,FSD-01,Faisalabad,6,74.48,5,CREDIT CARD
TXN003910,16/04/2025,Noor Farooq,noor.farooq@example.com,Coffee Maker,Home & Kitchen,KHI-02,Karachi,4,10.78,0,Debit Card
TXN002168,28/04/2024,Fatima Malik,fatima.malik@example.com,Ceramic Mug Set,Home & Kitchen,MUL-01,Multan,2,15.85,5,CREDIT CARD
TXN000651,10/03/2025,  Fatima Sheikh  ,fatima.sheikh@example.com,Cotton T-Shirt,Apparel,KHI-01,Karachi,1,18.25,20,cash
TXN003648,23-Nov-2025,Zainab Iqbal,zainab.iqbal@example.com,Lip Balm,Beauty,PSH-01,Peshawar,3,112.55,0,CREDIT CARD
TXN002861,28-Jan-2024,FATIMA IQBAL,fatima.iqbal@example.com,Resistance Bands,Sports,KHI-02,Karachi,6,,0,Credit Card
TXN003702,04-Dec-2025,Sara Butt,sara.butt@example.com,Wireless Mouse,Electronics,LHR-01,Lahore,1,46.29,0,Debit Card
TXN001290,16/12/2024,Sara Malik,sara.malik@example.com,Laptop Stand,Electronics,ISB-01,Islamabad,1,109.92,10,CREDIT CARD
TXN000400,14/11/2025,Kamran Chaudhry,kamran.chaudhry@example.com,Ceramic Mug Set,Home & Kitchen,LHR-02,Lahore,1,68.05,5,Debit Card
TXN000841,2025-01-14,Hassan Farooq,hassan.farooq@example.com,Lip Balm,Beauty,KHI-02,Karachi,6,80.03,5,Debit Card
TXN004012,2026-07-08,Sara Malik,sara.malik@example.com,Shampoo 500ml,Beauty,KHI-01,Karachi,2,186.74,10,cash
TXN004443,06/12/2025,Zainab Khan,zainab.khan@example.com,LED Desk Lamp,Home & Kitchen,PSH-01,Peshawar,3,197.14,5,Credit Card
TXN004155,2025-11-30,Ayesha Farooq,ayesha.farooq@example.com,Hair Dryer,Beauty,KHI-02,Karachi,3,29.72,0,Mobile Wallet
TXN002066,03/04/2026,Fatima Sheikh,fatima.sheikh@example.com,Sports Cap,Apparel,PSH-01,Peshawar,6,120.27,0,Mobile Wallet
TXN001337,22-Jan-2024,Ahmed Butt,ahmed.butt@example.com,Cotton T-Shirt,Apparel,LHR-01,Lahore,2,173.61,0,Cash
TXN002594,28-May-2025,Ali Butt,ali.butt@example.com,Cotton T-Shirt,Apparel,LHR-02,Lahore,2,42.69,10,CREDIT CARD
TXN003175,28-Jan-2024,Ali Raza,ali.raza@example.com,Sunscreen SPF50,Beauty,MUL-01,Multan,1,14.04,0,Credit Card
TXN000439,02/02/2026,  Hassan Farooq  ,hassan.farooq@example.com,Cotton T-Shirt,Apparel,LHR-02,Lahore,5,147.36,15,Mobile Wallet
TXN001795,2024-01-15,Hina Butt,hina.butt@example.com,Laptop Stand,Electronics,KHI-02,Karachi,1,223.43,0,Cash
TXN002320,21/03/2025,Hassan Malik,hassan.malik@example.com,Webcam HD,Electronics,FSD-01,Faisalabad,1,93.12,10,Credit Card
TXN002018,2024-08-31,  Kamran Chaudhry  ,,Bluetooth Speaker,Electronics,LHR-02,Lahore,3,67.41,20,cash
TXN002883,2024-06-10,Usman Khan,usman.khan@example.com,Resistance Bands,Sports,PSH-01,Peshawar,4,105.86,5,cash
TXN000370,09/12/2024,Bilal Farooq,bilal.farooq@example.com,Bluetooth Speaker,Electronics,PSH-01,Peshawar,4,197.08,10,Debit Card
TXN001766,26/11/2025,Usman Chaudhry,usman.chaudhry@example.com,USB-C Cable,Electronics,LHR-01,Lahore,1,77.91,0,Mobile Wallet
TXN004293,02-Mar-2024,SARA FAROOQ,sara.farooq@example.com,Coffee Maker,Home & Kitchen,MUL-01,Multan,5,148.33,15,Mobile Wallet
TXN002471,28/05/2026,Faisal Chaudhry,faisal.chaudhry@example.com,Laptop Stand,Electronics,LHR-01,Lahore,5,143.85,15,CREDIT CARD
TXN003222,16/07/2024,Zainab Raza,zainab.raza@example.com,Coffee Maker,Home & Kitchen,FSD-01,Faisalabad,5,219.32,0,Mobile Wallet
TXN001154,22/08/2024,Bilal Farooq,bilal.farooq@example.com,Bluetooth Speaker,Electronics,FSD-01,Faisalabad,3,34.07,10,Debit Card
TXN001523,03/05/2025,Ayesha Butt,ayesha.butt@example.com,Ceramic Mug Set,Home & Kitchen,KHI-01,Karachi,4,141.21,0,Debit Card
TXN002087,01/07/2025,Hina Chaudhry,hina.chaudhry@example.com,Sports Cap,Apparel,LHR-02,Lahore,,229.91,5,Cash
TXN004118,2026-01-24,Zainab Sheikh,zainab.sheikh@example.com,Hair Dryer,Beauty,MUL-01,Multan,4,153.55,0,Cash
TXN003099,15-Apr-2026,Hassan Iqbal,hassan.iqbal@example.com,Sports Cap,Apparel,KHI-02,Karachi,4,28.87,0,Debit Card
TXN000295,04-Sep-2025,  Sana Butt  ,sana.butt@example.com,Shampoo 500ml,Beauty,ISB-01,Islamabad,,105.12,0,cash
TXN004463,2024-04-15,Sara Khan,sara.khan@example.com,Shampoo 500ml,Beauty,PSH-01,Peshawar,1,74.84,15,CREDIT CARD
TXN004323,15/01/2025,Sana Chaudhry,sana.chaudhry@example.com,Cycling Helmet,Sports,PSH-01,Peshawar,6,37.94,5,Mobile Wallet
TXN000236,16/06/2024,Hina Farooq,hina.farooq@example.com,Ceramic Mug Set,Home & Kitchen,PSH-01,Peshawar,6,188.5,0,Cash
TXN000493,2026-07-29,Kamran Farooq,kamran.farooq@example.com,Lip Balm,Beauty,FSD-01,Faisalabad,1,56.71,20,CREDIT CARD
TXN004860,21/06/2026,KAMRAN FAROOQ,kamran.farooq@example.com,Webcam HD,Electronics,MUL-01,Multan,1,22.8,0,CREDIT CARD
TXN003860,17-Feb-2024,BILAL KHAN,bilal.khan@example.com,Bluetooth Speaker,Electronics,FSD-01,Faisalabad,5,245.16,0,Cash
TXN002914,22-Jan-2024,Omar Khan,omar.khan@example.com,Non-Stick Pan,Home & Kitchen,LHR-01,Lahore,2,42.21,20,Mobile Wallet
TXN000323,2024-06-03,Bilal Farooq,bilal.farooq@example.com,USB-C Cable,Electronics,ISB-01,Islamabad,3,125.93,5,Debit Card
TXN001437,2026-02-17,ALI FAROOQ,ali.farooq@example.com,Shampoo 500ml,Beauty,PSH-01,Peshawar,4,180.19,5,Credit Card
TXN002088,2025-02-26,  Hassan Sheikh  ,,Cycling Helmet,Sports,FSD-01,Faisalabad,5,160.86,0,CREDIT CARD
TXN004872,22/07/2024,Zainab Sheikh,zainab.sheikh@example.com,Cotton T-Shirt,Apparel,LHR-02,Lahore,2,154.54,15,cash
TXN003926,2025-05-03,Ayesha Chaudhry,ayesha.chaudhry@example.com,Yoga Mat,Sports,KHI-02,Karachi,4,88.18,15,Debit Card
TXN004588,2024-07-11,BILAL CHAUDHRY,bilal.chaudhry@example.com,Coffee Maker,Home & Kitchen,KHI-02,Karachi,6,244.14,0,Cash
TXN001107,2024-09-13,Zainab Khan,zainab.khan@example.com,Laptop Stand,Electronics,ISB-01,Islamabad,5,102.6,5,CREDIT CARD
TXN002850,2025-08-13,SANA KHAN,sana.khan@example.com,Cotton T-Shirt,Apparel,ISB-01,Islamabad,4,44.15,0,Credit Card
TXN001477,2025-09-11,Sana Farooq,sana.farooq@example.com,Webcam HD,Electronics,PSH-01,Peshawar,6,96.72,0,cash
TXN002006,27/12/2024,Hina Farooq,hina.farooq@example.com,Dumbbell Set,Sports,LHR-02,Lahore,2,138.47,0,Credit Card
TXN002412,21-Oct-2024,OMAR SHEIKH,omar.sheikh@example.com,Lip Balm,Beauty,FSD-01,Faisalabad,5,157.69,10,cash
TXN004341,21/05/2026,Hassan Sheikh,,Non-Stick Pan,Home & Kitchen,MUL-01,Multan,1,85.02,0,Credit Card
TXN003267,17/01/2025,Kamran Khan,kamran.khan@example.com,Yoga Mat,Sports,PSH-01,Peshawar,1,242.33,0,Credit Card
TXN004311,10-Mar-2026,HASSAN CHAUDHRY,hassan.chaudhry@example.com,Blender,Home & Kitchen,MUL-01,Multan,,50.51,0,Mobile Wallet
TXN002722,24/12/2025,Zainab Iqbal,zainab.iqbal@example.com,Cycling Helmet,Sports,LHR-02,Lahore,5,189.38,0,Debit Card
TXN002049,25-Mar-2026,Bilal Chaudhry,bilal.chaudhry@example.com,Resistance Bands,Sports,PSH-01,Peshawar,2,38.4,0,CREDIT CARD
TXN001743,2025-06-02,Mariam Butt,mariam.butt@example.com,Resistance Bands,Sports,MUL-01,Multan,5,197.7,0,CREDIT CARD
TXN002421,29-Feb-2024,Bilal Farooq,bilal.farooq@example.com,Wireless Mouse,Electronics,LHR-01,Lahore,5,197.72,15,Cash
TXN001252,2025-03-23,FATIMA IQBAL,fatima.iqbal@example.com,Face Moisturizer,Beauty,FSD-01,Faisalabad,3,136.2,10,Debit Card
TXN004484,21-Jan-2025,Kamran Malik,kamran.malik@example.com,Wireless Mouse,Electronics,PSH-01,Peshawar,3,,0,CREDIT CARD
TXN003979,2024-07-19,Sara Chaudhry,sara.chaudhry@example.com,Resistance Bands,Sports,ISB-01,Islamabad,2,57.37,20,Cash
TXN001940,20/01/2024,Zainab Butt,zainab.butt@example.com,Sports Cap,Apparel,KHI-02,Karachi,2,83.27,20,Cash
TXN004172,2025-09-14,Hassan Butt,hassan.butt@example.com,Wool Sweater,Apparel,KHI-02,Karachi,1,156.32,0,Credit Card
TXN003711,31-Jan-2026,Ayesha Raza,ayesha.raza@example.com,Face Moisturizer,Beauty,PSH-01,Peshawar,2,190.04,0,Cash
TXN001925,16-Jul-2025,BILAL KHAN,bilal.khan@example.com,Running Shoes,Apparel,LHR-02,Lahore,2,181.61,10,Mobile Wallet
TXN003812,17-May-2024,Omar Iqbal,omar.iqbal@example.com,Cycling Helmet,Sports,LHR-02,Lahore,6,33.09,10,Credit Card
TXN003134,2024-09-02,  Usman Sheikh  ,usman.sheikh@example.com,Shampoo 500ml,Beauty,KHI-01,Karachi,2,20.01,20,Credit Card
TXN000829,31/12/2025,Ali Butt,ali.butt@example.com,Denim Jacket,Apparel,ISB-01,Islamabad,6,80.13,5,CREDIT CARD
TXN003483,2026-06-10,  Mariam Butt  ,mariam.butt@example.com,Dumbbell Set,Sports,ISB-01,Islamabad,3,12.81,0,Credit Card
TXN004298,26/07/2025,Ali Malik,ali.malik@example.com,USB-C Cable,Electronics,FSD-01,Faisalabad,2,219.34,15,Cash
TXN000625,21/06/2026,Sana Sheikh,sana.sheikh@example.com,Laptop Stand,Electronics,PSH-01,Peshawar,6,127.96,0,Credit Card
TXN000949,20-Jan-2024,Omar Iqbal,omar.iqbal@example.com,Sports Cap,Apparel,FSD-01,Faisalabad,,192.56,5,cash
TXN001102,20/02/2026,Ahmed Farooq,ahmed.farooq@example.com,Ceramic Mug Set,Home & Kitchen,KHI-01,Karachi,5,,20,Credit Card
TXN002163,31-Jan-2024,AHMED RAZA,ahmed.raza@example.com,Sports Cap,Apparel,PSH-01,Peshawar,4,86.28,10,Cash
TXN003939,2025-06-28,KAMRAN BUTT,kamran.butt@example.com,Hair Dryer,Beauty,MUL-01,Multan,4,244.04,0,CREDIT CARD
TXN003340,02-Jan-2024,  Mariam Raza  ,mariam.raza@example.com,Denim Jacket,Apparel,FSD-01,Faisalabad,6,231.09,20,CREDIT CARD
TXN001357,2024-05-25,  Mariam Sheikh  ,mariam.sheikh@example.com,Hair Dryer,Beauty,MUL-01,Multan,3,33.62,5,Cash
TXN000043,04/03/2026,Hina Chaudhry,hina.chaudhry@example.com,Shampoo 500ml,Beauty,MUL-01,Multan,6,118.89,0,Credit Card
TXN003096,09/05/2024,Kamran Khan,kamran.khan@example.com,Resistance Bands,Sports,LHR-01,Lahore,5,184.79,15,cash
TXN003568,06-Sep-2025,Ali Iqbal,ali.iqbal@example.com,Non-Stick Pan,Home & Kitchen,KHI-02,Karachi,4,96.4,10,Mobile Wallet
TXN003172,2025-04-01,  Sara Iqbal  ,sara.iqbal@example.com,Wool Sweater,Apparel,MUL-01,Multan,3,149.46,5,CREDIT CARD
TXN002300,2024-05-03,Ahmed Raza,ahmed.raza@example.com,Dumbbell Set,Sports,KHI-01,Karachi,2,95.26,10,CREDIT CARD
TXN004564,2024-04-21,Kamran Malik,kamran.malik@example.com,Shampoo 500ml,Beauty,LHR-02,Lahore,3,154.47,10,Debit Card
TXN001272,13/04/2026,Mariam Malik,mariam.malik@example.com,Coffee Maker,Home & Kitchen,KHI-02,Karachi,6,17.9,10,Cash
TXN001203,13-Jan-2024,Hina Malik,hina.malik@example.com,Sports Cap,Apparel,MUL-01,Multan,1,138.01,0,Credit Card
TXN000852,2024-07-04,Bilal Butt,bilal.butt@example.com,Sports Cap,Apparel,FSD-01,Faisalabad,5,11.43,0,cash
TXN003056,28-Nov-2025,Usman Iqbal,usman.iqbal@example.com,Bluetooth Speaker,Electronics,LHR-01,Lahore,4,22.64,0,Mobile Wallet
TXN004566,2025-09-22,Ayesha Raza,ayesha.raza@example.com,Coffee Maker,Home & Kitchen,LHR-02,Lahore,1,34.8,0,Credit Card
TXN003960,2024-08-11,Ayesha Khan,ayesha.khan@example.com,Dumbbell Set,Sports,LHR-02,Lahore,2,142.71,15,Cash
TXN003495,2025-01-14,Bilal Sheikh,bilal.sheikh@example.com,Yoga Mat,Sports,KHI-02,Karachi,2,68.38,20,Cash
TXN001103,09/03/2024,Ahmed Sheikh,ahmed.sheikh@example.com,Sunscreen SPF50,Beauty,MUL-01,Multan,5,10.57,0,Cash
TXN002435,11-Feb-2025,Bilal Sheikh,bilal.sheikh@example.com,Wireless Mouse,Electronics,PSH-01,Peshawar,3,127.56,20,CREDIT CARD
TXN002294,22-Jan-2024,Omar Butt,omar.butt@example.com,LED Desk Lamp,Home & Kitchen,KHI-01,Karachi,4,,0,Mobile Wallet
TXN004672,01/10/2025,Zainab Khan,zainab.khan@example.com,Webcam HD,Electronics,KHI-02,Karachi,4,170.62,10,Mobile Wallet
TXN002685,02-May-2026,Sara Malik,sara.malik@example.com,Lip Balm,Beauty,MUL-01,Multan,3,119.92,10,Cash
TXN000235,22/07/2024,AHMED FAROOQ,,Cotton T-Shirt,Apparel,KHI-02,Karachi,4,95.25,0,CREDIT CARD
TXN001816,2024-06-03,  AYESHA BUTT  ,ayesha.butt@example.com,Resistance Bands,Sports,MUL-01,Multan,4,59.48,15,CREDIT CARD
TXN001156,29-Mar-2025,Hassan Khan,hassan.khan@example.com,Sports Cap,Apparel,PSH-01,Peshawar,1,181.78,0,Mobile Wallet
TXN002837,16/11/2024,Faisal Iqbal,faisal.iqbal@example.com,Sports Cap,Apparel,PSH-01,Peshawar,4,34.77,0,Mobile Wallet
TXN001419,2025-07-27,Sara Sheikh,sara.sheikh@example.com,Wireless Mouse,Electronics,ISB-01,Islamabad,3,140.16,5,Credit Card
TXN001332,20-Feb-2026,  Sana Iqbal  ,sana.iqbal@example.com,Wool Sweater,Apparel,MUL-01,Multan,3,31.89,5,Debit Card
TXN000227,26/09/2024,Mariam Iqbal,mariam.iqbal@example.com,Football,Sports,KHI-01,Karachi,2,118.94,0,CREDIT CARD
TXN004417,05/10/2025,Hina Khan,hina.khan@example.com,Cycling Helmet,Sports,ISB-01,Islamabad,2,231.28,5,CREDIT CARD
TXN000373,2024-07-25,  Hina Malik  ,hina.malik@example.com,Coffee Maker,Home & Kitchen,ISB-01,Islamabad,1,113.72,0,Cash
TXN001194,08-Dec-2024,OMAR CHAUDHRY,omar.chaudhry@example.com,Denim Jacket,Apparel,MUL-01,Multan,2,,15,Mobile Wallet
TXN000231,20/06/2026,Fatima Malik,,Denim Jacket,Apparel,LHR-02,Lahore,3,220.08,10,Mobile Wallet
TXN001542,26-Nov-2025,  Sana Khan  ,sana.khan@example.com,Sunscreen SPF50,Beauty,LHR-01,Lahore,6,33.78,15,CREDIT CARD
TXN001849,12/11/2025,Ali Chaudhry,,Sports Cap,Apparel,MUL-01,Multan,1,226.12,0,cash
TXN003999,2025-02-22,Noor Sheikh,noor.sheikh@example.com,Running Shoes,Apparel,LHR-01,Lahore,3,61.93,15,Cash
TXN001762,24-Feb-2024,  Noor Sheikh  ,noor.sheikh@example.com,Denim Jacket,Apparel,LHR-02,Lahore,2,128.34,0,cash
TXN000975,20/07/2024,ALI SHEIKH,ali.sheikh@example.com,Denim Jacket,Apparel,LHR-02,Lahore,5,166.67,0,CREDIT CARD
TXN004680,03-Mar-2024,Usman Iqbal,usman.iqbal@example.com,Hair Dryer,Beauty,MUL-01,Multan,6,116.66,5,cash
TXN002264,11/04/2024,Zainab Chaudhry,zainab.chaudhry@example.com,Webcam HD,Electronics,KHI-02,Karachi,4,194.37,0,Cash
TXN003011,20/06/2025,Faisal Raza,faisal.raza@example.com,Wool Sweater,Apparel,LHR-01,Lahore,1,195.29,0,Mobile Wallet
TXN001991,03-Oct-2025,Hassan Chaudhry,hassan.chaudhry@example.com,Football,Sports,KHI-02,Karachi,1,,15,CREDIT CARD
TXN002041,2025-04-18,Kamran Khan,kamran.khan@example.com,Laptop Stand,Electronics,LHR-02,Lahore,1,229.83,0,Credit Card
TXN001603,2026-01-26,Sara Farooq,sara.farooq@example.com,USB-C Cable,Electronics,KHI-01,Karachi,6,131.56,0,Debit Card
TXN000292,2024-03-11,Hina Raza,hina.raza@example.com,Sports Cap,Apparel,ISB-01,Islamabad,2,97.66,20,cash
TXN003565,2024-07-19,Usman Sheikh,usman.sheikh@example.com,Blender,Home & Kitchen,LHR-02,Lahore,4,178.03,0,Mobile Wallet
TXN000406,11/11/2024,SANA IQBAL,sana.iqbal@example.com,Cotton T-Shirt,Apparel,KHI-02,Karachi,4,,0,Credit Card
TXN002848,11/04/2026,Ali Chaudhry,ali.chaudhry@example.com,Dumbbell Set,Sports,LHR-01,Lahore,6,209.95,10,CREDIT CARD
TXN002820,20/09/2024,Noor Farooq,noor.farooq@example.com,Yoga Mat,Sports,KHI-01,Karachi,4,198.17,0,Credit Card
TXN004472,17-Jun-2025,Mariam Raza,,Yoga Mat,Sports,KHI-01,Karachi,4,116.51,5,CREDIT CARD
TXN004941,05-Mar-2024,Faisal Malik,faisal.malik@example.com,Running Shoes,Apparel,FSD-01,Faisalabad,5,113.16,20,Mobile Wallet
TXN004239,15/10/2024,Zainab Khan,zainab.khan@example.com,Football,Sports,LHR-01,Lahore,1,117.77,0,Cash
TXN004628,03/06/2024,Omar Raza,omar.raza@example.com,Wool Sweater,Apparel,LHR-02,Lahore,6,245.86,15,Debit Card
TXN004292,23/03/2025,Sara Chaudhry,sara.chaudhry@example.com,Cycling Helmet,Sports,ISB-01,Islamabad,5,197.99,5,Credit Card
TXN000471,24-Feb-2026,Hina Farooq,hina.farooq@example.com,Running Shoes,Apparel,KHI-02,Karachi,1,104.54,20,Mobile Wallet
TXN002482,2024-03-27,Usman Chaudhry,usman.chaudhry@example.com,Non-Stick Pan,Home & Kitchen,ISB-01,Islamabad,3,30.79,0,cash
TXN003823,2025-01-03,Hassan Raza,hassan.raza@example.com,Denim Jacket,Apparel,ISB-01,Islamabad,5,139.49,0,cash
TXN003074,21/09/2025,  Fatima Chaudhry  ,fatima.chaudhry@example.com,Wool Sweater,Apparel,LHR-01,Lahore,1,179.56,20,Credit Card
TXN001488,2024-07-29,Noor Sheikh,noor.sheikh@example.com,Face Moisturizer,Beauty,PSH-01,Peshawar,,197.69,10,Debit Card
TXN003983,2025-03-27,Ali Butt,ali.butt@example.com,Face Moisturizer,Beauty,LHR-02,Lahore,5,80.7,0,Credit Card
TXN000457,08-Apr-2026,ALI KHAN,ali.khan@example.com,LED Desk Lamp,Home & Kitchen,LHR-01,Lahore,6,148.07,0,Debit Card
TXN001697,2025-12-11,Usman Farooq,usman.farooq@example.com,Dumbbell Set,Sports,KHI-02,Karachi,6,231.98,15,Mobile Wallet
TXN004601,2025-01-31,Usman Khan,usman.khan@example.com,Wireless Mouse,Electronics,LHR-02,Lahore,5,200.53,0,cash
TXN004157,29/08/2024,Ahmed Raza,ahmed.raza@example.com,Ceramic Mug Set,Home & Kitchen,MUL-01,Multan,1,18.28,0,Credit Card
TXN000228,04-Mar-2025,Ayesha Khan,ayesha.khan@example.com,USB-C Cable,Electronics,MUL-01,Multan,4,173.33,0,Credit Card
TXN000753,31-May-2024,OMAR MALIK,omar.malik@example.com,LED Desk Lamp,Home & Kitchen,FSD-01,Faisalabad,2,126.08,0,Cash
TXN004235,03/01/2024,Usman Raza,usman.raza@example.com,Face Moisturizer,Beauty,KHI-01,Karachi,2,6.11,0,Mobile Wallet
TXN000605,2024-03-25,Hassan Farooq,hassan.farooq@example.com,Laptop Stand,Electronics,MUL-01,Multan,6,124.86,10,cash
TXN004983,2024-10-19,Fatima Raza,fatima.raza@example.com,LED Desk Lamp,Home & Kitchen,ISB-01,Islamabad,4,237.14,20,cash
TXN003229,11/08/2025,Fatima Malik,fatima.malik@example.com,Denim Jacket,Apparel,LHR-02,Lahore,6,156.77,10,Credit Card
TXN003413,09-Aug-2024,Kamran Farooq,kamran.farooq@example.com,Hair Dryer,Beauty,LHR-01,Lahore,4,30.87,5,Debit Card
TXN002777,2024-11-11,Faisal Sheikh,faisal.sheikh@example.com,Blender,Home & Kitchen,ISB-01,Islamabad,4,,0,Cash
TXN001993,26/02/2025,Sana Farooq,sana.farooq@example.com,Blender,Home & Kitchen,LHR-02,Lahore,6,242.51,0,Credit Card
TXN002643,2025-10-14,Noor Iqbal,noor.iqbal@example.com,Denim Jacket,Apparel,LHR-02,Lahore,4,222.67,0,Mobile Wallet
TXN001830,04-Feb-2026,Ayesha Raza,ayesha.raza@example.com,Denim Jacket,Apparel,PSH-01,Peshawar,4,176.42,20,Mobile Wallet
TXN003162,2024-04-27,Sara Raza,sara.raza@example.com,Face Moisturizer,Beauty,KHI-01,Karachi,1,241.33,5,Cash
TXN000298,31-Mar-2026,Fatima Butt,fatima.butt@example.com,Wool Sweater,Apparel,KHI-01,Karachi,6,155.44,15,Credit Card
TXN000781,2025-12-11,Sara Khan,sara.khan@example.com,Denim Jacket,Apparel,PSH-01,Peshawar,3,136.74,10,Cash
TXN004844,2025-03-08,Sara Khan,sara.khan@example.com,Denim Jacket,Apparel,MUL-01,Multan,2,,0,Debit Card
TXN001094,21/02/2026,Sana Sheikh,sana.sheikh@example.com,Laptop Stand,Electronics,LHR-01,Lahore,1,243.22,0,Debit Card
TXN004887,23-Sep-2025,Ayesha Sheikh,ayesha.sheikh@example.com,Bluetooth Speaker,Electronics,PSH-01,Peshawar,4,37.0,0,Cash
TXN000920,26-Apr-2024,Sana Chaudhry,sana.chaudhry@example.com,Football,Sports,KHI-01,Karachi,4,236.62,5,Mobile Wallet
TXN002328,21/06/2026,Omar Butt,omar.butt@example.com,Cotton T-Shirt,Apparel,KHI-01,Karachi,5,43.94,20,Mobile Wallet
TXN000846,07/11/2025,Kamran Butt,kamran.butt@example.com,Sports Cap,Apparel,LHR-02,Lahore,3,141.39,20,Credit Card
TXN000249,30-Apr-2025,Noor Farooq,noor.farooq@example.com,Wireless Mouse,Electronics,LHR-02,Lahore,6,,5,CREDIT CARD
TXN004164,03/07/2024,  Usman Butt  ,usman.butt@example.com,Lip Balm,Beauty,LHR-01,Lahore,3,39.37,20,Debit Card
TXN003205,05/01/2025,Hina Butt,,Ceramic Mug Set,Home & Kitchen,FSD-01,Faisalabad,3,48.79,20,Debit Card
TXN004375,10/12/2024,Sara Farooq,sara.farooq@example.com,Webcam HD,Electronics,KHI-01,Karachi,2,107.6,15,Credit Card
TXN004202,2025-11-14,  KAMRAN FAROOQ  ,kamran.farooq@example.com,Football,Sports,LHR-01,Lahore,3,223.88,0,Cash
TXN003505,24-Jun-2025,Sana Farooq,sana.farooq@example.com,Denim Jacket,Apparel,ISB-01,Islamabad,5,72.07,5,Mobile Wallet
TXN000063,24/01/2025,Sara Raza,sara.raza@example.com,LED Desk Lamp,Home & Kitchen,MUL-01,Multan,4,158.57,0,Cash
TXN000768,11/11/2024,Sana Butt,sana.butt@example.com,Non-Stick Pan,Home & Kitchen,ISB-01,Islamabad,5,105.4,20,CREDIT CARD
TXN000462,09-Apr-2025,Usman Iqbal,usman.iqbal@example.com,Ceramic Mug Set,Home & Kitchen,FSD-01,Faisalabad,2,192.04,10,Cash
TXN001415,01/09/2024,Ali Malik,ali.malik@example.com,Bluetooth Speaker,Electronics,ISB-01,Islamabad,1,106.15,10,cash
TXN002020,20/02/2025,Ahmed Raza,ahmed.raza@example.com,Blender,Home & Kitchen,KHI-01,Karachi,4,83.69,0,Credit Card
TXN003741,31-Aug-2025,Ali Farooq,ali.farooq@example.com,Yoga Mat,Sports,KHI-01,Karachi,2,131.03,20,Cash
TXN004351,20-Apr-2025,Omar Iqbal,omar.iqbal@example.com,Coffee Maker,Home & Kitchen,LHR-01,Lahore,4,180.61,0,Mobile Wallet
TXN003181,01/03/2026,Faisal Farooq,faisal.farooq@example.com,Sunscreen SPF50,Beauty,FSD-01,Faisalabad,3,235.91,5,Debit Card
TXN003106,2024-05-10,Fatima Raza,fatima.raza@example.com,Yoga Mat,Sports,LHR-01,Lahore,2,98.14,10,CREDIT CARD
TXN002599,18-Feb-2026,  Usman Farooq  ,usman.farooq@example.com,LED Desk Lamp,Home & Kitchen,PSH-01,Peshawar,1,238.43,10,Credit Card
TXN004943,01-Dec-2024,Noor Khan,,Hair Dryer,Beauty,KHI-02,Karachi,1,233.57,15,CREDIT CARD
TXN000341,2025-08-01,Ahmed Chaudhry,ahmed.chaudhry@example.com,Yoga Mat,Sports,MUL-01,Multan,6,85.07,15,Mobile Wallet
TXN001696,2025-11-02,Mariam Malik,mariam.malik@example.com,Football,Sports,KHI-01,Karachi,2,117.44,0,Credit Card
TXN000475,2025-10-03,Ali Khan,ali.khan@example.com,Hair Dryer,Beauty,KHI-02,Karachi,4,227.18,0,Credit Card
TXN000176,18-Feb-2025,Omar Iqbal,omar.iqbal@example.com,Sports Cap,Apparel,KHI-01,Karachi,6,50.19,15,cash
TXN002808,23/02/2025,  Hina Iqbal  ,hina.iqbal@example.com,Resistance Bands,Sports,ISB-01,Islamabad,5,203.68,20,Mobile Wallet
TXN003804,23/09/2024,HINA SHEIKH,hina.sheikh@example.com,Cotton T-Shirt,Apparel,ISB-01,Islamabad,6,,20,Debit Card
TXN004222,2025-08-18,NOOR RAZA,noor.raza@example.com,Webcam HD,Electronics,KHI-02,Karachi,6,84.06,5,Mobile Wallet
TXN001500,23/01/2024,Faisal Farooq,faisal.farooq@example.com,Denim Jacket,Apparel,LHR-01,Lahore,1,120.4,15,Cash
TXN000767,30/06/2026,Ayesha Khan,ayesha.khan@example.com,Hair Dryer,Beauty,MUL-01,Multan,3,19.9,5,Mobile Wallet
TXN001995,04/10/2025,Usman Iqbal,usman.iqbal@example.com,Cotton T-Shirt,Apparel,KHI-01,Karachi,4,153.85,15,cash
TXN000811,17/03/2025,Fatima Sheikh,fatima.sheikh@example.com,Denim Jacket,Apparel,LHR-02,Lahore,4,89.62,20,CREDIT CARD
TXN003998,03-Apr-2024,Ahmed Chaudhry,ahmed.chaudhry@example.com,Wool Sweater,Apparel,ISB-01,Islamabad,6,217.53,0,CREDIT CARD
TXN003491,2024-07-19,Hina Farooq,hina.farooq@example.com,LED Desk Lamp,Home & Kitchen,FSD-01,Faisalabad,1,176.35,10,CREDIT CARD
TXN001914,10-Feb-2026,AYESHA MALIK,ayesha.malik@example.com,Football,Sports,FSD-01,Faisalabad,3,196.91,0,Cash
TXN004185,05/04/2024,Noor Khan,noor.khan@example.com,Cotton T-Shirt,Apparel,KHI-02,Karachi,2,234.88,15,Cash
TXN002113,30-Jul-2024,Ayesha Iqbal,ayesha.iqbal@example.com,Blender,Home & Kitchen,KHI-01,Karachi,2,179.06,15,Cash
TXN001848,02-Mar-2025,Sara Butt,sara.butt@example.com,Resistance Bands,Sports,KHI-02,Karachi,2,36.35,0,Credit Card
TXN004651,2026-06-11,Hina Sheikh,hina.sheikh@example.com,Ceramic Mug Set,Home & Kitchen,ISB-01,Islamabad,5,127.35,5,Debit Card
TXN004071,2024-07-05,  Usman Iqbal  ,usman.iqbal@example.com,Lip Balm,Beauty,MUL-01,Multan,1,87.39,0,CREDIT CARD
TXN001047,12-Nov-2025,Bilal Butt,bilal.butt@example.com,Ceramic Mug Set,Home & Kitchen,KHI-02,Karachi,4,64.48,0,Credit Card
TXN001997,03/09/2024,Kamran Malik,kamran.malik@example.com,Dumbbell Set,Sports,MUL-01,Multan,5,147.88,20,Cash
TXN001299,12-Oct-2025,Hina Farooq,,Blender,Home & Kitchen,MUL-01,Multan,2,164.27,0,Cash
TXN001502,11-Jun-2025,Usman Chaudhry,usman.chaudhry@example.com,Sports Cap,Apparel,MUL-01,Multan,5,156.39,0,CREDIT CARD
TXN000581,08-Feb-2025,Mariam Farooq,mariam.farooq@example.com,Cotton T-Shirt,Apparel,LHR-01,Lahore,4,96.42,0,Mobile Wallet
TXN001402,24/08/2025,Ali Sheikh,,Cotton T-Shirt,Apparel,MUL-01,Multan,2,190.06,15,CREDIT CARD
TXN002753,2025-07-20,Faisal Khan,faisal.khan@example.com,LED Desk Lamp,Home & Kitchen,KHI-01,Karachi,1,213.69,0,Debit Card
TXN001728,19/09/2024,Mariam Chaudhry,,Hair Dryer,Beauty,LHR-02,Lahore,3,212.47,20,Credit Card
TXN004846,05-Dec-2024,Noor Raza,noor.raza@example.com,Cycling Helmet,Sports,KHI-01,Karachi,5,235.46,0,CREDIT CARD
TXN001388,22/02/2026,Hina Chaudhry,hina.chaudhry@example.com,Webcam HD,Electronics,KHI-01,Karachi,3,218.44,20,Debit Card
TXN000463,2024-05-31,Noor Khan,noor.khan@example.com,Wool Sweater,Apparel,ISB-01,Islamabad,6,41.87,5,Debit Card
TXN003470,07-Dec-2025,Omar Iqbal,omar.iqbal@example.com,Webcam HD,Electronics,MUL-01,Multan,4,58.69,5,Credit Card
TXN000519,26-Mar-2026,Sara Sheikh,sara.sheikh@example.com,Laptop Stand,Electronics,ISB-01,Islamabad,6,80.67,0,cash
TXN002846,25-Mar-2025,  Ali Iqbal  ,ali.iqbal@example.com,LED Desk Lamp,Home & Kitchen,LHR-01,Lahore,4,201.19,15,cash
TXN001919,2024-02-12,  SANA KHAN  ,sana.khan@example.com,Denim Jacket,Apparel,LHR-01,Lahore,3,134.13,0,Cash
TXN003202,2026-02-23,FAISAL KHAN,faisal.khan@example.com,Face Moisturizer,Beauty,ISB-01,Islamabad,,150.89,0,CREDIT CARD
TXN003315,08/12/2024,Mariam Raza,mariam.raza@example.com,Webcam HD,Electronics,KHI-01,Karachi,3,200.82,0,Debit Card
TXN004364,10-Dec-2024,HINA MALIK,hina.malik@example.com,Laptop Stand,Electronics,KHI-02,Karachi,2,209.96,0,cash
TXN002908,31-Oct-2025,Fatima Chaudhry,fatima.chaudhry@example.com,Hair Dryer,Beauty,KHI-02,Karachi,1,70.58,15,Debit Card
TXN002787,18/11/2024,  Hassan Chaudhry  ,hassan.chaudhry@example.com,Yoga Mat,Sports,PSH-01,Peshawar,6,18.61,0,CREDIT CARD
TXN002747,19-Jun-2025,Fatima Raza,fatima.raza@example.com,Coffee Maker,Home & Kitchen,MUL-01,Multan,5,177.27,5,CREDIT CARD
TXN000748,21-Feb-2025,Ali Raza,ali.raza@example.com,Lip Balm,Beauty,KHI-01,Karachi,3,96.81,0,Debit Card
TXN002338,06-Nov-2025,MARIAM CHAUDHRY,mariam.chaudhry@example.com,Blender,Home & Kitchen,LHR-02,Lahore,6,91.82,0,cash
TXN001597,2024-06-08,  Kamran Iqbal  ,kamran.iqbal@example.com,Dumbbell Set,Sports,ISB-01,Islamabad,4,172.89,5,CREDIT CARD
TXN004865,06-Jul-2025,FATIMA RAZA,fatima.raza@example.com,Ceramic Mug Set,Home & Kitchen,PSH-01,Peshawar,5,142.44,5,Credit Card
TXN004139,11/08/2025,Sara Chaudhry,sara.chaudhry@example.com,Yoga Mat,Sports,FSD-01,Faisalabad,6,168.6,0,Credit Card
TXN001266,04-Nov-2025,Ayesha Chaudhry,ayesha.chaudhry@example.com,Football,Sports,KHI-01,Karachi,4,144.87,0,Cash
TXN001793,28/09/2025,Sara Malik,sara.malik@example.com,Laptop Stand,Electronics,MUL-01,Multan,4,52.07,0,Credit Card
TXN002031,2025-10-03,  Fatima Butt  ,fatima.butt@example.com,Sunscreen SPF50,Beauty,MUL-01,Multan,5,125.52,0,Cash
TXN001444,2026-04-08,Zainab Malik,zainab.malik@example.com,Cotton T-Shirt,Apparel,LHR-01,Lahore,3,204.44,0,Debit Card
TXN001436,2025-10-05,Kamran Raza,kamran.raza@example.com,Non-Stick Pan,Home & Kitchen,ISB-01,Islamabad,4,23.88,0,CREDIT CARD
TXN004479,04-Apr-2025,Ayesha Iqbal,ayesha.iqbal@example.com,Hair Dryer,Beauty,PSH-01,Peshawar,5,162.62,20,CREDIT CARD
TXN002306,10-Oct-2024,NOOR SHEIKH,noor.sheikh@example.com,LED Desk Lamp,Home & Kitchen,KHI-01,Karachi,3,239.25,0,cash
TXN003634,2026-05-02,Hassan Malik,hassan.malik@example.com,Football,Sports,LHR-02,Lahore,4,199.76,10,Mobile Wallet
TXN002069,21/09/2024,Sana Raza,sana.raza@example.com,Resistance Bands,Sports,PSH-01,Peshawar,1,,10,Cash
TXN000125,18/07/2024,Mariam Khan,mariam.khan@example.com,LED Desk Lamp,Home & Kitchen,MUL-01,Multan,1,140.54,10,Debit Card
TXN001709,08/05/2025,Bilal Malik,bilal.malik@example.com,Wool Sweater,Apparel,MUL-01,Multan,1,142.09,0,Mobile Wallet
TXN004599,11-Oct-2025,  Hina Farooq  ,,Wireless Mouse,Electronics,FSD-01,Faisalabad,4,239.7,0,Cash
TXN000620,2025-11-26,Hina Raza,,Sunscreen SPF50,Beauty,MUL-01,Multan,1,208.77,0,Cash
TXN000541,22-Mar-2025,BILAL KHAN,bilal.khan@example.com,Shampoo 500ml,Beauty,KHI-02,Karachi,3,240.14,20,Cash
TXN002572,12-Apr-2026,Zainab Khan,zainab.khan@example.com,Shampoo 500ml,Beauty,FSD-01,Faisalabad,3,238.05,20,cash
TXN000135,10/06/2024,Bilal Khan,bilal.khan@example.com,Ceramic Mug Set,Home & Kitchen,LHR-02,Lahore,4,164.96,0,Debit Card
TXN000885,02/04/2026,Faisal Chaudhry,faisal.chaudhry@example.com,Resistance Bands,Sports,MUL-01,Multan,3,110.67,0,cash
TXN002583,2025-11-05,HINA RAZA,hina.raza@example.com,Wireless Mouse,Electronics,PSH-01,Peshawar,6,247.67,5,Mobile Wallet
TXN002577,2024-08-22,Hassan Butt,hassan.butt@example.com,Laptop Stand,Electronics,KHI-02,Karachi,6,19.96,20,Mobile Wallet
TXN000055,2024-04-17,Sana Raza,,Sunscreen SPF50,Beauty,LHR-02,Lahore,6,85.8,5,cash
TXN001137,03/02/2024,Sana Sheikh,sana.sheikh@example.com,Blender,Home & Kitchen,ISB-01,Islamabad,1,39.9,15,CREDIT CARD
TXN004006,03-Dec-2025,Hassan Khan,hassan.khan@example.com,Bluetooth Speaker,Electronics,PSH-01,Peshawar,5,54.86,0,Mobile Wallet
TXN002074,26/12/2024,Hina Chaudhry,hina.chaudhry@example.com,Face Moisturizer,Beauty,MUL-01,Multan,1,51.07,15,Credit Card
TXN003497,04-Apr-2026,Noor Khan,noor.khan@example.com,Ceramic Mug Set,Home & Kitchen,PSH-01,Peshawar,1,241.86,0,Cash
TXN003656,26/09/2024,Hina Iqbal,hina.iqbal@example.com,LED Desk Lamp,Home & Kitchen,KHI-01,Karachi,3,239.42,15,cash
TXN002986,10-Feb-2025,Ayesha Chaudhry,ayesha.chaudhry@example.com,USB-C Cable,Electronics,LHR-02,Lahore,2,164.71,10,Mobile Wallet
TXN003117,16-Aug-2024,Omar Sheikh,omar.sheikh@example.com,Blender,Home & Kitchen,LHR-01,Lahore,3,106.83,0,CREDIT CARD
TXN000639,06/10/2025,Kamran Butt,kamran.butt@example.com,Lip Balm,Beauty,KHI-02,Karachi,2,43.13,0,Mobile Wallet
TXN001868,09-Nov-2025,Hina Butt,hina.butt@example.com,Laptop Stand,Electronics,ISB-01,Islamabad,4,121.59,20,Debit Card
TXN003825,11/04/2025,Zainab Farooq,zainab.farooq@example.com,Cycling Helmet,Sports,LHR-02,Lahore,2,25.08,0,Mobile Wallet
TXN000647,08/01/2026,Bilal Sheikh,bilal.sheikh@example.com,Non-Stick Pan,Home & Kitchen,LHR-01,Lahore,1,204.59,0,Cash
TXN003555,09/08/2025,Kamran Butt,kamran.butt@example.com,Coffee Maker,Home & Kitchen,FSD-01,Faisalabad,5,94.98,0,CREDIT CARD
TXN001058,27-Aug-2024,Ali Chaudhry,ali.chaudhry@example.com,Cotton T-Shirt,Apparel,LHR-02,Lahore,2,16.08,0,Debit Card
TXN001659,2024-10-08,Sara Chaudhry,sara.chaudhry@example.com,Face Moisturizer,Beauty,LHR-01,Lahore,1,210.51,15,Mobile Wallet
TXN001951,09-Jun-2025,Ahmed Butt,ahmed.butt@example.com,Ceramic Mug Set,Home & Kitchen,LHR-02,Lahore,1,127.7,0,Mobile Wallet
TXN004829,13-Dec-2025,Kamran Iqbal,kamran.iqbal@example.com,Denim Jacket,Apparel,KHI-01,Karachi,4,19.45,0,Debit Card
TXN002694,16-May-2026,Omar Malik,omar.malik@example.com,Shampoo 500ml,Beauty,ISB-01,Islamabad,1,117.79,0,Credit Card
TXN001955,17-Oct-2024,KAMRAN RAZA,kamran.raza@example.com,Cotton T-Shirt,Apparel,MUL-01,Multan,4,139.41,5,Mobile Wallet
TXN002322,14/09/2025,Fatima Chaudhry,fatima.chaudhry@example.com,Webcam HD,Electronics,LHR-02,Lahore,3,,0,Cash
TXN003990,2026-07-17,Zainab Chaudhry,zainab.chaudhry@example.com,Wool Sweater,Apparel,PSH-01,Peshawar,3,,10,Credit Card
TXN004096,22-Jan-2025,  Usman Chaudhry  ,usman.chaudhry@example.com,Wireless Mouse,Electronics,LHR-01,Lahore,4,232.87,5,Credit Card
TXN000191,2024-04-14,Sara Butt,sara.butt@example.com,Shampoo 500ml,Beauty,PSH-01,Peshawar,3,81.77,20,Cash
TXN002760,2024-02-05,Sana Butt,sana.butt@example.com,Coffee Maker,Home & Kitchen,FSD-01,Faisalabad,5,167.89,0,Cash
TXN000033,27-Jun-2025,FATIMA FAROOQ,fatima.farooq@example.com,Webcam HD,Electronics,KHI-02,Karachi,4,150.89,10,Mobile Wallet
TXN003685,19-Oct-2025,Sana Iqbal,sana.iqbal@example.com,Dumbbell Set,Sports,KHI-02,Karachi,2,39.62,0,Credit Card
TXN000306,2024-12-30,Ayesha Butt,ayesha.butt@example.com,Running Shoes,Apparel,KHI-02,Karachi,1,195.84,15,Mobile Wallet
TXN000762,09-Apr-2025,Sara Raza,sara.raza@example.com,Non-Stick Pan,Home & Kitchen,KHI-02,Karachi,6,185.2,0,Credit Card
TXN000321,13-Jun-2025,AYESHA CHAUDHRY,ayesha.chaudhry@example.com,Wool Sweater,Apparel,MUL-01,Multan,6,202.86,10,Debit Card
TXN002036,09-Nov-2025,Hina Malik,hina.malik@example.com,Sunscreen SPF50,Beauty,LHR-02,Lahore,6,27.84,20,Credit Card
TXN002553,19-Aug-2025,MARIAM MALIK,mariam.malik@example.com,Cycling Helmet,Sports,KHI-01,Karachi,3,15.25,0,cash
TXN003799,01-Jan-2025,FATIMA BUTT,fatima.butt@example.com,Cotton T-Shirt,Apparel,ISB-01,Islamabad,5,65.04,0,Credit Card
TXN004756,09-Mar-2025,Ayesha Iqbal,,Lip Balm,Beauty,LHR-01,Lahore,4,132.25,0,cash
TXN003844,2025-10-06,Ayesha Iqbal,ayesha.iqbal@example.com,Resistance Bands,Sports,KHI-01,Karachi,1,107.79,5,cash
TXN000778,14-Jun-2024,Noor Malik,noor.malik@example.com,Yoga Mat,Sports,LHR-02,Lahore,2,188.3,0,Credit Card
TXN002410,13/11/2024,Sara Malik,sara.malik@example.com,Resistance Bands,Sports,KHI-02,Karachi,4,112.84,15,Mobile Wallet
TXN001935,2025-09-17,Ali Malik,ali.malik@example.com,Ceramic Mug Set,Home & Kitchen,LHR-01,Lahore,3,58.27,0,Mobile Wallet
TXN002475,26/03/2025,Ayesha Chaudhry,ayesha.chaudhry@example.com,USB-C Cable,Electronics,FSD-01,Faisalabad,3,165.99,0,cash
TXN002101,23-Jun-2026,Bilal Khan,bilal.khan@example.com,Cotton T-Shirt,Apparel,LHR-02,Lahore,5,178.4,0,Debit Card
TXN002485,03/03/2024,Mariam Malik,mariam.malik@example.com,Resistance Bands,Sports,PSH-01,Peshawar,1,82.44,15,Credit Card
TXN000646,04-Nov-2024,Hina Iqbal,hina.iqbal@example.com,Wool Sweater,Apparel,FSD-01,Faisalabad,3,205.3,5,CREDIT CARD
TXN004886,2026-04-11,Mariam Farooq,mariam.farooq@example.com,Hair Dryer,Beauty,ISB-01,Islamabad,,91.04,15,Cash
TXN004773,21-Aug-2025,Fatima Raza,fatima.raza@example.com,Sunscreen SPF50,Beauty,LHR-02,Lahore,2,191.45,0,cash
TXN002905,14-Jun-2026,Omar Butt,omar.butt@example.com,Non-Stick Pan,Home & Kitchen,KHI-01,Karachi,2,197.47,0,Cash
TXN000277,23-Oct-2024,Ahmed Malik,ahmed.malik@example.com,Yoga Mat,Sports,LHR-02,Lahore,1,78.83,5,Mobile Wallet
TXN001162,18/02/2024,Ahmed Farooq,ahmed.farooq@example.com,Face Moisturizer,Beauty,KHI-02,Karachi,5,93.47,0,Mobile Wallet
TXN003787,26-Dec-2024,Sana Iqbal,sana.iqbal@example.com,Lip Balm,Beauty,PSH-01,Peshawar,5,238.97,0,Credit Card
TXN004734,13-Apr-2025,  Zainab Chaudhry  ,zainab.chaudhry@example.com,Football,Sports,LHR-02,Lahore,5,144.4,0,Cash
TXN004515,27/03/2026,Mariam Iqbal,mariam.iqbal@example.com,Denim Jacket,Apparel,KHI-02,Karachi,1,87.51,0,Credit Card
TXN002918,17-Oct-2025,Fatima Malik,fatima.malik@example.com,Yoga Mat,Sports,ISB-01,Islamabad,5,119.97,10,cash
TXN003227,2025-07-26,  Zainab Farooq  ,zainab.farooq@example.com,Blender,Home & Kitchen,FSD-01,Faisalabad,4,182.16,0,Debit Card
TXN000982,16-Dec-2024,SANA RAZA,sana.raza@example.com,Hair Dryer,Beauty,KHI-01,Karachi,6,131.66,0,Debit Card
TXN004691,2024-05-22,  Noor Butt  ,noor.butt@example.com,USB-C Cable,Electronics,LHR-02,Lahore,1,74.53,0,Credit Card
TXN000839,2024-07-06,Kamran Raza,kamran.raza@example.com,Lip Balm,Beauty,LHR-02,Lahore,2,195.8,0,cash
TXN003003,2026-06-27,Ali Chaudhry,ali.chaudhry@example.com,Non-Stick Pan,Home & Kitchen,KHI-01,Karachi,5,14.1,0,cash
TXN003854,21-Sep-2024,Ayesha Sheikh,ayesha.sheikh@example.com,Yoga Mat,Sports,KHI-02,Karachi,3,76.32,15,Debit Card
TXN000315,08/02/2025,Omar Chaudhry,omar.chaudhry@example.com,Coffee Maker,Home & Kitchen,FSD-01,Faisalabad,3,222.48,5,Mobile Wallet
TXN003186,2024-05-25,Zainab Iqbal,zainab.iqbal@example.com,Face Moisturizer,Beauty,KHI-01,Karachi,5,178.29,20,Mobile Wallet
TXN002962,28/02/2025,Usman Raza,usman.raza@example.com,Lip Balm,Beauty,LHR-02,Lahore,5,63.52,0,CREDIT CARD
TXN004286,20/12/2024,Usman Chaudhry,usman.chaudhry@example.com,Hair Dryer,Beauty,FSD-01,Faisalabad,3,66.68,5,Cash
TXN002104,28-May-2026,  Zainab Malik  ,zainab.malik@example.com,Sunscreen SPF50,Beauty,LHR-01,Lahore,5,58.33,0,cash
TXN004401,29/04/2026,Ayesha Khan,ayesha.khan@example.com,Ceramic Mug Set,Home & Kitchen,ISB-01,Islamabad,,206.5,0,CREDIT CARD
TXN003961,12/09/2025,Ahmed Chaudhry,ahmed.chaudhry@example.com,Face Moisturizer,Beauty,ISB-01,Islamabad,4,221.88,0,cash
TXN003733,19/10/2024,Hina Malik,,Hair Dryer,Beauty,KHI-01,Karachi,1,139.11,10,Mobile Wallet
TXN004108,28/03/2024,Ali Iqbal,ali.iqbal@example.com,LED Desk Lamp,Home & Kitchen,ISB-01,Islamabad,2,145.54,10,Mobile Wallet
TXN002426,22-Jun-2026,Hina Khan,hina.khan@example.com,Dumbbell Set,Sports,KHI-02,Karachi,,153.98,0,Debit Card
TXN002419,23-Apr-2024,Ahmed Malik,ahmed.malik@example.com,Running Shoes,Apparel,MUL-01,Multan,3,110.88,0,CREDIT CARD
TXN002501,2025-10-17,Zainab Iqbal,zainab.iqbal@example.com,Denim Jacket,Apparel,FSD-01,Faisalabad,4,25.16,20,Cash
TXN003870,04-Feb-2024,Bilal Butt,bilal.butt@example.com,USB-C Cable,Electronics,KHI-01,Karachi,5,37.77,0,Credit Card
TXN002150,21/03/2025,Sana Butt,sana.butt@example.com,Cotton T-Shirt,Apparel,FSD-01,Faisalabad,2,12.38,5,Cash
TXN002394,17/07/2026,Omar Khan,omar.khan@example.com,Sports Cap,Apparel,ISB-01,Islamabad,4,40.83,0,Debit Card
TXN001050,17-Sep-2024,Bilal Malik,bilal.malik@example.com,Sunscreen SPF50,Beauty,KHI-02,Karachi,6,29.21,5,Credit Card
TXN000229,2024-08-04,Fatima Farooq,fatima.farooq@example.com,Webcam HD,Electronics,KHI-01,Karachi,4,35.92,0,CREDIT CARD
TXN004241,2025-12-21,Faisal Sheikh,faisal.sheikh@example.com,Football,Sports,LHR-01,Lahore,1,61.38,5,CREDIT CARD
TXN002972,29/04/2024,Hina Chaudhry,hina.chaudhry@example.com,Webcam HD,Electronics,LHR-01,Lahore,6,178.89,20,Cash
TXN000112,2024-06-12,Faisal Raza,faisal.raza@example.com,Non-Stick Pan,Home & Kitchen,LHR-02,Lahore,5,39.98,0,Credit Card
TXN003256,2024-07-13,Kamran Sheikh,kamran.sheikh@example.com,Resistance Bands,Sports,MUL-01,Multan,,143.36,0,Credit Card
TXN004116,23-Aug-2024,Ayesha Khan,ayesha.khan@example.com,Webcam HD,Electronics,KHI-01,Karachi,5,118.35,0,cash
TXN001756,14/11/2024,Sara Iqbal,sara.iqbal@example.com,Sports Cap,Apparel,FSD-01,Faisalabad,3,12.96,10,Cash
TXN004752,2025-11-11,Sana Sheikh,sana.sheikh@example.com,Hair Dryer,Beauty,FSD-01,Faisalabad,3,204.28,10,Credit Card
TXN002530,19-Jun-2024,Kamran Raza,,Running Shoes,Apparel,PSH-01,Peshawar,,132.61,0,CREDIT CARD
TXN000479,28/08/2024,  Sara Malik  ,sara.malik@example.com,Sunscreen SPF50,Beauty,ISB-01,Islamabad,5,227.52,10,CREDIT CARD
TXN001333,24/05/2025,Faisal Sheikh,faisal.sheikh@example.com,Cotton T-Shirt,Apparel,LHR-01,Lahore,4,161.38,0,CREDIT CARD
TXN003835,04/08/2024,Ayesha Butt,ayesha.butt@example.com,Ceramic Mug Set,Home & Kitchen,KHI-02,Karachi,5,192.64,10,CREDIT CARD
TXN004224,2024-10-08,Mariam Malik,mariam.malik@example.com,Running Shoes,Apparel,ISB-01,Islamabad,6,35.82,15,Cash
TXN003192,07/03/2025,HINA CHAUDHRY,hina.chaudhry@example.com,Lip Balm,Beauty,PSH-01,Peshawar,5,140.33,0,CREDIT CARD
TXN002622,17-Dec-2024,HASSAN CHAUDHRY,hassan.chaudhry@example.com,Hair Dryer,Beauty,PSH-01,Peshawar,6,148.74,0,Debit Card
TXN003633,24/12/2025,Hina Iqbal,hina.iqbal@example.com,Sunscreen SPF50,Beauty,FSD-01,Faisalabad,2,233.68,0,Debit Card
TXN001188,17-Nov-2024,Zainab Malik,zainab.malik@example.com,Blender,Home & Kitchen,MUL-01,Multan,1,17.08,15,Cash
TXN003534,2025-11-09,  Mariam Raza  ,mariam.raza@example.com,Sunscreen SPF50,Beauty,MUL-01,Multan,2,72.51,0,Mobile Wallet
TXN001555,07/03/2025,Zainab Farooq,zainab.farooq@example.com,Laptop Stand,Electronics,LHR-01,Lahore,2,8.93,0,cash
TXN002977,24/09/2024,  Faisal Sheikh  ,faisal.sheikh@example.com,Hair Dryer,Beauty,FSD-01,Faisalabad,6,19.2,0,Cash
TXN004386,2024-03-04,Omar Farooq,omar.farooq@example.com,Blender,Home & Kitchen,LHR-01,Lahore,5,149.91,20,Debit Card
TXN004693,03-Jan-2024,Zainab Iqbal,zainab.iqbal@example.com,Laptop Stand,Electronics,LHR-02,Lahore,6,42.29,20,cash
TXN003335,30/12/2024,Ali Sheikh,ali.sheikh@example.com,Hair Dryer,Beauty,PSH-01,Peshawar,3,154.0,0,Debit Card
TXN002182,2024-12-26,Noor Raza,noor.raza@example.com,Dumbbell Set,Sports,ISB-01,Islamabad,1,205.96,15,Debit Card
TXN003184,09/02/2025,Faisal Malik,faisal.malik@example.com,Non-Stick Pan,Home & Kitchen,MUL-01,Multan,5,81.55,10,Debit Card
TXN001644,29-Nov-2025,  Noor Farooq  ,noor.farooq@example.com,Football,Sports,LHR-02,Lahore,3,59.93,0,Mobile Wallet
TXN003268,21-Apr-2024,Sana Sheikh,sana.sheikh@example.com,Non-Stick Pan,Home & Kitchen,KHI-01,Karachi,6,49.94,15,Cash
TXN003951,2025-09-19,Zainab Farooq,zainab.farooq@example.com,Coffee Maker,Home & Kitchen,KHI-01,Karachi,6,15.09,10,cash
TXN001870,29-Sep-2024,Hina Sheikh,hina.sheikh@example.com,USB-C Cable,Electronics,MUL-01,Multan,1,215.36,15,Cash
TXN001238,10/06/2024,  Omar Raza  ,omar.raza@example.com,Denim Jacket,Apparel,PSH-01,Peshawar,6,191.09,0,Debit Card
TXN004763,02/02/2025,Kamran Farooq,kamran.farooq@example.com,Webcam HD,Electronics,KHI-02,Karachi,4,82.66,0,Mobile Wallet
TXN003232,2026-05-14,Zainab Butt,zainab.butt@example.com,Face Moisturizer,Beauty,MUL-01,Multan,5,165.53,0,cash
TXN003203,12-Sep-2024,Omar Iqbal,,Ceramic Mug Set,Home & Kitchen,KHI-02,Karachi,5,202.76,0,Debit Card
TXN001622,11-Mar-2026,BILAL RAZA,bilal.raza@example.com,Blender,Home & Kitchen,KHI-02,Karachi,5,117.21,0,Credit Card
TXN001548,2025-02-14,Kamran Khan,kamran.khan@example.com,Running Shoes,Apparel,PSH-01,Peshawar,1,86.01,5,Cash
TXN003052,15/12/2024,Faisal Khan,faisal.khan@example.com,Lip Balm,Beauty,ISB-01,Islamabad,3,43.55,5,Credit Card
TXN002135,08/07/2025,  Noor Iqbal  ,noor.iqbal@example.com,Resistance Bands,Sports,LHR-01,Lahore,6,93.34,0,cash
TXN002270,2026-07-13,Hassan Iqbal,hassan.iqbal@example.com,Denim Jacket,Apparel,KHI-01,Karachi,2,60.51,20,Debit Card
TXN003158,25-Feb-2024,  Ali Chaudhry  ,ali.chaudhry@example.com,Lip Balm,Beauty,LHR-01,Lahore,6,242.39,0,CREDIT CARD
TXN001745,28-Feb-2026,Ayesha Sheikh,ayesha.sheikh@example.com,Face Moisturizer,Beauty,ISB-01,Islamabad,6,142.41,0,CREDIT CARD
TXN003180,23-Apr-2026,HINA RAZA,hina.raza@example.com,Lip Balm,Beauty,KHI-01,Karachi,2,101.45,5,Mobile Wallet
TXN001845,2024-06-26,ALI IQBAL,ali.iqbal@example.com,Bluetooth Speaker,Electronics,MUL-01,Multan,4,69.23,5,Debit Card
TXN000710,25-Jul-2025,Kamran Sheikh,,Laptop Stand,Electronics,KHI-01,Karachi,4,44.84,0,Mobile Wallet
TXN001145,18/06/2026,Mariam Butt,mariam.butt@example.com,Resistance Bands,Sports,PSH-01,Peshawar,3,168.5,5,Credit Card
TXN001494,2025-10-30,Usman Iqbal,usman.iqbal@example.com,Ceramic Mug Set,Home & Kitchen,KHI-01,Karachi,1,244.92,20,Debit Card
TXN001617,06/03/2026,Zainab Khan,zainab.khan@example.com,Face Moisturizer,Beauty,ISB-01,Islamabad,3,20.35,5,Debit Card
TXN003618,2025-02-03,Usman Khan,usman.khan@example.com,Bluetooth Speaker,Electronics,LHR-01,Lahore,4,121.79,15,CREDIT CARD
TXN002360,09/06/2024,Kamran Farooq,kamran.farooq@example.com,Wireless Mouse,Electronics,LHR-02,Lahore,1,118.49,0,Credit Card
TXN001171,11-Jun-2024,  HINA MALIK  ,hina.malik@example.com,Webcam HD,Electronics,PSH-01,Peshawar,1,168.01,0,Credit Card
TXN001347,26-May-2024,Bilal Khan,bilal.khan@example.com,Laptop Stand,Electronics,ISB-01,Islamabad,5,105.94,20,Mobile Wallet
TXN003421,13/12/2025,  Omar Chaudhry  ,omar.chaudhry@example.com,Cotton T-Shirt,Apparel,KHI-01,Karachi,5,237.14,0,Debit Card
TXN001657,18-Dec-2025,ALI RAZA,ali.raza@example.com,Dumbbell Set,Sports,LHR-01,Lahore,4,88.48,5,Cash
TXN000623,11/04/2026,Zainab Raza,zainab.raza@example.com,Sunscreen SPF50,Beauty,FSD-01,Faisalabad,4,31.63,0,Debit Card
TXN004389,2025-12-23,  Ahmed Malik  ,ahmed.malik@example.com,Ceramic Mug Set,Home & Kitchen,LHR-01,Lahore,1,71.26,10,Cash
TXN000142,28-Apr-2026,Mariam Malik,mariam.malik@example.com,Yoga Mat,Sports,PSH-01,Peshawar,2,226.21,0,cash
TXN000210,16-Jan-2025,AHMED BUTT,,Cotton T-Shirt,Apparel,LHR-01,Lahore,6,159.42,20,Credit Card
TXN000890,2026-01-20,Sara Malik,,Blender,Home & Kitchen,LHR-02,Lahore,5,65.96,20,Cash
TXN002970,07-Jan-2025,Zainab Raza,zainab.raza@example.com,Face Moisturizer,Beauty,PSH-01,Peshawar,1,95.21,0,Cash
TXN004009,2026-01-24,Hassan Malik,hassan.malik@example.com,Sunscreen SPF50,Beauty,FSD-01,Faisalabad,3,10.91,5,CREDIT CARD
TXN000668,05/07/2026,  Usman Chaudhry  ,usman.chaudhry@example.com,Ceramic Mug Set,Home & Kitchen,MUL-01,Multan,3,88.79,5,Mobile Wallet
TXN002169,05/05/2024,SARA KHAN,sara.khan@example.com,Blender,Home & Kitchen,MUL-01,Multan,2,132.68,20,cash
TXN002591,09/05/2025,SANA SHEIKH,sana.sheikh@example.com,Denim Jacket,Apparel,PSH-01,Peshawar,4,75.79,0,CREDIT CARD
TXN000929,21/07/2024,  Kamran Sheikh  ,kamran.sheikh@example.com,Lip Balm,Beauty,LHR-01,Lahore,5,40.25,0,CREDIT CARD
TXN001223,27/10/2024,Bilal Malik,bilal.malik@example.com,LED Desk Lamp,Home & Kitchen,ISB-01,Islamabad,1,124.1,0,Credit Card
TXN000677,04-Sep-2024,Omar Sheikh,omar.sheikh@example.com,Blender,Home & Kitchen,FSD-01,Faisalabad,2,243.51,0,cash
TXN002222,19-Jul-2025,Ali Iqbal,ali.iqbal@example.com,Denim Jacket,Apparel,MUL-01,Multan,6,136.33,0,Credit Card
TXN004964,11-May-2026,Faisal Khan,faisal.khan@example.com,Wool Sweater,Apparel,FSD-01,Faisalabad,6,51.56,20,Credit Card
TXN001292,25-Jul-2024,  BILAL MALIK  ,bilal.malik@example.com,Football,Sports,LHR-02,Lahore,6,64.69,5,Mobile Wallet
TXN003001,12-Jun-2025,Omar Butt,omar.butt@example.com,Cycling Helmet,Sports,KHI-02,Karachi,2,41.42,0,cash
TXN001730,30-Dec-2024,Ayesha Farooq,ayesha.farooq@example.com,Coffee Maker,Home & Kitchen,MUL-01,Multan,6,12.05,5,Mobile Wallet
TXN002675,03-Jun-2024,Hassan Raza,hassan.raza@example.com,Lip Balm,Beauty,MUL-01,Multan,1,65.12,10,Debit Card
TXN001691,19/11/2025,Ayesha Butt,ayesha.butt@example.com,LED Desk Lamp,Home & Kitchen,FSD-01,Faisalabad,4,81.93,0,cash
TXN000382,29-Dec-2025,  Ayesha Sheikh  ,ayesha.sheikh@example.com,Hair Dryer,Beauty,FSD-01,Faisalabad,1,210.0,10,Credit Card
TXN004737,29/10/2024,Ahmed Malik,ahmed.malik@example.com,Cycling Helmet,Sports,FSD-01,Faisalabad,5,9.9,20,Credit Card
TXN002332,27-Dec-2025,Sana Iqbal,sana.iqbal@example.com,Dumbbell Set,Sports,KHI-01,Karachi,5,62.31,10,CREDIT CARD
TXN002645,2024-10-16,Mariam Butt,mariam.butt@example.com,Sunscreen SPF50,Beauty,PSH-01,Peshawar,2,37.65,0,Cash
TXN004117,25-Apr-2025,AHMED CHAUDHRY,ahmed.chaudhry@example.com,Face Moisturizer,Beauty,KHI-02,Karachi,1,,15,Mobile Wallet
TXN003148,2024-08-18,Hina Raza,hina.raza@example.com,Cycling Helmet,Sports,LHR-01,Lahore,6,,0,cash
TXN002141,2024-06-01,Usman Chaudhry,usman.chaudhry@example.com,Non-Stick Pan,Home & Kitchen,LHR-01,Lahore,2,50.55,0,Credit Card
TXN001330,2024-04-19,ALI RAZA,ali.raza@example.com,USB-C Cable,Electronics,ISB-01,Islamabad,1,165.4,20,Cash
TXN002452,18-Feb-2024,Noor Malik,noor.malik@example.com,Football,Sports,FSD-01,Faisalabad,2,243.88,0,cash
TXN004370,2025-09-07,Bilal Butt,bilal.butt@example.com,Running Shoes,Apparel,MUL-01,Multan,3,128.29,15,cash
TXN002245,11-Nov-2025,Ali Khan,ali.khan@example.com,Cotton T-Shirt,Apparel,FSD-01,Faisalabad,1,39.31,5,cash
TXN002115,2025-02-13,Ayesha Farooq,ayesha.farooq@example.com,Non-Stick Pan,Home & Kitchen,MUL-01,Multan,3,30.88,5,Mobile Wallet
TXN000098,20/03/2024,Sana Butt,,Denim Jacket,Apparel,FSD-01,Faisalabad,1,211.88,15,cash
TXN001443,2025-12-12,Hina Chaudhry,hina.chaudhry@example.com,Webcam HD,Electronics,ISB-01,Islamabad,2,156.9,20,Debit Card
TXN003261,08/01/2026,Hina Chaudhry,hina.chaudhry@example.com,Denim Jacket,Apparel,MUL-01,Multan,6,179.26,0,Debit Card
TXN000643,2025-05-05,Sana Farooq,sana.farooq@example.com,Bluetooth Speaker,Electronics,KHI-01,Karachi,5,64.73,0,Credit Card
TXN001748,05/03/2024,Mariam Khan,mariam.khan@example.com,Cycling Helmet,Sports,ISB-01,Islamabad,5,38.74,0,CREDIT CARD
TXN001832,08/09/2025,Mariam Sheikh,mariam.sheikh@example.com,USB-C Cable,Electronics,KHI-02,Karachi,5,89.21,10,cash
TXN000791,16/02/2025,Hina Raza,hina.raza@example.com,USB-C Cable,Electronics,FSD-01,Faisalabad,6,210.24,20,cash
TXN004384,27-Nov-2025,Omar Farooq,omar.farooq@example.com,Yoga Mat,Sports,LHR-01,Lahore,6,133.08,0,CREDIT CARD
TXN000608,2024-02-05,Hina Malik,hina.malik@example.com,Sports Cap,Apparel,KHI-02,Karachi,5,245.08,0,Mobile Wallet
TXN004431,27/08/2024,Bilal Iqbal,bilal.iqbal@example.com,Ceramic Mug Set,Home & Kitchen,KHI-01,Karachi,1,37.84,0,Credit Card
TXN004366,2024-10-29,OMAR KHAN,omar.khan@example.com,Coffee Maker,Home & Kitchen,KHI-02,Karachi,6,117.32,0,CREDIT CARD
TXN004067,2026-03-18,Ayesha Farooq,ayesha.farooq@example.com,Sunscreen SPF50,Beauty,MUL-01,Multan,6,79.76,5,cash
TXN000239,10-Oct-2024,Zainab Malik,zainab.malik@example.com,Blender,Home & Kitchen,ISB-01,Islamabad,3,84.66,15,Debit Card
TXN004991,30/10/2025,Faisal Sheikh,faisal.sheikh@example.com,LED Desk Lamp,Home & Kitchen,KHI-02,Karachi,6,132.53,0,Mobile Wallet
TXN000945,2025-07-17,Mariam Sheikh,mariam.sheikh@example.com,Blender,Home & Kitchen,PSH-01,Peshawar,6,159.08,10,Credit Card
TXN003024,05-Jul-2025,Omar Chaudhry,omar.chaudhry@example.com,Cotton T-Shirt,Apparel,ISB-01,Islamabad,6,158.02,10,CREDIT CARD
TXN000727,2026-01-29,Sana Farooq,sana.farooq@example.com,Denim Jacket,Apparel,ISB-01,Islamabad,5,111.35,10,Credit Card
TXN000516,28/10/2024,Fatima Raza,fatima.raza@example.com,Webcam HD,Electronics,KHI-01,Karachi,2,11.85,0,Debit Card
TXN000715,29-Jan-2024,Noor Farooq,noor.farooq@example.com,Ceramic Mug Set,Home & Kitchen,FSD-01,Faisalabad,4,11.47,0,Cash
TXN004177,2024-02-17,Usman Khan,usman.khan@example.com,Shampoo 500ml,Beauty,KHI-02,Karachi,5,214.45,0,cash
TXN004361,2024-03-29,Hassan Raza,hassan.raza@example.com,Cotton T-Shirt,Apparel,FSD-01,Faisalabad,2,189.83,5,CREDIT CARD
TXN004857,04/04/2026,Faisal Butt,faisal.butt@example.com,Cotton T-Shirt,Apparel,LHR-02,Lahore,3,128.06,5,Cash
TXN001885,2024-03-25,Hina Raza,hina.raza@example.com,Cotton T-Shirt,Apparel,ISB-01,Islamabad,6,148.47,0,Debit Card
TXN002232,05/10/2025,  Sara Khan  ,sara.khan@example.com,Webcam HD,Electronics,ISB-01,Islamabad,4,111.87,20,cash
TXN004486,31/03/2025,KAMRAN SHEIKH,kamran.sheikh@example.com,Wool Sweater,Apparel,KHI-01,Karachi,5,27.07,20,cash
TXN000007,21-May-2024,Noor Iqbal,noor.iqbal@example.com,Sports Cap,Apparel,ISB-01,Islamabad,1,125.91,0,CREDIT CARD
TXN004284,2026-06-09,Sana Butt,sana.butt@example.com,Hair Dryer,Beauty,KHI-01,Karachi,3,165.16,15,CREDIT CARD
TXN000682,2025-10-02,Sana Khan,sana.khan@example.com,Wool Sweater,Apparel,LHR-02,Lahore,4,56.52,5,Cash
TXN002450,22-Jan-2025,  ZAINAB IQBAL  ,zainab.iqbal@example.com,USB-C Cable,Electronics,LHR-02,Lahore,5,101.98,15,CREDIT CARD
TXN004698,18-Oct-2024,  Noor Farooq  ,noor.farooq@example.com,Sunscreen SPF50,Beauty,ISB-01,Islamabad,1,196.71,10,Cash
TXN001840,01-Mar-2024,  Faisal Iqbal  ,faisal.iqbal@example.com,Laptop Stand,Electronics,LHR-02,Lahore,6,183.04,0,CREDIT CARD
TXN004987,18/09/2024,NOOR RAZA,,Bluetooth Speaker,Electronics,KHI-01,Karachi,5,50.45,0,Mobile Wallet
TXN004632,05/04/2026,Omar Sheikh,omar.sheikh@example.com,Resistance Bands,Sports,PSH-01,Peshawar,1,14.32,15,Debit Card
TXN001886,25/07/2026,Kamran Chaudhry,kamran.chaudhry@example.com,Ceramic Mug Set,Home & Kitchen,FSD-01,Faisalabad,2,176.52,0,Debit Card
TXN000641,2025-02-16,Noor Butt,noor.butt@example.com,Bluetooth Speaker,Electronics,LHR-02,Lahore,2,182.46,10,Credit Card
TXN003021,12-Feb-2026,Omar Iqbal,omar.iqbal@example.com,Laptop Stand,Electronics,KHI-01,Karachi,2,123.85,5,Debit Card
TXN003333,21-May-2026,  Fatima Sheikh  ,fatima.sheikh@example.com,Cotton T-Shirt,Apparel,PSH-01,Peshawar,4,44.1,15,Cash
TXN001122,20-Jun-2024,Sana Sheikh,sana.sheikh@example.com,Sports Cap,Apparel,FSD-01,Faisalabad,5,47.11,0,cash
TXN000550,25-Nov-2024,Faisal Raza,faisal.raza@example.com,Yoga Mat,Sports,KHI-01,Karachi,6,96.6,5,Debit Card
TXN002738,26-May-2025,SANA RAZA,sana.raza@example.com,Blender,Home & Kitchen,KHI-02,Karachi,1,118.87,0,Credit Card
TXN000465,21/09/2024,Ahmed Butt,ahmed.butt@example.com,Football,Sports,MUL-01,Multan,2,166.37,15,Mobile Wallet
TXN001315,13/04/2026,Bilal Farooq,bilal.farooq@example.com,Laptop Stand,Electronics,MUL-01,Multan,6,66.04,0,Cash
TXN000804,21/12/2024,Zainab Iqbal,zainab.iqbal@example.com,Wool Sweater,Apparel,FSD-01,Faisalabad,,169.12,0,Cash
TXN004688,2026-04-05,Mariam Butt,mariam.butt@example.com,Bluetooth Speaker,Electronics,LHR-02,Lahore,1,203.01,0,Mobile Wallet
TXN003303,24/05/2025,Fatima Iqbal,fatima.iqbal@example.com,Coffee Maker,Home & Kitchen,ISB-01,Islamabad,3,120.0,0,Cash
TXN003278,2024-02-03,Sana Chaudhry,sana.chaudhry@example.com,Dumbbell Set,Sports,MUL-01,Multan,4,124.11,5,CREDIT CARD
TXN002027,15/09/2024,Omar Farooq,omar.farooq@example.com,Cycling Helmet,Sports,ISB-01,Islamabad,1,72.89,20,Cash
TXN002072,2024-09-02,NOOR IQBAL,noor.iqbal@example.com,Wireless Mouse,Electronics,FSD-01,Faisalabad,,241.69,10,Debit Card
TXN002902,2024-07-16,Fatima Raza,fatima.raza@example.com,Ceramic Mug Set,Home & Kitchen,PSH-01,Peshawar,6,22.32,0,Credit Card
TXN003609,03-Jan-2025,OMAR CHAUDHRY,omar.chaudhry@example.com,Denim Jacket,Apparel,MUL-01,Multan,3,56.53,0,Mobile Wallet
TXN003507,24-Nov-2025,Ahmed Khan,ahmed.khan@example.com,Hair Dryer,Beauty,FSD-01,Faisalabad,2,78.27,0,cash
TXN003888,28-Jul-2025,Mariam Malik,mariam.malik@example.com,Bluetooth Speaker,Electronics,PSH-01,Peshawar,6,185.5,10,Cash
TXN002613,12-Aug-2025,Kamran Malik,,Wool Sweater,Apparel,LHR-01,Lahore,4,185.07,15,Debit Card
TXN001742,07/11/2024,Faisal Farooq,faisal.farooq@example.com,Lip Balm,Beauty,LHR-01,Lahore,2,235.24,0,Mobile Wallet
TXN000317,2024-11-12,Bilal Malik,,Wireless Mouse,Electronics,ISB-01,Islamabad,3,65.61,10,Cash
TXN003437,2025-10-18,Faisal Farooq,faisal.farooq@example.com,Shampoo 500ml,Beauty,KHI-01,Karachi,2,26.49,0,Cash
TXN001348,18-Sep-2024,Ali Farooq,ali.farooq@example.com,Sunscreen SPF50,Beauty,LHR-01,Lahore,5,91.23,0,Credit Card
TXN003382,2024-11-20,Hassan Sheikh,hassan.sheikh@example.com,Face Moisturizer,Beauty,FSD-01,Faisalabad,5,180.56,0,Cash
TXN001600,07-Jun-2025,Faisal Butt,faisal.butt@example.com,Resistance Bands,Sports,KHI-01,Karachi,4,232.78,5,Credit Card
TXN004955,03/07/2025,  Ahmed Butt  ,ahmed.butt@example.com,Non-Stick Pan,Home & Kitchen,MUL-01,Multan,3,91.5,15,CREDIT CARD
TXN002629,2025-12-30,FATIMA CHAUDHRY,fatima.chaudhry@example.com,Blender,Home & Kitchen,LHR-01,Lahore,1,88.28,15,CREDIT CARD
TXN002506,26/01/2025,USMAN FAROOQ,usman.farooq@example.com,Hair Dryer,Beauty,PSH-01,Peshawar,2,249.17,0,Debit Card
TXN003559,03/06/2024,Noor Butt,noor.butt@example.com,Resistance Bands,Sports,KHI-02,Karachi,2,217.56,0,CREDIT CARD
TXN004291,16/03/2026,Hassan Raza,hassan.raza@example.com,Sunscreen SPF50,Beauty,KHI-02,Karachi,1,243.58,0,cash
TXN003604,27-Aug-2025,FATIMA FAROOQ,fatima.farooq@example.com,USB-C Cable,Electronics,ISB-01,Islamabad,,,0,Cash
TXN004350,14/07/2024,Ali Butt,ali.butt@example.com,Shampoo 500ml,Beauty,LHR-01,Lahore,2,192.84,0,cash
TXN003928,2025-01-02,Zainab Raza,zainab.raza@example.com,Football,Sports,KHI-02,Karachi,2,199.49,5,Cash
TXN003767,26-May-2026,Omar Chaudhry,omar.chaudhry@example.com,Webcam HD,Electronics,LHR-01,Lahore,6,108.58,20,Credit Card
TXN004960,16-May-2026,FAISAL RAZA,faisal.raza@example.com,USB-C Cable,Electronics,PSH-01,Peshawar,1,65.35,20,Debit Card
TXN004398,11-May-2024,Sana Iqbal,sana.iqbal@example.com,Ceramic Mug Set,Home & Kitchen,MUL-01,Multan,1,55.9,0,Cash
TXN000598,28/05/2024,Faisal Khan,faisal.khan@example.com,Dumbbell Set,Sports,LHR-02,Lahore,4,210.12,0,Cash
TXN000422,03/10/2025,Bilal Iqbal,bilal.iqbal@example.com,Laptop Stand,Electronics,PSH-01,Peshawar,1,177.46,15,Debit Card
TXN004717,2026-06-16,Ali Chaudhry,ali.chaudhry@example.com,USB-C Cable,Electronics,PSH-01,Peshawar,1,144.01,0,Cash
TXN000833,11/04/2024,Usman Raza,usman.raza@example.com,Webcam HD,Electronics,KHI-02,Karachi,3,129.32,15,cash
TXN000671,19-Jun-2024,Usman Butt,usman.butt@example.com,Yoga Mat,Sports,LHR-01,Lahore,3,97.5,15,cash
TXN000528,2024-10-06,Omar Chaudhry,,Sports Cap,Apparel,FSD-01,Faisalabad,3,167.26,10,Debit Card
TXN001881,10/09/2025,USMAN KHAN,usman.khan@example.com,Running Shoes,Apparel,LHR-02,Lahore,3,228.14,10,Cash
TXN000164,09-Jul-2024,Ayesha Raza,ayesha.raza@example.com,Ceramic Mug Set,Home & Kitchen,PSH-01,Peshawar,4,148.54,20,Cash
TXN004101,2024-10-18,Kamran Chaudhry,kamran.chaudhry@example.com,Lip Balm,Beauty,LHR-01,Lahore,4,169.3,20,Mobile Wallet
TXN000549,2026-06-12,OMAR BUTT,omar.butt@example.com,Cycling Helmet,Sports,KHI-01,Karachi,5,213.62,0,Mobile Wallet
TXN002864,2025-07-09,Ali Malik,ali.malik@example.com,Webcam HD,Electronics,PSH-01,Peshawar,4,77.18,0,Credit Card
TXN001579,11/04/2024,Noor Malik,noor.malik@example.com,Webcam HD,Electronics,KHI-01,Karachi,3,84.05,5,Debit Card
TXN003554,2024-02-11,Mariam Chaudhry,mariam.chaudhry@example.com,Non-Stick Pan,Home & Kitchen,KHI-01,Karachi,5,106.12,0,Cash
TXN002385,04/01/2025,Faisal Raza,faisal.raza@example.com,Blender,Home & Kitchen,MUL-01,Multan,1,121.72,0,cash
TXN004805,2024-02-09,Hina Khan,hina.khan@example.com,Ceramic Mug Set,Home & Kitchen,FSD-01,Faisalabad,1,102.33,15,Mobile Wallet
TXN000120,28-Feb-2026,AHMED KHAN,ahmed.khan@example.com,Resistance Bands,Sports,FSD-01,Faisalabad,2,69.84,15,Credit Card
TXN002765,2025-09-09,Bilal Malik,bilal.malik@example.com,Cotton T-Shirt,Apparel,LHR-02,Lahore,2,220.16,0,Cash
TXN003945,25/11/2024,Mariam Farooq,mariam.farooq@example.com,USB-C Cable,Electronics,KHI-01,Karachi,4,169.33,10,Cash
TXN000044,05/07/2024,FAISAL RAZA,faisal.raza@example.com,Shampoo 500ml,Beauty,PSH-01,Peshawar,3,56.97,15,Debit Card
TXN004868,29-Dec-2024,Sara Sheikh,sara.sheikh@example.com,Wool Sweater,Apparel,LHR-01,Lahore,5,82.09,5,Credit Card
TXN004162,2024-02-11,Sara Khan,sara.khan@example.com,Cotton T-Shirt,Apparel,KHI-01,Karachi,4,137.96,10,Credit Card
TXN004700,08/03/2026,Hassan Butt,hassan.butt@example.com,Resistance Bands,Sports,MUL-01,Multan,2,148.87,15,Credit Card
TXN001684,25/10/2025,Omar Khan,omar.khan@example.com,Sunscreen SPF50,Beauty,MUL-01,Multan,1,21.39,0,CREDIT CARD
TXN003197,28/10/2025,Usman Farooq,usman.farooq@example.com,Webcam HD,Electronics,KHI-02,Karachi,6,189.43,0,Mobile Wallet
TXN001259,2025-10-29,Ayesha Sheikh,ayesha.sheikh@example.com,Ceramic Mug Set,Home & Kitchen,LHR-02,Lahore,1,247.71,15,CREDIT CARD
TXN003199,09/10/2025,Omar Farooq,omar.farooq@example.com,USB-C Cable,Electronics,KHI-02,Karachi,6,179.68,0,Cash
TXN003650,27/06/2025,OMAR MALIK,omar.malik@example.com,Football,Sports,KHI-02,Karachi,6,63.93,5,CREDIT CARD
TXN003123,14/04/2024,  Mariam Raza  ,mariam.raza@example.com,Bluetooth Speaker,Electronics,ISB-01,Islamabad,6,248.49,0,Credit Card
TXN004532,08/06/2025,Ali Malik,ali.malik@example.com,Dumbbell Set,Sports,MUL-01,Multan,6,236.8,5,Cash
TXN003941,05/05/2024,Zainab Raza,,Non-Stick Pan,Home & Kitchen,LHR-02,Lahore,4,75.72,5,Debit Card
TXN001975,06-Feb-2025,Ayesha Butt,ayesha.butt@example.com,Football,Sports,LHR-01,Lahore,5,242.57,15,Mobile Wallet
TXN002920,17-Jul-2026,Sana Farooq,sana.farooq@example.com,Hair Dryer,Beauty,ISB-01,Islamabad,2,42.52,10,CREDIT CARD
TXN001598,2024-04-12,Omar Malik,omar.malik@example.com,Webcam HD,Electronics,LHR-01,Lahore,6,232.46,5,CREDIT CARD
TXN004191,24/07/2025,Mariam Khan,mariam.khan@example.com,LED Desk Lamp,Home & Kitchen,LHR-02,Lahore,5,26.91,5,CREDIT CARD
TXN000785,27/07/2025,Omar Chaudhry,omar.chaudhry@example.com,Sunscreen SPF50,Beauty,PSH-01,Peshawar,4,97.44,20,cash
TXN002137,24-Jun-2025,Ahmed Butt,ahmed.butt@example.com,Yoga Mat,Sports,PSH-01,Peshawar,6,130.47,20,Mobile Wallet
TXN000844,19-Jul-2026,Sana Khan,sana.khan@example.com,Running Shoes,Apparel,PSH-01,Peshawar,3,124.33,0,Credit Card
TXN003694,2024-04-12,Ali Raza,ali.raza@example.com,Hair Dryer,Beauty,MUL-01,Multan,5,205.87,20,Credit Card
TXN004340,2025-12-07,Sana Khan,sana.khan@example.com,Denim Jacket,Apparel,ISB-01,Islamabad,6,63.02,0,Credit Card
TXN001572,2025-03-13,Sara Chaudhry,sara.chaudhry@example.com,Hair Dryer,Beauty,ISB-01,Islamabad,5,149.37,0,Debit Card
TXN002712,14-Jun-2024,Faisal Farooq,faisal.farooq@example.com,Bluetooth Speaker,Electronics,PSH-01,Peshawar,4,91.89,0,Mobile Wallet
TXN002157,2024-02-24,Sana Khan,sana.khan@example.com,Coffee Maker,Home & Kitchen,LHR-02,Lahore,,185.89,20,Mobile Wallet
TXN000900,06/11/2024,  Omar Khan  ,omar.khan@example.com,Resistance Bands,Sports,KHI-01,Karachi,5,51.12,20,Mobile Wallet
TXN004035,12-May-2025,Hina Butt,hina.butt@example.com,Lip Balm,Beauty,MUL-01,Multan,2,21.41,0,Credit Card
TXN003748,08-Sep-2025,Mariam Khan,mariam.khan@example.com,Wool Sweater,Apparel,KHI-01,Karachi,3,109.39,20,Cash
TXN003942,28-May-2025,Hina Raza,hina.raza@example.com,Non-Stick Pan,Home & Kitchen,KHI-01,Karachi,2,162.66,0,Credit Card
TXN002263,03-Jan-2024,Ayesha Farooq,ayesha.farooq@example.com,Denim Jacket,Apparel,MUL-01,Multan,2,168.93,10,Cash
TXN004551,28/03/2025,Ayesha Malik,ayesha.malik@example.com,Sunscreen SPF50,Beauty,LHR-01,Lahore,6,8.98,5,CREDIT CARD
TXN003855,16-Apr-2026,Sana Sheikh,sana.sheikh@example.com,Shampoo 500ml,Beauty,PSH-01,Peshawar,4,183.58,0,Credit Card
TXN003471,27/01/2024,Ayesha Butt,ayesha.butt@example.com,Bluetooth Speaker,Electronics,FSD-01,Faisalabad,4,95.32,15,CREDIT CARD
TXN002514,03/08/2025,  Ahmed Sheikh  ,ahmed.sheikh@example.com,Football,Sports,KHI-02,Karachi,2,207.14,0,Cash
TXN000572,24-Feb-2026,Ahmed Malik,ahmed.malik@example.com,Blender,Home & Kitchen,FSD-01,Faisalabad,1,127.4,20,cash
TXN001085,2025-03-04,Sara Butt,sara.butt@example.com,Denim Jacket,Apparel,KHI-01,Karachi,1,27.6,0,Cash
TXN004852,01/01/2026,ALI KHAN,ali.khan@example.com,Sunscreen SPF50,Beauty,ISB-01,Islamabad,6,118.73,5,cash
TXN002158,2025-04-17,Hina Raza,hina.raza@example.com,Sunscreen SPF50,Beauty,KHI-02,Karachi,2,181.36,0,cash
TXN003237,2024-01-15,Hassan Butt,hassan.butt@example.com,Hair Dryer,Beauty,LHR-01,Lahore,5,249.17,0,Debit Card
TXN004797,13/08/2024,AYESHA SHEIKH,ayesha.sheikh@example.com,Sunscreen SPF50,Beauty,LHR-02,Lahore,6,,0,Cash
TXN001929,21/09/2024,Noor Farooq,noor.farooq@example.com,Sunscreen SPF50,Beauty,KHI-02,Karachi,3,51.86,20,Debit Card
TXN000188,2024-02-17,Sana Raza,sana.raza@example.com,LED Desk Lamp,Home & Kitchen,KHI-01,Karachi,,158.41,0,Mobile Wallet
TXN003213,03/05/2024,Faisal Iqbal,faisal.iqbal@example.com,Cotton T-Shirt,Apparel,LHR-02,Lahore,6,46.56,15,cash
TXN000891,02/12/2025,Sara Malik,sara.malik@example.com,Face Moisturizer,Beauty,FSD-01,Faisalabad,4,202.2,0,Cash
TXN004873,28/03/2024,FAISAL IQBAL,faisal.iqbal@example.com,Lip Balm,Beauty,LHR-01,Lahore,5,89.62,0,Credit Card
TXN001847,27-Jun-2025,Noor Sheikh,noor.sheikh@example.com,Lip Balm,Beauty,FSD-01,Faisalabad,4,232.05,5,CREDIT CARD
TXN002242,24/04/2026,Kamran Raza,kamran.raza@example.com,Denim Jacket,Apparel,LHR-01,Lahore,5,42.86,15,Debit Card
TXN004874,10-Jul-2025,Mariam Raza,,Bluetooth Speaker,Electronics,FSD-01,Faisalabad,6,18.69,5,CREDIT CARD
TXN000221,2025-10-13,Sara Butt,sara.butt@example.com,Shampoo 500ml,Beauty,FSD-01,Faisalabad,6,206.31,5,Credit Card
TXN002841,01/10/2024,Hina Khan,hina.khan@example.com,Non-Stick Pan,Home & Kitchen,LHR-02,Lahore,6,173.58,15,cash
TXN000131,26/06/2024,Omar Farooq,omar.farooq@example.com,Sports Cap,Apparel,KHI-02,Karachi,3,228.47,20,CREDIT CARD
TXN002200,11/05/2026,  Bilal Malik  ,bilal.malik@example.com,Coffee Maker,Home & Kitchen,MUL-01,Multan,1,179.41,0,Credit Card
TXN001168,27/08/2025,Sana Butt,sana.butt@example.com,Football,Sports,MUL-01,Multan,4,172.86,0,Credit Card
TXN002992,11-Jan-2024,Sana Malik,sana.malik@example.com,USB-C Cable,Electronics,FSD-01,Faisalabad,1,134.73,0,Credit Card
TXN004583,20/07/2024,Ali Butt,ali.butt@example.com,Denim Jacket,Apparel,LHR-01,Lahore,6,196.06,20,Credit Card
TXN002483,2025-01-22,Zainab Sheikh,zainab.sheikh@example.com,Coffee Maker,Home & Kitchen,LHR-02,Lahore,3,128.89,0,Mobile Wallet
TXN004903,05/09/2025,HINA FAROOQ,hina.farooq@example.com,Cycling Helmet,Sports,PSH-01,Peshawar,3,231.44,0,Cash
TXN003310,2024-07-19,Hina Raza,hina.raza@example.com,Yoga Mat,Sports,MUL-01,Multan,3,230.47,0,Cash
TXN003751,23-Dec-2024,Usman Butt,usman.butt@example.com,Bluetooth Speaker,Electronics,FSD-01,Faisalabad,6,41.39,0,Credit Card
TXN002122,2024-09-21,Kamran Khan,kamran.khan@example.com,Webcam HD,Electronics,FSD-01,Faisalabad,5,196.32,0,Credit Card
TXN001942,05/06/2024,Ayesha Iqbal,ayesha.iqbal@example.com,Cotton T-Shirt,Apparel,KHI-01,Karachi,,190.75,0,Cash
TXN002279,14-Jul-2026,Fatima Malik,fatima.malik@example.com,Running Shoes,Apparel,MUL-01,Multan,1,206.3,15,Mobile Wallet
TXN001936,07/05/2025,Omar Iqbal,omar.iqbal@example.com,Denim Jacket,Apparel,KHI-02,Karachi,1,200.33,10,Credit Card
TXN001943,15/03/2024,Ayesha Butt,ayesha.butt@example.com,Shampoo 500ml,Beauty,LHR-01,Lahore,2,16.81,20,Credit Card
TXN000845,2026-02-06,KAMRAN CHAUDHRY,kamran.chaudhry@example.com,LED Desk Lamp,Home & Kitchen,FSD-01,Faisalabad,6,84.51,0,cash
TXN000990,04/09/2024,Fatima Malik,fatima.malik@example.com,Cycling Helmet,Sports,PSH-01,Peshawar,2,154.35,0,Cash
TXN001750,2026-07-16,OMAR BUTT,omar.butt@example.com,Denim Jacket,Apparel,PSH-01,Peshawar,2,32.36,0,Cash
TXN002606,17/02/2025,Usman Malik,usman.malik@example.com,Wool Sweater,Apparel,MUL-01,Multan,1,10.34,0,Debit Card
TXN003233,2026-03-21,Omar Butt,omar.butt@example.com,USB-C Cable,Electronics,KHI-02,Karachi,2,92.91,5,CREDIT CARD
TXN001331,2026-03-11,HINA SHEIKH,hina.sheikh@example.com,Cotton T-Shirt,Apparel,LHR-02,Lahore,3,96.17,0,CREDIT CARD
TXN003051,2025-06-05,Omar Farooq,omar.farooq@example.com,Sports Cap,Apparel,LHR-01,Lahore,5,152.98,0,cash
TXN001727,03/03/2025,Kamran Iqbal,kamran.iqbal@example.com,USB-C Cable,Electronics,KHI-02,Karachi,,46.75,0,Cash
TXN000123,08/01/2026,Ayesha Sheikh,ayesha.sheikh@example.com,Hair Dryer,Beauty,MUL-01,Multan,2,51.51,5,Debit Card
TXN002523,27-Jul-2025,NOOR IQBAL,noor.iqbal@example.com,USB-C Cable,Electronics,FSD-01,Faisalabad,1,223.41,15,Cash
TXN004168,25-Apr-2026,AHMED RAZA,ahmed.raza@example.com,LED Desk Lamp,Home & Kitchen,FSD-01,Faisalabad,4,233.43,20,Credit Card
TXN003264,16-May-2025,SARA IQBAL,sara.iqbal@example.com,Face Moisturizer,Beauty,LHR-02,Lahore,2,112.93,0,cash
TXN001459,2025-08-15,Mariam Sheikh,mariam.sheikh@example.com,Dumbbell Set,Sports,LHR-01,Lahore,2,55.8,15,Mobile Wallet
TXN000624,07-Mar-2025,Fatima Butt,fatima.butt@example.com,USB-C Cable,Electronics,KHI-02,Karachi,1,86.15,5,CREDIT CARD
TXN000902,13/04/2026,FATIMA CHAUDHRY,,Laptop Stand,Electronics,KHI-02,Karachi,4,246.18,20,Mobile Wallet
TXN003849,2026-06-03,Zainab Malik,zainab.malik@example.com,USB-C Cable,Electronics,KHI-02,Karachi,4,137.82,20,cash
TXN000520,2024-07-03,SANA KHAN,sana.khan@example.com,Webcam HD,Electronics,KHI-02,Karachi,2,72.37,10,Mobile Wallet
TXN002874,2026-07-07,Kamran Chaudhry,kamran.chaudhry@example.com,Cycling Helmet,Sports,LHR-01,Lahore,3,192.17,5,Cash
TXN000118,2026-05-01,Bilal Iqbal,bilal.iqbal@example.com,Resistance Bands,Sports,KHI-01,Karachi,3,131.94,15,Cash
TXN000265,24-Oct-2024,Omar Butt,omar.butt@example.com,Wool Sweater,Apparel,ISB-01,Islamabad,6,89.6,0,cash
TXN003475,23/03/2025,Bilal Khan,bilal.khan@example.com,Laptop Stand,Electronics,KHI-02,Karachi,4,101.67,10,Debit Card
TXN003012,19-Jun-2024,SARA BUTT,sara.butt@example.com,Dumbbell Set,Sports,KHI-02,Karachi,3,120.38,0,Credit Card
TXN004346,01/01/2024,Omar Butt,omar.butt@example.com,Wireless Mouse,Electronics,LHR-02,Lahore,5,154.62,20,Cash
TXN003126,02-Jul-2024,FAISAL CHAUDHRY,faisal.chaudhry@example.com,Denim Jacket,Apparel,FSD-01,Faisalabad,6,202.15,0,Debit Card
TXN004161,2024-10-29,Usman Khan,usman.khan@example.com,Ceramic Mug Set,Home & Kitchen,PSH-01,Peshawar,2,106.99,10,CREDIT CARD
TXN000855,01-Jan-2025,Usman Malik,usman.malik@example.com,Yoga Mat,Sports,KHI-01,Karachi,4,248.86,20,cash
TXN001174,2025-07-07,  ALI SHEIKH  ,ali.sheikh@example.com,Cycling Helmet,Sports,PSH-01,Peshawar,3,107.6,20,Cash
TXN004225,2024-04-12,Omar Khan,omar.khan@example.com,Webcam HD,Electronics,FSD-01,Faisalabad,6,199.06,10,Debit Card
TXN004265,18-Jul-2025,MARIAM MALIK,,Lip Balm,Beauty,LHR-01,Lahore,6,72.5,15,Debit Card
TXN002409,13/11/2025,KAMRAN FAROOQ,kamran.farooq@example.com,LED Desk Lamp,Home & Kitchen,MUL-01,Multan,4,32.06,0,Debit Card
TXN001008,2025-02-07,BILAL BUTT,bilal.butt@example.com,Lip Balm,Beauty,KHI-01,Karachi,,15.26,5,cash
TXN002892,11-May-2024,Sara Iqbal,sara.iqbal@example.com,Sports Cap,Apparel,KHI-02,Karachi,3,36.03,5,Credit Card
TXN002623,2025-10-25,  Ayesha Raza  ,ayesha.raza@example.com,Dumbbell Set,Sports,MUL-01,Multan,3,87.01,20,cash
TXN001567,18/03/2024,Kamran Farooq,kamran.farooq@example.com,Denim Jacket,Apparel,PSH-01,Peshawar,5,222.24,5,Mobile Wallet
TXN004878,2024-02-02,Omar Butt,omar.butt@example.com,Shampoo 500ml,Beauty,LHR-02,Lahore,3,155.15,5,Credit Card
TXN002933,23-Sep-2025,Zainab Sheikh,zainab.sheikh@example.com,Face Moisturizer,Beauty,FSD-01,Faisalabad,6,187.17,0,Debit Card
TXN002106,22/05/2025,Sana Iqbal,sana.iqbal@example.com,Face Moisturizer,Beauty,ISB-01,Islamabad,6,89.95,15,Mobile Wallet
TXN000518,15/01/2026,Kamran Farooq,kamran.farooq@example.com,Dumbbell Set,Sports,KHI-01,Karachi,5,26.88,0,Mobile Wallet
TXN000337,2026-01-13,Mariam Farooq,mariam.farooq@example.com,Wool Sweater,Apparel,ISB-01,Islamabad,,245.82,0,Credit Card
TXN003412,2026-06-24,Sara Malik,sara.malik@example.com,Cycling Helmet,Sports,LHR-01,Lahore,6,188.85,0,cash
TXN004612,2024-04-30,Noor Khan,noor.khan@example.com,Hair Dryer,Beauty,ISB-01,Islamabad,1,24.51,20,Credit Card
TXN001017,2024-07-15,Sara Khan,sara.khan@example.com,Non-Stick Pan,Home & Kitchen,LHR-01,Lahore,4,224.78,10,cash
TXN003891,08/01/2025,AYESHA KHAN,ayesha.khan@example.com,Running Shoes,Apparel,FSD-01,Faisalabad,4,144.47,10,Debit Card
TXN001139,03-Aug-2025,Ali Raza,ali.raza@example.com,Sports Cap,Apparel,KHI-01,Karachi,4,57.45,15,Mobile Wallet
TXN001643,01-Jun-2025,Ali Butt,ali.butt@example.com,Shampoo 500ml,Beauty,ISB-01,Islamabad,6,24.58,15,Mobile Wallet
TXN000782,07/06/2026,Ali Butt,ali.butt@example.com,Dumbbell Set,Sports,FSD-01,Faisalabad,3,148.19,0,cash
TXN001843,2024-05-29,BILAL FAROOQ,bilal.farooq@example.com,Ceramic Mug Set,Home & Kitchen,KHI-01,Karachi,6,16.42,0,cash
TXN002795,2025-01-19,FAISAL FAROOQ,faisal.farooq@example.com,Webcam HD,Electronics,PSH-01,Peshawar,3,106.26,10,Mobile Wallet
TXN003586,11/01/2025,Bilal Iqbal,bilal.iqbal@example.com,Cycling Helmet,Sports,KHI-01,Karachi,1,221.41,0,Cash
TXN002769,2025-08-03,Omar Khan,omar.khan@example.com,Cycling Helmet,Sports,KHI-01,Karachi,3,167.46,15,Credit Card
TXN004465,01/12/2024,Ahmed Raza,ahmed.raza@example.com,Hair Dryer,Beauty,LHR-01,Lahore,4,19.89,0,Debit Card
TXN001562,16/05/2024,ZAINAB CHAUDHRY,zainab.chaudhry@example.com,Denim Jacket,Apparel,MUL-01,Multan,2,63.82,5,Mobile Wallet
TXN000270,06/01/2024,Hassan Sheikh,hassan.sheikh@example.com,Laptop Stand,Electronics,ISB-01,Islamabad,2,119.25,10,Credit Card
TXN003255,25/10/2025,Hina Raza,hina.raza@example.com,Hair Dryer,Beauty,PSH-01,Peshawar,2,24.07,15,Mobile Wallet
TXN003000,06-Mar-2026,Omar Butt,omar.butt@example.com,Wool Sweater,Apparel,KHI-02,Karachi,2,223.73,10,Credit Card
TXN003531,30/12/2025,Ahmed Farooq,ahmed.farooq@example.com,Ceramic Mug Set,Home & Kitchen,LHR-02,Lahore,6,156.71,10,cash
TXN002436,11-Jul-2024,SANA MALIK,sana.malik@example.com,Hair Dryer,Beauty,FSD-01,Faisalabad,2,188.9,0,Credit Card
TXN000184,06/08/2025,Bilal Butt,bilal.butt@example.com,Football,Sports,KHI-01,Karachi,5,135.41,15,Debit Card
TXN004524,24-Jun-2025,  HINA IQBAL  ,hina.iqbal@example.com,Bluetooth Speaker,Electronics,KHI-01,Karachi,5,194.2,0,cash
TXN002792,01-Apr-2024,Ahmed Farooq,ahmed.farooq@example.com,Wireless Mouse,Electronics,KHI-02,Karachi,6,32.47,5,Debit Card
TXN000897,2025-01-01,Ayesha Farooq,ayesha.farooq@example.com,Running Shoes,Apparel,KHI-01,Karachi,4,229.57,15,cash
TXN000362,22/06/2026,  Sana Farooq  ,sana.farooq@example.com,Non-Stick Pan,Home & Kitchen,PSH-01,Peshawar,5,63.28,5,Credit Card
TXN000266,30/06/2025,Sana Iqbal,sana.iqbal@example.com,Non-Stick Pan,Home & Kitchen,FSD-01,Faisalabad,4,219.98,0,Mobile Wallet
TXN004603,15-Mar-2024,Hina Malik,hina.malik@example.com,Laptop Stand,Electronics,KHI-02,Karachi,2,182.99,20,cash
TXN000291,13/09/2025,Ali Chaudhry,ali.chaudhry@example.com,Sports Cap,Apparel,MUL-01,Multan,2,217.49,0,cash
TXN001780,2025-08-15,Ahmed Iqbal,ahmed.iqbal@example.com,Wireless Mouse,Electronics,ISB-01,Islamabad,4,25.08,0,Mobile Wallet
TXN003583,28/06/2025,Usman Butt,usman.butt@example.com,Bluetooth Speaker,Electronics,FSD-01,Faisalabad,6,17.6,0,cash
TXN001824,14-Apr-2024,  Faisal Raza  ,faisal.raza@example.com,Face Moisturizer,Beauty,LHR-02,Lahore,5,222.25,20,Debit Card
TXN004019,2024-11-29,FAISAL IQBAL,faisal.iqbal@example.com,Running Shoes,Apparel,ISB-01,Islamabad,3,120.88,0,Mobile Wallet
TXN001866,2026-03-06,ZAINAB IQBAL,zainab.iqbal@example.com,Hair Dryer,Beauty,ISB-01,Islamabad,3,208.64,10,CREDIT CARD
TXN003364,2024-05-20,  Hina Butt  ,hina.butt@example.com,Wireless Mouse,Electronics,LHR-01,Lahore,3,231.11,20,Mobile Wallet
TXN004738,27-Jan-2025,Bilal Malik,bilal.malik@example.com,Football,Sports,FSD-01,Faisalabad,6,77.91,0,Cash
TXN002748,09/03/2024,Fatima Raza,fatima.raza@example.com,Cotton T-Shirt,Apparel,PSH-01,Peshawar,3,44.81,20,cash
TXN004397,2024-11-15,  AYESHA SHEIKH  ,ayesha.sheikh@example.com,Wireless Mouse,Electronics,MUL-01,Multan,4,160.12,0,Cash
TXN002755,07/06/2025,Bilal Malik,bilal.malik@example.com,Laptop Stand,Electronics,ISB-01,Islamabad,2,103.08,10,Debit Card
TXN000459,20/11/2024,Hassan Khan,hassan.khan@example.com,Resistance Bands,Sports,MUL-01,Multan,3,144.74,0,CREDIT CARD
TXN000273,26/04/2024,Ahmed Raza,ahmed.raza@example.com,Resistance Bands,Sports,KHI-02,Karachi,6,67.86,20,Debit Card
TXN002509,27/02/2025,Noor Farooq,noor.farooq@example.com,Wireless Mouse,Electronics,KHI-02,Karachi,4,235.19,0,Mobile Wallet
TXN000566,2025-02-10,Faisal Raza,faisal.raza@example.com,Wireless Mouse,Electronics,PSH-01,Peshawar,1,7.63,15,CREDIT CARD
TXN002126,14/12/2025,Zainab Farooq,zainab.farooq@example.com,Shampoo 500ml,Beauty,ISB-01,Islamabad,2,148.34,5,CREDIT CARD
TXN002374,23/01/2024,Faisal Khan,faisal.khan@example.com,Cycling Helmet,Sports,ISB-01,Islamabad,2,10.97,0,CREDIT CARD
TXN002194,02-Aug-2025,Ayesha Malik,ayesha.malik@example.com,Laptop Stand,Electronics,KHI-01,Karachi,5,225.79,0,Credit Card
TXN000992,22/09/2025,Noor Raza,noor.raza@example.com,Coffee Maker,Home & Kitchen,PSH-01,Peshawar,5,210.36,0,cash
TXN000535,2025-02-05,Hassan Iqbal,hassan.iqbal@example.com,Bluetooth Speaker,Electronics,LHR-01,Lahore,5,87.0,0,CREDIT CARD
TXN000527,12/03/2024,Zainab Khan,zainab.khan@example.com,Lip Balm,Beauty,KHI-02,Karachi,6,26.98,10,Debit Card
TXN000345,2024-03-28,Usman Raza,,Face Moisturizer,Beauty,KHI-02,Karachi,2,186.2,20,Debit Card
TXN001944,30-Sep-2024,OMAR FAROOQ,omar.farooq@example.com,USB-C Cable,Electronics,FSD-01,Faisalabad,1,249.43,15,CREDIT CARD
TXN003156,2026-06-08,Zainab Chaudhry,,Sunscreen SPF50,Beauty,MUL-01,Multan,6,14.07,0,CREDIT CARD
TXN004726,15-Jan-2024,Faisal Iqbal,faisal.iqbal@example.com,Hair Dryer,Beauty,LHR-02,Lahore,1,199.72,5,Cash
TXN003054,22-Jan-2024,Ahmed Farooq,ahmed.farooq@example.com,USB-C Cable,Electronics,MUL-01,Multan,3,102.73,5,Cash
TXN003121,2025-10-17,Omar Raza,omar.raza@example.com,Football,Sports,MUL-01,Multan,1,106.86,0,Mobile Wallet
TXN001690,07/07/2024,Mariam Sheikh,mariam.sheikh@example.com,Non-Stick Pan,Home & Kitchen,MUL-01,Multan,2,114.05,20,Cash
TXN002766,07-Dec-2025,  SANA FAROOQ  ,sana.farooq@example.com,Running Shoes,Apparel,MUL-01,Multan,5,209.14,5,Credit Card
TXN000956,02/05/2024,  Noor Khan  ,noor.khan@example.com,Non-Stick Pan,Home & Kitchen,ISB-01,Islamabad,4,39.75,20,Cash
TXN000012,22-Jan-2024,  Kamran Malik  ,kamran.malik@example.com,Lip Balm,Beauty,PSH-01,Peshawar,5,140.71,15,Credit Card
TXN002228,10/09/2024,Faisal Butt,faisal.butt@example.com,Denim Jacket,Apparel,FSD-01,Faisalabad,3,152.2,15,Debit Card
TXN001772,06-Mar-2025,Hassan Chaudhry,hassan.chaudhry@example.com,Wireless Mouse,Electronics,LHR-02,Lahore,5,120.79,20,Credit Card
TXN001016,10-Jan-2025,HINA KHAN,hina.khan@example.com,Wireless Mouse,Electronics,PSH-01,Peshawar,6,172.99,0,Cash
TXN002974,20/12/2024,Hina Sheikh,hina.sheikh@example.com,Laptop Stand,Electronics,MUL-01,Multan,4,231.9,0,Mobile Wallet
TXN000327,13-Mar-2026,  FAISAL BUTT  ,faisal.butt@example.com,Blender,Home & Kitchen,LHR-02,Lahore,5,121.44,0,Cash
TXN002818,2025-02-14,Sara Farooq,sara.farooq@example.com,Sunscreen SPF50,Beauty,KHI-01,Karachi,3,92.65,5,cash
TXN000058,2025-04-17,Sara Butt,sara.butt@example.com,Yoga Mat,Sports,MUL-01,Multan,2,163.69,10,CREDIT CARD
TXN001487,22-Jun-2025,Noor Sheikh,noor.sheikh@example.com,Face Moisturizer,Beauty,PSH-01,Peshawar,,235.15,5,Cash
TXN004135,07/12/2025,Ayesha Iqbal,ayesha.iqbal@example.com,Face Moisturizer,Beauty,LHR-02,Lahore,5,150.19,15,Credit Card
TXN000965,2025-05-31,Bilal Butt,bilal.butt@example.com,Bluetooth Speaker,Electronics,PSH-01,Peshawar,1,126.32,20,Mobile Wallet
TXN004221,17-Oct-2024,  Fatima Chaudhry  ,fatima.chaudhry@example.com,LED Desk Lamp,Home & Kitchen,KHI-01,Karachi,3,130.85,0,Debit Card
TXN003146,2024-07-12,Noor Sheikh,noor.sheikh@example.com,Non-Stick Pan,Home & Kitchen,ISB-01,Islamabad,4,162.47,0,Debit Card
TXN000333,2024-01-14,Ahmed Raza,ahmed.raza@example.com,Resistance Bands,Sports,ISB-01,Islamabad,1,165.66,0,cash
TXN004831,2025-05-18,Ali Raza,ali.raza@example.com,Hair Dryer,Beauty,LHR-02,Lahore,4,18.63,10,cash
TXN004729,17-Aug-2024,  Hassan Raza  ,hassan.raza@example.com,Resistance Bands,Sports,KHI-02,Karachi,4,168.24,5,Debit Card
TXN000961,2024-10-26,Faisal Raza,faisal.raza@example.com,Ceramic Mug Set,Home & Kitchen,KHI-01,Karachi,4,204.49,5,Credit Card
TXN000911,16-Oct-2024,Ali Farooq,ali.farooq@example.com,Cotton T-Shirt,Apparel,LHR-02,Lahore,4,155.93,5,cash
TXN003380,27-Jul-2025,  Zainab Iqbal  ,zainab.iqbal@example.com,Resistance Bands,Sports,MUL-01,Multan,1,61.19,5,cash
TXN003387,02/11/2025,Usman Butt,usman.butt@example.com,Laptop Stand,Electronics,ISB-01,Islamabad,3,88.15,15,Mobile Wallet
TXN004432,2025-02-07,AYESHA KHAN,ayesha.khan@example.com,Football,Sports,MUL-01,Multan,1,,0,cash
TXN001781,14-Feb-2025,Fatima Farooq,fatima.farooq@example.com,Cotton T-Shirt,Apparel,LHR-02,Lahore,4,18.09,10,CREDIT CARD
TXN001504,12/03/2024,  Faisal Butt  ,faisal.butt@example.com,Face Moisturizer,Beauty,MUL-01,Multan,5,191.94,0,Mobile Wallet
TXN000834,2025-10-28,Ayesha Chaudhry,ayesha.chaudhry@example.com,Laptop Stand,Electronics,KHI-02,Karachi,6,60.94,10,Debit Card
TXN004630,28/01/2025,Fatima Raza,fatima.raza@example.com,Face Moisturizer,Beauty,FSD-01,Faisalabad,2,248.3,10,Credit Card
TXN000932,01-Jan-2025,Sara Chaudhry,sara.chaudhry@example.com,USB-C Cable,Electronics,FSD-01,Faisalabad,3,203.69,0,cash
TXN003853,23-Aug-2025,Noor Butt,noor.butt@example.com,Webcam HD,Electronics,KHI-01,Karachi,6,123.74,0,Debit Card
TXN000802,27/07/2024,ZAINAB CHAUDHRY,,Denim Jacket,Apparel,KHI-01,Karachi,2,27.09,20,Debit Card
TXN002170,2026-06-02,  Ayesha Raza  ,,Face Moisturizer,Beauty,LHR-02,Lahore,3,46.0,20,cash
TXN001130,30-Dec-2025,Noor Raza,noor.raza@example.com,Blender,Home & Kitchen,FSD-01,Faisalabad,5,75.57,0,Credit Card
TXN001520,2025-02-24,Ayesha Raza,ayesha.raza@example.com,Football,Sports,PSH-01,Peshawar,2,249.77,5,Mobile Wallet
TXN001020,2024-05-31,AHMED MALIK,ahmed.malik@example.com,Shampoo 500ml,Beauty,KHI-01,Karachi,2,249.57,20,Debit Card
TXN002800,24-Apr-2024,Omar Butt,omar.butt@example.com,Hair Dryer,Beauty,LHR-01,Lahore,5,29.41,20,cash
TXN002059,27/11/2025,KAMRAN CHAUDHRY,kamran.chaudhry@example.com,USB-C Cable,Electronics,KHI-02,Karachi,2,27.76,10,Cash
TXN000361,05/03/2025,Hina Sheikh,,Running Shoes,Apparel,KHI-01,Karachi,4,80.83,0,Cash
TXN000416,23/07/2024,Ayesha Malik,ayesha.malik@example.com,Cotton T-Shirt,Apparel,FSD-01,Faisalabad,1,223.38,5,Cash
TXN001577,11-Aug-2025,Hassan Raza,hassan.raza@example.com,Face Moisturizer,Beauty,KHI-02,Karachi,3,136.44,0,cash
TXN004921,2025-02-21,  Mariam Iqbal  ,mariam.iqbal@example.com,Football,Sports,KHI-01,Karachi,5,108.57,15,Mobile Wallet
TXN001385,02-Jul-2025,Kamran Raza,,Wireless Mouse,Electronics,LHR-02,Lahore,4,230.17,0,Credit Card
TXN003069,2024-08-25,Mariam Khan,mariam.khan@example.com,Wireless Mouse,Electronics,KHI-01,Karachi,3,102.46,5,Cash
TXN002796,2024-08-21,HASSAN CHAUDHRY,hassan.chaudhry@example.com,Resistance Bands,Sports,KHI-01,Karachi,1,129.58,20,Cash
TXN001428,10/02/2026,Ahmed Chaudhry,ahmed.chaudhry@example.com,Coffee Maker,Home & Kitchen,ISB-01,Islamabad,1,139.18,15,Mobile Wallet
TXN001049,09/05/2026,Ayesha Farooq,ayesha.farooq@example.com,Lip Balm,Beauty,ISB-01,Islamabad,3,241.06,0,Credit Card
TXN003362,25/08/2025,Faisal Raza,faisal.raza@example.com,Cycling Helmet,Sports,KHI-02,Karachi,2,136.83,15,Mobile Wallet
TXN002752,26-Apr-2025,Hina Khan,hina.khan@example.com,Yoga Mat,Sports,PSH-01,Peshawar,4,98.27,10,Credit Card
TXN001186,2024-10-05,Faisal Farooq,faisal.farooq@example.com,Webcam HD,Electronics,LHR-01,Lahore,4,113.5,20,Cash
TXN000991,22-Feb-2025,Kamran Butt,,Hair Dryer,Beauty,MUL-01,Multan,2,113.81,10,Mobile Wallet
TXN003542,01-May-2026,  Noor Malik  ,noor.malik@example.com,Non-Stick Pan,Home & Kitchen,LHR-02,Lahore,3,168.54,0,Debit Card
TXN001796,06/05/2026,Ali Sheikh,ali.sheikh@example.com,Cycling Helmet,Sports,KHI-01,Karachi,5,6.79,15,Credit Card
TXN001618,2024-08-11,Faisal Butt,faisal.butt@example.com,Face Moisturizer,Beauty,LHR-02,Lahore,3,144.06,10,CREDIT CARD
TXN001119,12/02/2026,Hassan Khan,hassan.khan@example.com,Running Shoes,Apparel,LHR-01,Lahore,5,98.33,0,Credit Card
TXN002942,19/05/2026,Ali Khan,ali.khan@example.com,Resistance Bands,Sports,PSH-01,Peshawar,2,65.8,15,Credit Card
TXN001663,2025-12-22,Fatima Butt,fatima.butt@example.com,Cycling Helmet,Sports,PSH-01,Peshawar,3,234.32,20,Debit Card
TXN003965,04/04/2024,Zainab Sheikh,zainab.sheikh@example.com,Coffee Maker,Home & Kitchen,PSH-01,Peshawar,5,127.79,0,Cash
TXN000686,02-Sep-2025,Usman Farooq,usman.farooq@example.com,Cycling Helmet,Sports,KHI-01,Karachi,3,71.56,5,Cash
TXN004731,2026-01-18,Ayesha Farooq,ayesha.farooq@example.com,Denim Jacket,Apparel,PSH-01,Peshawar,2,228.14,5,Credit Card
TXN002459,21-Apr-2025,Sana Chaudhry,sana.chaudhry@example.com,USB-C Cable,Electronics,ISB-01,Islamabad,6,19.35,0,Mobile Wallet
TXN000206,29-Aug-2025,Fatima Sheikh,fatima.sheikh@example.com,Ceramic Mug Set,Home & Kitchen,LHR-02,Lahore,6,20.26,0,Debit Card
TXN002817,09-Nov-2024,Faisal Butt,faisal.butt@example.com,Coffee Maker,Home & Kitchen,ISB-01,Islamabad,3,139.72,20,CREDIT CARD
TXN003152,05/11/2024,Hassan Khan,hassan.khan@example.com,Hair Dryer,Beauty,LHR-01,Lahore,2,13.67,20,Debit Card
TXN000613,2026-03-28,Mariam Raza,mariam.raza@example.com,USB-C Cable,Electronics,LHR-02,Lahore,1,72.04,5,Credit Card
TXN001685,2024-06-08,Noor Malik,noor.malik@example.com,Hair Dryer,Beauty,LHR-01,Lahore,6,65.25,10,CREDIT CARD
TXN003396,17/05/2024,Usman Iqbal,usman.iqbal@example.com,Webcam HD,Electronics,KHI-01,Karachi,1,207.22,0,CREDIT CARD
TXN002744,05/07/2024,Sara Farooq,sara.farooq@example.com,Running Shoes,Apparel,FSD-01,Faisalabad,6,31.81,0,cash
TXN004712,2024-01-08,Fatima Malik,,Ceramic Mug Set,Home & Kitchen,MUL-01,Multan,4,218.18,0,Cash
TXN000947,21/06/2025,Omar Malik,omar.malik@example.com,Non-Stick Pan,Home & Kitchen,MUL-01,Multan,4,162.25,0,Cash
TXN001759,12-Sep-2025,Mariam Raza,mariam.raza@example.com,Coffee Maker,Home & Kitchen,PSH-01,Peshawar,6,20.66,15,Debit Card
TXN000357,08-Sep-2024,  Kamran Farooq  ,kamran.farooq@example.com,Yoga Mat,Sports,LHR-02,Lahore,6,136.78,20,CREDIT CARD
TXN001310,29-Jan-2026,Ayesha Farooq,,Wireless Mouse,Electronics,ISB-01,Islamabad,6,170.33,20,Credit Card
TXN000937,26/06/2025,Zainab Iqbal,zainab.iqbal@example.com,Coffee Maker,Home & Kitchen,FSD-01,Faisalabad,3,88.57,0,cash
TXN000159,2025-02-10,Usman Chaudhry,usman.chaudhry@example.com,Dumbbell Set,Sports,KHI-02,Karachi,4,96.4,15,Cash
TXN002063,01/07/2025,Ahmed Raza,ahmed.raza@example.com,Wireless Mouse,Electronics,LHR-02,Lahore,4,105.54,15,CREDIT CARD
TXN004192,04/03/2026,  Usman Chaudhry  ,usman.chaudhry@example.com,Hair Dryer,Beauty,PSH-01,Peshawar,3,33.6,5,Mobile Wallet
TXN003456,22/01/2026,Ayesha Iqbal,ayesha.iqbal@example.com,Running Shoes,Apparel,KHI-02,Karachi,5,118.52,0,Mobile Wallet
TXN002756,2024-11-22,Ayesha Chaudhry,ayesha.chaudhry@example.com,Blender,Home & Kitchen,KHI-01,Karachi,4,20.83,0,Cash
TXN002838,29-Apr-2025,FATIMA KHAN,fatima.khan@example.com,Laptop Stand,Electronics,FSD-01,Faisalabad,5,66.35,5,Mobile Wallet
TXN003597,14/03/2024,Hina Farooq,hina.farooq@example.com,Laptop Stand,Electronics,KHI-01,Karachi,1,195.78,0,CREDIT CARD
TXN001741,04-Apr-2024,Ali Raza,ali.raza@example.com,Wool Sweater,Apparel,ISB-01,Islamabad,3,191.85,10,Debit Card
TXN000693,2024-01-11,  MARIAM MALIK  ,mariam.malik@example.com,Sunscreen SPF50,Beauty,LHR-02,Lahore,3,30.76,0,Cash
TXN001297,23/05/2025,Zainab Chaudhry,zainab.chaudhry@example.com,Football,Sports,MUL-01,Multan,4,77.95,0,Mobile Wallet
TXN001152,25-Jul-2025,  HINA MALIK  ,hina.malik@example.com,Bluetooth Speaker,Electronics,ISB-01,Islamabad,5,101.72,0,cash
TXN003393,2024-01-22,Ahmed Khan,ahmed.khan@example.com,Non-Stick Pan,Home & Kitchen,LHR-02,Lahore,4,119.36,0,Cash
TXN000485,06/04/2024,Noor Malik,noor.malik@example.com,Webcam HD,Electronics,KHI-01,Karachi,6,11.36,0,cash
TXN001704,26-Dec-2024,Hassan Butt,hassan.butt@example.com,Coffee Maker,Home & Kitchen,LHR-02,Lahore,1,,5,cash
TXN001365,2024-02-01,Ahmed Raza,ahmed.raza@example.com,LED Desk Lamp,Home & Kitchen,KHI-02,Karachi,5,52.83,20,Credit Card
TXN003661,2025-10-25,OMAR IQBAL,omar.iqbal@example.com,Lip Balm,Beauty,ISB-01,Islamabad,6,119.23,5,cash
TXN000276,21/08/2024,Hina Chaudhry,hina.chaudhry@example.com,Wireless Mouse,Electronics,LHR-01,Lahore,4,104.87,0,Mobile Wallet
TXN002493,2025-01-12,Noor Malik,noor.malik@example.com,Shampoo 500ml,Beauty,KHI-02,Karachi,3,132.11,10,Debit Card
TXN004503,2025-01-04,SANA KHAN,sana.khan@example.com,Bluetooth Speaker,Electronics,PSH-01,Peshawar,5,52.42,15,cash
TXN001375,05-Jul-2024,Hina Iqbal,hina.iqbal@example.com,Wool Sweater,Apparel,PSH-01,Peshawar,1,58.32,20,Mobile Wallet
TXN004825,13/05/2025,Sana Sheikh,sana.sheikh@example.com,Ceramic Mug Set,Home & Kitchen,KHI-01,Karachi,5,151.88,0,Credit Card
TXN000976,19/12/2025,AYESHA BUTT,ayesha.butt@example.com,Face Moisturizer,Beauty,LHR-01,Lahore,1,,10,CREDIT CARD
TXN002937,13/01/2024,Sana Butt,sana.butt@example.com,Shampoo 500ml,Beauty,LHR-01,Lahore,6,178.82,10,Credit Card
TXN004352,13/08/2025,Ali Malik,ali.malik@example.com,Cycling Helmet,Sports,ISB-01,Islamabad,2,37.0,0,CREDIT CARD
TXN004646,23/03/2026,Noor Farooq,noor.farooq@example.com,LED Desk Lamp,Home & Kitchen,KHI-02,Karachi,1,236.74,20,CREDIT CARD
TXN003686,14/04/2026,Faisal Raza,faisal.raza@example.com,Laptop Stand,Electronics,PSH-01,Peshawar,6,24.23,0,cash
TXN001718,18-Mar-2026,Noor Khan,noor.khan@example.com,Ceramic Mug Set,Home & Kitchen,KHI-02,Karachi,1,148.75,15,CREDIT CARD
TXN002492,10/03/2024,  HASSAN SHEIKH  ,hassan.sheikh@example.com,Resistance Bands,Sports,PSH-01,Peshawar,3,25.77,15,Mobile Wallet
TXN000915,24/05/2024,Noor Raza,noor.raza@example.com,Cycling Helmet,Sports,PSH-01,Peshawar,6,31.62,20,cash
TXN004310,23/07/2025,Sana Iqbal,sana.iqbal@example.com,Blender,Home & Kitchen,PSH-01,Peshawar,2,144.37,0,Cash
TXN004068,28/05/2024,NOOR MALIK,noor.malik@example.com,Bluetooth Speaker,Electronics,PSH-01,Peshawar,2,243.92,10,cash
TXN003972,08-Dec-2024,Ahmed Chaudhry,ahmed.chaudhry@example.com,Yoga Mat,Sports,FSD-01,Faisalabad,4,,0,Cash
TXN000440,17-Apr-2025,Hassan Sheikh,,USB-C Cable,Electronics,LHR-01,Lahore,2,38.2,15,Debit Card
TXN004881,2025-10-13,USMAN KHAN,usman.khan@example.com,Bluetooth Speaker,Electronics,ISB-01,Islamabad,1,65.31,0,Cash
TXN001842,2025-12-26,Usman Chaudhry,usman.chaudhry@example.com,Shampoo 500ml,Beauty,LHR-01,Lahore,1,187.71,15,CREDIT CARD
TXN003596,01-Mar-2025,Zainab Farooq,zainab.farooq@example.com,Cycling Helmet,Sports,LHR-02,Lahore,2,15.2,0,CREDIT CARD
TXN000453,02/07/2024,  Ahmed Malik  ,ahmed.malik@example.com,Cotton T-Shirt,Apparel,LHR-02,Lahore,3,153.12,0,Credit Card
TXN004079,15/08/2024,Sara Malik,sara.malik@example.com,Dumbbell Set,Sports,MUL-01,Multan,6,100.21,10,Cash
TXN004745,2025-05-26,NOOR SHEIKH,noor.sheikh@example.com,Face Moisturizer,Beauty,ISB-01,Islamabad,3,213.8,0,Mobile Wallet
TXN004489,2025-08-16,Ahmed Chaudhry,ahmed.chaudhry@example.com,Blender,Home & Kitchen,ISB-01,Islamabad,2,162.91,5,Cash
TXN002549,22-May-2025,NOOR IQBAL,,Bluetooth Speaker,Electronics,KHI-01,Karachi,6,224.17,0,Debit Card
TXN003553,2024-10-24,HASSAN BUTT,hassan.butt@example.com,USB-C Cable,Electronics,LHR-02,Lahore,5,198.83,0,Mobile Wallet
TXN000632,2024-04-11,Ahmed Butt,ahmed.butt@example.com,Bluetooth Speaker,Electronics,LHR-02,Lahore,5,235.75,20,Cash
TXN003816,2026-06-18,Faisal Raza,faisal.raza@example.com,Wireless Mouse,Electronics,LHR-02,Lahore,4,81.12,0,Mobile Wallet
TXN001221,21/05/2024,Kamran Chaudhry,kamran.chaudhry@example.com,Laptop Stand,Electronics,PSH-01,Peshawar,5,77.72,10,CREDIT CARD
TXN003630,31/05/2024,Ahmed Raza,,Wireless Mouse,Electronics,ISB-01,Islamabad,4,115.28,20,cash
TXN001055,2024-09-19,  Ayesha Butt  ,ayesha.butt@example.com,Football,Sports,KHI-01,Karachi,4,229.96,10,Mobile Wallet
TXN001746,2024-11-22,Mariam Khan,mariam.khan@example.com,Cycling Helmet,Sports,LHR-01,Lahore,6,93.49,0,Mobile Wallet
TXN001883,2026-04-24,Noor Raza,noor.raza@example.com,Shampoo 500ml,Beauty,FSD-01,Faisalabad,3,130.85,5,Cash
TXN000232,2025-12-08,Faisal Khan,faisal.khan@example.com,Ceramic Mug Set,Home & Kitchen,KHI-01,Karachi,4,17.08,0,Debit Card
TXN003717,23/05/2026,Ayesha Sheikh,ayesha.sheikh@example.com,Face Moisturizer,Beauty,LHR-02,Lahore,1,108.84,0,cash
TXN002630,08-Feb-2024,Omar Iqbal,omar.iqbal@example.com,Ceramic Mug Set,Home & Kitchen,KHI-02,Karachi,1,50.17,0,Mobile Wallet
TXN004055,18/03/2024,Zainab Chaudhry,zainab.chaudhry@example.com,Running Shoes,Apparel,LHR-01,Lahore,4,141.16,20,Cash
TXN000905,28-Nov-2025,Hina Raza,hina.raza@example.com,Wool Sweater,Apparel,LHR-02,Lahore,4,233.0,20,cash
TXN003738,19-May-2024,Sana Raza,sana.raza@example.com,Webcam HD,Electronics,PSH-01,Peshawar,1,138.22,0,Mobile Wallet
TXN004540,10/06/2024,Faisal Iqbal,faisal.iqbal@example.com,Cycling Helmet,Sports,PSH-01,Peshawar,6,95.06,0,cash
TXN001404,09/12/2025,Ali Sheikh,ali.sheikh@example.com,Hair Dryer,Beauty,ISB-01,Islamabad,3,148.16,0,Credit Card
TXN004715,2025-12-06,Faisal Butt,faisal.butt@example.com,Face Moisturizer,Beauty,LHR-01,Lahore,5,138.65,10,Cash
TXN002142,11-Jan-2024,Hina Raza,hina.raza@example.com,Lip Balm,Beauty,FSD-01,Faisalabad,1,228.08,20,Debit Card
TXN001806,15-Feb-2025,Hassan Chaudhry,hassan.chaudhry@example.com,Football,Sports,KHI-02,Karachi,4,97.44,10,cash
TXN002836,15-Mar-2025,  Faisal Malik  ,faisal.malik@example.com,Cotton T-Shirt,Apparel,PSH-01,Peshawar,3,24.06,5,Cash
TXN003281,2025-12-31,Noor Khan,noor.khan@example.com,Football,Sports,ISB-01,Islamabad,4,107.44,15,Debit Card
TXN004970,28-May-2025,Bilal Sheikh,bilal.sheikh@example.com,LED Desk Lamp,Home & Kitchen,PSH-01,Peshawar,4,99.84,15,Credit Card
TXN001417,24/02/2026,Bilal Butt,bilal.butt@example.com,Yoga Mat,Sports,KHI-01,Karachi,2,242.2,0,cash
TXN001614,06-May-2024,Fatima Butt,fatima.butt@example.com,Football,Sports,KHI-01,Karachi,4,187.83,0,Cash
TXN000986,21/05/2025,Sara Butt,sara.butt@example.com,Football,Sports,LHR-01,Lahore,5,234.01,10,Mobile Wallet
TXN003989,2024-10-23,Mariam Butt,mariam.butt@example.com,Face Moisturizer,Beauty,ISB-01,Islamabad,3,66.29,10,cash
TXN000876,08-May-2026,FAISAL IQBAL,faisal.iqbal@example.com,Non-Stick Pan,Home & Kitchen,PSH-01,Peshawar,5,238.75,0,Debit Card
TXN001077,27-May-2025,Ayesha Malik,ayesha.malik@example.com,Resistance Bands,Sports,LHR-01,Lahore,3,48.72,5,cash
TXN002254,04/12/2024,ALI FAROOQ,ali.farooq@example.com,Hair Dryer,Beauty,LHR-01,Lahore,3,151.96,15,CREDIT CARD
TXN003101,09-Jun-2024,Noor Farooq,noor.farooq@example.com,Cycling Helmet,Sports,LHR-02,Lahore,4,15.33,10,CREDIT CARD
TXN000899,21-Oct-2024,Faisal Chaudhry,faisal.chaudhry@example.com,USB-C Cable,Electronics,PSH-01,Peshawar,5,176.23,0,Debit Card
TXN001789,13/07/2026,Omar Malik,omar.malik@example.com,Non-Stick Pan,Home & Kitchen,KHI-01,Karachi,4,208.86,0,CREDIT CARD
TXN002230,09-Jun-2026,Ahmed Sheikh,ahmed.sheikh@example.com,USB-C Cable,Electronics,LHR-02,Lahore,5,115.73,0,Mobile Wallet
TXN004488,10/01/2024,Bilal Sheikh,bilal.sheikh@example.com,Wool Sweater,Apparel,FSD-01,Faisalabad,4,134.88,5,Debit Card
TXN000944,21-Jul-2024,Omar Malik,omar.malik@example.com,Sports Cap,Apparel,PSH-01,Peshawar,3,153.6,0,Credit Card
TXN003293,2026-06-16,Hassan Sheikh,hassan.sheikh@example.com,Blender,Home & Kitchen,FSD-01,Faisalabad,6,154.63,5,CREDIT CARD
TXN001637,18/10/2025,  Zainab Malik  ,zainab.malik@example.com,Sunscreen SPF50,Beauty,KHI-01,Karachi,6,216.54,15,CREDIT CARD
TXN001576,26/10/2025,Bilal Butt,bilal.butt@example.com,Resistance Bands,Sports,KHI-01,Karachi,6,19.16,0,Mobile Wallet
TXN003110,2024-07-18,HASSAN SHEIKH,hassan.sheikh@example.com,Webcam HD,Electronics,LHR-01,Lahore,5,82.43,0,Cash
TXN004707,2026-04-11,Mariam Farooq,mariam.farooq@example.com,Face Moisturizer,Beauty,FSD-01,Faisalabad,1,13.52,5,cash
TXN001994,22-Jun-2025,Bilal Khan,bilal.khan@example.com,Resistance Bands,Sports,KHI-01,Karachi,3,246.09,15,CREDIT CARD
TXN000680,17-Jul-2024,Hina Butt,hina.butt@example.com,Wool Sweater,Apparel,FSD-01,Faisalabad,6,210.91,20,Debit Card
TXN002500,30/05/2026,Omar Farooq,omar.farooq@example.com,Sunscreen SPF50,Beauty,FSD-01,Faisalabad,6,142.23,15,Cash
TXN000105,03-Sep-2025,KAMRAN MALIK,,Bluetooth Speaker,Electronics,MUL-01,Multan,5,9.03,0,Mobile Wallet
TXN002865,24-Jun-2025,Ali Iqbal,ali.iqbal@example.com,Shampoo 500ml,Beauty,LHR-02,Lahore,6,47.6,10,cash
TXN000672,17/12/2025,Zainab Chaudhry,zainab.chaudhry@example.com,LED Desk Lamp,Home & Kitchen,LHR-01,Lahore,4,163.98,20,cash
TXN003504,2024-10-14,Usman Khan,usman.khan@example.com,Hair Dryer,Beauty,KHI-02,Karachi,2,168.82,0,Credit Card
TXN004547,15/05/2024,NOOR RAZA,noor.raza@example.com,Shampoo 500ml,Beauty,LHR-01,Lahore,3,83.21,5,Credit Card
TXN000588,06/03/2024,SARA CHAUDHRY,sara.chaudhry@example.com,Yoga Mat,Sports,KHI-01,Karachi,2,12.27,0,Credit Card
TXN000942,2026-06-25,  Usman Malik  ,usman.malik@example.com,Resistance Bands,Sports,KHI-02,Karachi,5,133.26,5,CREDIT CARD
TXN000173,15-Jun-2025,Ali Malik,ali.malik@example.com,Ceramic Mug Set,Home & Kitchen,LHR-02,Lahore,5,147.23,5,CREDIT CARD
TXN004422,2026-06-11,Bilal Malik,bilal.malik@example.com,Ceramic Mug Set,Home & Kitchen,FSD-01,Faisalabad,2,91.42,5,Cash
TXN001471,19-Jun-2026,  Bilal Chaudhry  ,bilal.chaudhry@example.com,Dumbbell Set,Sports,LHR-02,Lahore,3,19.1,20,cash
TXN003628,08-Dec-2025,MARIAM BUTT,mariam.butt@example.com,Denim Jacket,Apparel,PSH-01,Peshawar,6,5.82,10,cash
TXN000028,16-Jun-2025,USMAN CHAUDHRY,usman.chaudhry@example.com,Yoga Mat,Sports,MUL-01,Multan,6,173.28,5,Credit Card
TXN003760,03/04/2026,  Kamran Iqbal  ,kamran.iqbal@example.com,Webcam HD,Electronics,LHR-02,Lahore,1,153.3,15,Mobile Wallet
TXN004674,11-Jan-2026,Ali Farooq,ali.farooq@example.com,Dumbbell Set,Sports,KHI-01,Karachi,1,192.55,20,Debit Card
TXN002525,2024-05-11,  Mariam Iqbal  ,mariam.iqbal@example.com,Non-Stick Pan,Home & Kitchen,KHI-01,Karachi,6,237.45,5,CREDIT CARD
TXN000849,2026-03-10,Sara Malik,sara.malik@example.com,Lip Balm,Beauty,FSD-01,Faisalabad,5,135.28,5,cash
TXN002989,20/10/2024,NOOR MALIK,noor.malik@example.com,Laptop Stand,Electronics,KHI-01,Karachi,,98.53,5,cash
TXN001129,28/03/2025,Omar Iqbal,omar.iqbal@example.com,Sunscreen SPF50,Beauty,LHR-01,Lahore,2,78.17,10,Debit Card
TXN003080,25-Jan-2024,Faisal Butt,faisal.butt@example.com,Dumbbell Set,Sports,KHI-01,Karachi,6,181.21,0,Mobile Wallet
TXN002052,2024-10-03,Mariam Butt,mariam.butt@example.com,Running Shoes,Apparel,KHI-01,Karachi,1,210.42,10,cash
TXN000283,2024-04-21,Kamran Raza,kamran.raza@example.com,Ceramic Mug Set,Home & Kitchen,PSH-01,Peshawar,1,163.16,0,cash
TXN000408,15/07/2026,AYESHA SHEIKH,ayesha.sheikh@example.com,Hair Dryer,Beauty,LHR-01,Lahore,1,206.08,10,Credit Card
TXN003985,2025-07-06,Usman Farooq,usman.farooq@example.com,Bluetooth Speaker,Electronics,FSD-01,Faisalabad,3,135.6,0,cash
TXN002709,26/01/2026,Zainab Khan,zainab.khan@example.com,Running Shoes,Apparel,LHR-02,Lahore,5,17.48,0,Mobile Wallet
TXN004973,08-Jun-2025,Omar Chaudhry,omar.chaudhry@example.com,Laptop Stand,Electronics,MUL-01,Multan,3,28.87,10,cash
TXN000832,02/06/2024,Sara Raza,sara.raza@example.com,Sunscreen SPF50,Beauty,LHR-01,Lahore,6,154.12,0,Mobile Wallet
TXN001006,2025-01-15,Ahmed Khan,ahmed.khan@example.com,Sports Cap,Apparel,ISB-01,Islamabad,3,114.85,10,Debit Card
TXN000586,14/12/2025,  HINA FAROOQ  ,hina.farooq@example.com,Lip Balm,Beauty,LHR-01,Lahore,6,133.62,0,Debit Card
TXN002635,25/06/2025,Zainab Malik,zainab.malik@example.com,Resistance Bands,Sports,MUL-01,Multan,6,40.32,0,Cash
TXN002802,2025-05-23,Usman Malik,usman.malik@example.com,Coffee Maker,Home & Kitchen,FSD-01,Faisalabad,3,135.08,0,cash
TXN000513,2024-03-24,Fatima Sheikh,fatima.sheikh@example.com,Running Shoes,Apparel,PSH-01,Peshawar,2,20.24,0,CREDIT CARD
TXN003778,2024-10-24,Fatima Butt,fatima.butt@example.com,Non-Stick Pan,Home & Kitchen,KHI-01,Karachi,1,214.45,10,Debit Card
TXN001563,2025-12-27,Hina Farooq,hina.farooq@example.com,Dumbbell Set,Sports,ISB-01,Islamabad,5,59.84,0,Cash
TXN004214,2025-07-25,Sara Malik,sara.malik@example.com,USB-C Cable,Electronics,KHI-01,Karachi,4,216.55,10,Cash
TXN000394,2026-04-21,Omar Malik,omar.malik@example.com,Sports Cap,Apparel,LHR-01,Lahore,4,210.22,5,CREDIT CARD
TXN002489,19/05/2026,Ahmed Iqbal,,Cotton T-Shirt,Apparel,PSH-01,Peshawar,3,112.25,0,Debit Card
TXN003665,28/11/2024,Sara Butt,,Bluetooth Speaker,Electronics,FSD-01,Faisalabad,6,210.85,0,Mobile Wallet
TXN004942,30-Apr-2024,Hina Raza,hina.raza@example.com,Webcam HD,Electronics,KHI-02,Karachi,3,99.18,15,Debit Card
TXN004534,2025-11-19,Omar Farooq,omar.farooq@example.com,Wireless Mouse,Electronics,KHI-01,Karachi,2,233.43,20,Debit Card
TXN003118,18-Dec-2025,Noor Malik,noor.malik@example.com,Sunscreen SPF50,Beauty,KHI-02,Karachi,4,168.0,0,cash
TXN002034,10-Mar-2025,  Ayesha Chaudhry  ,ayesha.chaudhry@example.com,Denim Jacket,Apparel,KHI-01,Karachi,1,85.79,0,Debit Card
TXN004404,30-Mar-2025,Ahmed Chaudhry,ahmed.chaudhry@example.com,Laptop Stand,Electronics,PSH-01,Peshawar,5,167.99,20,CREDIT CARD
TXN002262,2025-01-13,  Mariam Butt  ,mariam.butt@example.com,Wireless Mouse,Electronics,FSD-01,Faisalabad,2,47.44,10,CREDIT CARD
TXN004037,14-Apr-2025,HASSAN BUTT,hassan.butt@example.com,Cotton T-Shirt,Apparel,KHI-01,Karachi,3,239.1,15,Mobile Wallet
TXN002469,2024-03-05,ALI RAZA,ali.raza@example.com,Dumbbell Set,Sports,KHI-01,Karachi,4,67.63,10,Credit Card
TXN001720,01/01/2025,Omar Chaudhry,omar.chaudhry@example.com,Dumbbell Set,Sports,KHI-02,Karachi,5,224.14,5,Mobile Wallet
TXN003958,23/06/2026,USMAN FAROOQ,usman.farooq@example.com,Wireless Mouse,Electronics,KHI-02,Karachi,,221.17,0,Credit Card
TXN003409,23-Feb-2026,  Mariam Iqbal  ,,Wireless Mouse,Electronics,KHI-01,Karachi,3,212.58,20,Cash
TXN001079,10-Apr-2025,BILAL MALIK,bilal.malik@example.com,Laptop Stand,Electronics,KHI-02,Karachi,1,119.28,0,Cash
TXN003135,21-Mar-2024,Ayesha Iqbal,ayesha.iqbal@example.com,Football,Sports,LHR-02,Lahore,1,200.26,0,Credit Card
TXN001584,11-Oct-2024,Ayesha Khan,ayesha.khan@example.com,USB-C Cable,Electronics,LHR-01,Lahore,3,,20,Mobile Wallet
TXN002425,24/06/2026,  Sara Chaudhry  ,sara.chaudhry@example.com,Resistance Bands,Sports,ISB-01,Islamabad,2,134.66,5,Debit Card
TXN002255,18/03/2026,Noor Sheikh,noor.sheikh@example.com,Non-Stick Pan,Home & Kitchen,MUL-01,Multan,4,166.45,10,Cash
TXN002927,08-Mar-2025,  Ali Iqbal  ,ali.iqbal@example.com,Wool Sweater,Apparel,LHR-01,Lahore,3,22.79,15,Mobile Wallet
TXN000263,2026-01-23,  Kamran Sheikh  ,kamran.sheikh@example.com,Yoga Mat,Sports,PSH-01,Peshawar,4,140.54,10,Cash
TXN003501,26-Apr-2024,Sana Butt,,Dumbbell Set,Sports,PSH-01,Peshawar,1,152.89,10,Mobile Wallet
TXN004285,19-Mar-2024,  Omar Butt  ,omar.butt@example.com,Face Moisturizer,Beauty,MUL-01,Multan,6,207.81,0,Debit Card
TXN002171,2025-07-08,  Zainab Raza  ,zainab.raza@example.com,Wireless Mouse,Electronics,KHI-01,Karachi,5,228.25,15,Credit Card
TXN004249,15/06/2024,Usman Farooq,usman.farooq@example.com,Face Moisturizer,Beauty,KHI-01,Karachi,5,10.54,0,Credit Card
TXN004395,10-Feb-2024,Noor Chaudhry,noor.chaudhry@example.com,Sunscreen SPF50,Beauty,KHI-01,Karachi,5,26.16,0,Cash
TXN000014,20-Nov-2025,Noor Iqbal,noor.iqbal@example.com,Laptop Stand,Electronics,FSD-01,Faisalabad,1,246.12,20,Credit Card
TXN001037,11/03/2025,Ahmed Raza,ahmed.raza@example.com,Cycling Helmet,Sports,LHR-02,Lahore,1,14.54,0,CREDIT CARD
TXN004841,22-Dec-2025,Bilal Butt,bilal.butt@example.com,Yoga Mat,Sports,KHI-02,Karachi,4,29.28,15,Mobile Wallet
TXN000484,21-Jun-2024,Sara Butt,sara.butt@example.com,Cotton T-Shirt,Apparel,FSD-01,Faisalabad,3,129.64,0,cash
TXN000898,2026-02-20,Faisal Butt,,Yoga Mat,Sports,FSD-01,Faisalabad,6,76.77,0,Mobile Wallet
TXN001131,31/03/2026,  Bilal Khan  ,bilal.khan@example.com,Lip Balm,Beauty,LHR-01,Lahore,2,96.26,0,Cash
TXN004640,23/06/2025,Sana Sheikh,sana.sheikh@example.com,Resistance Bands,Sports,MUL-01,Multan,3,91.06,0,Debit Card
TXN003658,2025-06-15,AHMED SHEIKH,ahmed.sheikh@example.com,Webcam HD,Electronics,LHR-01,Lahore,5,12.81,0,Debit Card
TXN000502,26-Apr-2024,Hina Khan,hina.khan@example.com,LED Desk Lamp,Home & Kitchen,KHI-01,Karachi,5,60.54,0,Debit Card
TXN004032,12-Dec-2025,SANA RAZA,sana.raza@example.com,USB-C Cable,Electronics,KHI-02,Karachi,6,88.51,20,cash
TXN004492,27-Mar-2024,Hina Sheikh,hina.sheikh@example.com,Sunscreen SPF50,Beauty,PSH-01,Peshawar,,23.8,0,Cash
TXN001560,02-Feb-2026,Kamran Khan,kamran.khan@example.com,Yoga Mat,Sports,FSD-01,Faisalabad,4,122.18,0,Cash
TXN003519,2025-01-02,  Zainab Khan  ,zainab.khan@example.com,Cotton T-Shirt,Apparel,KHI-01,Karachi,1,83.5,0,cash
TXN000707,2024-01-22,Fatima Chaudhry,fatima.chaudhry@example.com,Resistance Bands,Sports,PSH-01,Peshawar,2,244.77,5,Credit Card
TXN000732,31-Jul-2025,  Omar Khan  ,omar.khan@example.com,Bluetooth Speaker,Electronics,KHI-02,Karachi,1,177.26,5,cash
TXN003803,2025-08-18,Usman Iqbal,usman.iqbal@example.com,Coffee Maker,Home & Kitchen,ISB-01,Islamabad,4,118.93,5,Debit Card
TXN001172,26/03/2024,Mariam Farooq,mariam.farooq@example.com,Yoga Mat,Sports,KHI-02,Karachi,6,240.82,10,Debit Card
TXN003563,16/05/2024,Bilal Sheikh,bilal.sheikh@example.com,Non-Stick Pan,Home & Kitchen,ISB-01,Islamabad,6,187.24,0,Cash
TXN002944,29/07/2024,Bilal Khan,bilal.khan@example.com,Shampoo 500ml,Beauty,KHI-01,Karachi,3,194.04,0,cash
TXN004357,2025-01-02,Fatima Raza,fatima.raza@example.com,Bluetooth Speaker,Electronics,MUL-01,Multan,3,52.02,15,Cash
TXN003684,2026-01-19,Hassan Butt,hassan.butt@example.com,Bluetooth Speaker,Electronics,PSH-01,Peshawar,4,9.22,0,Cash
TXN004810,2025-05-20,SANA CHAUDHRY,sana.chaudhry@example.com,Denim Jacket,Apparel,ISB-01,Islamabad,2,110.48,10,cash
TXN000908,24-Jul-2024,Omar Chaudhry,omar.chaudhry@example.com,Yoga Mat,Sports,KHI-01,Karachi,4,18.82,0,Cash
TXN000219,29-Jul-2025,Noor Farooq,noor.farooq@example.com,Coffee Maker,Home & Kitchen,KHI-01,Karachi,5,222.95,10,Cash
TXN004666,2025-11-29,Sara Iqbal,sara.iqbal@example.com,Running Shoes,Apparel,PSH-01,Peshawar,4,217.86,0,Cash
TXN000726,2026-05-10,Sara Farooq,sara.farooq@example.com,Non-Stick Pan,Home & Kitchen,LHR-01,Lahore,3,231.27,0,CREDIT CARD
TXN000157,01/06/2025,  Ayesha Malik  ,ayesha.malik@example.com,Laptop Stand,Electronics,KHI-01,Karachi,5,96.43,5,CREDIT CARD
TXN003996,27-Nov-2024,Ali Sheikh,ali.sheikh@example.com,Wool Sweater,Apparel,ISB-01,Islamabad,3,49.24,0,CREDIT CARD
TXN002173,2025-05-09,Sara Iqbal,sara.iqbal@example.com,Football,Sports,PSH-01,Peshawar,6,136.39,10,Cash
TXN004843,2024-11-15,Kamran Farooq,,Football,Sports,PSH-01,Peshawar,5,146.86,20,Mobile Wallet
TXN002389,2024-05-14,Ayesha Raza,ayesha.raza@example.com,LED Desk Lamp,Home & Kitchen,KHI-01,Karachi,3,56.38,10,cash
TXN000866,2025-07-10,  Sara Raza  ,sara.raza@example.com,USB-C Cable,Electronics,ISB-01,Islamabad,4,28.17,15,Debit Card
TXN001556,2025-10-12,Ali Malik,ali.malik@example.com,USB-C Cable,Electronics,KHI-02,Karachi,1,108.67,10,Mobile Wallet
TXN001958,03/05/2025,Omar Butt,omar.butt@example.com,Cycling Helmet,Sports,MUL-01,Multan,1,199.68,5,CREDIT CARD
TXN001387,23-Jan-2024,Fatima Butt,fatima.butt@example.com,LED Desk Lamp,Home & Kitchen,PSH-01,Peshawar,1,105.88,15,CREDIT CARD
TXN004713,27/06/2025,Hassan Butt,hassan.butt@example.com,Non-Stick Pan,Home & Kitchen,PSH-01,Peshawar,6,,15,Debit Card
TXN000887,28/08/2025,Hassan Khan,hassan.khan@example.com,Dumbbell Set,Sports,PSH-01,Peshawar,,20.84,15,Credit Card
TXN004474,2024-02-27,Omar Butt,omar.butt@example.com,Webcam HD,Electronics,LHR-01,Lahore,2,170.43,10,Mobile Wallet
TXN001277,2024-03-05,Mariam Sheikh,,Non-Stick Pan,Home & Kitchen,LHR-01,Lahore,3,232.26,0,Credit Card
TXN001700,22/05/2026,Sana Malik,sana.malik@example.com,Dumbbell Set,Sports,MUL-01,Multan,3,161.83,5,cash
TXN000185,06-Jun-2026,Bilal Iqbal,bilal.iqbal@example.com,Blender,Home & Kitchen,LHR-02,Lahore,2,36.09,20,Cash
TXN002708,2025-07-15,Mariam Butt,mariam.butt@example.com,Wireless Mouse,Electronics,ISB-01,Islamabad,6,71.94,20,CREDIT CARD
TXN003201,17/03/2024,Hassan Butt,hassan.butt@example.com,Blender,Home & Kitchen,KHI-01,Karachi,6,134.24,5,Mobile Wallet
TXN002204,2026-04-08,SANA IQBAL,sana.iqbal@example.com,Webcam HD,Electronics,LHR-02,Lahore,5,33.32,0,Cash
TXN004777,15-Sep-2025,  Hina Farooq  ,hina.farooq@example.com,Ceramic Mug Set,Home & Kitchen,LHR-01,Lahore,2,53.33,0,cash
TXN001610,27-Apr-2025,Usman Chaudhry,usman.chaudhry@example.com,Face Moisturizer,Beauty,PSH-01,Peshawar,2,67.38,15,cash
TXN002683,08-Oct-2025,MARIAM FAROOQ,mariam.farooq@example.com,Blender,Home & Kitchen,FSD-01,Faisalabad,3,136.13,10,Mobile Wallet
TXN004020,21-Jul-2024,Usman Butt,usman.butt@example.com,Face Moisturizer,Beauty,ISB-01,Islamabad,,183.86,0,Cash
TXN003291,2025-09-25,Noor Khan,noor.khan@example.com,Non-Stick Pan,Home & Kitchen,KHI-02,Karachi,2,142.28,0,Debit Card
TXN001660,12/04/2026,FATIMA KHAN,fatima.khan@example.com,Non-Stick Pan,Home & Kitchen,PSH-01,Peshawar,5,105.25,20,Credit Card
TXN003416,2024-01-07,  ALI FAROOQ  ,ali.farooq@example.com,Wool Sweater,Apparel,LHR-01,Lahore,2,188.82,5,cash
TXN004003,2025-01-17,Ayesha Iqbal,ayesha.iqbal@example.com,Denim Jacket,Apparel,PSH-01,Peshawar,2,126.39,0,Mobile Wallet
TXN003176,14/01/2025,Ahmed Khan,ahmed.khan@example.com,Dumbbell Set,Sports,FSD-01,Faisalabad,3,232.39,15,Debit Card
TXN004811,12-Jun-2026,Usman Malik,usman.malik@example.com,Yoga Mat,Sports,KHI-01,Karachi,2,14.33,15,Cash
TXN002439,2024-12-06,Omar Chaudhry,omar.chaudhry@example.com,Cycling Helmet,Sports,LHR-02,Lahore,4,119.06,20,Credit Card
TXN004369,2024-04-28,Mariam Raza,mariam.raza@example.com,Denim Jacket,Apparel,MUL-01,Multan,5,18.64,5,cash
TXN003800,2026-06-17,Ahmed Sheikh,ahmed.sheikh@example.com,Denim Jacket,Apparel,KHI-01,Karachi,4,203.31,5,Credit Card
TXN001226,19/05/2024,Hina Chaudhry,hina.chaudhry@example.com,Laptop Stand,Electronics,KHI-01,Karachi,5,22.76,0,Credit Card
TXN003920,27-Aug-2024,Usman Malik,usman.malik@example.com,Wool Sweater,Apparel,LHR-02,Lahore,,73.96,0,Credit Card
TXN001670,05/12/2024,  ALI IQBAL  ,ali.iqbal@example.com,Resistance Bands,Sports,MUL-01,Multan,2,117.63,5,Credit Card
TXN000314,2024-05-28,Sara Iqbal,sara.iqbal@example.com,Football,Sports,PSH-01,Peshawar,3,161.94,5,Credit Card
TXN004259,2026-05-10,Mariam Sheikh,mariam.sheikh@example.com,Non-Stick Pan,Home & Kitchen,LHR-01,Lahore,4,96.39,15,CREDIT CARD
TXN000048,09-May-2024,Ahmed Khan,ahmed.khan@example.com,Dumbbell Set,Sports,ISB-01,Islamabad,4,,0,Mobile Wallet
TXN003020,21/07/2024,  Usman Malik  ,usman.malik@example.com,Cycling Helmet,Sports,ISB-01,Islamabad,6,248.44,10,cash
TXN004189,09/03/2025,Hassan Malik,hassan.malik@example.com,USB-C Cable,Electronics,PSH-01,Peshawar,1,111.23,5,Mobile Wallet
TXN000313,26-Nov-2025,Mariam Khan,mariam.khan@example.com,Blender,Home & Kitchen,ISB-01,Islamabad,5,53.74,20,Debit Card
TXN001582,2024-07-25,ZAINAB KHAN,zainab.khan@example.com,Resistance Bands,Sports,PSH-01,Peshawar,5,,20,Cash
TXN001439,2026-07-13,Kamran Iqbal,kamran.iqbal@example.com,Coffee Maker,Home & Kitchen,LHR-01,Lahore,3,49.6,15,cash
TXN002662,28-Jul-2026,Mariam Butt,mariam.butt@example.com,Bluetooth Speaker,Electronics,KHI-01,Karachi,2,96.07,5,CREDIT CARD
TXN000525,16-May-2026,Bilal Chaudhry,bilal.chaudhry@example.com,Yoga Mat,Sports,KHI-02,Karachi,2,127.61,20,Cash
TXN000442,08/03/2026,BILAL KHAN,bilal.khan@example.com,Non-Stick Pan,Home & Kitchen,FSD-01,Faisalabad,2,105.94,0,Cash
TXN001448,16-Feb-2024,Hassan Sheikh,hassan.sheikh@example.com,USB-C Cable,Electronics,FSD-01,Faisalabad,4,203.96,0,Cash
TXN000867,05/07/2024,Noor Malik,noor.malik@example.com,LED Desk Lamp,Home & Kitchen,PSH-01,Peshawar,5,205.91,0,Credit Card
TXN004454,2025-10-02,Sara Sheikh,sara.sheikh@example.com,Shampoo 500ml,Beauty,LHR-01,Lahore,6,187.86,0,Credit Card
TXN004056,2024-03-27,Sara Chaudhry,sara.chaudhry@example.com,Coffee Maker,Home & Kitchen,MUL-01,Multan,3,152.02,10,Mobile Wallet
TXN004595,17-Nov-2024,Usman Raza,usman.raza@example.com,Wireless Mouse,Electronics,LHR-02,Lahore,3,98.74,0,Debit Card
TXN000923,2025-10-26,Ali Farooq,ali.farooq@example.com,Coffee Maker,Home & Kitchen,ISB-01,Islamabad,3,176.63,0,Debit Card
TXN001979,2026-04-07,Kamran Khan,kamran.khan@example.com,Cycling Helmet,Sports,LHR-02,Lahore,1,11.21,5,Credit Card
TXN002871,24/06/2025,Bilal Iqbal,bilal.iqbal@example.com,Wool Sweater,Apparel,LHR-02,Lahore,1,10.67,5,cash
TXN002100,18-Mar-2025,Usman Butt,usman.butt@example.com,Ceramic Mug Set,Home & Kitchen,LHR-02,Lahore,4,48.1,0,Mobile Wallet
TXN003526,17/07/2026,ALI MALIK,ali.malik@example.com,Webcam HD,Electronics,MUL-01,Multan,3,126.79,0,Cash
TXN001739,2024-08-20,FAISAL RAZA,faisal.raza@example.com,Coffee Maker,Home & Kitchen,LHR-01,Lahore,2,104.98,0,Mobile Wallet
TXN002090,13/04/2025,Ali Malik,ali.malik@example.com,Yoga Mat,Sports,LHR-01,Lahore,2,210.24,0,CREDIT CARD
TXN002806,2024-07-07,Usman Butt,usman.butt@example.com,Sunscreen SPF50,Beauty,MUL-01,Multan,,178.6,0,Cash
TXN004914,31/05/2024,Hassan Butt,hassan.butt@example.com,LED Desk Lamp,Home & Kitchen,LHR-02,Lahore,5,19.93,15,cash
TXN003230,23/01/2025,  Faisal Khan  ,,Hair Dryer,Beauty,LHR-02,Lahore,6,21.11,10,Cash
TXN000289,2026-01-04,Usman Sheikh,usman.sheikh@example.com,Webcam HD,Electronics,ISB-01,Islamabad,4,166.97,5,CREDIT CARD
TXN001027,2024-02-09,Kamran Chaudhry,,Blender,Home & Kitchen,KHI-02,Karachi,5,168.77,10,Cash
TXN001895,04/02/2025,Usman Iqbal,usman.iqbal@example.com,Blender,Home & Kitchen,LHR-02,Lahore,4,238.85,0,Cash
TXN002045,10-Dec-2025,Bilal Khan,bilal.khan@example.com,Football,Sports,KHI-01,Karachi,6,132.05,0,Cash
TXN001284,16/02/2025,Noor Chaudhry,noor.chaudhry@example.com,Cotton T-Shirt,Apparel,PSH-01,Peshawar,4,54.07,0,Cash
TXN000522,06/06/2024,Zainab Sheikh,,Webcam HD,Electronics,KHI-01,Karachi,6,238.28,0,Cash
TXN004219,06/11/2025,Faisal Farooq,faisal.farooq@example.com,Football,Sports,FSD-01,Faisalabad,4,126.53,10,CREDIT CARD
TXN000547,02/09/2024,Fatima Raza,fatima.raza@example.com,Bluetooth Speaker,Electronics,MUL-01,Multan,6,203.32,20,cash
TXN003556,2024-11-18,Hassan Farooq,hassan.farooq@example.com,Lip Balm,Beauty,KHI-01,Karachi,5,44.79,0,Mobile Wallet
TXN002487,27/11/2025,Zainab Butt,zainab.butt@example.com,Running Shoes,Apparel,MUL-01,Multan,3,235.24,20,CREDIT CARD
TXN001988,05-Oct-2025,Ali Malik,ali.malik@example.com,Resistance Bands,Sports,PSH-01,Peshawar,,85.28,10,CREDIT CARD
TXN002013,20/02/2025,  Fatima Raza  ,fatima.raza@example.com,Blender,Home & Kitchen,LHR-01,Lahore,4,39.96,0,cash
TXN002339,21-Jan-2026,Ayesha Iqbal,ayesha.iqbal@example.com,LED Desk Lamp,Home & Kitchen,LHR-02,Lahore,3,7.41,5,Cash
TXN000701,20-May-2025,Faisal Sheikh,faisal.sheikh@example.com,Running Shoes,Apparel,KHI-02,Karachi,6,111.22,0,Cash
TXN002231,19/05/2024,Noor Khan,noor.khan@example.com,Lip Balm,Beauty,MUL-01,Multan,5,53.16,0,cash
TXN003528,17-May-2025,Fatima Chaudhry,fatima.chaudhry@example.com,Cotton T-Shirt,Apparel,KHI-02,Karachi,1,230.74,20,Cash
TXN002291,18/01/2025,Sara Farooq,sara.farooq@example.com,Denim Jacket,Apparel,PSH-01,Peshawar,4,134.65,0,Debit Card
TXN003450,01-Dec-2025,Ahmed Iqbal,ahmed.iqbal@example.com,Football,Sports,FSD-01,Faisalabad,6,36.47,15,Mobile Wallet
TXN004848,2025-05-09,Ali Khan,ali.khan@example.com,Football,Sports,KHI-02,Karachi,1,132.32,0,Debit Card
TXN000810,02/04/2025,Hassan Sheikh,hassan.sheikh@example.com,LED Desk Lamp,Home & Kitchen,LHR-01,Lahore,1,77.93,0,cash
TXN000576,25-Feb-2024,Ayesha Raza,ayesha.raza@example.com,Lip Balm,Beauty,LHR-01,Lahore,6,247.15,20,Mobile Wallet
TXN001051,23-Jul-2025,Hassan Butt,hassan.butt@example.com,Bluetooth Speaker,Electronics,ISB-01,Islamabad,5,145.73,10,Credit Card
TXN000555,17/02/2025,Ali Chaudhry,ali.chaudhry@example.com,Sports Cap,Apparel,ISB-01,Islamabad,,206.36,20,Cash
TXN003284,2025-02-27,Kamran Khan,kamran.khan@example.com,Bluetooth Speaker,Electronics,MUL-01,Multan,4,63.23,0,Mobile Wallet
TXN000724,17/08/2025,HINA CHAUDHRY,hina.chaudhry@example.com,Sunscreen SPF50,Beauty,PSH-01,Peshawar,4,148.2,15,Cash
TXN004708,08-Sep-2024,Hassan Butt,hassan.butt@example.com,Yoga Mat,Sports,MUL-01,Multan,1,48.18,5,CREDIT CARD
TXN004277,2026-01-09,Ayesha Raza,ayesha.raza@example.com,Cotton T-Shirt,Apparel,ISB-01,Islamabad,4,181.67,20,CREDIT CARD
TXN003477,25/02/2024,ZAINAB IQBAL,zainab.iqbal@example.com,Yoga Mat,Sports,PSH-01,Peshawar,2,149.28,10,Debit Card
TXN003157,2025-06-20,Bilal Chaudhry,bilal.chaudhry@example.com,Wireless Mouse,Electronics,LHR-02,Lahore,5,96.12,0,Credit Card
TXN003602,08/09/2024,Faisal Farooq,faisal.farooq@example.com,Wool Sweater,Apparel,PSH-01,Peshawar,5,6.88,10,Mobile Wallet
TXN004022,16/05/2024,Zainab Farooq,zainab.farooq@example.com,Face Moisturizer,Beauty,FSD-01,Faisalabad,4,70.63,10,Mobile Wallet
TXN002668,17-Aug-2025,Sana Sheikh,sana.sheikh@example.com,Lip Balm,Beauty,KHI-01,Karachi,4,138.31,0,Debit Card
TXN002033,18-Nov-2025,Usman Sheikh,usman.sheikh@example.com,Wool Sweater,Apparel,FSD-01,Faisalabad,1,86.1,0,cash
TXN001593,31/10/2025,Ayesha Sheikh,ayesha.sheikh@example.com,Laptop Stand,Electronics,KHI-01,Karachi,5,34.17,0,Cash
TXN002558,27/02/2024,Fatima Malik,fatima.malik@example.com,Bluetooth Speaker,Electronics,KHI-02,Karachi,4,112.24,0,cash
TXN000881,2024-11-26,Kamran Raza,kamran.raza@example.com,Lip Balm,Beauty,FSD-01,Faisalabad,5,32.31,15,cash
TXN001041,19-Feb-2025,FATIMA FAROOQ,fatima.farooq@example.com,Webcam HD,Electronics,LHR-01,Lahore,2,31.19,20,Cash
TXN000182,10-Jan-2025,Fatima Malik,fatima.malik@example.com,Hair Dryer,Beauty,PSH-01,Peshawar,1,206.54,0,Mobile Wallet
TXN001334,10/08/2024,Zainab Malik,zainab.malik@example.com,Lip Balm,Beauty,MUL-01,Multan,1,166.33,5,Cash
TXN004457,02-Mar-2024,Hina Farooq,hina.farooq@example.com,Wireless Mouse,Electronics,LHR-02,Lahore,4,49.52,0,cash
TXN003115,23/09/2025,Usman Farooq,usman.farooq@example.com,Football,Sports,LHR-02,Lahore,3,84.79,0,CREDIT CARD
TXN003211,04/04/2026,Hassan Sheikh,hassan.sheikh@example.com,Sunscreen SPF50,Beauty,KHI-02,Karachi,3,30.38,5,cash
TXN000359,02/07/2024,Bilal Iqbal,bilal.iqbal@example.com,Yoga Mat,Sports,KHI-01,Karachi,6,149.63,0,Debit Card
TXN002602,13-Aug-2025,Kamran Malik,kamran.malik@example.com,Webcam HD,Electronics,PSH-01,Peshawar,3,29.71,5,Cash
TXN000506,23/02/2025,Ayesha Sheikh,ayesha.sheikh@example.com,Sports Cap,Apparel,MUL-01,Multan,5,238.2,0,Mobile Wallet
TXN002455,13/04/2026,BILAL BUTT,bilal.butt@example.com,Yoga Mat,Sports,FSD-01,Faisalabad,6,161.1,20,Credit Card
TXN001492,26/02/2026,Kamran Chaudhry,kamran.chaudhry@example.com,Blender,Home & Kitchen,KHI-02,Karachi,3,46.21,20,Cash
TXN004980,15/03/2024,Mariam Chaudhry,mariam.chaudhry@example.com,Running Shoes,Apparel,LHR-01,Lahore,6,210.49,0,Cash
TXN000760,2026-03-29,Ali Khan,ali.khan@example.com,Bluetooth Speaker,Electronics,KHI-01,Karachi,1,6.63,10,Mobile Wallet
TXN003246,15/07/2024,Hina Butt,hina.butt@example.com,Sunscreen SPF50,Beauty,KHI-02,Karachi,1,128.71,5,Cash
TXN003722,2024-09-25,OMAR KHAN,omar.khan@example.com,Blender,Home & Kitchen,MUL-01,Multan,3,,10,Credit Card
TXN001624,2024-11-28,Ayesha Malik,ayesha.malik@example.com,Webcam HD,Electronics,PSH-01,Peshawar,3,234.89,5,Cash
TXN004184,03/07/2026,Mariam Malik,mariam.malik@example.com,Ceramic Mug Set,Home & Kitchen,LHR-02,Lahore,6,87.26,0,cash
TXN003594,2024-08-26,  Usman Khan  ,usman.khan@example.com,Wool Sweater,Apparel,MUL-01,Multan,4,59.05,20,CREDIT CARD
TXN001705,2024-09-25,Fatima Farooq,fatima.farooq@example.com,Lip Balm,Beauty,PSH-01,Peshawar,5,27.35,20,CREDIT CARD
TXN001853,2026-07-16,Mariam Sheikh,mariam.sheikh@example.com,Sports Cap,Apparel,KHI-01,Karachi,1,180.64,0,Cash
TXN000261,30/03/2026,Ayesha Khan,ayesha.khan@example.com,Face Moisturizer,Beauty,LHR-02,Lahore,3,139.18,0,Mobile Wallet
TXN002676,2024-12-25,Sana Raza,,Webcam HD,Electronics,LHR-01,Lahore,3,188.06,0,cash
TXN003254,25-Jan-2024,Bilal Sheikh,bilal.sheikh@example.com,USB-C Cable,Electronics,FSD-01,Faisalabad,1,36.09,5,cash
TXN001905,15/06/2024,Faisal Khan,faisal.khan@example.com,Yoga Mat,Sports,FSD-01,Faisalabad,5,17.61,0,cash
TXN004509,05/09/2025,BILAL CHAUDHRY,bilal.chaudhry@example.com,Dumbbell Set,Sports,ISB-01,Islamabad,3,245.39,0,Cash
TXN000016,2024-03-01,Sana Farooq,sana.farooq@example.com,Denim Jacket,Apparel,MUL-01,Multan,4,97.85,5,Debit Card
TXN002209,2025-09-05,Bilal Iqbal,bilal.iqbal@example.com,Cycling Helmet,Sports,PSH-01,Peshawar,1,53.4,0,CREDIT CARD
TXN000859,19/07/2026,Sana Butt,sana.butt@example.com,Bluetooth Speaker,Electronics,LHR-01,Lahore,1,157.37,5,Credit Card
TXN003405,2024-10-26,Kamran Farooq,kamran.farooq@example.com,Football,Sports,FSD-01,Faisalabad,6,159.85,20,Debit Card
TXN000924,11-Jan-2024,Ahmed Sheikh,,Face Moisturizer,Beauty,FSD-01,Faisalabad,3,145.54,5,Mobile Wallet
TXN000006,05/01/2026,Sara Butt,sara.butt@example.com,Ceramic Mug Set,Home & Kitchen,ISB-01,Islamabad,4,57.09,5,Cash
TXN003514,30/12/2024,Hina Sheikh,hina.sheikh@example.com,Blender,Home & Kitchen,KHI-02,Karachi,2,87.99,15,cash
TXN002982,13-Apr-2024,ALI RAZA,ali.raza@example.com,Webcam HD,Electronics,LHR-02,Lahore,5,117.26,20,Debit Card
TXN000300,14/06/2025,Ali Butt,ali.butt@example.com,Wool Sweater,Apparel,PSH-01,Peshawar,5,52.71,10,Cash
TXN003316,10/12/2024,AYESHA FAROOQ,ayesha.farooq@example.com,Cycling Helmet,Sports,LHR-01,Lahore,4,89.7,10,Debit Card
TXN004252,08-Jan-2025,  Bilal Farooq  ,bilal.farooq@example.com,Coffee Maker,Home & Kitchen,KHI-01,Karachi,5,148.4,0,Debit Card
TXN003936,26-Jul-2026,MARIAM IQBAL,mariam.iqbal@example.com,Sunscreen SPF50,Beauty,MUL-01,Multan,2,172.43,0,Debit Card
TXN001972,13/11/2024,Fatima Farooq,fatima.farooq@example.com,Denim Jacket,Apparel,FSD-01,Faisalabad,5,,15,Debit Card
TXN003324,11-Jun-2024,AHMED CHAUDHRY,ahmed.chaudhry@example.com,Ceramic Mug Set,Home & Kitchen,ISB-01,Islamabad,4,169.08,20,Credit Card
TXN003072,14/11/2024,Sana Butt,sana.butt@example.com,Non-Stick Pan,Home & Kitchen,ISB-01,Islamabad,3,139.57,0,Debit Card
TXN002812,11-Nov-2024,Sara Butt,sara.butt@example.com,Face Moisturizer,Beauty,LHR-01,Lahore,2,146.98,0,Cash
TXN002542,2025-06-11,Mariam Raza,mariam.raza@example.com,Wireless Mouse,Electronics,LHR-02,Lahore,2,39.7,15,Debit Card
TXN001438,19-Jun-2026,Bilal Sheikh,bilal.sheikh@example.com,Yoga Mat,Sports,PSH-01,Peshawar,4,160.27,0,cash
TXN002560,23-Apr-2024,Ali Iqbal,ali.iqbal@example.com,Bluetooth Speaker,Electronics,MUL-01,Multan,2,218.62,15,Cash
TXN000427,2025-07-08,Usman Khan,usman.khan@example.com,Wool Sweater,Apparel,KHI-01,Karachi,4,121.11,0,Cash
TXN001669,01/01/2024,Ali Chaudhry,ali.chaudhry@example.com,Lip Balm,Beauty,ISB-01,Islamabad,4,152.67,0,Debit Card
TXN004274,21-Jul-2026,FAISAL FAROOQ,faisal.farooq@example.com,Denim Jacket,Apparel,FSD-01,Faisalabad,6,20.75,0,Credit Card
TXN001185,07-Jul-2026,Faisal Malik,faisal.malik@example.com,Webcam HD,Electronics,MUL-01,Multan,5,21.01,10,cash
TXN001722,27-Sep-2024,Bilal Sheikh,bilal.sheikh@example.com,Sunscreen SPF50,Beauty,FSD-01,Faisalabad,6,225.9,0,Credit Card
TXN004965,06/06/2025,Bilal Khan,bilal.khan@example.com,Hair Dryer,Beauty,KHI-01,Karachi,2,87.51,10,Mobile Wallet
TXN000880,16/10/2025,OMAR CHAUDHRY,omar.chaudhry@example.com,LED Desk Lamp,Home & Kitchen,KHI-02,Karachi,4,81.67,0,Debit Card
TXN000446,2024-04-02,Usman Butt,usman.butt@example.com,Wireless Mouse,Electronics,LHR-02,Lahore,3,212.24,0,cash
TXN004832,22-Feb-2025,NOOR SHEIKH,noor.sheikh@example.com,Cotton T-Shirt,Apparel,KHI-01,Karachi,4,65.34,10,Mobile Wallet
TXN003589,24/03/2025,Usman Chaudhry,usman.chaudhry@example.com,Sports Cap,Apparel,PSH-01,Peshawar,2,82.24,0,Credit Card
TXN000113,15/01/2025,Ahmed Sheikh,ahmed.sheikh@example.com,LED Desk Lamp,Home & Kitchen,MUL-01,Multan,5,191.96,0,CREDIT CARD
TXN000066,2024-06-10,Ali Farooq,ali.farooq@example.com,Ceramic Mug Set,Home & Kitchen,ISB-01,Islamabad,3,113.22,5,CREDIT CARD
TXN000925,20-Dec-2024,Mariam Iqbal,mariam.iqbal@example.com,Ceramic Mug Set,Home & Kitchen,FSD-01,Faisalabad,2,69.09,5,CREDIT CARD
TXN001039,07/12/2024,MARIAM MALIK,,Bluetooth Speaker,Electronics,LHR-02,Lahore,2,222.66,0,Cash
TXN000957,09-Jun-2026,ALI MALIK,ali.malik@example.com,Laptop Stand,Electronics,KHI-01,Karachi,3,175.26,5,Credit Card
TXN000279,04-Jul-2025,FATIMA KHAN,fatima.khan@example.com,Webcam HD,Electronics,KHI-01,Karachi,3,237.01,15,Debit Card
TXN002667,2026-06-03,Sara Butt,sara.butt@example.com,USB-C Cable,Electronics,LHR-02,Lahore,6,219.04,15,CREDIT CARD
TXN002647,29/12/2025,  Zainab Chaudhry  ,zainab.chaudhry@example.com,Cotton T-Shirt,Apparel,LHR-02,Lahore,2,51.45,20,cash
TXN002302,15/10/2024,Sana Farooq,sana.farooq@example.com,Dumbbell Set,Sports,LHR-02,Lahore,2,115.53,10,CREDIT CARD
TXN000524,2025-02-20,FATIMA CHAUDHRY,fatima.chaudhry@example.com,Resistance Bands,Sports,MUL-01,Multan,4,123.62,0,Debit Card
TXN000751,28-Apr-2024,Mariam Butt,mariam.butt@example.com,Running Shoes,Apparel,KHI-02,Karachi,6,64.06,0,Debit Card
TXN004462,2025-05-01,Sara Malik,sara.malik@example.com,Blender,Home & Kitchen,FSD-01,Faisalabad,1,120.37,5,Mobile Wallet
TXN000761,02/05/2024,Zainab Malik,zainab.malik@example.com,Dumbbell Set,Sports,PSH-01,Peshawar,4,222.78,0,CREDIT CARD
TXN003971,2025-06-10,Omar Sheikh,omar.sheikh@example.com,Running Shoes,Apparel,LHR-02,Lahore,3,246.38,0,Debit Card
TXN002781,16-Apr-2024,Fatima Malik,fatima.malik@example.com,Denim Jacket,Apparel,LHR-02,Lahore,6,86.44,5,Cash
TXN004430,2026-07-11,Usman Farooq,usman.farooq@example.com,Denim Jacket,Apparel,PSH-01,Peshawar,3,32.11,0,Mobile Wallet
TXN000332,2026-06-13,Sara Khan,sara.khan@example.com,Non-Stick Pan,Home & Kitchen,LHR-02,Lahore,4,54.51,15,Mobile Wallet
TXN002377,09/08/2025,Hassan Chaudhry,hassan.chaudhry@example.com,Cycling Helmet,Sports,KHI-02,Karachi,2,43.05,5,cash
TXN001372,23/04/2026,Kamran Sheikh,kamran.sheikh@example.com,Hair Dryer,Beauty,FSD-01,Faisalabad,6,85.51,0,cash
TXN004579,2026-01-01,Sana Sheikh,sana.sheikh@example.com,Wool Sweater,Apparel,KHI-01,Karachi,2,102.59,0,Cash
TXN002767,30-Oct-2025,Sara Butt,sara.butt@example.com,Face Moisturizer,Beauty,ISB-01,Islamabad,2,126.17,0,CREDIT CARD
TXN002119,17-Jun-2026,Sara Chaudhry,sara.chaudhry@example.com,Wool Sweater,Apparel,PSH-01,Peshawar,6,71.81,20,cash
TXN001541,2024-02-26,Ayesha Raza,ayesha.raza@example.com,Dumbbell Set,Sports,KHI-02,Karachi,4,153.2,10,cash
TXN003190,13-May-2025,Hina Chaudhry,hina.chaudhry@example.com,Yoga Mat,Sports,LHR-01,Lahore,3,234.52,5,CREDIT CARD
TXN000764,2025-09-17,Usman Khan,usman.khan@example.com,Denim Jacket,Apparel,LHR-02,Lahore,1,178.95,5,CREDIT CARD
TXN004321,08-Mar-2025,Bilal Farooq,,Cotton T-Shirt,Apparel,PSH-01,Peshawar,5,59.9,15,Debit Card
TXN002206,15-Nov-2024,Zainab Farooq,zainab.farooq@example.com,Laptop Stand,Electronics,LHR-01,Lahore,6,235.74,20,Mobile Wallet
TXN000402,13/09/2024,FATIMA KHAN,fatima.khan@example.com,Laptop Stand,Electronics,ISB-01,Islamabad,4,9.6,0,CREDIT CARD
TXN002030,09-Nov-2024,Sana Chaudhry,sana.chaudhry@example.com,Yoga Mat,Sports,MUL-01,Multan,6,14.54,15,CREDIT CARD
TXN002423,10/12/2024,  Noor Sheikh  ,,Running Shoes,Apparel,ISB-01,Islamabad,6,104.97,15,Debit Card
TXN000584,27/07/2026,Ali Malik,ali.malik@example.com,Sports Cap,Apparel,KHI-01,Karachi,5,102.43,0,Mobile Wallet
TXN002574,13-Jun-2026,Faisal Khan,faisal.khan@example.com,Running Shoes,Apparel,PSH-01,Peshawar,1,47.84,10,Mobile Wallet
TXN001470,09/09/2024,Ayesha Butt,ayesha.butt@example.com,Coffee Maker,Home & Kitchen,KHI-02,Karachi,5,,10,Credit Card
TXN002609,27-Mar-2026,Sana Sheikh,sana.sheikh@example.com,Running Shoes,Apparel,ISB-01,Islamabad,4,230.33,5,CREDIT CARD
TXN001467,06/03/2026,Hina Sheikh,hina.sheikh@example.com,Dumbbell Set,Sports,LHR-01,Lahore,2,221.12,10,cash
TXN000011,24-Jun-2025,Bilal Farooq,bilal.farooq@example.com,Face Moisturizer,Beauty,KHI-01,Karachi,2,108.67,15,Cash
TXN002460,20-Jan-2026,Ahmed Khan,ahmed.khan@example.com,Cotton T-Shirt,Apparel,ISB-01,Islamabad,5,132.32,15,CREDIT CARD
TXN000114,04/03/2026,Sana Iqbal,sana.iqbal@example.com,Wireless Mouse,Electronics,KHI-01,Karachi,2,177.49,5,Cash
TXN001694,08/08/2024,Omar Khan,omar.khan@example.com,Shampoo 500ml,Beauty,KHI-02,Karachi,3,172.78,10,Credit Card
TXN003698,08/09/2024,Kamran Raza,kamran.raza@example.com,Blender,Home & Kitchen,LHR-01,Lahore,5,187.4,0,cash
TXN003573,14/12/2024,  Mariam Chaudhry  ,mariam.chaudhry@example.com,Shampoo 500ml,Beauty,MUL-01,Multan,1,112.54,15,Credit Card
TXN004013,14-Oct-2025,Ahmed Raza,ahmed.raza@example.com,Running Shoes,Apparel,LHR-02,Lahore,3,118.25,10,Debit Card
TXN000107,2025-10-05,Mariam Malik,mariam.malik@example.com,LED Desk Lamp,Home & Kitchen,LHR-01,Lahore,6,194.02,0,cash
TXN001783,09-Oct-2025,Fatima Khan,fatima.khan@example.com,Blender,Home & Kitchen,LHR-02,Lahore,6,214.27,0,Mobile Wallet
TXN000594,2024-01-30,HINA MALIK,hina.malik@example.com,Denim Jacket,Apparel,KHI-02,Karachi,3,232.61,0,CREDIT CARD
TXN004084,15-Jan-2025,MARIAM SHEIKH,mariam.sheikh@example.com,Cycling Helmet,Sports,MUL-01,Multan,5,100.93,10,Debit Card
TXN001757,08/08/2024,Ayesha Malik,ayesha.malik@example.com,Wool Sweater,Apparel,PSH-01,Peshawar,5,196.5,0,Debit Card
TXN003781,16/02/2025,Bilal Butt,bilal.butt@example.com,Running Shoes,Apparel,KHI-01,Karachi,2,81.22,20,CREDIT CARD
TXN003564,15-May-2025,HASSAN RAZA,hassan.raza@example.com,USB-C Cable,Electronics,LHR-01,Lahore,4,216.16,20,Credit Card
TXN002831,16/06/2026,Faisal Chaudhry,faisal.chaudhry@example.com,Denim Jacket,Apparel,ISB-01,Islamabad,6,167.42,20,CREDIT CARD
TXN000434,08/06/2025,Sara Farooq,sara.farooq@example.com,Coffee Maker,Home & Kitchen,LHR-01,Lahore,3,52.64,0,CREDIT CARD
TXN004653,2026-06-08,Ahmed Chaudhry,ahmed.chaudhry@example.com,Laptop Stand,Electronics,MUL-01,Multan,5,185.81,5,cash
TXN001431,18/02/2025,Hassan Iqbal,hassan.iqbal@example.com,Dumbbell Set,Sports,LHR-02,Lahore,1,217.21,0,Credit Card
TXN001983,07-Aug-2024,Hina Iqbal,hina.iqbal@example.com,Wireless Mouse,Electronics,ISB-01,Islamabad,1,99.55,15,Mobile Wallet
TXN002618,23-Jan-2026,Omar Chaudhry,omar.chaudhry@example.com,Sunscreen SPF50,Beauty,MUL-01,Multan,2,48.8,15,Mobile Wallet
TXN002400,01/07/2026,OMAR FAROOQ,omar.farooq@example.com,Wool Sweater,Apparel,KHI-02,Karachi,1,247.61,0,cash
TXN003850,20/12/2025,Fatima Chaudhry,fatima.chaudhry@example.com,Sunscreen SPF50,Beauty,PSH-01,Peshawar,6,238.4,0,Credit Card
TXN004770,2024-02-25,Usman Butt,usman.butt@example.com,Hair Dryer,Beauty,KHI-02,Karachi,4,158.2,0,CREDIT CARD
TXN003092,2025-06-21,Noor Raza,noor.raza@example.com,LED Desk Lamp,Home & Kitchen,KHI-01,Karachi,2,232.56,5,Cash
TXN000329,10/02/2024,Faisal Raza,faisal.raza@example.com,Shampoo 500ml,Beauty,LHR-01,Lahore,5,178.12,0,cash
TXN003640,2025-03-04,Omar Chaudhry,omar.chaudhry@example.com,Cotton T-Shirt,Apparel,LHR-01,Lahore,6,124.36,5,cash
TXN004667,16/05/2024,Noor Sheikh,noor.sheikh@example.com,Cotton T-Shirt,Apparel,MUL-01,Multan,,198.35,0,Credit Card
TXN002669,31-Jul-2026,Sana Malik,sana.malik@example.com,Resistance Bands,Sports,LHR-01,Lahore,5,99.12,15,cash
TXN000571,31/12/2024,FAISAL IQBAL,faisal.iqbal@example.com,Sports Cap,Apparel,KHI-02,Karachi,4,,0,Mobile Wallet
TXN002265,18/02/2025,Sara Sheikh,sara.sheikh@example.com,Dumbbell Set,Sports,ISB-01,Islamabad,3,76.56,0,Debit Card
TXN000836,08-Aug-2024,Sara Farooq,sara.farooq@example.com,Face Moisturizer,Beauty,PSH-01,Peshawar,,124.37,0,CREDIT CARD
TXN003901,03-May-2024,Sana Malik,sana.malik@example.com,Cotton T-Shirt,Apparel,KHI-02,Karachi,3,233.14,0,Debit Card
TXN004469,13-Mar-2026,Fatima Butt,fatima.butt@example.com,Bluetooth Speaker,Electronics,LHR-02,Lahore,5,158.28,10,Mobile Wallet
TXN000275,29/01/2026,Fatima Butt,fatima.butt@example.com,Denim Jacket,Apparel,MUL-01,Multan,1,163.41,5,CREDIT CARD
TXN004598,2025-09-11,Sana Malik,sana.malik@example.com,Webcam HD,Electronics,PSH-01,Peshawar,3,137.47,15,Cash
TXN001529,28/03/2024,Mariam Iqbal,mariam.iqbal@example.com,Resistance Bands,Sports,LHR-01,Lahore,2,,10,Mobile Wallet
TXN003619,09-May-2024,Bilal Khan,bilal.khan@example.com,Ceramic Mug Set,Home & Kitchen,ISB-01,Islamabad,5,80.83,10,Credit Card
TXN002293,08-Sep-2025,  Faisal Chaudhry  ,faisal.chaudhry@example.com,Laptop Stand,Electronics,KHI-02,Karachi,6,205.07,15,CREDIT CARD
TXN004669,07/07/2025,USMAN CHAUDHRY,usman.chaudhry@example.com,Football,Sports,PSH-01,Peshawar,6,228.05,0,CREDIT CARD
TXN001602,2026-06-19,Fatima Sheikh,fatima.sheikh@example.com,Sunscreen SPF50,Beauty,KHI-02,Karachi,3,29.54,20,Debit Card
TXN001512,07/09/2025,Kamran Sheikh,kamran.sheikh@example.com,Webcam HD,Electronics,LHR-02,Lahore,6,139.82,0,cash
TXN001564,2024-08-21,HASSAN KHAN,hassan.khan@example.com,Cotton T-Shirt,Apparel,LHR-02,Lahore,3,131.49,5,CREDIT CARD
TXN004526,2025-03-17,Hina Sheikh,hina.sheikh@example.com,USB-C Cable,Electronics,ISB-01,Islamabad,1,192.2,5,Cash
TXN003091,21/02/2026,Faisal Chaudhry,faisal.chaudhry@example.com,Denim Jacket,Apparel,LHR-01,Lahore,6,84.82,10,Cash
TXN004869,19/07/2025,  Omar Malik  ,,Webcam HD,Electronics,KHI-02,Karachi,4,227.82,0,Mobile Wallet
TXN002670,2024-04-17,Bilal Butt,bilal.butt@example.com,Face Moisturizer,Beauty,LHR-01,Lahore,4,245.25,20,Debit Card
TXN001355,2025-10-31,Ahmed Farooq,ahmed.farooq@example.com,Ceramic Mug Set,Home & Kitchen,PSH-01,Peshawar,2,135.05,0,Credit Card
TXN001104,19/12/2024,Omar Raza,omar.raza@example.com,Cotton T-Shirt,Apparel,KHI-01,Karachi,5,31.63,0,Cash
TXN004052,2025-11-18,  Sana Chaudhry  ,sana.chaudhry@example.com,Laptop Stand,Electronics,KHI-01,Karachi,3,26.64,15,cash
TXN000779,21/03/2025,Bilal Iqbal,bilal.iqbal@example.com,Shampoo 500ml,Beauty,PSH-01,Peshawar,6,181.39,0,cash
TXN001244,22/10/2024,Bilal Butt,bilal.butt@example.com,Wool Sweater,Apparel,ISB-01,Islamabad,3,147.36,5,Mobile Wallet
TXN003613,07/04/2024,Sana Iqbal,sana.iqbal@example.com,Cotton T-Shirt,Apparel,MUL-01,Multan,2,142.44,10,cash
TXN000005,17-Oct-2025,Hina Butt,hina.butt@example.com,Running Shoes,Apparel,LHR-02,Lahore,6,141.45,0,Cash
TXN003874,14-Feb-2024,Sara Iqbal,sara.iqbal@example.com,Wool Sweater,Apparel,PSH-01,Peshawar,1,104.14,20,cash
TXN001639,17-Aug-2024,Ayesha Malik,ayesha.malik@example.com,Blender,Home & Kitchen,PSH-01,Peshawar,1,236.85,10,CREDIT CARD
TXN001109,2026-04-26,Sana Farooq,sana.farooq@example.com,Shampoo 500ml,Beauty,FSD-01,Faisalabad,5,219.31,10,Cash
TXN002842,2024-05-12,Hina Sheikh,,Yoga Mat,Sports,LHR-02,Lahore,4,,10,cash
TXN003572,30-Dec-2025,  Sara Iqbal  ,sara.iqbal@example.com,Coffee Maker,Home & Kitchen,LHR-02,Lahore,3,175.04,0,CREDIT CARD
TXN002858,17/03/2025,Noor Iqbal,noor.iqbal@example.com,Yoga Mat,Sports,KHI-02,Karachi,4,55.85,0,CREDIT CARD
TXN003974,2024-03-16,Omar Khan,omar.khan@example.com,Denim Jacket,Apparel,KHI-02,Karachi,6,57.87,0,Cash
TXN001014,18/05/2025,Fatima Chaudhry,fatima.chaudhry@example.com,USB-C Cable,Electronics,FSD-01,Faisalabad,4,149.16,0,cash
TXN001786,18/07/2024,Fatima Iqbal,fatima.iqbal@example.com,Coffee Maker,Home & Kitchen,KHI-01,Karachi,2,230.63,10,Debit Card
TXN001053,07/09/2024,Fatima Iqbal,fatima.iqbal@example.com,Resistance Bands,Sports,FSD-01,Faisalabad,3,16.22,10,Debit Card
TXN000430,2025-08-11,HINA BUTT,hina.butt@example.com,Denim Jacket,Apparel,KHI-01,Karachi,3,113.02,0,CREDIT CARD
TXN001652,15-Apr-2025,ZAINAB MALIK,zainab.malik@example.com,Bluetooth Speaker,Electronics,LHR-02,Lahore,2,78.27,0,cash
TXN002733,20-Mar-2026,Bilal Khan,bilal.khan@example.com,Sports Cap,Apparel,LHR-01,Lahore,2,167.92,0,CREDIT CARD
TXN003114,2026-02-22,Ahmed Raza,ahmed.raza@example.com,USB-C Cable,Electronics,FSD-01,Faisalabad,4,123.18,0,Credit Card
TXN000171,02/01/2026,Bilal Chaudhry,bilal.chaudhry@example.com,Laptop Stand,Electronics,PSH-01,Peshawar,1,198.32,10,Mobile Wallet
TXN003796,08-Feb-2025,Noor Sheikh,noor.sheikh@example.com,Wireless Mouse,Electronics,ISB-01,Islamabad,1,104.71,20,Mobile Wallet
TXN000962,2024-06-17,Kamran Farooq,kamran.farooq@example.com,Running Shoes,Apparel,FSD-01,Faisalabad,6,89.15,15,CREDIT CARD
TXN002297,26-May-2025,Ahmed Khan,ahmed.khan@example.com,Yoga Mat,Sports,PSH-01,Peshawar,2,104.52,20,CREDIT CARD
TXN001460,2025-05-22,Fatima Chaudhry,fatima.chaudhry@example.com,Resistance Bands,Sports,LHR-01,Lahore,,19.83,5,Credit Card
TXN002311,26/04/2026,Usman Malik,usman.malik@example.com,Cycling Helmet,Sports,KHI-02,Karachi,5,244.24,5,cash
TXN001289,16/02/2024,Sara Raza,sara.raza@example.com,Lip Balm,Beauty,MUL-01,Multan,5,83.01,15,CREDIT CARD
TXN004722,2025-03-08,Bilal Chaudhry,bilal.chaudhry@example.com,USB-C Cable,Electronics,LHR-02,Lahore,6,52.92,10,Cash
TXN002178,14-Jun-2026,Usman Khan,usman.khan@example.com,Denim Jacket,Apparel,KHI-02,Karachi,4,129.45,0,Mobile Wallet
TXN000145,2025-01-19,Faisal Farooq,faisal.farooq@example.com,Wool Sweater,Apparel,FSD-01,Faisalabad,6,172.27,20,Debit Card
TXN002273,18/06/2024,Hassan Butt,hassan.butt@example.com,Lip Balm,Beauty,ISB-01,Islamabad,4,13.92,0,Cash
TXN000377,07/07/2025,Hina Malik,hina.malik@example.com,Running Shoes,Apparel,KHI-02,Karachi,1,17.43,0,Mobile Wallet
TXN002857,2026-05-17,KAMRAN MALIK,kamran.malik@example.com,Wool Sweater,Apparel,LHR-01,Lahore,2,54.88,0,Cash
TXN000735,2024-08-25,  Usman Raza  ,usman.raza@example.com,Cycling Helmet,Sports,FSD-01,Faisalabad,2,149.21,20,cash
TXN004926,14/03/2025,  Hina Farooq  ,hina.farooq@example.com,Cycling Helmet,Sports,LHR-01,Lahore,1,74.23,15,Debit Card
TXN000756,11-Jan-2026,Zainab Farooq,zainab.farooq@example.com,Sunscreen SPF50,Beauty,MUL-01,Multan,5,229.5,10,cash
TXN003085,2024-11-01,Noor Iqbal,noor.iqbal@example.com,Yoga Mat,Sports,PSH-01,Peshawar,6,60.33,5,Credit Card
TXN002966,2025-09-10,Mariam Malik,,Wireless Mouse,Electronics,MUL-01,Multan,1,104.46,5,Debit Card
TXN002559,30/03/2025,AHMED BUTT,ahmed.butt@example.com,Resistance Bands,Sports,KHI-01,Karachi,3,201.94,20,Cash
TXN002960,13-May-2026,  Bilal Raza  ,bilal.raza@example.com,Shampoo 500ml,Beauty,MUL-01,Multan,1,71.67,0,CREDIT CARD
TXN004206,19/12/2025,Fatima Farooq,fatima.farooq@example.com,Hair Dryer,Beauty,FSD-01,Faisalabad,4,106.99,0,Cash
TXN000086,2024-10-06,Kamran Iqbal,kamran.iqbal@example.com,Wireless Mouse,Electronics,ISB-01,Islamabad,1,189.96,15,CREDIT CARD
TXN003959,20/07/2024,Sara Butt,sara.butt@example.com,Lip Balm,Beauty,LHR-02,Lahore,6,147.06,20,Cash
TXN002915,07/05/2026,Sana Khan,sana.khan@example.com,Cotton T-Shirt,Apparel,ISB-01,Islamabad,3,237.94,5,Cash
TXN003043,17-Oct-2024,Sara Butt,sara.butt@example.com,Face Moisturizer,Beauty,PSH-01,Peshawar,3,116.38,20,Debit Card
TXN002192,19-Aug-2024,Bilal Chaudhry,bilal.chaudhry@example.com,Webcam HD,Electronics,LHR-02,Lahore,3,31.71,0,Debit Card
TXN003214,2024-05-21,  Faisal Sheikh  ,faisal.sheikh@example.com,Football,Sports,PSH-01,Peshawar,5,81.44,0,Debit Card
TXN001128,23-Jun-2025,HASSAN RAZA,hassan.raza@example.com,Wool Sweater,Apparel,LHR-01,Lahore,3,214.83,0,cash
TXN004539,10-Nov-2025,Fatima Malik,fatima.malik@example.com,Blender,Home & Kitchen,FSD-01,Faisalabad,1,176.74,20,CREDIT CARD
TXN002814,19-Apr-2024,  NOOR CHAUDHRY  ,noor.chaudhry@example.com,Sports Cap,Apparel,ISB-01,Islamabad,4,43.14,0,Mobile Wallet
TXN003571,30-Aug-2025,SANA KHAN,sana.khan@example.com,Denim Jacket,Apparel,KHI-01,Karachi,4,103.45,10,Debit Card
TXN003904,2025-09-09,  Hina Farooq  ,hina.farooq@example.com,LED Desk Lamp,Home & Kitchen,KHI-01,Karachi,3,40.87,5,Debit Card
TXN000455,30-Jun-2024,  Omar Iqbal  ,omar.iqbal@example.com,Laptop Stand,Electronics,PSH-01,Peshawar,3,166.56,5,Cash
TXN000805,2024-07-11,Faisal Malik,faisal.malik@example.com,Blender,Home & Kitchen,LHR-01,Lahore,4,56.75,0,Mobile Wallet
TXN003645,04-May-2025,KAMRAN KHAN,,USB-C Cable,Electronics,KHI-02,Karachi,,101.14,5,Cash
TXN002098,28/01/2024,  Sana Raza  ,sana.raza@example.com,Coffee Maker,Home & Kitchen,FSD-01,Faisalabad,4,231.64,0,CREDIT CARD
TXN003305,30-Aug-2024,Ahmed Sheikh,ahmed.sheikh@example.com,Lip Balm,Beauty,LHR-02,Lahore,1,142.08,0,Mobile Wallet
TXN000950,2025-12-19,  Usman Butt  ,usman.butt@example.com,Sports Cap,Apparel,LHR-01,Lahore,3,147.49,5,Cash
TXN003753,2025-09-30,Omar Chaudhry,omar.chaudhry@example.com,Cotton T-Shirt,Apparel,LHR-02,Lahore,4,182.68,0,Mobile Wallet
TXN003680,06-Oct-2025,Omar Khan,omar.khan@example.com,Laptop Stand,Electronics,MUL-01,Multan,4,128.15,0,Mobile Wallet
TXN001865,2025-07-16,Ali Farooq,ali.farooq@example.com,Sports Cap,Apparel,KHI-02,Karachi,2,26.89,0,cash
TXN003574,15/08/2025,Noor Khan,noor.khan@example.com,Wool Sweater,Apparel,FSD-01,Faisalabad,5,139.26,0,cash
TXN002634,2025-10-08,Mariam Farooq,mariam.farooq@example.com,Laptop Stand,Electronics,MUL-01,Multan,3,56.72,20,Credit Card
TXN001352,14-Apr-2026,Usman Khan,usman.khan@example.com,Bluetooth Speaker,Electronics,LHR-01,Lahore,5,140.01,20,CREDIT CARD
TXN004819,31-Jan-2026,Ahmed Khan,ahmed.khan@example.com,Laptop Stand,Electronics,ISB-01,Islamabad,3,75.53,0,cash
TXN000503,2025-04-13,Fatima Khan,,Cycling Helmet,Sports,KHI-01,Karachi,5,243.79,0,cash
TXN003271,28-Apr-2026,Hina Iqbal,hina.iqbal@example.com,Face Moisturizer,Beauty,PSH-01,Peshawar,3,31.18,10,Mobile Wallet
TXN002529,2025-02-01,Ali Raza,ali.raza@example.com,Shampoo 500ml,Beauty,PSH-01,Peshawar,2,,0,Debit Card
TXN000407,2025-07-03,Usman Farooq,usman.farooq@example.com,Laptop Stand,Electronics,LHR-02,Lahore,2,186.56,0,Mobile Wallet
TXN003447,01-Dec-2025,Sara Farooq,sara.farooq@example.com,Hair Dryer,Beauty,PSH-01,Peshawar,6,57.86,0,Credit Card
TXN004727,03-Feb-2025,Hassan Raza,hassan.raza@example.com,Laptop Stand,Electronics,FSD-01,Faisalabad,6,241.53,0,Cash
TXN003506,2025-04-28,Ali Iqbal,ali.iqbal@example.com,Sports Cap,Apparel,ISB-01,Islamabad,4,69.78,0,Mobile Wallet
TXN002321,2025-07-15,Kamran Malik,kamran.malik@example.com,Lip Balm,Beauty,LHR-02,Lahore,6,143.63,0,cash
TXN003231,2024-01-28,USMAN IQBAL,usman.iqbal@example.com,Blender,Home & Kitchen,ISB-01,Islamabad,,108.03,0,CREDIT CARD
TXN004935,2025-09-18,  Sana Sheikh  ,sana.sheikh@example.com,Lip Balm,Beauty,FSD-01,Faisalabad,,189.84,10,CREDIT CARD
TXN001625,08-Oct-2025,KAMRAN MALIK,kamran.malik@example.com,Laptop Stand,Electronics,LHR-02,Lahore,3,83.42,20,Credit Card
TXN004106,2024-10-08,Mariam Iqbal,mariam.iqbal@example.com,Football,Sports,MUL-01,Multan,4,43.37,15,Cash
TXN003263,2025-09-14,Hina Chaudhry,hina.chaudhry@example.com,Lip Balm,Beauty,ISB-01,Islamabad,4,104.47,10,Mobile Wallet
TXN004104,19/01/2024,  Ayesha Butt  ,ayesha.butt@example.com,Non-Stick Pan,Home & Kitchen,LHR-02,Lahore,5,88.7,5,Cash
TXN004346,01/01/2024,Omar Butt,omar.butt@example.com,Wireless Mouse,Electronics,LHR-02,Lahore,5,154.62,20,Cash
TXN000683,20-Sep-2025,Fatima Raza,fatima.raza@example.com,Bluetooth Speaker,Electronics,LHR-01,Lahore,2,138.89,0,Cash
TXN000253,2025-10-24,FATIMA KHAN,fatima.khan@example.com,Ceramic Mug Set,Home & Kitchen,LHR-02,Lahore,4,85.52,15,Credit Card
TXN002127,2025-11-30,Hassan Farooq,hassan.farooq@example.com,Denim Jacket,Apparel,MUL-01,Multan,,17.99,0,Cash
TXN002323,2024-06-06,Fatima Chaudhry,fatima.chaudhry@example.com,Ceramic Mug Set,Home & Kitchen,KHI-02,Karachi,2,226.91,5,Debit Card
TXN003916,2025-03-29,Hassan Butt,hassan.butt@example.com,USB-C Cable,Electronics,MUL-01,Multan,1,194.91,0,Mobile Wallet
TXN004793,30-Aug-2025,Noor Sheikh,noor.sheikh@example.com,Denim Jacket,Apparel,MUL-01,Multan,4,109.05,20,Mobile Wallet
TXN001924,19-Apr-2024,  KAMRAN KHAN  ,,Cycling Helmet,Sports,LHR-02,Lahore,5,110.91,15,Cash
TXN002424,2025-07-05,BILAL IQBAL,bilal.iqbal@example.com,Running Shoes,Apparel,KHI-02,Karachi,1,238.83,0,Debit Card
TXN001749,02/08/2024,  Ali Sheikh  ,ali.sheikh@example.com,USB-C Cable,Electronics,FSD-01,Faisalabad,1,60.61,0,CREDIT CARD
TXN002653,2025-10-08,Kamran Malik,,Resistance Bands,Sports,PSH-01,Peshawar,,203.47,15,Credit Card
TXN001515,01/09/2025,Hassan Chaudhry,hassan.chaudhry@example.com,Wool Sweater,Apparel,KHI-02,Karachi,2,159.4,10,CREDIT CARD
TXN000837,19-May-2025,Ali Chaudhry,ali.chaudhry@example.com,Sports Cap,Apparel,PSH-01,Peshawar,5,48.25,15,Debit Card
TXN003187,16-Jun-2026,Usman Farooq,usman.farooq@example.com,Resistance Bands,Sports,KHI-02,Karachi,5,241.03,0,cash
TXN001953,2024-02-05,Faisal Sheikh,faisal.sheikh@example.com,Football,Sports,FSD-01,Faisalabad,2,122.4,0,CREDIT CARD
TXN004334,24-Mar-2024,BILAL CHAUDHRY,bilal.chaudhry@example.com,Bluetooth Speaker,Electronics,MUL-01,Multan,6,86.9,5,Debit Card
TXN002253,2024-05-09,Hina Raza,hina.raza@example.com,Lip Balm,Beauty,FSD-01,Faisalabad,2,131.01,20,Cash
TXN002347,28/10/2024,Mariam Malik,mariam.malik@example.com,Wireless Mouse,Electronics,MUL-01,Multan,1,5.48,0,Cash
TXN000998,2025-06-30,Sara Malik,sara.malik@example.com,Sports Cap,Apparel,LHR-02,Lahore,5,195.87,0,cash
TXN002472,2024-03-23,Ali Chaudhry,ali.chaudhry@example.com,Non-Stick Pan,Home & Kitchen,PSH-01,Peshawar,6,137.89,0,Credit Card
TXN002700,16-Oct-2025,Fatima Khan,,Running Shoes,Apparel,ISB-01,Islamabad,4,222.64,0,Debit Card
TXN000135,10/06/2024,Bilal Khan,bilal.khan@example.com,Ceramic Mug Set,Home & Kitchen,LHR-02,Lahore,4,164.96,0,Debit Card
TXN003484,2026-06-24,Ahmed Butt,ahmed.butt@example.com,Non-Stick Pan,Home & Kitchen,PSH-01,Peshawar,6,200.56,0,CREDIT CARD
TXN002331,2024-10-10,Zainab Farooq,zainab.farooq@example.com,Football,Sports,KHI-01,Karachi,3,110.9,20,CREDIT CARD
TXN002749,27/07/2024,KAMRAN BUTT,kamran.butt@example.com,LED Desk Lamp,Home & Kitchen,MUL-01,Multan,6,23.22,15,Debit Card
TXN002037,02-Jun-2024,Faisal Malik,faisal.malik@example.com,Non-Stick Pan,Home & Kitchen,PSH-01,Peshawar,6,164.03,5,Debit Card
TXN001324,02-Jan-2024,Faisal Butt,faisal.butt@example.com,Lip Balm,Beauty,ISB-01,Islamabad,2,137.2,0,Mobile Wallet
TXN000589,09-Sep-2025,  Fatima Butt  ,fatima.butt@example.com,Webcam HD,Electronics,LHR-01,Lahore,3,246.79,0,cash
TXN003696,24/10/2025,FATIMA IQBAL,fatima.iqbal@example.com,Dumbbell Set,Sports,MUL-01,Multan,2,138.64,0,cash
TXN004659,15/09/2024,Ayesha Chaudhry,ayesha.chaudhry@example.com,Resistance Bands,Sports,LHR-01,Lahore,5,187.51,10,Debit Card
TXN004699,08/07/2025,Mariam Raza,mariam.raza@example.com,Blender,Home & Kitchen,KHI-02,Karachi,4,112.76,0,Debit Card
TXN002578,03-Jan-2024,Mariam Raza,mariam.raza@example.com,Sports Cap,Apparel,ISB-01,Islamabad,4,160.74,5,Cash
TXN004940,2025-06-29,MARIAM KHAN,mariam.khan@example.com,Coffee Maker,Home & Kitchen,LHR-02,Lahore,2,95.86,15,cash
TXN003605,2026-02-11,Zainab Malik,zainab.malik@example.com,Sports Cap,Apparel,LHR-02,Lahore,6,176.68,0,Credit Card
TXN002900,15/06/2025,Usman Iqbal,usman.iqbal@example.com,Denim Jacket,Apparel,MUL-01,Multan,3,93.68,10,cash
TXN002429,01-Jul-2026,Hina Iqbal,hina.iqbal@example.com,Ceramic Mug Set,Home & Kitchen,LHR-02,Lahore,2,65.53,20,Cash
TXN000460,23-May-2025,Hina Chaudhry,,Ceramic Mug Set,Home & Kitchen,FSD-01,Faisalabad,1,212.6,0,Debit Card
TXN004148,2024-03-09,Mariam Raza,mariam.raza@example.com,Football,Sports,PSH-01,Peshawar,1,65.25,15,Debit Card
TXN004331,12-Mar-2026,ALI CHAUDHRY,ali.chaudhry@example.com,Cycling Helmet,Sports,LHR-01,Lahore,4,151.24,0,Mobile Wallet
TXN002821,12-Apr-2024,Faisal Raza,faisal.raza@example.com,Sports Cap,Apparel,MUL-01,Multan,2,82.6,0,Credit Card
TXN004721,2025-04-19,Ahmed Khan,ahmed.khan@example.com,Wool Sweater,Apparel,KHI-02,Karachi,5,73.08,0,cash
TXN000543,09/12/2025,Sara Raza,sara.raza@example.com,Denim Jacket,Apparel,KHI-02,Karachi,3,151.94,0,cash
TXN000444,25-May-2024,Ali Malik,ali.malik@example.com,Coffee Maker,Home & Kitchen,ISB-01,Islamabad,2,60.51,5,CREDIT CARD
TXN001381,07-Jan-2026,Kamran Malik,kamran.malik@example.com,Sunscreen SPF50,Beauty,KHI-01,Karachi,2,103.23,10,Credit Card
TXN000772,21-Dec-2025,HASSAN MALIK,hassan.malik@example.com,Sunscreen SPF50,Beauty,KHI-01,Karachi,1,106.77,0,Credit Card
TXN001531,25/09/2025,Ayesha Malik,ayesha.malik@example.com,Bluetooth Speaker,Electronics,FSD-01,Faisalabad,,213.35,5,Cash
TXN004905,15/03/2025,Ali Farooq,ali.farooq@example.com,Football,Sports,LHR-01,Lahore,2,129.63,0,CREDIT CARD
TXN003384,2024-06-12,Sana Farooq,sana.farooq@example.com,Denim Jacket,Apparel,KHI-02,Karachi,5,248.1,15,Mobile Wallet
TXN004210,2025-01-23,Sana Sheikh,sana.sheikh@example.com,Laptop Stand,Electronics,ISB-01,Islamabad,3,22.01,10,Cash
TXN001737,2025-10-15,Ali Sheikh,ali.sheikh@example.com,USB-C Cable,Electronics,LHR-01,Lahore,4,133.1,0,CREDIT CARD
TXN002940,27/03/2024,  Noor Farooq  ,noor.farooq@example.com,Denim Jacket,Apparel,LHR-02,Lahore,2,53.5,0,Cash
TXN000324,10/07/2025,Bilal Khan,bilal.khan@example.com,USB-C Cable,Electronics,LHR-02,Lahore,3,49.49,0,CREDIT CARD
TXN004582,2024-11-25,Mariam Iqbal,mariam.iqbal@example.com,Dumbbell Set,Sports,PSH-01,Peshawar,3,84.8,0,cash
TXN004456,07/05/2026,MARIAM MALIK,mariam.malik@example.com,USB-C Cable,Electronics,LHR-01,Lahore,6,10.7,0,CREDIT CARD
TXN002677,26/05/2025,Sana Farooq,sana.farooq@example.com,Webcam HD,Electronics,MUL-01,Multan,2,24.45,15,cash
TXN000224,13/09/2025,Sana Khan,sana.khan@example.com,Yoga Mat,Sports,FSD-01,Faisalabad,1,43.49,5,CREDIT CARD
TXN004671,2025-06-22,Sara Sheikh,sara.sheikh@example.com,Lip Balm,Beauty,LHR-01,Lahore,2,239.56,10,CREDIT CARD
TXN001962,2024-08-19,Ayesha Raza,ayesha.raza@example.com,Yoga Mat,Sports,ISB-01,Islamabad,6,125.47,10,cash
TXN004816,2025-10-11,Zainab Chaudhry,zainab.chaudhry@example.com,Laptop Stand,Electronics,LHR-01,Lahore,2,94.03,0,Credit Card
TXN002121,14/01/2026,Hassan Sheikh,hassan.sheikh@example.com,Football,Sports,PSH-01,Peshawar,2,187.22,10,Debit Card
TXN004297,2025-09-19,  Mariam Malik  ,mariam.malik@example.com,Laptop Stand,Electronics,LHR-02,Lahore,5,180.34,0,Mobile Wallet
TXN002626,24/09/2024,BILAL SHEIKH,bilal.sheikh@example.com,Lip Balm,Beauty,KHI-02,Karachi,6,14.59,0,Credit Card
TXN002935,2025-01-05,Ayesha Sheikh,ayesha.sheikh@example.com,Cycling Helmet,Sports,FSD-01,Faisalabad,2,128.54,5,Debit Card
TXN001178,05-Nov-2025,Fatima Farooq,fatima.farooq@example.com,Ceramic Mug Set,Home & Kitchen,FSD-01,Faisalabad,2,162.09,10,Mobile Wallet
TXN004994,2024-11-03,Fatima Malik,fatima.malik@example.com,Sports Cap,Apparel,LHR-02,Lahore,4,75.98,20,Mobile Wallet
TXN003739,06/11/2025,Noor Sheikh,noor.sheikh@example.com,Non-Stick Pan,Home & Kitchen,LHR-02,Lahore,1,113.67,10,Mobile Wallet
TXN004541,06-Dec-2024,Noor Chaudhry,noor.chaudhry@example.com,Sunscreen SPF50,Beauty,ISB-01,Islamabad,3,76.28,0,Mobile Wallet
TXN003754,18/03/2026,  Zainab Malik  ,zainab.malik@example.com,Sunscreen SPF50,Beauty,MUL-01,Multan,1,225.81,15,Credit Card
TXN004682,2026-07-13,Mariam Iqbal,,USB-C Cable,Electronics,LHR-02,Lahore,6,135.31,0,cash
TXN004629,03-Jun-2025,Bilal Farooq,bilal.farooq@example.com,USB-C Cable,Electronics,FSD-01,Faisalabad,,10.24,10,CREDIT CARD
TXN003510,15/03/2025,KAMRAN SHEIKH,kamran.sheikh@example.com,Sunscreen SPF50,Beauty,PSH-01,Peshawar,4,218.21,0,Cash
TXN003154,2024-07-13,Mariam Sheikh,mariam.sheikh@example.com,Wool Sweater,Apparel,LHR-02,Lahore,1,15.54,5,cash
TXN000903,12-Jul-2026,Hassan Iqbal,hassan.iqbal@example.com,Sports Cap,Apparel,KHI-02,Karachi,6,80.89,15,Credit Card
TXN004159,09-Feb-2026,FATIMA MALIK,fatima.malik@example.com,Non-Stick Pan,Home & Kitchen,KHI-01,Karachi,6,132.29,15,Debit Card
TXN004490,02-Nov-2024,Sara Sheikh,sara.sheikh@example.com,Ceramic Mug Set,Home & Kitchen,PSH-01,Peshawar,4,140.31,0,Debit Card
TXN001773,2026-04-10,Sara Butt,sara.butt@example.com,Sunscreen SPF50,Beauty,PSH-01,Peshawar,6,173.58,0,Mobile Wallet
TXN001084,03/05/2025,Fatima Chaudhry,fatima.chaudhry@example.com,Webcam HD,Electronics,ISB-01,Islamabad,5,210.33,0,Cash
TXN003490,16-May-2025,FAISAL FAROOQ,faisal.farooq@example.com,Yoga Mat,Sports,PSH-01,Peshawar,2,7.77,20,Mobile Wallet
TXN004275,31/03/2024,MARIAM SHEIKH,,Coffee Maker,Home & Kitchen,MUL-01,Multan,2,202.35,20,Credit Card
TXN000296,12-Mar-2025,Usman Raza,usman.raza@example.com,Yoga Mat,Sports,MUL-01,Multan,3,148.42,0,cash
TXN004967,12-Feb-2026,Omar Malik,omar.malik@example.com,Bluetooth Speaker,Electronics,FSD-01,Faisalabad,4,148.75,0,CREDIT CARD
TXN002546,06-Oct-2025,Sana Khan,sana.khan@example.com,Lip Balm,Beauty,MUL-01,Multan,4,5.62,20,Debit Card
TXN000626,15-Mar-2025,ALI BUTT,ali.butt@example.com,Denim Jacket,Apparel,FSD-01,Faisalabad,4,185.67,0,Mobile Wallet
TXN004266,13-Jul-2024,Usman Butt,usman.butt@example.com,Yoga Mat,Sports,ISB-01,Islamabad,3,40.88,15,Debit Card
TXN002793,21/04/2024,Mariam Raza,mariam.raza@example.com,Non-Stick Pan,Home & Kitchen,LHR-02,Lahore,4,235.32,0,Mobile Wallet
TXN001160,22/03/2026,AHMED BUTT,ahmed.butt@example.com,Webcam HD,Electronics,LHR-02,Lahore,1,140.69,0,Mobile Wallet
TXN001422,21/03/2025,HASSAN RAZA,hassan.raza@example.com,Bluetooth Speaker,Electronics,LHR-01,Lahore,6,59.98,0,Mobile Wallet
TXN003487,02-Mar-2024,Ayesha Malik,ayesha.malik@example.com,Laptop Stand,Electronics,MUL-01,Multan,3,217.26,10,Mobile Wallet
TXN001755,2025-09-28,  Fatima Farooq  ,fatima.farooq@example.com,Webcam HD,Electronics,ISB-01,Islamabad,2,108.85,0,Credit Card
TXN000914,16-May-2024,Kamran Raza,kamran.raza@example.com,Sunscreen SPF50,Beauty,MUL-01,Multan,2,134.83,0,CREDIT CARD
TXN000248,19-Jan-2025,Fatima Raza,fatima.raza@example.com,Resistance Bands,Sports,KHI-01,Karachi,5,67.67,0,CREDIT CARD
TXN003220,06/04/2025,Hina Raza,hina.raza@example.com,Wireless Mouse,Electronics,LHR-02,Lahore,5,193.47,15,cash
TXN003673,30-Mar-2026,Mariam Butt,mariam.butt@example.com,Hair Dryer,Beauty,ISB-01,Islamabad,3,8.57,15,Mobile Wallet
TXN004817,22-Apr-2024,AYESHA SHEIKH,ayesha.sheikh@example.com,Dumbbell Set,Sports,LHR-02,Lahore,4,97.36,10,Credit Card
TXN001963,2025-12-10,Noor Iqbal,noor.iqbal@example.com,Lip Balm,Beauty,ISB-01,Islamabad,5,93.01,0,Debit Card
TXN004149,17-Jun-2024,Ali Malik,ali.malik@example.com,Yoga Mat,Sports,ISB-01,Islamabad,3,180.97,15,Credit Card
TXN000320,28/03/2026,Sana Farooq,sana.farooq@example.com,Hair Dryer,Beauty,LHR-01,Lahore,1,151.27,10,Mobile Wallet
TXN003369,13-Apr-2026,Ahmed Chaudhry,ahmed.chaudhry@example.com,Dumbbell Set,Sports,KHI-01,Karachi,3,63.61,20,cash
TXN001120,20/06/2025,Omar Raza,omar.raza@example.com,Running Shoes,Apparel,KHI-01,Karachi,4,117.87,20,cash
TXN002780,2026-03-01,  Omar Butt  ,omar.butt@example.com,Lip Balm,Beauty,LHR-02,Lahore,4,98.42,15,CREDIT CARD
TXN003459,2025-06-11,Hassan Butt,hassan.butt@example.com,Running Shoes,Apparel,LHR-01,Lahore,4,,0,cash
TXN003666,2024-02-17,  SANA RAZA  ,sana.raza@example.com,Football,Sports,PSH-01,Peshawar,6,48.1,0,Mobile Wallet
TXN000595,17-Aug-2024,Sana Malik,sana.malik@example.com,Face Moisturizer,Beauty,KHI-01,Karachi,5,192.75,15,CREDIT CARD
TXN004840,10-Jun-2025,Faisal Farooq,faisal.farooq@example.com,Dumbbell Set,Sports,KHI-02,Karachi,3,213.26,10,Mobile Wallet
TXN004615,2024-10-27,Ali Raza,ali.raza@example.com,Wool Sweater,Apparel,FSD-01,Faisalabad,2,,0,Mobile Wallet
TXN003515,15-Feb-2025,Usman Raza,usman.raza@example.com,LED Desk Lamp,Home & Kitchen,LHR-02,Lahore,2,151.93,0,Debit Card
TXN000932,01-Jan-2025,Sara Chaudhry,sara.chaudhry@example.com,USB-C Cable,Electronics,FSD-01,Faisalabad,3,203.69,0,cash
TXN000995,13-Jun-2025,Hina Sheikh,hina.sheikh@example.com,LED Desk Lamp,Home & Kitchen,PSH-01,Peshawar,2,135.08,0,Credit Card
TXN002094,09-Mar-2024,  Sara Iqbal  ,sara.iqbal@example.com,Resistance Bands,Sports,KHI-01,Karachi,2,159.14,0,Mobile Wallet
TXN004434,14-Sep-2025,Zainab Raza,zainab.raza@example.com,Resistance Bands,Sports,KHI-01,Karachi,1,127.1,0,Mobile Wallet
TXN003692,11-Jan-2026,USMAN IQBAL,usman.iqbal@example.com,Laptop Stand,Electronics,FSD-01,Faisalabad,2,124.17,15,Credit Card
TXN002212,18/08/2024,Sana Khan,sana.khan@example.com,Hair Dryer,Beauty,LHR-02,Lahore,5,66.84,15,Debit Card
TXN002095,18/05/2024,AHMED BUTT,ahmed.butt@example.com,LED Desk Lamp,Home & Kitchen,KHI-01,Karachi,5,159.52,0,cash
TXN003085,2024-11-01,Noor Iqbal,noor.iqbal@example.com,Yoga Mat,Sports,PSH-01,Peshawar,6,60.33,5,Credit Card
TXN000449,01/12/2024,  Mariam Chaudhry  ,mariam.chaudhry@example.com,Dumbbell Set,Sports,PSH-01,Peshawar,3,33.35,15,Mobile Wallet
TXN002187,07/07/2025,Fatima Iqbal,fatima.iqbal@example.com,Sunscreen SPF50,Beauty,LHR-02,Lahore,2,111.67,0,Mobile Wallet
TXN000590,28/02/2024,Ayesha Raza,ayesha.raza@example.com,LED Desk Lamp,Home & Kitchen,FSD-01,Faisalabad,,218.9,5,CREDIT CARD
TXN003762,2024-05-07,Bilal Iqbal,bilal.iqbal@example.com,Hair Dryer,Beauty,LHR-02,Lahore,6,119.9,15,CREDIT CARD
TXN001938,15/11/2024,KAMRAN IQBAL,kamran.iqbal@example.com,Laptop Stand,Electronics,ISB-01,Islamabad,5,40.68,15,Debit Card
TXN003355,22-Dec-2024,Sara Iqbal,sara.iqbal@example.com,Running Shoes,Apparel,ISB-01,Islamabad,6,163.7,15,Mobile Wallet
TXN003013,2025-01-22,Mariam Raza,mariam.raza@example.com,Lip Balm,Beauty,PSH-01,Peshawar,5,,15,Mobile Wallet
TXN003582,30-Apr-2026,Ayesha Raza,ayesha.raza@example.com,Webcam HD,Electronics,MUL-01,Multan,1,82.95,0,Cash
TXN001838,25/12/2025,Omar Raza,omar.raza@example.com,Lip Balm,Beauty,ISB-01,Islamabad,3,63.16,0,cash
TXN004675,2024-01-29,Hina Raza,hina.raza@example.com,Coffee Maker,Home & Kitchen,LHR-02,Lahore,2,190.99,20,Mobile Wallet
TXN003404,02/07/2026,Ayesha Raza,ayesha.raza@example.com,Hair Dryer,Beauty,LHR-01,Lahore,6,246.58,0,Debit Card
TXN000161,03/08/2025,Ayesha Butt,ayesha.butt@example.com,Webcam HD,Electronics,LHR-01,Lahore,1,71.42,10,cash
TXN001201,2024-05-29,Mariam Chaudhry,mariam.chaudhry@example.com,Lip Balm,Beauty,ISB-01,Islamabad,1,212.15,0,CREDIT CARD
TXN002301,10/03/2025,MARIAM KHAN,mariam.khan@example.com,Blender,Home & Kitchen,KHI-01,Karachi,6,188.02,0,Debit Card
TXN002518,11-Mar-2024,  Omar Chaudhry  ,omar.chaudhry@example.com,Hair Dryer,Beauty,FSD-01,Faisalabad,4,149.04,0,Credit Card
TXN002590,05-Oct-2024,Ali Raza,ali.raza@example.com,Webcam HD,Electronics,FSD-01,Faisalabad,4,130.23,0,Debit Card
TXN004892,25/01/2024,  Omar Farooq  ,omar.farooq@example.com,Dumbbell Set,Sports,LHR-01,Lahore,,92.11,0,Debit Card
TXN001916,2024-05-13,ALI SHEIKH,ali.sheikh@example.com,Hair Dryer,Beauty,MUL-01,Multan,1,34.97,0,cash
TXN001149,18/12/2025,USMAN SHEIKH,usman.sheikh@example.com,Denim Jacket,Apparel,LHR-02,Lahore,6,105.48,20,CREDIT CARD
TXN002976,2026-04-11,Noor Raza,noor.raza@example.com,Wireless Mouse,Electronics,KHI-01,Karachi,4,196.45,5,Mobile Wallet
TXN002070,13/12/2025,Ali Raza,ali.raza@example.com,Dumbbell Set,Sports,MUL-01,Multan,1,86.55,0,Mobile Wallet
TXN004268,13-Jan-2026,Sana Butt,sana.butt@example.com,Running Shoes,Apparel,KHI-01,Karachi,4,237.86,5,Credit Card
TXN002021,26/05/2024,Ali Chaudhry,,Hair Dryer,Beauty,KHI-02,Karachi,3,219.14,0,Mobile Wallet
TXN000233,03-Nov-2024,Sana Malik,sana.malik@example.com,LED Desk Lamp,Home & Kitchen,ISB-01,Islamabad,3,113.56,15,Credit Card
TXN003489,08-Apr-2024,Kamran Raza,kamran.raza@example.com,Shampoo 500ml,Beauty,KHI-02,Karachi,4,221.64,10,cash
TXN001346,23-Sep-2025,Fatima Sheikh,fatima.sheikh@example.com,Sports Cap,Apparel,FSD-01,Faisalabad,2,150.33,0,CREDIT CARD
TXN004760,2025-01-13,Hina Malik,hina.malik@example.com,Cycling Helmet,Sports,FSD-01,Faisalabad,4,152.37,15,cash
TXN004620,2025-08-27,Faisal Raza,faisal.raza@example.com,USB-C Cable,Electronics,KHI-02,Karachi,4,179.52,15,Cash
TXN003048,20-Feb-2026,Ahmed Butt,,Coffee Maker,Home & Kitchen,LHR-01,Lahore,2,56.25,5,Cash
TXN004028,01-Mar-2024,Sana Raza,sana.raza@example.com,Wool Sweater,Apparel,KHI-01,Karachi,2,167.58,15,Cash
TXN002235,28-Mar-2024,  Omar Iqbal  ,omar.iqbal@example.com,Hair Dryer,Beauty,PSH-01,Peshawar,6,212.3,0,cash
TXN003509,24/03/2026,Sana Raza,sana.raza@example.com,Shampoo 500ml,Beauty,FSD-01,Faisalabad,4,62.54,5,Credit Card
TXN000482,2026-02-21,Noor Sheikh,noor.sheikh@example.com,Blender,Home & Kitchen,FSD-01,Faisalabad,6,141.14,0,Cash
TXN003611,18/07/2025,Omar Raza,,Sports Cap,Apparel,LHR-02,Lahore,1,133.78,0,Mobile Wallet
TXN002312,17/01/2024,HASSAN MALIK,hassan.malik@example.com,Sports Cap,Apparel,ISB-01,Islamabad,4,40.75,0,cash
TXN002446,24-Mar-2025,  Faisal Farooq  ,faisal.farooq@example.com,Running Shoes,Apparel,PSH-01,Peshawar,3,43.18,5,cash
TXN001977,19-Feb-2025,AHMED MALIK,,Shampoo 500ml,Beauty,LHR-02,Lahore,4,86.41,0,Mobile Wallet
TXN001486,22-Jan-2024,Faisal Khan,faisal.khan@example.com,Wireless Mouse,Electronics,KHI-02,Karachi,4,40.17,0,Mobile Wallet
TXN003724,09-Oct-2024,ZAINAB RAZA,zainab.raza@example.com,Running Shoes,Apparel,LHR-02,Lahore,3,234.44,20,Debit Card
TXN004953,2024-04-22,Kamran Sheikh,kamran.sheikh@example.com,Running Shoes,Apparel,FSD-01,Faisalabad,2,10.44,0,Mobile Wallet
TXN001187,05-Jul-2025,Faisal Chaudhry,faisal.chaudhry@example.com,Dumbbell Set,Sports,MUL-01,Multan,2,202.17,15,cash
TXN000628,09/02/2024,Usman Sheikh,usman.sheikh@example.com,Resistance Bands,Sports,KHI-01,Karachi,2,247.65,0,Credit Card
TXN001631,26/11/2025,Ayesha Chaudhry,ayesha.chaudhry@example.com,Bluetooth Speaker,Electronics,KHI-01,Karachi,2,86.65,0,Debit Card
TXN001321,20/07/2025,Ahmed Butt,ahmed.butt@example.com,Webcam HD,Electronics,PSH-01,Peshawar,6,202.8,0,Mobile Wallet
TXN002517,2024-01-07,HASSAN RAZA,hassan.raza@example.com,LED Desk Lamp,Home & Kitchen,MUL-01,Multan,3,68.17,20,CREDIT CARD
TXN004041,2025-02-24,Sana Sheikh,sana.sheikh@example.com,Football,Sports,LHR-01,Lahore,2,128.44,0,cash
TXN001062,02/07/2025,Ali Butt,ali.butt@example.com,Blender,Home & Kitchen,KHI-02,Karachi,5,232.18,0,Cash
TXN003366,2025-06-12,Sana Farooq,sana.farooq@example.com,Yoga Mat,Sports,KHI-02,Karachi,6,159.32,0,Credit Card
TXN003558,24-Jan-2026,Usman Chaudhry,usman.chaudhry@example.com,Football,Sports,FSD-01,Faisalabad,3,57.55,0,Mobile Wallet
TXN004217,16-Mar-2026,Hassan Malik,hassan.malik@example.com,Cycling Helmet,Sports,KHI-01,Karachi,3,179.95,5,Cash
TXN001242,2026-02-17,Omar Sheikh,omar.sheikh@example.com,Yoga Mat,Sports,KHI-02,Karachi,6,227.78,0,Mobile Wallet
TXN001147,23-Aug-2025,Bilal Sheikh,bilal.sheikh@example.com,Yoga Mat,Sports,LHR-01,Lahore,1,90.32,0,CREDIT CARD
TXN003349,03-Mar-2026,Mariam Khan,mariam.khan@example.com,Non-Stick Pan,Home & Kitchen,MUL-01,Multan,3,106.32,0,cash
TXN004211,29-May-2026,Zainab Khan,zainab.khan@example.com,Denim Jacket,Apparel,FSD-01,Faisalabad,3,176.98,5,CREDIT CARD
TXN002371,07/10/2025,Sana Malik,sana.malik@example.com,Lip Balm,Beauty,LHR-01,Lahore,3,203.03,0,Cash
TXN001782,2024-06-14,  Zainab Farooq  ,zainab.farooq@example.com,Cycling Helmet,Sports,PSH-01,Peshawar,1,31.08,5,Debit Card
TXN003147,2025-09-16,Mariam Malik,mariam.malik@example.com,Denim Jacket,Apparel,PSH-01,Peshawar,1,88.38,0,cash
TXN002641,31/05/2026,  Hina Sheikh  ,hina.sheikh@example.com,Hair Dryer,Beauty,LHR-01,Lahore,6,126.8,10,Debit Card
TXN002925,19/02/2024,Ali Khan,ali.khan@example.com,Bluetooth Speaker,Electronics,MUL-01,Multan,3,110.89,20,Debit Card
TXN000563,21-Dec-2024,Sara Chaudhry,sara.chaudhry@example.com,Sunscreen SPF50,Beauty,LHR-01,Lahore,3,211.45,20,Cash
TXN004658,03/07/2026,Omar Raza,omar.raza@example.com,Wool Sweater,Apparel,LHR-01,Lahore,5,90.7,0,CREDIT CARD
TXN004922,04/02/2026,  Omar Iqbal  ,omar.iqbal@example.com,Non-Stick Pan,Home & Kitchen,ISB-01,Islamabad,2,232.99,20,CREDIT CARD
TXN003082,2026-03-27,  Faisal Iqbal  ,faisal.iqbal@example.com,Sports Cap,Apparel,PSH-01,Peshawar,6,157.6,5,Mobile Wallet
TXN000664,2025-02-12,Bilal Malik,bilal.malik@example.com,Bluetooth Speaker,Electronics,LHR-01,Lahore,4,59.65,5,CREDIT CARD
TXN002430,2024-04-10,Bilal Malik,bilal.malik@example.com,Wool Sweater,Apparel,LHR-01,Lahore,2,221.75,5,Cash
TXN002947,2025-10-28,Sana Malik,sana.malik@example.com,Hair Dryer,Beauty,FSD-01,Faisalabad,3,160.32,15,Mobile Wallet
TXN004768,20-Oct-2025,Mariam Khan,mariam.khan@example.com,Non-Stick Pan,Home & Kitchen,ISB-01,Islamabad,1,45.83,15,Credit Card
TXN003276,2024-08-27,Noor Khan,,Sunscreen SPF50,Beauty,KHI-01,Karachi,6,237.58,0,Cash
TXN000795,2024-07-23,Noor Butt,noor.butt@example.com,Sports Cap,Apparel,FSD-01,Faisalabad,3,244.92,5,Debit Card
TXN001450,2024-08-09,Sana Butt,sana.butt@example.com,Ceramic Mug Set,Home & Kitchen,ISB-01,Islamabad,3,124.24,20,Cash
TXN004372,2024-12-08,Faisal Khan,faisal.khan@example.com,Football,Sports,PSH-01,Peshawar,5,55.2,0,Mobile Wallet
TXN003243,20/04/2024,Bilal Malik,bilal.malik@example.com,Webcam HD,Electronics,KHI-02,Karachi,1,202.55,0,cash
TXN000616,24-Apr-2025,Kamran Sheikh,kamran.sheikh@example.com,Coffee Maker,Home & Kitchen,MUL-01,Multan,4,75.27,20,Cash
TXN001256,14-Aug-2025,Sara Iqbal,,Denim Jacket,Apparel,LHR-02,Lahore,,179.08,15,CREDIT CARD
TXN002661,23/06/2024,Bilal Malik,bilal.malik@example.com,Lip Balm,Beauty,PSH-01,Peshawar,3,193.17,20,Cash
TXN004158,25-Jun-2026,SANA KHAN,sana.khan@example.com,LED Desk Lamp,Home & Kitchen,ISB-01,Islamabad,2,88.19,0,Mobile Wallet
TXN002420,2025-01-05,FAISAL CHAUDHRY,faisal.chaudhry@example.com,Sports Cap,Apparel,KHI-02,Karachi,5,123.89,10,CREDIT CARD
TXN002039,2026-05-28,Usman Butt,,Sunscreen SPF50,Beauty,ISB-01,Islamabad,5,146.26,5,Credit Card
TXN000282,2024-06-21,Bilal Raza,bilal.raza@example.com,Lip Balm,Beauty,ISB-01,Islamabad,2,81.74,0,Debit Card
TXN001540,2024-01-13,Hassan Khan,hassan.khan@example.com,Resistance Bands,Sports,MUL-01,Multan,2,100.98,5,Debit Card
TXN002329,12-Mar-2025,Usman Farooq,usman.farooq@example.com,USB-C Cable,Electronics,KHI-01,Karachi,4,101.81,15,Mobile Wallet
TXN003671,25/04/2025,Hassan Raza,hassan.raza@example.com,Dumbbell Set,Sports,ISB-01,Islamabad,4,165.25,0,Debit Card
TXN001841,26/05/2025,Bilal Sheikh,bilal.sheikh@example.com,Dumbbell Set,Sports,MUL-01,Multan,4,232.33,20,cash
TXN000712,2025-08-22,Hassan Sheikh,hassan.sheikh@example.com,Dumbbell Set,Sports,LHR-02,Lahore,1,76.25,20,CREDIT CARD
TXN000347,14-Dec-2025,HASSAN SHEIKH,hassan.sheikh@example.com,Laptop Stand,Electronics,LHR-01,Lahore,4,,5,CREDIT CARD
TXN001923,04/06/2026,Faisal Khan,faisal.khan@example.com,Denim Jacket,Apparel,KHI-02,Karachi,5,87.22,5,Credit Card
TXN001175,2024-03-27,ZAINAB IQBAL,zainab.iqbal@example.com,Hair Dryer,Beauty,LHR-02,Lahore,4,130.17,20,Cash
TXN002911,07/10/2024,Bilal Khan,bilal.khan@example.com,Football,Sports,PSH-01,Peshawar,3,208.02,0,cash
TXN004226,19/03/2025,Hassan Malik,hassan.malik@example.com,Blender,Home & Kitchen,KHI-01,Karachi,2,87.83,10,Credit Card
TXN003338,29-Aug-2024,Bilal Iqbal,bilal.iqbal@example.com,Cycling Helmet,Sports,PSH-01,Peshawar,,237.94,5,Cash
TXN003789,26/11/2025,Bilal Sheikh,bilal.sheikh@example.com,Webcam HD,Electronics,KHI-01,Karachi,3,160.42,15,Debit Card
TXN001271,25/01/2025,Bilal Raza,bilal.raza@example.com,Coffee Maker,Home & Kitchen,MUL-01,Multan,4,79.01,0,Credit Card
TXN003418,22/04/2024,  Noor Farooq  ,noor.farooq@example.com,Laptop Stand,Electronics,PSH-01,Peshawar,1,155.4,20,Mobile Wallet
TXN003790,2024-09-25,  Zainab Chaudhry  ,zainab.chaudhry@example.com,Cycling Helmet,Sports,MUL-01,Multan,3,33.92,10,Credit Card
TXN002759,26-Nov-2024,Ayesha Khan,ayesha.khan@example.com,Face Moisturizer,Beauty,LHR-02,Lahore,3,215.37,20,Mobile Wallet
TXN000875,2024-12-31,Hassan Raza,hassan.raza@example.com,USB-C Cable,Electronics,ISB-01,Islamabad,6,8.17,5,Cash
TXN004948,2026-05-16,Mariam Raza,mariam.raza@example.com,Blender,Home & Kitchen,FSD-01,Faisalabad,3,153.36,0,cash
TXN003834,03/06/2025,Noor Iqbal,noor.iqbal@example.com,Sunscreen SPF50,Beauty,KHI-02,Karachi,4,147.48,15,CREDIT CARD
TXN002449,2024-06-30,Sana Khan,sana.khan@example.com,Ceramic Mug Set,Home & Kitchen,KHI-01,Karachi,6,196.33,5,Mobile Wallet
TXN001629,02/02/2024,Bilal Sheikh,bilal.sheikh@example.com,Denim Jacket,Apparel,KHI-01,Karachi,5,61.87,0,Debit Card
TXN002994,2025-12-07,NOOR BUTT,noor.butt@example.com,Football,Sports,KHI-02,Karachi,2,131.49,0,cash
TXN003178,2024-01-15,Usman Iqbal,usman.iqbal@example.com,Yoga Mat,Sports,ISB-01,Islamabad,1,37.81,20,CREDIT CARD
TXN000675,2024-04-27,Usman Butt,usman.butt@example.com,USB-C Cable,Electronics,MUL-01,Multan,1,214.8,5,Mobile Wallet
TXN004519,2025-08-10,Fatima Sheikh,fatima.sheikh@example.com,Lip Balm,Beauty,MUL-01,Multan,1,26.17,0,cash
TXN003709,03-Oct-2025,Sana Butt,sana.butt@example.com,Sunscreen SPF50,Beauty,MUL-01,Multan,4,8.84,5,cash
TXN004944,15/04/2026,Sara Chaudhry,sara.chaudhry@example.com,Dumbbell Set,Sports,FSD-01,Faisalabad,3,222.99,0,Debit Card
TXN003600,06/02/2024,Fatima Sheikh,fatima.sheikh@example.com,Blender,Home & Kitchen,FSD-01,Faisalabad,2,42.35,0,CREDIT CARD
TXN001862,06/10/2024,Sana Malik,sana.malik@example.com,Football,Sports,MUL-01,Multan,3,220.78,5,Credit Card
TXN001561,2024-09-04,Hina Khan,hina.khan@example.com,Webcam HD,Electronics,KHI-01,Karachi,2,51.47,5,Cash
TXN000246,2024-11-15,Ali Butt,ali.butt@example.com,Dumbbell Set,Sports,LHR-01,Lahore,5,30.16,20,Credit Card
TXN004718,09/09/2024,Ahmed Iqbal,ahmed.iqbal@example.com,Non-Stick Pan,Home & Kitchen,FSD-01,Faisalabad,6,71.97,15,cash
TXN000160,2025-10-14,Faisal Iqbal,faisal.iqbal@example.com,Wireless Mouse,Electronics,LHR-02,Lahore,1,177.2,20,Debit Card
TXN004026,2026-04-20,Hina Raza,hina.raza@example.com,Bluetooth Speaker,Electronics,LHR-01,Lahore,1,146.37,20,Mobile Wallet
TXN004501,17/12/2024,Faisal Malik,faisal.malik@example.com,Dumbbell Set,Sports,KHI-01,Karachi,5,100.49,10,Credit Card
TXN002318,2024-03-19,Ahmed Butt,ahmed.butt@example.com,Wireless Mouse,Electronics,MUL-01,Multan,3,113.17,0,Credit Card
TXN004382,29/01/2024,Faisal Butt,faisal.butt@example.com,Football,Sports,FSD-01,Faisalabad,3,18.47,5,Credit Card
TXN003055,2025-10-12,HASSAN CHAUDHRY,,Bluetooth Speaker,Electronics,ISB-01,Islamabad,1,145.67,15,CREDIT CARD
TXN003681,06-Jun-2024,Ali Butt,ali.butt@example.com,Cotton T-Shirt,Apparel,MUL-01,Multan,,79.82,0,Cash
TXN002710,2024-04-15,Faisal Iqbal,faisal.iqbal@example.com,Resistance Bands,Sports,LHR-02,Lahore,2,223.86,5,cash
TXN000186,2026-03-24,  Hassan Iqbal  ,hassan.iqbal@example.com,Sunscreen SPF50,Beauty,KHI-01,Karachi,6,103.7,0,Mobile Wallet
TXN003742,17-May-2025,Bilal Butt,bilal.butt@example.com,Wireless Mouse,Electronics,ISB-01,Islamabad,1,25.09,20,cash
TXN002494,23-Jun-2024,Usman Farooq,usman.farooq@example.com,Ceramic Mug Set,Home & Kitchen,MUL-01,Multan,3,61.26,5,CREDIT CARD
TXN004767,24/09/2024,  Fatima Sheikh  ,fatima.sheikh@example.com,Wool Sweater,Apparel,MUL-01,Multan,4,246.3,20,CREDIT CARD
TXN000466,07-Jan-2025,Zainab Malik,zainab.malik@example.com,Wireless Mouse,Electronics,FSD-01,Faisalabad,1,166.07,20,Cash
TXN004890,14-Mar-2026,Ahmed Butt,ahmed.butt@example.com,Face Moisturizer,Beauty,KHI-02,Karachi,2,76.5,10,Debit Card
TXN002488,26-Apr-2024,Noor Iqbal,noor.iqbal@example.com,Ceramic Mug Set,Home & Kitchen,LHR-01,Lahore,5,11.49,5,Debit Card
TXN003639,04/09/2024,Ayesha Khan,ayesha.khan@example.com,Wool Sweater,Apparel,KHI-02,Karachi,3,83.03,0,Cash
TXN000193,10-Oct-2024,Mariam Iqbal,,Webcam HD,Electronics,MUL-01,Multan,5,25.64,0,CREDIT CARD
TXN001864,06-Jun-2024,Noor Farooq,noor.farooq@example.com,Sports Cap,Apparel,FSD-01,Faisalabad,1,94.29,0,Debit Card
TXN003815,20/02/2026,Kamran Chaudhry,kamran.chaudhry@example.com,Lip Balm,Beauty,KHI-02,Karachi,4,141.17,5,Debit Card
TXN000578,29-Jun-2024,Zainab Sheikh,zainab.sheikh@example.com,Laptop Stand,Electronics,PSH-01,Peshawar,3,66.0,0,Debit Card
TXN002381,17/01/2024,Faisal Butt,faisal.butt@example.com,Wireless Mouse,Electronics,KHI-01,Karachi,2,6.6,10,CREDIT CARD
TXN002185,28-Mar-2024,Zainab Farooq,zainab.farooq@example.com,Running Shoes,Apparel,KHI-02,Karachi,2,202.57,20,Debit Card
TXN002314,25/06/2025,Mariam Farooq,,Sports Cap,Apparel,KHI-02,Karachi,6,200.16,15,Mobile Wallet
TXN004005,09/02/2025,Sana Chaudhry,sana.chaudhry@example.com,Ceramic Mug Set,Home & Kitchen,ISB-01,Islamabad,3,125.17,0,cash
TXN000606,20/03/2025,Hina Iqbal,hina.iqbal@example.com,Lip Balm,Beauty,LHR-02,Lahore,1,145.0,20,cash
TXN004213,2025-05-01,Kamran Chaudhry,kamran.chaudhry@example.com,Cotton T-Shirt,Apparel,KHI-02,Karachi,1,146.31,0,Debit Card
TXN000177,09-Feb-2026,Faisal Khan,faisal.khan@example.com,Hair Dryer,Beauty,MUL-01,Multan,1,203.14,10,Cash
TXN000061,21-Nov-2024,Faisal Butt,faisal.butt@example.com,Coffee Maker,Home & Kitchen,KHI-02,Karachi,4,120.88,20,CREDIT CARD
TXN001857,19-Mar-2026,Omar Malik,omar.malik@example.com,Wool Sweater,Apparel,PSH-01,Peshawar,4,156.61,10,Mobile Wallet
TXN001973,2024-07-21,  Zainab Farooq  ,zainab.farooq@example.com,Sunscreen SPF50,Beauty,LHR-02,Lahore,3,69.36,0,Mobile Wallet
TXN002451,2026-06-29,Hassan Chaudhry,hassan.chaudhry@example.com,Football,Sports,KHI-01,Karachi,6,189.71,15,cash
TXN004450,25-Mar-2024,Noor Malik,noor.malik@example.com,Resistance Bands,Sports,KHI-02,Karachi,2,215.81,15,Cash
TXN001371,10-Oct-2024,Zainab Chaudhry,zainab.chaudhry@example.com,Wireless Mouse,Electronics,MUL-01,Multan,5,234.78,20,CREDIT CARD
TXN004428,07/08/2025,  Hassan Farooq  ,,Wireless Mouse,Electronics,LHR-01,Lahore,6,15.92,0,cash
TXN004677,21/04/2025,Bilal Raza,bilal.raza@example.com,Cotton T-Shirt,Apparel,KHI-02,Karachi,6,59.84,15,cash
TXN001920,11/02/2025,Mariam Chaudhry,mariam.chaudhry@example.com,Wireless Mouse,Electronics,PSH-01,Peshawar,5,134.81,0,Credit Card
TXN002120,04-Apr-2024,Ali Butt,ali.butt@example.com,Sunscreen SPF50,Beauty,LHR-01,Lahore,6,239.04,20,Cash
TXN001096,2026-03-13,NOOR RAZA,noor.raza@example.com,Face Moisturizer,Beauty,KHI-01,Karachi,3,104.53,15,Debit Card
TXN002633,11/01/2026,ALI SHEIKH,ali.sheikh@example.com,Bluetooth Speaker,Electronics,MUL-01,Multan,3,187.55,5,CREDIT CARD
TXN001304,04-Jul-2026,Fatima Butt,fatima.butt@example.com,Shampoo 500ml,Beauty,ISB-01,Islamabad,1,114.16,5,Credit Card
TXN002229,2024-10-08,KAMRAN BUTT,kamran.butt@example.com,Laptop Stand,Electronics,KHI-02,Karachi,6,91.18,20,CREDIT CARD
TXN004061,2025-05-18,Kamran Farooq,kamran.farooq@example.com,Football,Sports,ISB-01,Islamabad,5,67.65,0,CREDIT CARD
TXN001133,2025-12-07,FAISAL FAROOQ,faisal.farooq@example.com,Blender,Home & Kitchen,MUL-01,Multan,6,108.65,0,CREDIT CARD
TXN000770,2026-01-05,Usman Sheikh,usman.sheikh@example.com,Dumbbell Set,Sports,FSD-01,Faisalabad,2,76.1,0,cash
TXN000660,2025-03-17,Omar Chaudhry,omar.chaudhry@example.com,Ceramic Mug Set,Home & Kitchen,KHI-01,Karachi,6,223.22,10,cash
TXN001386,26/05/2024,  Bilal Farooq  ,bilal.farooq@example.com,Resistance Bands,Sports,LHR-01,Lahore,4,107.83,20,Credit Card
TXN002774,27-Dec-2024,Fatima Butt,fatima.butt@example.com,Cycling Helmet,Sports,KHI-02,Karachi,5,220.1,0,Cash
TXN003198,01-Mar-2024,Ahmed Butt,ahmed.butt@example.com,Coffee Maker,Home & Kitchen,KHI-01,Karachi,1,179.19,5,Debit Card
TXN003169,08/02/2024,Noor Chaudhry,noor.chaudhry@example.com,Hair Dryer,Beauty,MUL-01,Multan,2,22.17,15,Mobile Wallet
TXN000863,08/03/2025,Kamran Chaudhry,kamran.chaudhry@example.com,Running Shoes,Apparel,FSD-01,Faisalabad,5,166.99,15,Mobile Wallet
TXN004549,2025-11-15,Usman Raza,usman.raza@example.com,Non-Stick Pan,Home & Kitchen,MUL-01,Multan,6,131.16,0,Debit Card
TXN001418,02-Jan-2025,Omar Sheikh,omar.sheikh@example.com,Laptop Stand,Electronics,ISB-01,Islamabad,4,242.88,0,Debit Card
TXN001173,2026-02-15,Faisal Chaudhry,faisal.chaudhry@example.com,Yoga Mat,Sports,LHR-02,Lahore,3,115.57,0,cash
TXN003707,14-May-2026,Noor Malik,,Wool Sweater,Apparel,MUL-01,Multan,6,218.71,5,CREDIT CARD
TXN004900,22/05/2026,Ahmed Chaudhry,ahmed.chaudhry@example.com,Sports Cap,Apparel,FSD-01,Faisalabad,1,156.33,5,cash
TXN002440,21-Dec-2025,Sana Iqbal,sana.iqbal@example.com,Cycling Helmet,Sports,LHR-02,Lahore,5,93.43,0,Credit Card
TXN003599,2025-04-25,  SANA MALIK  ,sana.malik@example.com,Bluetooth Speaker,Electronics,ISB-01,Islamabad,6,11.01,10,CREDIT CARD
TXN002714,18/05/2026,Kamran Malik,kamran.malik@example.com,USB-C Cable,Electronics,ISB-01,Islamabad,1,69.31,0,Debit Card
TXN002931,03-Oct-2024,Noor Chaudhry,noor.chaudhry@example.com,Cycling Helmet,Sports,PSH-01,Peshawar,3,241.49,0,Debit Card
TXN004131,11-Aug-2024,Noor Chaudhry,noor.chaudhry@example.com,Football,Sports,FSD-01,Faisalabad,2,,0,Debit Card
TXN000552,08-Jun-2025,  Kamran Raza  ,kamran.raza@example.com,Cotton T-Shirt,Apparel,ISB-01,Islamabad,4,87.41,20,Mobile Wallet
TXN001283,12/04/2024,Fatima Khan,fatima.khan@example.com,Wool Sweater,Apparel,LHR-01,Lahore,5,162.98,15,cash
TXN002889,28-May-2024,Zainab Butt,zainab.butt@example.com,Lip Balm,Beauty,ISB-01,Islamabad,3,177.04,5,CREDIT CARD
TXN004862,01/08/2025,  Sana Sheikh  ,sana.sheikh@example.com,Bluetooth Speaker,Electronics,ISB-01,Islamabad,2,125.06,5,Mobile Wallet
TXN004592,19/04/2025,Zainab Farooq,zainab.farooq@example.com,Hair Dryer,Beauty,KHI-02,Karachi,4,40.04,5,cash
TXN004656,28-Sep-2025,Usman Chaudhry,usman.chaudhry@example.com,Non-Stick Pan,Home & Kitchen,KHI-02,Karachi,6,83.55,0,Cash
TXN002188,09/05/2026,Ahmed Malik,ahmed.malik@example.com,Football,Sports,PSH-01,Peshawar,6,187.77,0,Mobile Wallet
TXN001702,16-Mar-2026,Omar Chaudhry,omar.chaudhry@example.com,Wireless Mouse,Electronics,LHR-02,Lahore,6,180.27,0,Cash
TXN003379,12-Nov-2024,Zainab Iqbal,zainab.iqbal@example.com,LED Desk Lamp,Home & Kitchen,ISB-01,Islamabad,3,21.71,0,CREDIT CARD
TXN002061,05-Feb-2024,Faisal Malik,faisal.malik@example.com,USB-C Cable,Electronics,ISB-01,Islamabad,3,19.29,15,Credit Card
TXN003814,09-Jul-2024,Fatima Raza,fatima.raza@example.com,Yoga Mat,Sports,ISB-01,Islamabad,4,78.98,5,Mobile Wallet
TXN000667,15-Feb-2026,  Usman Khan  ,usman.khan@example.com,Ceramic Mug Set,Home & Kitchen,PSH-01,Peshawar,3,108.62,0,Debit Card
TXN004747,12-May-2026,Omar Farooq,omar.farooq@example.com,Resistance Bands,Sports,FSD-01,Faisalabad,1,61.14,0,Credit Card
TXN002697,2025-07-24,Omar Butt,omar.butt@example.com,Bluetooth Speaker,Electronics,PSH-01,Peshawar,6,32.35,0,Mobile Wallet
TXN002278,03/05/2026,Mariam Farooq,mariam.farooq@example.com,Yoga Mat,Sports,ISB-01,Islamabad,4,147.19,0,Cash
TXN004467,22/10/2025,Usman Chaudhry,usman.chaudhry@example.com,Sports Cap,Apparel,KHI-02,Karachi,3,237.58,10,CREDIT CARD
TXN003882,2026-05-19,Usman Sheikh,usman.sheikh@example.com,Wireless Mouse,Electronics,LHR-01,Lahore,1,119.29,5,Debit Card
TXN003622,03/02/2025,Ali Malik,ali.malik@example.com,Denim Jacket,Apparel,LHR-02,Lahore,5,247.22,5,Cash
TXN001309,17-Nov-2025,Hina Butt,hina.butt@example.com,Bluetooth Speaker,Electronics,ISB-01,Islamabad,2,38.25,0,Debit Card
TXN004070,06-Feb-2025,SANA BUTT,sana.butt@example.com,Webcam HD,Electronics,MUL-01,Multan,5,240.54,0,Debit Card
TXN003411,15/01/2024,Usman Iqbal,usman.iqbal@example.com,Non-Stick Pan,Home & Kitchen,LHR-01,Lahore,6,144.23,20,CREDIT CARD
TXN004223,22/02/2026,Ahmed Raza,ahmed.raza@example.com,Football,Sports,LHR-01,Lahore,5,27.35,10,Debit Card
TXN001785,2025-12-15,Ahmed Iqbal,ahmed.iqbal@example.com,Webcam HD,Electronics,KHI-02,Karachi,2,,0,Mobile Wallet
TXN002621,12/11/2025,ALI FAROOQ,,USB-C Cable,Electronics,LHR-02,Lahore,1,245.54,10,Debit Card
TXN002362,17/10/2024,Bilal Chaudhry,bilal.chaudhry@example.com,Laptop Stand,Electronics,PSH-01,Peshawar,5,10.47,15,Cash
TXN004572,30-May-2025,Mariam Khan,mariam.khan@example.com,Yoga Mat,Sports,PSH-01,Peshawar,1,157.13,0,CREDIT CARD
TXN002735,27/06/2024,Hina Sheikh,hina.sheikh@example.com,Denim Jacket,Apparel,KHI-02,Karachi,1,67.7,15,Cash
TXN002983,20/03/2025,Fatima Chaudhry,fatima.chaudhry@example.com,Non-Stick Pan,Home & Kitchen,MUL-01,Multan,6,55.78,15,CREDIT CARD
TXN002317,09/10/2024,Sara Farooq,sara.farooq@example.com,Non-Stick Pan,Home & Kitchen,PSH-01,Peshawar,1,98.84,0,Debit Card
TXN004732,13/07/2024,Sara Butt,sara.butt@example.com,Face Moisturizer,Beauty,MUL-01,Multan,4,133.75,0,Cash
TXN001692,21-Oct-2024,Hina Sheikh,,Blender,Home & Kitchen,MUL-01,Multan,,95.06,0,Debit Card
TXN003394,08/08/2024,  MARIAM MALIK  ,mariam.malik@example.com,Running Shoes,Apparel,PSH-01,Peshawar,5,215.77,0,cash
TXN000415,2026-07-05,Hina Khan,hina.khan@example.com,Webcam HD,Electronics,KHI-01,Karachi,5,181.74,15,CREDIT CARD
TXN001673,2026-02-24,Hassan Sheikh,hassan.sheikh@example.com,Denim Jacket,Apparel,KHI-01,Karachi,4,72.11,15,Debit Card
TXN003570,25/04/2024,Ahmed Sheikh,ahmed.sheikh@example.com,Webcam HD,Electronics,LHR-01,Lahore,3,212.78,0,Mobile Wallet
TXN002575,2024-07-26,  Kamran Butt  ,kamran.butt@example.com,Cycling Helmet,Sports,MUL-01,Multan,5,9.03,5,Cash
TXN001747,2025-09-09,Usman Chaudhry,usman.chaudhry@example.com,Wireless Mouse,Electronics,PSH-01,Peshawar,6,143.95,15,Mobile Wallet
TXN000251,05/12/2025,Hina Khan,hina.khan@example.com,Ceramic Mug Set,Home & Kitchen,ISB-01,Islamabad,,86.0,0,cash
TXN003931,2025-02-13,SARA IQBAL,sara.iqbal@example.com,Sports Cap,Apparel,KHI-02,Karachi,3,64.75,0,cash
TXN000749,04-Jun-2025,Usman Raza,usman.raza@example.com,Yoga Mat,Sports,LHR-02,Lahore,2,179.65,15,CREDIT CARD
TXN001802,14-Apr-2024,Ayesha Butt,ayesha.butt@example.com,Denim Jacket,Apparel,ISB-01,Islamabad,4,134.07,0,cash
TXN000443,2024-05-14,Noor Farooq,noor.farooq@example.com,Resistance Bands,Sports,LHR-02,Lahore,3,122.48,5,cash
TXN004759,27-Mar-2026,Omar Farooq,omar.farooq@example.com,Denim Jacket,Apparel,LHR-01,Lahore,4,17.29,20,cash
TXN004144,2025-01-11,Sana Butt,sana.butt@example.com,USB-C Cable,Electronics,KHI-02,Karachi,3,67.53,0,CREDIT CARD
TXN002143,2025-10-24,Omar Malik,omar.malik@example.com,Laptop Stand,Electronics,KHI-02,Karachi,4,71.58,0,Debit Card
TXN003182,19-Feb-2026,FATIMA SHEIKH,fatima.sheikh@example.com,Wool Sweater,Apparel,LHR-01,Lahore,4,11.31,0,Credit Card
TXN002799,13-Nov-2025,Ali Farooq,ali.farooq@example.com,Blender,Home & Kitchen,PSH-01,Peshawar,4,170.03,10,Mobile Wallet
TXN003647,2024-10-16,Hassan Malik,hassan.malik@example.com,Coffee Maker,Home & Kitchen,KHI-01,Karachi,5,107.55,15,Credit Card
TXN001855,01/05/2025,Hassan Chaudhry,hassan.chaudhry@example.com,Dumbbell Set,Sports,PSH-01,Peshawar,2,40.91,5,Debit Card
TXN000968,08-Mar-2025,Sana Iqbal,,Non-Stick Pan,Home & Kitchen,ISB-01,Islamabad,3,148.85,0,Mobile Wallet
TXN002624,2024-12-08,Usman Farooq,usman.farooq@example.com,Lip Balm,Beauty,LHR-02,Lahore,2,21.39,20,Debit Card
TXN000267,04-Mar-2024,Hina Chaudhry,hina.chaudhry@example.com,Bluetooth Speaker,Electronics,ISB-01,Islamabad,2,197.17,20,Mobile Wallet
TXN004105,30-Mar-2024,ALI CHAUDHRY,ali.chaudhry@example.com,Webcam HD,Electronics,KHI-02,Karachi,1,94.58,0,Credit Card
TXN002807,2026-03-04,Sana Sheikh,sana.sheikh@example.com,Shampoo 500ml,Beauty,PSH-01,Peshawar,5,121.33,10,Mobile Wallet
TXN003719,25/10/2025,SARA BUTT,sara.butt@example.com,Bluetooth Speaker,Electronics,KHI-01,Karachi,1,12.93,0,CREDIT CARD
TXN001317,23/02/2024,Hina Sheikh,hina.sheikh@example.com,Wireless Mouse,Electronics,PSH-01,Peshawar,6,19.33,15,cash
TXN001280,22/09/2025,Sana Butt,sana.butt@example.com,Webcam HD,Electronics,KHI-01,Karachi,6,207.68,0,Cash
TXN000467,05/05/2024,Hassan Farooq,hassan.farooq@example.com,Resistance Bands,Sports,LHR-02,Lahore,5,85.68,15,Cash
TXN001805,16-Jul-2025,Omar Khan,omar.khan@example.com,Laptop Stand,Electronics,MUL-01,Multan,1,54.35,0,Debit Card
TXN004107,04-Apr-2026,Ahmed Malik,ahmed.malik@example.com,Cycling Helmet,Sports,LHR-02,Lahore,6,247.62,0,cash
TXN000032,02-Nov-2025,Usman Iqbal,usman.iqbal@example.com,Laptop Stand,Electronics,MUL-01,Multan,1,6.36,20,CREDIT CARD
TXN003311,2025-01-30,Ayesha Iqbal,ayesha.iqbal@example.com,Football,Sports,LHR-02,Lahore,4,110.61,0,Cash
TXN004839,02-May-2024,Hina Sheikh,hina.sheikh@example.com,Face Moisturizer,Beauty,LHR-01,Lahore,2,70.64,5,Mobile Wallet
TXN002740,26-Jun-2026,  Ahmed Malik  ,ahmed.malik@example.com,Non-Stick Pan,Home & Kitchen,LHR-02,Lahore,2,,5,Cash
TXN003026,2024-10-31,  Noor Butt  ,noor.butt@example.com,Webcam HD,Electronics,PSH-01,Peshawar,2,137.11,15,cash
TXN002499,10/06/2024,Ayesha Raza,,Non-Stick Pan,Home & Kitchen,FSD-01,Faisalabad,4,162.02,10,Debit Card
TXN001320,2025-10-04,Hassan Sheikh,hassan.sheikh@example.com,Hair Dryer,Beauty,ISB-01,Islamabad,1,115.59,0,Credit Card
TXN003094,2025-10-04,Sana Sheikh,sana.sheikh@example.com,Sports Cap,Apparel,MUL-01,Multan,,17.52,20,cash
TXN003780,31/03/2025,Mariam Farooq,mariam.farooq@example.com,Bluetooth Speaker,Electronics,ISB-01,Islamabad,5,98.25,0,Credit Card
TXN002084,05/12/2024,Hassan Khan,hassan.khan@example.com,USB-C Cable,Electronics,KHI-01,Karachi,4,87.75,15,CREDIT CARD
TXN004578,14/03/2024,Sara Butt,sara.butt@example.com,Bluetooth Speaker,Electronics,ISB-01,Islamabad,4,99.26,15,CREDIT CARD
TXN003047,2024-08-03,Ahmed Sheikh,ahmed.sheikh@example.com,LED Desk Lamp,Home & Kitchen,LHR-01,Lahore,1,145.87,0,Credit Card
TXN000981,28/07/2026,Faisal Chaudhry,faisal.chaudhry@example.com,USB-C Cable,Electronics,ISB-01,Islamabad,5,79.36,20,Mobile Wallet
TXN003962,04-Jul-2026,Faisal Chaudhry,faisal.chaudhry@example.com,Wireless Mouse,Electronics,LHR-01,Lahore,2,50.18,15,cash
TXN000069,29/10/2024,  Ahmed Raza  ,ahmed.raza@example.com,USB-C Cable,Electronics,PSH-01,Peshawar,2,188.13,0,cash
TXN004476,2025-12-25,USMAN FAROOQ,usman.farooq@example.com,Lip Balm,Beauty,LHR-01,Lahore,3,7.61,10,Cash
TXN004356,15-Dec-2024,Sara Chaudhry,sara.chaudhry@example.com,Dumbbell Set,Sports,PSH-01,Peshawar,3,186.88,0,Mobile Wallet
TXN004818,24-Jan-2025,  AHMED FAROOQ  ,ahmed.farooq@example.com,Face Moisturizer,Beauty,LHR-01,Lahore,3,172.16,0,CREDIT CARD
TXN004010,12/04/2026,Noor Sheikh,,Football,Sports,LHR-02,Lahore,4,64.95,5,Cash
TXN004154,01/05/2024,Faisal Khan,faisal.khan@example.com,Resistance Bands,Sports,ISB-01,Islamabad,2,78.56,15,Credit Card
TXN002826,10-Apr-2024,Ahmed Malik,ahmed.malik@example.com,Denim Jacket,Apparel,PSH-01,Peshawar,3,220.88,0,cash
TXN004893,2025-10-15,Ali Iqbal,,Cotton T-Shirt,Apparel,MUL-01,Multan,5,70.09,5,Cash
TXN003749,2025-11-03,Sana Malik,sana.malik@example.com,Football,Sports,MUL-01,Multan,6,203.32,0,CREDIT CARD
TXN000716,18-Apr-2025,AHMED IQBAL,ahmed.iqbal@example.com,Coffee Maker,Home & Kitchen,ISB-01,Islamabad,1,117.75,15,Credit Card
TXN003626,2024-12-13,Hina Iqbal,hina.iqbal@example.com,Football,Sports,PSH-01,Peshawar,4,89.57,15,Cash
TXN001442,28/04/2024,  MARIAM SHEIKH  ,mariam.sheikh@example.com,Yoga Mat,Sports,KHI-02,Karachi,2,,0,Cash
TXN000458,08/03/2024,Ayesha Chaudhry,ayesha.chaudhry@example.com,Bluetooth Speaker,Electronics,KHI-02,Karachi,,33.05,5,CREDIT CARD
TXN004023,14/02/2024,Fatima Malik,fatima.malik@example.com,Cycling Helmet,Sports,PSH-01,Peshawar,6,61.91,0,Credit Card
TXN002442,11/10/2025,Hassan Raza,hassan.raza@example.com,Running Shoes,Apparel,LHR-02,Lahore,2,210.6,5,Mobile Wallet
TXN001307,01/09/2025,Omar Iqbal,omar.iqbal@example.com,Bluetooth Speaker,Electronics,PSH-01,Peshawar,5,51.63,5,Credit Card
TXN004441,2024-09-23,AYESHA FAROOQ,ayesha.farooq@example.com,Face Moisturizer,Beauty,FSD-01,Faisalabad,4,23.77,20,Mobile Wallet
TXN000838,2026-02-13,Hassan Chaudhry,hassan.chaudhry@example.com,Dumbbell Set,Sports,FSD-01,Faisalabad,3,124.46,5,Cash
TXN001846,29-May-2025,  Ahmed Khan  ,,Hair Dryer,Beauty,FSD-01,Faisalabad,3,148.18,0,Cash
TXN004877,07-Nov-2025,  Fatima Iqbal  ,fatima.iqbal@example.com,Shampoo 500ml,Beauty,LHR-02,Lahore,4,221.91,0,Credit Card
TXN003272,2024-06-13,MARIAM KHAN,mariam.khan@example.com,Wool Sweater,Apparel,KHI-01,Karachi,3,185.02,10,Cash
TXN003298,30-Oct-2024,Noor Khan,,Lip Balm,Beauty,LHR-02,Lahore,1,196.9,5,CREDIT CARD
TXN001633,30/12/2024,Mariam Sheikh,mariam.sheikh@example.com,Shampoo 500ml,Beauty,ISB-01,Islamabad,1,209.54,5,Mobile Wallet
TXN000111,19-Jun-2024,Zainab Chaudhry,zainab.chaudhry@example.com,Wireless Mouse,Electronics,FSD-01,Faisalabad,4,113.76,0,cash
TXN001193,02-Jun-2025,Zainab Raza,zainab.raza@example.com,Webcam HD,Electronics,PSH-01,Peshawar,2,12.08,0,Mobile Wallet
TXN003503,08/09/2025,Noor Farooq,noor.farooq@example.com,Sunscreen SPF50,Beauty,PSH-01,Peshawar,1,23.43,15,cash
TXN002038,14-Dec-2024,Ali Chaudhry,,Cycling Helmet,Sports,KHI-02,Karachi,2,86.58,0,Mobile Wallet
TXN001498,2025-12-13,AHMED KHAN,ahmed.khan@example.com,Non-Stick Pan,Home & Kitchen,FSD-01,Faisalabad,,146.33,0,Credit Card
TXN003672,10/06/2024,Usman Malik,usman.malik@example.com,Hair Dryer,Beauty,PSH-01,Peshawar,3,202.06,0,cash
TXN003131,31-Oct-2024,Hassan Butt,hassan.butt@example.com,Yoga Mat,Sports,KHI-01,Karachi,5,198.6,0,CREDIT CARD
TXN000984,28/07/2024,Usman Raza,usman.raza@example.com,Dumbbell Set,Sports,ISB-01,Islamabad,2,147.53,0,CREDIT CARD
TXN001143,2024-11-30,Fatima Butt,,Football,Sports,PSH-01,Peshawar,5,147.0,0,Cash
TXN001098,12-Feb-2025,Fatima Chaudhry,fatima.chaudhry@example.com,Blender,Home & Kitchen,FSD-01,Faisalabad,5,41.49,10,Debit Card
TXN004681,19-Jul-2025,Omar Raza,omar.raza@example.com,Laptop Stand,Electronics,MUL-01,Multan,5,36.97,5,Credit Card
TXN003817,2024-05-05,  Hassan Butt  ,hassan.butt@example.com,Ceramic Mug Set,Home & Kitchen,KHI-02,Karachi,6,11.63,10,Cash
TXN002855,2026-05-07,Sara Raza,sara.raza@example.com,USB-C Cable,Electronics,FSD-01,Faisalabad,2,57.99,0,Mobile Wallet
TXN004001,2026-06-23,Bilal Sheikh,bilal.sheikh@example.com,Laptop Stand,Electronics,ISB-01,Islamabad,4,156.66,15,Debit Card
TXN002380,2025-12-28,Fatima Farooq,fatima.farooq@example.com,Wool Sweater,Apparel,MUL-01,Multan,3,192.78,5,Debit Card
TXN002794,2026-05-03,Sana Iqbal,sana.iqbal@example.com,Lip Balm,Beauty,PSH-01,Peshawar,6,158.33,20,Cash
TXN000250,2024-10-16,Noor Malik,noor.malik@example.com,Cycling Helmet,Sports,KHI-01,Karachi,4,197.27,0,cash
TXN002516,2025-08-19,Sara Iqbal,sara.iqbal@example.com,Cycling Helmet,Sports,FSD-01,Faisalabad,6,188.54,20,Mobile Wallet
TXN000128,2025-11-20,Zainab Farooq,zainab.farooq@example.com,Resistance Bands,Sports,PSH-01,Peshawar,5,245.08,20,CREDIT CARD
TXN000380,2025-04-17,Ali Malik,ali.malik@example.com,Ceramic Mug Set,Home & Kitchen,PSH-01,Peshawar,3,74.15,0,Mobile Wallet
TXN004231,04/04/2026,Bilal Malik,,Sunscreen SPF50,Beauty,MUL-01,Multan,1,243.36,20,Debit Card
TXN001412,2025-02-01,Kamran Farooq,kamran.farooq@example.com,Wool Sweater,Apparel,KHI-02,Karachi,6,137.74,20,Credit Card
TXN000009,26-Sep-2024,Kamran Khan,kamran.khan@example.com,Ceramic Mug Set,Home & Kitchen,KHI-01,Karachi,5,191.68,0,CREDIT CARD
TXN002208,2024-05-10,Fatima Sheikh,fatima.sheikh@example.com,Denim Jacket,Apparel,KHI-01,Karachi,2,147.35,20,cash
TXN002295,2025-04-05,Noor Sheikh,noor.sheikh@example.com,Laptop Stand,Electronics,FSD-01,Faisalabad,2,147.34,20,CREDIT CARD
TXN003890,01-Apr-2026,SARA SHEIKH,sara.sheikh@example.com,LED Desk Lamp,Home & Kitchen,LHR-01,Lahore,3,203.21,10,Debit Card
TXN001083,05/02/2025,Noor Khan,noor.khan@example.com,Blender,Home & Kitchen,LHR-02,Lahore,3,154.39,0,cash
TXN000129,06-Oct-2025,Ayesha Khan,ayesha.khan@example.com,Football,Sports,ISB-01,Islamabad,4,156.84,0,cash
TXN004977,2024-04-09,Ahmed Butt,ahmed.butt@example.com,Non-Stick Pan,Home & Kitchen,ISB-01,Islamabad,4,144.45,0,CREDIT CARD
TXN004706,2025-04-30,Kamran Raza,kamran.raza@example.com,Resistance Bands,Sports,MUL-01,Multan,3,27.81,0,CREDIT CARD
TXN004344,2024-03-04,Ayesha Sheikh,ayesha.sheikh@example.com,Running Shoes,Apparel,LHR-02,Lahore,2,11.25,0,CREDIT CARD
TXN000077,2024-09-28,  Mariam Butt  ,mariam.butt@example.com,Bluetooth Speaker,Electronics,LHR-01,Lahore,4,36.06,5,Mobile Wallet
TXN002307,2024-06-18,ZAINAB RAZA,zainab.raza@example.com,Resistance Bands,Sports,KHI-02,Karachi,2,38.67,10,Mobile Wallet
TXN003735,19-May-2024,Hina Raza,hina.raza@example.com,Hair Dryer,Beauty,LHR-02,Lahore,5,195.57,0,Debit Card
TXN002666,2026-03-22,USMAN IQBAL,usman.iqbal@example.com,Wireless Mouse,Electronics,MUL-01,Multan,1,92.88,10,Mobile Wallet
TXN002519,19/10/2025,Ahmed Butt,ahmed.butt@example.com,Ceramic Mug Set,Home & Kitchen,PSH-01,Peshawar,6,226.41,0,Credit Card
TXN002112,2026-06-10,Mariam Raza,mariam.raza@example.com,Blender,Home & Kitchen,KHI-01,Karachi,1,56.84,20,Credit Card
TXN003171,2026-06-26,AYESHA RAZA,ayesha.raza@example.com,Running Shoes,Apparel,LHR-01,Lahore,1,51.79,0,Credit Card
TXN000346,2024-08-04,Sana Khan,sana.khan@example.com,USB-C Cable,Electronics,PSH-01,Peshawar,3,138.87,0,CREDIT CARD
TXN003518,04-Apr-2026,HASSAN RAZA,hassan.raza@example.com,Dumbbell Set,Sports,LHR-02,Lahore,5,147.84,10,cash
TXN003359,15/07/2026,Ali Chaudhry,ali.chaudhry@example.com,Coffee Maker,Home & Kitchen,LHR-02,Lahore,5,204.34,5,Debit Card
TXN004847,2025-09-18,ALI IQBAL,ali.iqbal@example.com,Coffee Maker,Home & Kitchen,LHR-02,Lahore,1,20.13,0,CREDIT CARD
TXN002096,2026-05-28,Ahmed Butt,,Dumbbell Set,Sports,ISB-01,Islamabad,1,47.21,0,Debit Card
TXN003193,17/07/2025,Omar Khan,omar.khan@example.com,USB-C Cable,Electronics,ISB-01,Islamabad,2,52.44,5,cash
TXN001585,05-Jun-2024,Sana Sheikh,sana.sheikh@example.com,Football,Sports,PSH-01,Peshawar,2,70.84,10,Credit Card
TXN004799,01/06/2025,Ali Malik,ali.malik@example.com,Lip Balm,Beauty,LHR-01,Lahore,5,164.77,0,Debit Card
TXN004229,05/05/2024,  Fatima Farooq  ,fatima.farooq@example.com,Wool Sweater,Apparel,LHR-02,Lahore,3,56.2,0,Debit Card
TXN000818,01/10/2025,Kamran Khan,kamran.khan@example.com,LED Desk Lamp,Home & Kitchen,PSH-01,Peshawar,4,143.4,0,cash
TXN001319,2024-03-06,Sana Sheikh,sana.sheikh@example.com,Football,Sports,KHI-01,Karachi,5,43.11,20,CREDIT CARD
TXN004132,03/03/2025,Mariam Chaudhry,mariam.chaudhry@example.com,Football,Sports,ISB-01,Islamabad,5,131.85,0,Cash
TXN003763,17-May-2025,Kamran Khan,kamran.khan@example.com,Cotton T-Shirt,Apparel,LHR-02,Lahore,1,195.25,0,CREDIT CARD
TXN000860,2026-07-07,  Faisal Sheikh  ,faisal.sheikh@example.com,Wool Sweater,Apparel,LHR-01,Lahore,1,27.57,5,cash
TXN004152,16-May-2026,Kamran Chaudhry,kamran.chaudhry@example.com,Face Moisturizer,Beauty,PSH-01,Peshawar,6,93.16,0,Debit Card
TXN001269,14-Jan-2025,Omar Butt,omar.butt@example.com,Sunscreen SPF50,Beauty,ISB-01,Islamabad,3,120.69,10,cash
TXN000971,12/07/2026,Hassan Malik,hassan.malik@example.com,Hair Dryer,Beauty,LHR-01,Lahore,2,76.88,5,Credit Card
TXN004322,2024-11-23,Ahmed Malik,ahmed.malik@example.com,Wool Sweater,Apparel,LHR-02,Lahore,2,98.37,5,CREDIT CARD
TXN002062,2025-03-23,Omar Khan,omar.khan@example.com,Lip Balm,Beauty,ISB-01,Islamabad,3,49.75,5,CREDIT CARD
TXN001458,09/03/2026,FATIMA FAROOQ,fatima.farooq@example.com,Ceramic Mug Set,Home & Kitchen,MUL-01,Multan,5,43.62,20,cash
TXN002998,24-Jul-2026,Ahmed Butt,ahmed.butt@example.com,Face Moisturizer,Beauty,MUL-01,Multan,5,,10,Mobile Wallet
TXN001081,08-Mar-2026,Fatima Farooq,fatima.farooq@example.com,Lip Balm,Beauty,MUL-01,Multan,5,,0,Cash
TXN000796,08-Jun-2024,Hina Khan,hina.khan@example.com,Blender,Home & Kitchen,PSH-01,Peshawar,6,144.33,15,Debit Card
TXN004069,24-Dec-2025,  Sara Chaudhry  ,sara.chaudhry@example.com,Resistance Bands,Sports,ISB-01,Islamabad,4,34.84,15,Credit Card
TXN002727,25-Jun-2026,USMAN MALIK,usman.malik@example.com,Resistance Bands,Sports,FSD-01,Faisalabad,5,224.05,0,Mobile Wallet
TXN001420,20-Apr-2025,  ZAINAB IQBAL  ,zainab.iqbal@example.com,LED Desk Lamp,Home & Kitchen,LHR-01,Lahore,1,47.36,0,Credit Card
TXN004477,2026-07-09,BILAL KHAN,bilal.khan@example.com,Cotton T-Shirt,Apparel,LHR-02,Lahore,2,228.03,0,Mobile Wallet
TXN000116,2025-05-20,Fatima Butt,fatima.butt@example.com,Running Shoes,Apparel,KHI-02,Karachi,5,93.42,10,Cash
TXN001294,31-Jul-2024,Sana Iqbal,sana.iqbal@example.com,Laptop Stand,Electronics,FSD-01,Faisalabad,6,172.81,10,Credit Card
TXN000794,2026-07-12,Sara Butt,sara.butt@example.com,Running Shoes,Apparel,PSH-01,Peshawar,6,188.12,15,Debit Card
TXN000307,07-Jul-2026,Mariam Raza,mariam.raza@example.com,Yoga Mat,Sports,PSH-01,Peshawar,4,217.85,10,Debit Card
TXN003143,2026-05-24,Hina Sheikh,hina.sheikh@example.com,Shampoo 500ml,Beauty,KHI-01,Karachi,6,53.21,0,Cash
TXN002873,19-Aug-2024,Fatima Farooq,fatima.farooq@example.com,Coffee Maker,Home & Kitchen,KHI-02,Karachi,3,202.76,5,Mobile Wallet
TXN002043,2024-04-25,Hina Iqbal,,Sports Cap,Apparel,LHR-02,Lahore,,213.27,0,Mobile Wallet
TXN004473,2025-11-26,Hina Chaudhry,hina.chaudhry@example.com,Webcam HD,Electronics,LHR-01,Lahore,2,126.48,15,Mobile Wallet
TXN004060,09-Apr-2026,  Hassan Sheikh  ,hassan.sheikh@example.com,USB-C Cable,Electronics,MUL-01,Multan,2,184.82,0,cash
TXN004338,16-Feb-2025,Zainab Khan,zainab.khan@example.com,Running Shoes,Apparel,KHI-01,Karachi,3,193.64,0,Cash
TXN004008,07-Mar-2024,NOOR FAROOQ,noor.farooq@example.com,Webcam HD,Electronics,KHI-01,Karachi,4,27.6,0,Credit Card
TXN003627,17-Feb-2026,AHMED IQBAL,ahmed.iqbal@example.com,Resistance Bands,Sports,ISB-01,Islamabad,5,174.34,0,Debit Card
TXN001681,14/01/2026,Mariam Raza,mariam.raza@example.com,Ceramic Mug Set,Home & Kitchen,LHR-02,Lahore,5,146.94,0,Debit Card
TXN000390,2025-11-15,Ayesha Farooq,ayesha.farooq@example.com,Webcam HD,Electronics,LHR-02,Lahore,5,172.6,0,Debit Card
TXN001349,14-Apr-2025,Fatima Iqbal,fatima.iqbal@example.com,Sports Cap,Apparel,ISB-01,Islamabad,3,236.21,10,cash
TXN003637,19-Mar-2026,Ayesha Chaudhry,ayesha.chaudhry@example.com,Cotton T-Shirt,Apparel,LHR-02,Lahore,2,215.32,0,cash
TXN004121,19-Jun-2025,  FATIMA FAROOQ  ,fatima.farooq@example.com,Wireless Mouse,Electronics,KHI-01,Karachi,5,116.01,10,CREDIT CARD
TXN003137,2024-10-21,Bilal Chaudhry,,LED Desk Lamp,Home & Kitchen,KHI-01,Karachi,2,10.48,0,Credit Card
TXN003234,18-Jul-2025,ZAINAB FAROOQ,zainab.farooq@example.com,Blender,Home & Kitchen,LHR-01,Lahore,3,85.96,5,cash
TXN002684,09/05/2025,Hina Raza,hina.raza@example.com,Shampoo 500ml,Beauty,FSD-01,Faisalabad,6,63.07,10,Debit Card
TXN004641,30-Oct-2025,  Kamran Malik  ,kamran.malik@example.com,Blender,Home & Kitchen,LHR-02,Lahore,4,237.93,10,Cash
TXN002981,2024-01-20,Ahmed Butt,ahmed.butt@example.com,Webcam HD,Electronics,KHI-02,Karachi,6,185.72,10,Cash
TXN004898,2024-12-09,Ayesha Khan,ayesha.khan@example.com,Cycling Helmet,Sports,MUL-01,Multan,1,21.91,0,Mobile Wallet
TXN002032,24-Aug-2025,Ali Butt,ali.butt@example.com,Cycling Helmet,Sports,ISB-01,Islamabad,5,88.32,15,Cash
TXN000147,2026-06-29,Ahmed Iqbal,ahmed.iqbal@example.com,Coffee Maker,Home & Kitchen,LHR-02,Lahore,1,63.96,10,CREDIT CARD
TXN000542,04-Nov-2025,Zainab Raza,zainab.raza@example.com,Blender,Home & Kitchen,FSD-01,Faisalabad,2,40.43,20,Credit Card
TXN001455,2024-09-20,Sara Raza,sara.raza@example.com,Shampoo 500ml,Beauty,MUL-01,Multan,6,82.0,5,Credit Card
TXN004516,21-Apr-2026,Sara Malik,sara.malik@example.com,Bluetooth Speaker,Electronics,ISB-01,Islamabad,6,39.02,0,Credit Card
TXN002884,2024-04-05,Faisal Malik,faisal.malik@example.com,Laptop Stand,Electronics,LHR-01,Lahore,,168.89,0,Credit Card
TXN001511,08/06/2024,FATIMA FAROOQ,fatima.farooq@example.com,Wool Sweater,Apparel,LHR-01,Lahore,1,159.55,0,cash
TXN001239,04/05/2026,KAMRAN RAZA,kamran.raza@example.com,Running Shoes,Apparel,ISB-01,Islamabad,4,29.47,5,cash
TXN003659,2025-09-12,Usman Sheikh,usman.sheikh@example.com,Shampoo 500ml,Beauty,ISB-01,Islamabad,6,51.12,20,CREDIT CARD
TXN002376,2026-03-03,Sana Chaudhry,sana.chaudhry@example.com,Running Shoes,Apparel,LHR-02,Lahore,3,58.31,15,CREDIT CARD
TXN002567,19/06/2024,Usman Khan,usman.khan@example.com,Dumbbell Set,Sports,MUL-01,Multan,6,248.87,0,Mobile Wallet
TXN002833,18-May-2025,MARIAM FAROOQ,mariam.farooq@example.com,Football,Sports,FSD-01,Faisalabad,3,139.36,15,Debit Card
TXN001844,2024-12-24,Usman Farooq,usman.farooq@example.com,Shampoo 500ml,Beauty,ISB-01,Islamabad,2,77.33,0,CREDIT CARD
TXN003585,2026-07-16,  Kamran Chaudhry  ,kamran.chaudhry@example.com,Football,Sports,ISB-01,Islamabad,1,22.14,10,Cash
TXN003607,06-Aug-2024,FATIMA IQBAL,fatima.iqbal@example.com,Cycling Helmet,Sports,ISB-01,Islamabad,2,240.58,15,cash
TXN000599,10/08/2025,Zainab Malik,zainab.malik@example.com,Webcam HD,Electronics,FSD-01,Faisalabad,2,159.61,5,Credit Card
TXN004399,18-Jan-2024,Noor Chaudhry,noor.chaudhry@example.com,Sunscreen SPF50,Beauty,ISB-01,Islamabad,2,131.96,0,Debit Card
TXN001662,2025-06-22,Ali Chaudhry,ali.chaudhry@example.com,Dumbbell Set,Sports,ISB-01,Islamabad,5,92.69,0,Debit Card
TXN004911,04-Nov-2025,  Faisal Malik  ,,Shampoo 500ml,Beauty,KHI-01,Karachi,4,155.79,5,Cash
TXN000970,30-Aug-2025,USMAN IQBAL,usman.iqbal@example.com,Blender,Home & Kitchen,PSH-01,Peshawar,5,196.3,5,Debit Card
TXN004780,2025-07-23,Omar Sheikh,omar.sheikh@example.com,USB-C Cable,Electronics,KHI-02,Karachi,6,16.1,10,cash
TXN001117,04-Oct-2025,  Faisal Malik  ,faisal.malik@example.com,Football,Sports,ISB-01,Islamabad,4,243.47,10,Cash
TXN003858,2024-02-04,Omar Malik,omar.malik@example.com,Wool Sweater,Apparel,KHI-02,Karachi,4,240.22,20,CREDIT CARD
TXN000878,2026-04-01,ALI RAZA,ali.raza@example.com,Bluetooth Speaker,Electronics,KHI-01,Karachi,3,183.62,0,Cash
TXN004855,2025-06-19,Ahmed Chaudhry,ahmed.chaudhry@example.com,Wool Sweater,Apparel,LHR-02,Lahore,5,98.06,0,CREDIT CARD
TXN000661,2025-07-14,FATIMA KHAN,fatima.khan@example.com,Sports Cap,Apparel,PSH-01,Peshawar,4,127.23,0,Credit Card
TXN000170,29-Nov-2025,Fatima Butt,fatima.butt@example.com,Ceramic Mug Set,Home & Kitchen,FSD-01,Faisalabad,6,11.59,5,Debit Card
TXN002949,11/04/2024,  Sara Malik  ,sara.malik@example.com,Football,Sports,LHR-01,Lahore,2,150.98,5,Credit Card
TXN002576,2025-09-15,Ayesha Butt,ayesha.butt@example.com,Sports Cap,Apparel,LHR-01,Lahore,3,131.31,0,cash
TXN004461,30-Dec-2024,Ali Malik,ali.malik@example.com,Ceramic Mug Set,Home & Kitchen,FSD-01,Faisalabad,6,108.32,20,Credit Card
TXN002772,01/07/2024,Usman Raza,usman.raza@example.com,Laptop Stand,Electronics,FSD-01,Faisalabad,5,104.23,20,Debit Card
TXN004264,04-Nov-2025,Sana Iqbal,sana.iqbal@example.com,Face Moisturizer,Beauty,KHI-02,Karachi,4,219.4,0,CREDIT CARD
TXN001945,12/04/2026,Sara Malik,sara.malik@example.com,Ceramic Mug Set,Home & Kitchen,ISB-01,Islamabad,2,214.68,20,Credit Card
TXN001549,2026-05-07,Bilal Malik,bilal.malik@example.com,USB-C Cable,Electronics,LHR-01,Lahore,5,157.84,10,Credit Card
TXN000489,25/06/2026,Fatima Raza,fatima.raza@example.com,Dumbbell Set,Sports,FSD-01,Faisalabad,5,121.73,5,Debit Card
TXN000630,05/08/2024,AHMED KHAN,ahmed.khan@example.com,Non-Stick Pan,Home & Kitchen,KHI-01,Karachi,5,120.65,5,Debit Card
TXN004569,26-Oct-2024,  Kamran Chaudhry  ,kamran.chaudhry@example.com,Sports Cap,Apparel,KHI-02,Karachi,3,225.0,5,Debit Card
TXN002969,20/11/2025,Sara Khan,sara.khan@example.com,Blender,Home & Kitchen,PSH-01,Peshawar,4,60.73,0,Debit Card
TXN004373,04-Nov-2024,Faisal Malik,faisal.malik@example.com,LED Desk Lamp,Home & Kitchen,LHR-01,Lahore,4,198.17,15,Debit Card
TXN003356,14/11/2025,  ALI KHAN  ,ali.khan@example.com,Non-Stick Pan,Home & Kitchen,KHI-01,Karachi,4,189.75,0,Debit Card
TXN004113,21/08/2024,  SARA FAROOQ  ,sara.farooq@example.com,Ceramic Mug Set,Home & Kitchen,LHR-02,Lahore,6,17.54,5,Credit Card
TXN001022,02/04/2026,MARIAM MALIK,mariam.malik@example.com,Wool Sweater,Apparel,KHI-02,Karachi,4,100.44,20,CREDIT CARD
TXN003755,07/10/2024,Ali Iqbal,ali.iqbal@example.com,Wireless Mouse,Electronics,LHR-02,Lahore,4,62.62,10,CREDIT CARD
TXN003759,2025-08-03,Mariam Khan,mariam.khan@example.com,Cotton T-Shirt,Apparel,PSH-01,Peshawar,4,165.59,0,Mobile Wallet
TXN000075,2025-09-03,Kamran Malik,kamran.malik@example.com,Coffee Maker,Home & Kitchen,LHR-02,Lahore,3,17.39,10,Cash
TXN004897,2026-06-28,Kamran Malik,kamran.malik@example.com,Coffee Maker,Home & Kitchen,KHI-02,Karachi,,136.24,15,cash
TXN002370,16-Nov-2025,Ayesha Raza,ayesha.raza@example.com,Blender,Home & Kitchen,FSD-01,Faisalabad,3,233.57,10,Credit Card
TXN001514,2025-07-24,Hina Farooq,hina.farooq@example.com,Football,Sports,LHR-02,Lahore,1,134.94,0,CREDIT CARD
TXN004387,21/08/2024,Zainab Raza,zainab.raza@example.com,Hair Dryer,Beauty,KHI-01,Karachi,3,57.49,0,Mobile Wallet
TXN000115,23-Nov-2024,Kamran Malik,kamran.malik@example.com,Laptop Stand,Electronics,KHI-01,Karachi,1,90.12,0,Cash
TXN003866,13/08/2025,  Omar Khan  ,omar.khan@example.com,LED Desk Lamp,Home & Kitchen,FSD-01,Faisalabad,3,138.74,5,Cash
TXN000734,23/02/2026,  Faisal Khan  ,faisal.khan@example.com,Wireless Mouse,Electronics,KHI-02,Karachi,4,175.38,0,Mobile Wallet
TXN003120,2024-11-02,Ali Raza,ali.raza@example.com,Bluetooth Speaker,Electronics,MUL-01,Multan,6,39.29,0,Debit Card
TXN001105,31-Aug-2024,ALI IQBAL,ali.iqbal@example.com,Webcam HD,Electronics,KHI-01,Karachi,3,244.99,10,Debit Card
TXN000132,31/10/2024,Usman Butt,usman.butt@example.com,Blender,Home & Kitchen,PSH-01,Peshawar,6,177.7,0,cash
TXN001768,28-Feb-2026,Hina Raza,hina.raza@example.com,Wireless Mouse,Electronics,KHI-02,Karachi,6,186.36,15,Mobile Wallet
TXN000627,2025-12-18,Ayesha Chaudhry,ayesha.chaudhry@example.com,Sports Cap,Apparel,KHI-01,Karachi,4,168.25,20,Credit Card
TXN004215,2025-04-18,Usman Butt,usman.butt@example.com,Laptop Stand,Electronics,LHR-01,Lahore,2,213.38,5,Credit Card
TXN003153,2026-01-20,Ali Iqbal,ali.iqbal@example.com,Coffee Maker,Home & Kitchen,KHI-01,Karachi,4,39.36,0,Debit Card
TXN004529,2024-07-24,Ahmed Khan,ahmed.khan@example.com,Shampoo 500ml,Beauty,LHR-02,Lahore,6,151.22,0,Mobile Wallet
TXN001823,2024-03-21,Kamran Khan,kamran.khan@example.com,Wireless Mouse,Electronics,ISB-01,Islamabad,2,19.68,20,CREDIT CARD
TXN002373,29-Jan-2026,Faisal Chaudhry,faisal.chaudhry@example.com,Laptop Stand,Electronics,KHI-01,Karachi,3,117.08,10,Cash
TXN003801,2024-10-23,Hina Sheikh,hina.sheikh@example.com,Hair Dryer,Beauty,KHI-02,Karachi,1,172.5,15,Mobile Wallet
TXN004394,07-Feb-2026,  Ali Iqbal  ,,Denim Jacket,Apparel,MUL-01,Multan,2,169.79,0,Cash
TXN002008,19/01/2024,MARIAM RAZA,mariam.raza@example.com,Bluetooth Speaker,Electronics,FSD-01,Faisalabad,1,221.83,15,cash
TXN004424,10/05/2025,Ahmed Raza,ahmed.raza@example.com,Face Moisturizer,Beauty,LHR-02,Lahore,5,62.24,0,Debit Card
TXN000533,21-Jun-2026,Bilal Chaudhry,bilal.chaudhry@example.com,Dumbbell Set,Sports,LHR-02,Lahore,3,183.58,15,CREDIT CARD
TXN000964,15/07/2025,Fatima Raza,fatima.raza@example.com,Running Shoes,Apparel,PSH-01,Peshawar,4,133.16,5,CREDIT CARD
TXN003168,25/12/2025,Bilal Raza,bilal.raza@example.com,Blender,Home & Kitchen,ISB-01,Islamabad,2,206.1,0,Mobile Wallet
TXN000561,2026-01-30,HINA MALIK,hina.malik@example.com,Ceramic Mug Set,Home & Kitchen,MUL-01,Multan,2,100.3,5,CREDIT CARD
TXN004169,19-Feb-2026,Zainab Chaudhry,zainab.chaudhry@example.com,Sunscreen SPF50,Beauty,KHI-01,Karachi,3,5.76,0,Credit Card
TXN001155,2026-01-30,  Usman Khan  ,usman.khan@example.com,Lip Balm,Beauty,KHI-01,Karachi,4,11.28,0,cash
TXN003949,15-Feb-2024,Sana Raza,sana.raza@example.com,Resistance Bands,Sports,ISB-01,Islamabad,5,201.27,0,Mobile Wallet
TXN004736,2026-05-03,Hina Butt,hina.butt@example.com,Football,Sports,FSD-01,Faisalabad,2,162.24,20,Credit Card
TXN003797,11/06/2026,Ayesha Malik,ayesha.malik@example.com,Shampoo 500ml,Beauty,ISB-01,Islamabad,3,105.34,0,cash
TXN004446,06-Sep-2024,Omar Malik,omar.malik@example.com,USB-C Cable,Electronics,ISB-01,Islamabad,5,162.04,5,Mobile Wallet
TXN003610,05/04/2026,Hassan Iqbal,hassan.iqbal@example.com,Laptop Stand,Electronics,ISB-01,Islamabad,2,31.07,0,Credit Card
TXN001627,09-Dec-2024,Noor Raza,noor.raza@example.com,Cotton T-Shirt,Apparel,KHI-01,Karachi,3,9.62,0,CREDIT CARD
TXN003842,2024-04-17,Ali Butt,ali.butt@example.com,Cotton T-Shirt,Apparel,KHI-02,Karachi,2,113.05,10,Debit Card
TXN004329,21/01/2024,Ayesha Farooq,ayesha.farooq@example.com,Denim Jacket,Apparel,PSH-01,Peshawar,3,171.11,10,cash
TXN001059,10-Jan-2025,Ahmed Malik,ahmed.malik@example.com,Shampoo 500ml,Beauty,KHI-01,Karachi,3,190.36,15,Credit Card
TXN000719,2024-07-07,Ahmed Malik,ahmed.malik@example.com,Football,Sports,MUL-01,Multan,5,211.22,5,CREDIT CARD
TXN004133,05-May-2026,ALI KHAN,ali.khan@example.com,Wool Sweater,Apparel,KHI-02,Karachi,1,124.89,15,Cash
TXN003921,2024-06-30,Mariam Chaudhry,mariam.chaudhry@example.com,Hair Dryer,Beauty,ISB-01,Islamabad,6,44.6,0,Cash
TXN001257,04/01/2026,Hassan Sheikh,hassan.sheikh@example.com,Bluetooth Speaker,Electronics,LHR-01,Lahore,2,127.02,0,CREDIT CARD
TXN000094,07/05/2026,Bilal Khan,bilal.khan@example.com,Blender,Home & Kitchen,PSH-01,Peshawar,1,245.68,0,CREDIT CARD
TXN001379,18/11/2024,Bilal Farooq,bilal.farooq@example.com,Wireless Mouse,Electronics,KHI-02,Karachi,6,34.71,15,cash
TXN001671,2025-07-27,Noor Malik,noor.malik@example.com,Coffee Maker,Home & Kitchen,PSH-01,Peshawar,5,78.22,15,Credit Card
TXN003323,2026-06-13,Hina Malik,hina.malik@example.com,Yoga Mat,Sports,ISB-01,Islamabad,4,147.05,0,cash
TXN000615,2025-12-31,Sana Sheikh,sana.sheikh@example.com,Resistance Bands,Sports,MUL-01,Multan,2,166.1,0,CREDIT CARD
TXN000257,18/10/2025,Noor Butt,noor.butt@example.com,Blender,Home & Kitchen,LHR-02,Lahore,5,41.42,0,CREDIT CARD
TXN003924,20/12/2024,Hassan Sheikh,hassan.sheikh@example.com,Face Moisturizer,Beauty,LHR-01,Lahore,2,50.4,0,CREDIT CARD
TXN004867,16/05/2026,Bilal Farooq,bilal.farooq@example.com,Non-Stick Pan,Home & Kitchen,LHR-02,Lahore,2,178.68,0,Mobile Wallet
TXN002539,13-Feb-2025,  Sana Iqbal  ,sana.iqbal@example.com,Football,Sports,PSH-01,Peshawar,3,25.8,0,cash
TXN001344,29/04/2024,Bilal Farooq,bilal.farooq@example.com,Coffee Maker,Home & Kitchen,LHR-02,Lahore,6,229.96,5,cash
TXN004383,17-Jul-2024,Faisal Butt,faisal.butt@example.com,Bluetooth Speaker,Electronics,LHR-01,Lahore,1,234.23,20,Credit Card
TXN003601,03-Oct-2025,Sara Malik,sara.malik@example.com,Denim Jacket,Apparel,FSD-01,Faisalabad,6,147.73,10,CREDIT CARD
TXN001812,14/06/2026,Sana Iqbal,sana.iqbal@example.com,Sports Cap,Apparel,FSD-01,Faisalabad,1,130.97,0,cash
TXN003615,2024-04-06,Ali Khan,ali.khan@example.com,Ceramic Mug Set,Home & Kitchen,KHI-02,Karachi,1,32.87,0,Debit Card
TXN000208,06-Apr-2026,  Kamran Chaudhry  ,kamran.chaudhry@example.com,Wool Sweater,Apparel,ISB-01,Islamabad,6,79.53,20,Debit Card
TXN003258,07/04/2026,Ayesha Sheikh,ayesha.sheikh@example.com,Blender,Home & Kitchen,KHI-02,Karachi,1,61.91,0,Mobile Wallet
TXN004609,14-Jul-2024,Sana Raza,sana.raza@example.com,Dumbbell Set,Sports,PSH-01,Peshawar,5,143.87,5,CREDIT CARD
TXN003025,01/02/2025,Faisal Chaudhry,faisal.chaudhry@example.com,Hair Dryer,Beauty,PSH-01,Peshawar,5,124.29,10,cash
TXN004198,18-Aug-2025,Faisal Farooq,faisal.farooq@example.com,Cotton T-Shirt,Apparel,MUL-01,Multan,5,8.65,0,Mobile Wallet
TXN002358,16/01/2024,Kamran Raza,kamran.raza@example.com,Ceramic Mug Set,Home & Kitchen,LHR-02,Lahore,1,28.22,10,Mobile Wallet
TXN000843,27-Jul-2025,Omar Iqbal,omar.iqbal@example.com,LED Desk Lamp,Home & Kitchen,LHR-01,Lahore,2,53.87,0,Credit Card
TXN001366,2026-06-29,Noor Khan,noor.khan@example.com,Sports Cap,Apparel,KHI-01,Karachi,5,203.96,5,cash
TXN003410,21/02/2025,AYESHA KHAN,ayesha.khan@example.com,Wool Sweater,Apparel,LHR-02,Lahore,1,198.65,15,cash
TXN003843,2025-04-18,Sana Raza,sana.raza@example.com,USB-C Cable,Electronics,LHR-02,Lahore,2,38.84,20,Mobile Wallet
TXN004701,12/06/2024,Ali Butt,ali.butt@example.com,Resistance Bands,Sports,MUL-01,Multan,2,54.54,0,Credit Card
TXN004024,2024-07-02,  Faisal Iqbal  ,faisal.iqbal@example.com,Football,Sports,PSH-01,Peshawar,6,8.36,5,Debit Card
TXN000873,08/05/2026,  Omar Chaudhry  ,omar.chaudhry@example.com,Shampoo 500ml,Beauty,LHR-02,Lahore,4,32.65,15,CREDIT CARD
TXN001350,19-Jun-2024,Hassan Chaudhry,hassan.chaudhry@example.com,Lip Balm,Beauty,LHR-01,Lahore,4,161.8,0,Credit Card
TXN002652,20/05/2024,Kamran Butt,kamran.butt@example.com,Wireless Mouse,Electronics,ISB-01,Islamabad,5,170.3,20,Debit Card
TXN001052,20/01/2026,Omar Khan,omar.khan@example.com,USB-C Cable,Electronics,MUL-01,Multan,4,181.62,10,Cash
TXN000169,11/02/2025,Omar Butt,omar.butt@example.com,Dumbbell Set,Sports,ISB-01,Islamabad,6,76.4,20,Cash
TXN004875,11-Feb-2024,Hina Malik,hina.malik@example.com,Sunscreen SPF50,Beauty,PSH-01,Peshawar,6,199.68,0,Credit Card
TXN000745,09/10/2024,Sara Farooq,sara.farooq@example.com,USB-C Cable,Electronics,FSD-01,Faisalabad,2,217.92,20,cash
TXN000356,2026-03-05,Omar Farooq,omar.farooq@example.com,Hair Dryer,Beauty,PSH-01,Peshawar,4,153.94,15,cash
TXN004089,2025-03-05,MARIAM MALIK,mariam.malik@example.com,Face Moisturizer,Beauty,PSH-01,Peshawar,3,206.33,0,Cash
TXN002553,19-Aug-2025,MARIAM MALIK,mariam.malik@example.com,Cycling Helmet,Sports,KHI-01,Karachi,3,15.25,0,cash
TXN003219,2024-01-09,Faisal Chaudhry,faisal.chaudhry@example.com,Dumbbell Set,Sports,KHI-02,Karachi,2,240.44,15,CREDIT CARD
TXN001237,2026-07-30,Hina Khan,hina.khan@example.com,Face Moisturizer,Beauty,KHI-01,Karachi,3,82.21,0,Credit Card
TXN004485,27-Jul-2024,HINA KHAN,hina.khan@example.com,Football,Sports,KHI-02,Karachi,4,184.83,5,Credit Card
TXN003252,2024-09-07,Omar Farooq,omar.farooq@example.com,Cotton T-Shirt,Apparel,ISB-01,Islamabad,4,76.3,0,Cash
TXN002851,2025-05-08,Fatima Raza,fatima.raza@example.com,USB-C Cable,Electronics,LHR-01,Lahore,5,226.21,0,Mobile Wallet
TXN002885,23/10/2025,Noor Chaudhry,noor.chaudhry@example.com,Denim Jacket,Apparel,PSH-01,Peshawar,4,191.88,15,CREDIT CARD
TXN004021,31/03/2025,Faisal Chaudhry,faisal.chaudhry@example.com,Yoga Mat,Sports,PSH-01,Peshawar,2,46.03,0,Credit Card
TXN002258,10/12/2024,Ayesha Chaudhry,ayesha.chaudhry@example.com,LED Desk Lamp,Home & Kitchen,FSD-01,Faisalabad,2,231.29,10,CREDIT CARD
TXN003434,06/03/2024,Kamran Iqbal,kamran.iqbal@example.com,Wireless Mouse,Electronics,FSD-01,Faisalabad,5,54.49,0,Debit Card
TXN004791,14-May-2026,FATIMA MALIK,fatima.malik@example.com,Football,Sports,KHI-02,Karachi,4,39.72,0,Credit Card
TXN004381,11/09/2025,Hina Chaudhry,hina.chaudhry@example.com,Hair Dryer,Beauty,MUL-01,Multan,5,107.09,0,Credit Card
TXN002798,03-Jun-2026,Ali Chaudhry,ali.chaudhry@example.com,Cycling Helmet,Sports,LHR-01,Lahore,4,67.49,10,Cash
TXN001114,13-Mar-2026,Ayesha Iqbal,ayesha.iqbal@example.com,Resistance Bands,Sports,ISB-01,Islamabad,2,217.68,20,Debit Card
TXN000539,14-Mar-2025,Ayesha Khan,ayesha.khan@example.com,Face Moisturizer,Beauty,MUL-01,Multan,3,156.71,0,Mobile Wallet
TXN002138,2025-12-24,Ahmed Farooq,ahmed.farooq@example.com,Dumbbell Set,Sports,KHI-01,Karachi,5,144.81,10,Cash
TXN003270,2026-03-11,Kamran Chaudhry,kamran.chaudhry@example.com,Running Shoes,Apparel,KHI-02,Karachi,2,10.8,5,Debit Card
TXN003009,2025-06-13,AHMED SHEIKH,ahmed.sheikh@example.com,Ceramic Mug Set,Home & Kitchen,PSH-01,Peshawar,5,156.37,5,Credit Card
TXN003358,23/09/2025,HASSAN KHAN,hassan.khan@example.com,Webcam HD,Electronics,PSH-01,Peshawar,5,94.92,0,Debit Card
TXN001898,16/09/2024,Omar Malik,omar.malik@example.com,Ceramic Mug Set,Home & Kitchen,KHI-02,Karachi,6,145.61,0,CREDIT CARD
TXN004203,17/02/2025,BILAL MALIK,bilal.malik@example.com,Sports Cap,Apparel,KHI-02,Karachi,3,165.02,0,CREDIT CARD
TXN001048,2024-10-21,Kamran Chaudhry,kamran.chaudhry@example.com,Cotton T-Shirt,Apparel,LHR-01,Lahore,2,,20,cash
TXN001362,23-May-2024,Hina Chaudhry,hina.chaudhry@example.com,Cycling Helmet,Sports,KHI-01,Karachi,1,215.51,0,Mobile Wallet
TXN004908,28-Mar-2026,Noor Farooq,noor.farooq@example.com,Cotton T-Shirt,Apparel,MUL-01,Multan,4,147.24,5,CREDIT CARD
TXN004704,2026-03-07,Usman Malik,usman.malik@example.com,Shampoo 500ml,Beauty,LHR-01,Lahore,1,210.53,10,Debit Card
TXN000510,29-Jan-2024,Zainab Raza,zainab.raza@example.com,Coffee Maker,Home & Kitchen,LHR-02,Lahore,2,150.16,5,cash
TXN001406,10-Jan-2024,  Usman Farooq  ,usman.farooq@example.com,Football,Sports,KHI-01,Karachi,3,133.75,15,Cash
TXN002882,28-Oct-2025,Bilal Farooq,bilal.farooq@example.com,Cycling Helmet,Sports,MUL-01,Multan,1,43.29,20,CREDIT CARD
TXN003697,01-Jul-2026,Ali Iqbal,,Coffee Maker,Home & Kitchen,KHI-01,Karachi,3,167.77,0,Credit Card
TXN002058,27-Nov-2025,Hina Raza,hina.raza@example.com,Lip Balm,Beauty,ISB-01,Islamabad,3,192.07,0,Credit Card
TXN004393,2025-05-19,Ayesha Chaudhry,ayesha.chaudhry@example.com,Coffee Maker,Home & Kitchen,FSD-01,Faisalabad,6,104.59,15,CREDIT CARD
TXN000486,06/05/2025,Ali Malik,ali.malik@example.com,USB-C Cable,Electronics,KHI-01,Karachi,3,,0,CREDIT CARD
TXN001724,2024-07-21,Usman Khan,usman.khan@example.com,Face Moisturizer,Beauty,MUL-01,Multan,4,83.47,5,cash
TXN001790,01/01/2025,Fatima Iqbal,fatima.iqbal@example.com,Wool Sweater,Apparel,LHR-01,Lahore,2,28.93,0,Cash
TXN001181,2025-05-06,AHMED IQBAL,ahmed.iqbal@example.com,Hair Dryer,Beauty,KHI-02,Karachi,5,247.7,5,Credit Card
TXN001110,2026-01-26,Omar Butt,omar.butt@example.com,Ceramic Mug Set,Home & Kitchen,LHR-01,Lahore,6,125.74,5,Mobile Wallet
TXN000211,2024-12-05,Bilal Malik,bilal.malik@example.com,Bluetooth Speaker,Electronics,PSH-01,Peshawar,4,15.46,5,CREDIT CARD
TXN003970,18-Dec-2024,Ahmed Khan,ahmed.khan@example.com,USB-C Cable,Electronics,LHR-02,Lahore,2,160.69,0,Mobile Wallet
TXN000469,22-Jan-2024,Mariam Farooq,mariam.farooq@example.com,Running Shoes,Apparel,KHI-01,Karachi,5,241.87,20,Credit Card
TXN000708,20/04/2024,Sara Butt,sara.butt@example.com,Lip Balm,Beauty,KHI-02,Karachi,6,219.9,10,Cash
TXN001982,2025-08-04,Noor Raza,noor.raza@example.com,Sports Cap,Apparel,ISB-01,Islamabad,,122.61,0,Debit Card
TXN002029,09/08/2025,Ahmed Farooq,ahmed.farooq@example.com,Dumbbell Set,Sports,FSD-01,Faisalabad,3,94.15,15,Mobile Wallet
TXN001894,13-Apr-2026,Sana Khan,sana.khan@example.com,Blender,Home & Kitchen,LHR-01,Lahore,6,249.52,0,Credit Card
TXN003034,2024-06-23,FATIMA SHEIKH,fatima.sheikh@example.com,Cycling Helmet,Sports,ISB-01,Islamabad,6,226.74,0,cash
TXN000117,23-Apr-2026,Faisal Farooq,faisal.farooq@example.com,Wireless Mouse,Electronics,ISB-01,Islamabad,3,23.07,15,cash
TXN004899,07/07/2025,Mariam Raza,mariam.raza@example.com,Cycling Helmet,Sports,LHR-02,Lahore,2,207.72,0,cash
TXN003006,2025-11-22,Ayesha Iqbal,ayesha.iqbal@example.com,Hair Dryer,Beauty,ISB-01,Islamabad,3,121.53,20,cash
TXN000551,11/08/2024,Ayesha Butt,ayesha.butt@example.com,Yoga Mat,Sports,KHI-02,Karachi,4,109.13,0,Debit Card
TXN003385,14/10/2024,Ayesha Sheikh,ayesha.sheikh@example.com,Dumbbell Set,Sports,MUL-01,Multan,6,220.36,20,cash
TXN000470,2025-07-01,Zainab Raza,zainab.raza@example.com,Running Shoes,Apparel,MUL-01,Multan,,215.12,0,Debit Card
TXN001036,2026-05-13,  Ali Raza  ,ali.raza@example.com,LED Desk Lamp,Home & Kitchen,MUL-01,Multan,5,150.69,5,Mobile Wallet
TXN001204,28/05/2024,Ayesha Raza,,Cotton T-Shirt,Apparel,MUL-01,Multan,2,157.91,0,Credit Card
TXN002929,11-May-2025,Hassan Khan,,Cycling Helmet,Sports,KHI-01,Karachi,6,172.62,0,Credit Card
TXN003075,14/05/2025,Ayesha Sheikh,ayesha.sheikh@example.com,Webcam HD,Electronics,MUL-01,Multan,6,41.98,0,Debit Card
TXN003295,24/08/2024,Ali Khan,ali.khan@example.com,Face Moisturizer,Beauty,LHR-01,Lahore,4,182.18,0,Debit Card
TXN004716,2025-12-07,Hassan Raza,hassan.raza@example.com,LED Desk Lamp,Home & Kitchen,KHI-02,Karachi,5,37.74,20,cash
TXN004183,25-Aug-2024,Mariam Malik,mariam.malik@example.com,LED Desk Lamp,Home & Kitchen,ISB-01,Islamabad,1,52.48,0,cash
TXN000136,2026-07-30,Ahmed Sheikh,ahmed.sheikh@example.com,Wireless Mouse,Electronics,KHI-02,Karachi,4,249.31,15,Debit Card
TXN002330,2025-12-05,Kamran Raza,,Cotton T-Shirt,Apparel,LHR-01,Lahore,2,10.01,0,Credit Card
TXN000689,2024-08-10,Sara Iqbal,sara.iqbal@example.com,Cycling Helmet,Sports,KHI-02,Karachi,6,142.43,20,CREDIT CARD
TXN001751,06-Jul-2024,Bilal Iqbal,bilal.iqbal@example.com,Wool Sweater,Apparel,ISB-01,Islamabad,6,89.27,0,cash
TXN004138,01-Jul-2025,Fatima Malik,fatima.malik@example.com,Laptop Stand,Electronics,KHI-01,Karachi,1,22.0,0,Cash
TXN003058,2025-01-30,  Usman Khan  ,usman.khan@example.com,Dumbbell Set,Sports,LHR-02,Lahore,5,160.71,0,cash
TXN003785,03/09/2025,MARIAM MALIK,mariam.malik@example.com,Sunscreen SPF50,Beauty,MUL-01,Multan,6,56.59,20,CREDIT CARD
TXN001990,2026-03-26,Ali Khan,ali.khan@example.com,Wool Sweater,Apparel,LHR-01,Lahore,6,168.47,5,Credit Card
TXN001514,2025-07-24,Hina Farooq,hina.farooq@example.com,Football,Sports,LHR-02,Lahore,1,134.94,0,CREDIT CARD
TXN003832,20-Sep-2025,Hassan Sheikh,hassan.sheikh@example.com,Football,Sports,ISB-01,Islamabad,2,215.77,10,Debit Card
TXN000720,23-Jun-2024,Hina Sheikh,hina.sheikh@example.com,Shampoo 500ml,Beauty,LHR-01,Lahore,5,186.71,0,CREDIT CARD
TXN001896,2024-06-27,  Omar Sheikh  ,omar.sheikh@example.com,Wool Sweater,Apparel,KHI-01,Karachi,6,108.74,15,cash
TXN001559,2024-08-28,Noor Raza,noor.raza@example.com,Ceramic Mug Set,Home & Kitchen,KHI-02,Karachi,6,220.87,15,cash
TXN003725,18-Mar-2024,Hassan Butt,hassan.butt@example.com,Webcam HD,Electronics,LHR-01,Lahore,4,72.94,10,CREDIT CARD
TXN004004,25-Jun-2026,Usman Khan,usman.khan@example.com,Webcam HD,Electronics,FSD-01,Faisalabad,4,231.21,0,Cash
TXN004140,21-Mar-2026,Faisal Raza,faisal.raza@example.com,Hair Dryer,Beauty,PSH-01,Peshawar,3,99.45,0,Debit Card
TXN001947,04/07/2026,Sana Raza,sana.raza@example.com,Face Moisturizer,Beauty,FSD-01,Faisalabad,2,110.9,15,Cash
TXN000285,2025-11-09,Kamran Malik,kamran.malik@example.com,Cycling Helmet,Sports,KHI-01,Karachi,5,212.76,0,Mobile Wallet
TXN001937,2024-11-28,Zainab Farooq,zainab.farooq@example.com,Wool Sweater,Apparel,KHI-01,Karachi,2,15.46,10,Credit Card
TXN003095,22-Jan-2025,Hina Butt,hina.butt@example.com,Hair Dryer,Beauty,KHI-01,Karachi,1,100.94,20,CREDIT CARD
TXN004535,2026-02-18,Bilal Sheikh,bilal.sheikh@example.com,Denim Jacket,Apparel,ISB-01,Islamabad,3,40.32,15,Debit Card
TXN004458,2026-07-22,Fatima Chaudhry,fatima.chaudhry@example.com,Yoga Mat,Sports,PSH-01,Peshawar,1,152.08,0,Debit Card
TXN001465,07/11/2024,Hina Farooq,hina.farooq@example.com,Sunscreen SPF50,Beauty,FSD-01,Faisalabad,5,244.42,15,cash
TXN004676,2024-07-22,Hina Farooq,hina.farooq@example.com,Sunscreen SPF50,Beauty,LHR-01,Lahore,1,37.64,10,Cash
TXN001215,03/02/2025,Ahmed Iqbal,ahmed.iqbal@example.com,USB-C Cable,Electronics,LHR-01,Lahore,,70.82,0,Debit Card
TXN000633,17-Jun-2026,Usman Iqbal,usman.iqbal@example.com,Cotton T-Shirt,Apparel,KHI-01,Karachi,3,243.91,5,Credit Card
TXN003188,16-Nov-2025,Hassan Butt,hassan.butt@example.com,USB-C Cable,Electronics,ISB-01,Islamabad,2,193.22,0,cash
TXN004602,06/04/2024,Sara Iqbal,sara.iqbal@example.com,Hair Dryer,Beauty,PSH-01,Peshawar,5,20.71,0,cash
TXN001341,2024-11-08,FAISAL FAROOQ,faisal.farooq@example.com,Football,Sports,KHI-01,Karachi,1,5.2,20,Cash
TXN000663,01/10/2025,Noor Sheikh,noor.sheikh@example.com,LED Desk Lamp,Home & Kitchen,MUL-01,Multan,6,96.55,15,Credit Card
TXN002007,23-Mar-2025,Bilal Farooq,bilal.farooq@example.com,Webcam HD,Electronics,ISB-01,Islamabad,4,180.54,0,CREDIT CARD
TXN004644,11/01/2026,  Ayesha Khan  ,ayesha.khan@example.com,Lip Balm,Beauty,KHI-02,Karachi,3,144.64,5,cash
TXN003896,2025-05-19,Ali Iqbal,ali.iqbal@example.com,Yoga Mat,Sports,PSH-01,Peshawar,3,180.16,20,CREDIT CARD
TXN002595,14-Sep-2025,Mariam Malik,mariam.malik@example.com,Coffee Maker,Home & Kitchen,KHI-02,Karachi,4,85.51,5,Mobile Wallet
TXN004794,2024-01-28,Usman Malik,usman.malik@example.com,Sunscreen SPF50,Beauty,KHI-02,Karachi,2,50.38,20,CREDIT CARD
TXN002888,07-Oct-2024,  Ayesha Khan  ,ayesha.khan@example.com,Coffee Maker,Home & Kitchen,KHI-01,Karachi,6,61.59,0,cash
TXN002054,15-Jul-2025,Zainab Khan,zainab.khan@example.com,Wireless Mouse,Electronics,PSH-01,Peshawar,4,96.38,0,CREDIT CARD
TXN004111,2025-03-28,Omar Butt,omar.butt@example.com,Face Moisturizer,Beauty,KHI-02,Karachi,3,41.64,15,Debit Card
TXN004933,13-Aug-2024,Kamran Butt,kamran.butt@example.com,Resistance Bands,Sports,ISB-01,Islamabad,3,99.32,15,Mobile Wallet
TXN002327,13-Jan-2026,Hassan Khan,hassan.khan@example.com,Running Shoes,Apparel,KHI-01,Karachi,4,230.68,20,Credit Card
TXN002926,21-May-2025,Fatima Butt,fatima.butt@example.com,Yoga Mat,Sports,FSD-01,Faisalabad,1,143.34,0,cash
TXN004522,16/03/2024,Faisal Chaudhry,faisal.chaudhry@example.com,Webcam HD,Electronics,MUL-01,Multan,6,27.82,20,CREDIT CARD
TXN001928,2025-09-07,Ayesha Iqbal,ayesha.iqbal@example.com,Blender,Home & Kitchen,PSH-01,Peshawar,5,131.7,0,CREDIT CARD
TXN003318,26/07/2024,Sana Butt,sana.butt@example.com,Denim Jacket,Apparel,MUL-01,Multan,6,136.27,0,cash
TXN000653,21-Jun-2026,Kamran Khan,kamran.khan@example.com,Sunscreen SPF50,Beauty,FSD-01,Faisalabad,2,,20,Mobile Wallet
TXN002086,12-Oct-2024,Omar Iqbal,omar.iqbal@example.com,Shampoo 500ml,Beauty,MUL-01,Multan,3,169.44,15,Cash
TXN004931,06/11/2025,Hassan Iqbal,hassan.iqbal@example.com,USB-C Cable,Electronics,LHR-01,Lahore,4,151.05,20,Cash
TXN003247,21-Nov-2025,Hassan Khan,hassan.khan@example.com,Yoga Mat,Sports,PSH-01,Peshawar,,144.99,0,Credit Card
TXN003460,2025-07-18,Fatima Iqbal,fatima.iqbal@example.com,Cotton T-Shirt,Apparel,PSH-01,Peshawar,6,150.14,0,Mobile Wallet
TXN001546,24-Sep-2025,  Sara Chaudhry  ,sara.chaudhry@example.com,Cotton T-Shirt,Apparel,PSH-01,Peshawar,2,88.04,20,Mobile Wallet
TXN000027,17/08/2025,Ali Malik,ali.malik@example.com,Football,Sports,FSD-01,Faisalabad,5,14.37,0,Mobile Wallet
TXN001674,2025-08-21,Omar Raza,omar.raza@example.com,Hair Dryer,Beauty,LHR-02,Lahore,4,99.12,0,Debit Card
TXN003464,31/01/2026,AYESHA RAZA,ayesha.raza@example.com,Dumbbell Set,Sports,LHR-02,Lahore,4,170.71,0,Debit Card
TXN004781,18-Apr-2024,Faisal Sheikh,faisal.sheikh@example.com,Cycling Helmet,Sports,LHR-02,Lahore,4,69.08,15,Debit Card
TXN000514,06/12/2025,Hassan Farooq,hassan.farooq@example.com,Resistance Bands,Sports,MUL-01,Multan,4,184.27,0,Mobile Wallet
TXN000354,22-Mar-2024,  Ayesha Butt  ,ayesha.butt@example.com,Resistance Bands,Sports,ISB-01,Islamabad,2,196.06,15,CREDIT CARD
TXN004739,02/01/2025,Noor Raza,noor.raza@example.com,Cotton T-Shirt,Apparel,PSH-01,Peshawar,6,32.95,10,Mobile Wallet
TXN003612,2024-01-16,Omar Iqbal,omar.iqbal@example.com,Running Shoes,Apparel,KHI-02,Karachi,1,197.22,15,Cash
TXN000676,10/11/2024,Ayesha Chaudhry,ayesha.chaudhry@example.com,Face Moisturizer,Beauty,FSD-01,Faisalabad,1,169.96,0,Credit Card
TXN001478,2025-05-19,Hina Khan,hina.khan@example.com,LED Desk Lamp,Home & Kitchen,LHR-02,Lahore,6,110.7,0,Cash
TXN000003,2025-07-03,Mariam Chaudhry,mariam.chaudhry@example.com,Face Moisturizer,Beauty,FSD-01,Faisalabad,4,243.41,15,cash
TXN001043,13/11/2025,SANA BUTT,sana.butt@example.com,Blender,Home & Kitchen,KHI-02,Karachi,5,52.16,10,Mobile Wallet
TXN001093,2024-04-20,Zainab Butt,zainab.butt@example.com,USB-C Cable,Electronics,LHR-01,Lahore,2,210.6,5,Mobile Wallet
TXN002507,28-Apr-2026,SARA IQBAL,sara.iqbal@example.com,Yoga Mat,Sports,PSH-01,Peshawar,2,201.83,0,Debit Card
TXN002840,02/02/2026,Fatima Raza,fatima.raza@example.com,Webcam HD,Electronics,KHI-01,Karachi,5,157.43,20,Mobile Wallet
TXN003912,2026-01-16,Bilal Farooq,bilal.farooq@example.com,Webcam HD,Electronics,PSH-01,Peshawar,5,221.14,20,Mobile Wallet
TXN004507,02-Mar-2026,Zainab Butt,zainab.butt@example.com,Denim Jacket,Apparel,KHI-02,Karachi,2,169.7,0,Mobile Wallet
TXN002296,2026-03-17,ALI MALIK,,Wireless Mouse,Electronics,MUL-01,Multan,1,111.82,0,cash
TXN003469,2024-12-25,Sana Chaudhry,sana.chaudhry@example.com,Resistance Bands,Sports,PSH-01,Peshawar,1,58.4,20,CREDIT CARD
TXN004129,01-Mar-2025,HASSAN BUTT,hassan.butt@example.com,Laptop Stand,Electronics,FSD-01,Faisalabad,3,58.75,10,cash
TXN002585,03-Jun-2025,HINA SHEIKH,hina.sheikh@example.com,Dumbbell Set,Sports,ISB-01,Islamabad,1,225.61,0,cash
TXN001810,23/10/2025,Ali Chaudhry,ali.chaudhry@example.com,Resistance Bands,Sports,FSD-01,Faisalabad,4,196.48,0,Mobile Wallet
TXN002510,2025-05-31,Omar Khan,omar.khan@example.com,LED Desk Lamp,Home & Kitchen,ISB-01,Islamabad,6,155.28,15,CREDIT CARD
TXN001794,23-Jun-2024,HINA CHAUDHRY,hina.chaudhry@example.com,Running Shoes,Apparel,LHR-01,Lahore,3,213.49,20,CREDIT CARD
TXN002367,05/02/2026,Noor Farooq,noor.farooq@example.com,LED Desk Lamp,Home & Kitchen,KHI-01,Karachi,5,204.99,20,Mobile Wallet
TXN002761,2024-01-19,Hassan Khan,hassan.khan@example.com,Lip Balm,Beauty,LHR-01,Lahore,1,228.42,10,cash
TXN003053,24-Feb-2024,Kamran Raza,kamran.raza@example.com,Wool Sweater,Apparel,LHR-02,Lahore,1,140.28,0,CREDIT CARD
TXN002503,2024-09-25,  Hassan Khan  ,hassan.khan@example.com,Bluetooth Speaker,Electronics,FSD-01,Faisalabad,6,88.91,0,Mobile Wallet
TXN004025,31-Jan-2024,Bilal Butt,bilal.butt@example.com,Sports Cap,Apparel,KHI-01,Karachi,2,81.14,15,CREDIT CARD
TXN003539,02/04/2025,SANA CHAUDHRY,sana.chaudhry@example.com,Bluetooth Speaker,Electronics,FSD-01,Faisalabad,4,11.76,10,CREDIT CARD
TXN004207,2025-04-17,HINA RAZA,hina.raza@example.com,Football,Sports,ISB-01,Islamabad,6,233.26,0,Mobile Wallet
TXN001667,23-Jul-2026,Ali Iqbal,ali.iqbal@example.com,Resistance Bands,Sports,KHI-02,Karachi,1,162.41,10,cash
TXN001449,07/02/2024,Hassan Iqbal,hassan.iqbal@example.com,Ceramic Mug Set,Home & Kitchen,FSD-01,Faisalabad,,20.84,20,cash
TXN000737,2024-12-31,Hassan Butt,hassan.butt@example.com,Wireless Mouse,Electronics,LHR-02,Lahore,3,113.67,0,CREDIT CARD
TXN000198,2026-01-28,Kamran Khan,kamran.khan@example.com,Laptop Stand,Electronics,LHR-02,Lahore,6,,5,Debit Card
TXN001595,26-Jul-2024,Sara Farooq,sara.farooq@example.com,Cycling Helmet,Sports,ISB-01,Islamabad,5,133.58,20,Mobile Wallet
TXN002890,21/02/2026,SANA FAROOQ,sana.farooq@example.com,Non-Stick Pan,Home & Kitchen,ISB-01,Islamabad,5,181.25,20,CREDIT CARD
TXN002042,2026-07-04,Zainab Khan,zainab.khan@example.com,Dumbbell Set,Sports,ISB-01,Islamabad,4,228.53,15,Cash
TXN003238,08/04/2025,  Usman Khan  ,usman.khan@example.com,Cycling Helmet,Sports,PSH-01,Peshawar,1,55.51,10,cash
TXN000218,31/05/2026,Bilal Sheikh,bilal.sheikh@example.com,Non-Stick Pan,Home & Kitchen,LHR-01,Lahore,3,240.34,10,Credit Card
TXN002478,2025-07-24,Hassan Sheikh,hassan.sheikh@example.com,Blender,Home & Kitchen,ISB-01,Islamabad,4,83.18,15,Cash
TXN003776,2024-02-18,Faisal Butt,faisal.butt@example.com,Face Moisturizer,Beauty,MUL-01,Multan,2,248.71,10,CREDIT CARD
TXN004405,20-Oct-2024,Mariam Sheikh,mariam.sheikh@example.com,Coffee Maker,Home & Kitchen,KHI-01,Karachi,4,6.63,0,CREDIT CARD
TXN003265,05-Sep-2024,Bilal Farooq,bilal.farooq@example.com,Cycling Helmet,Sports,FSD-01,Faisalabad,1,160.33,10,Credit Card
TXN004648,2024-05-24,Noor Butt,noor.butt@example.com,Sports Cap,Apparel,MUL-01,Multan,4,7.34,5,Debit Card
TXN000755,10-Dec-2024,Zainab Malik,zainab.malik@example.com,Hair Dryer,Beauty,KHI-02,Karachi,1,154.15,15,Debit Card
TXN002428,2025-03-24,Mariam Raza,mariam.raza@example.com,Wool Sweater,Apparel,MUL-01,Multan,4,113.73,0,cash
TXN001111,10/07/2026,Ahmed Iqbal,ahmed.iqbal@example.com,Laptop Stand,Electronics,PSH-01,Peshawar,2,,20,Credit Card
TXN001298,2025-02-20,  Ahmed Chaudhry  ,ahmed.chaudhry@example.com,Lip Balm,Beauty,MUL-01,Multan,6,91.49,10,CREDIT CARD
TXN004934,2024-06-07,Ahmed Butt,ahmed.butt@example.com,Webcam HD,Electronics,MUL-01,Multan,2,172.45,0,Cash
TXN003886,14/08/2024,  Kamran Chaudhry  ,,Wireless Mouse,Electronics,PSH-01,Peshawar,4,247.7,15,Debit Card
TXN003466,2025-02-27,Fatima Raza,fatima.raza@example.com,Shampoo 500ml,Beauty,PSH-01,Peshawar,6,136.08,0,Cash
TXN000087,28/07/2024,  Ayesha Iqbal  ,ayesha.iqbal@example.com,Cycling Helmet,Sports,LHR-01,Lahore,2,236.6,0,Credit Card
TXN003902,22-Feb-2025,AYESHA CHAUDHRY,ayesha.chaudhry@example.com,Resistance Bands,Sports,LHR-01,Lahore,6,9.83,5,cash
TXN003712,2026-06-27,Kamran Sheikh,kamran.sheikh@example.com,Cotton T-Shirt,Apparel,FSD-01,Faisalabad,6,245.87,10,CREDIT CARD
TXN003873,2024-12-09,KAMRAN IQBAL,kamran.iqbal@example.com,Cotton T-Shirt,Apparel,ISB-01,Islamabad,6,134.25,0,cash
TXN000074,2025-03-31,Hassan Khan,hassan.khan@example.com,Hair Dryer,Beauty,MUL-01,Multan,1,214.59,15,Debit Card
TXN004416,09-Jul-2025,Ayesha Raza,ayesha.raza@example.com,Wool Sweater,Apparel,LHR-01,Lahore,3,143.81,15,Debit Card
TXN003383,11-Mar-2024,KAMRAN SHEIKH,kamran.sheikh@example.com,Denim Jacket,Apparel,KHI-02,Karachi,2,123.34,15,Credit Card
TXN003557,2024-08-03,Noor Iqbal,noor.iqbal@example.com,Wool Sweater,Apparel,PSH-01,Peshawar,1,185.12,0,Cash
TXN000718,2024-03-09,Ali Farooq,,Running Shoes,Apparel,ISB-01,Islamabad,1,42.49,0,Mobile Wallet
TXN000134,2025-08-23,HASSAN CHAUDHRY,hassan.chaudhry@example.com,Shampoo 500ml,Beauty,KHI-02,Karachi,6,64.4,0,Credit Card
TXN003839,02/01/2026,MARIAM MALIK,mariam.malik@example.com,Ceramic Mug Set,Home & Kitchen,KHI-02,Karachi,3,217.29,20,cash
TXN002046,30-May-2025,Zainab Chaudhry,zainab.chaudhry@example.com,Resistance Bands,Sports,LHR-01,Lahore,6,84.39,0,cash
TXN002867,16/03/2026,HINA CHAUDHRY,hina.chaudhry@example.com,Laptop Stand,Electronics,KHI-01,Karachi,,248.38,10,Credit Card
TXN000534,23/02/2024,Ali Iqbal,ali.iqbal@example.com,Blender,Home & Kitchen,PSH-01,Peshawar,4,110.97,5,Mobile Wallet
TXN002617,30/09/2025,  Faisal Malik  ,faisal.malik@example.com,Non-Stick Pan,Home & Kitchen,KHI-01,Karachi,2,60.48,0,CREDIT CARD
TXN004838,20-Jan-2025,Usman Sheikh,usman.sheikh@example.com,Non-Stick Pan,Home & Kitchen,PSH-01,Peshawar,5,130.32,10,Credit Card
TXN002075,22-Nov-2024,Sana Khan,sana.khan@example.com,Laptop Stand,Electronics,KHI-01,Karachi,3,221.09,10,Mobile Wallet
TXN002803,11/10/2024,NOOR FAROOQ,noor.farooq@example.com,Ceramic Mug Set,Home & Kitchen,KHI-02,Karachi,4,121.98,0,Credit Card
TXN002456,01/09/2025,Sana Khan,,Cotton T-Shirt,Apparel,KHI-01,Karachi,1,123.56,0,cash
TXN003140,2024-10-08,  Kamran Raza  ,kamran.raza@example.com,Non-Stick Pan,Home & Kitchen,PSH-01,Peshawar,1,140.2,0,Mobile Wallet
TXN002342,18/08/2025,Sara Sheikh,sara.sheikh@example.com,Coffee Maker,Home & Kitchen,LHR-02,Lahore,4,64.82,0,Debit Card
TXN002536,2024-12-17,Fatima Butt,fatima.butt@example.com,Running Shoes,Apparel,KHI-02,Karachi,4,212.13,5,Credit Card
TXN001612,2026-06-29,Zainab Chaudhry,zainab.chaudhry@example.com,Non-Stick Pan,Home & Kitchen,KHI-02,Karachi,3,177.78,5,Mobile Wallet
TXN003419,2026-03-02,BILAL RAZA,bilal.raza@example.com,Sports Cap,Apparel,KHI-01,Karachi,5,228.47,5,Credit Card
TXN002155,2024-06-21,HINA CHAUDHRY,hina.chaudhry@example.com,Bluetooth Speaker,Electronics,FSD-01,Faisalabad,3,30.28,15,Mobile Wallet
TXN004236,2024-07-17,Faisal Butt,faisal.butt@example.com,Cycling Helmet,Sports,FSD-01,Faisalabad,2,228.63,15,Cash
TXN000189,05-Apr-2024,Zainab Sheikh,zainab.sheikh@example.com,Shampoo 500ml,Beauty,KHI-01,Karachi,1,93.31,0,Credit Card
TXN001675,12-Dec-2024,Usman Butt,usman.butt@example.com,Face Moisturizer,Beauty,KHI-02,Karachi,3,151.95,0,Debit Card
TXN004607,2024-08-27,Fatima Sheikh,fatima.sheikh@example.com,Dumbbell Set,Sports,PSH-01,Peshawar,5,180.93,5,CREDIT CARD
TXN004448,11/12/2025,HINA BUTT,hina.butt@example.com,Webcam HD,Electronics,PSH-01,Peshawar,5,208.36,5,Debit Card
TXN000847,05/01/2025,Usman Sheikh,usman.sheikh@example.com,LED Desk Lamp,Home & Kitchen,PSH-01,Peshawar,6,53.75,0,Cash
TXN003786,10/11/2024,Ali Sheikh,ali.sheikh@example.com,Sports Cap,Apparel,KHI-01,Karachi,5,134.56,20,Mobile Wallet
TXN001535,05-Dec-2025,Sara Farooq,sara.farooq@example.com,Lip Balm,Beauty,LHR-02,Lahore,3,214.07,15,Cash
TXN001645,08/09/2025,Fatima Iqbal,fatima.iqbal@example.com,Blender,Home & Kitchen,LHR-01,Lahore,1,184.19,0,Cash
TXN001116,28-Aug-2024,AHMED FAROOQ,,Hair Dryer,Beauty,PSH-01,Peshawar,4,103.41,15,Cash
TXN002655,2026-04-03,Kamran Malik,kamran.malik@example.com,Webcam HD,Electronics,MUL-01,Multan,,167.63,0,cash
TXN003406,21-May-2025,Omar Iqbal,omar.iqbal@example.com,Dumbbell Set,Sports,PSH-01,Peshawar,1,134.36,5,cash
TXN000600,27/05/2026,Ayesha Khan,ayesha.khan@example.com,Coffee Maker,Home & Kitchen,KHI-02,Karachi,3,183.21,20,Cash
TXN004134,2026-06-26,Mariam Iqbal,mariam.iqbal@example.com,Cotton T-Shirt,Apparel,LHR-01,Lahore,5,168.07,15,Credit Card
TXN001367,05/05/2024,Hina Raza,hina.raza@example.com,USB-C Cable,Electronics,MUL-01,Multan,4,174.42,0,CREDIT CARD
TXN000029,30/11/2024,Fatima Chaudhry,fatima.chaudhry@example.com,Blender,Home & Kitchen,FSD-01,Faisalabad,5,175.82,5,CREDIT CARD
TXN001695,17-Jul-2025,Bilal Butt,bilal.butt@example.com,Non-Stick Pan,Home & Kitchen,KHI-01,Karachi,6,234.05,0,Debit Card
TXN004663,2024-10-07,Ali Raza,ali.raza@example.com,Football,Sports,LHR-02,Lahore,5,218.75,5,Mobile Wallet
TXN004281,10-Oct-2025,Omar Raza,omar.raza@example.com,Sunscreen SPF50,Beauty,LHR-01,Lahore,1,172.56,15,Mobile Wallet
TXN003769,21-Dec-2024,SANA FAROOQ,sana.farooq@example.com,Cotton T-Shirt,Apparel,FSD-01,Faisalabad,2,21.1,20,Mobile Wallet
TXN003668,29/06/2026,Hassan Butt,hassan.butt@example.com,Sports Cap,Apparel,FSD-01,Faisalabad,6,62.85,0,Credit Card
TXN004109,22/12/2024,Sara Butt,sara.butt@example.com,Blender,Home & Kitchen,MUL-01,Multan,1,173.72,0,Credit Card
TXN002172,07/02/2024,Usman Iqbal,usman.iqbal@example.com,Resistance Bands,Sports,LHR-02,Lahore,5,87.33,20,cash
TXN001723,2026-03-19,Ahmed Malik,ahmed.malik@example.com,Cotton T-Shirt,Apparel,MUL-01,Multan,,83.31,0,Cash
TXN003595,31/05/2026,Ali Sheikh,ali.sheikh@example.com,Cotton T-Shirt,Apparel,PSH-01,Peshawar,5,34.55,10,Debit Card
TXN003327,22/04/2026,BILAL SHEIKH,bilal.sheikh@example.com,Laptop Stand,Electronics,LHR-01,Lahore,6,26.57,0,cash
TXN002399,13-Jul-2026,Faisal Sheikh,faisal.sheikh@example.com,Football,Sports,FSD-01,Faisalabad,1,39.19,0,CREDIT CARD
TXN002099,2024-03-30,NOOR KHAN,noor.khan@example.com,Running Shoes,Apparel,ISB-01,Islamabad,3,54.97,0,Debit Card
TXN002834,2025-10-06,Hassan Sheikh,hassan.sheikh@example.com,LED Desk Lamp,Home & Kitchen,KHI-01,Karachi,1,134.86,0,Debit Card
TXN003537,30-Apr-2026,Sana Butt,sana.butt@example.com,Wool Sweater,Apparel,ISB-01,Islamabad,4,198.24,20,cash
TXN004244,04-May-2024,Fatima Raza,fatima.raza@example.com,Wool Sweater,Apparel,PSH-01,Peshawar,3,188.51,5,Debit Card
TXN000472,26/12/2024,Fatima Sheikh,fatima.sheikh@example.com,Lip Balm,Beauty,MUL-01,Multan,5,152.52,0,Credit Card
TXN004136,2026-04-06,  Sana Farooq  ,sana.farooq@example.com,Non-Stick Pan,Home & Kitchen,ISB-01,Islamabad,5,130.59,0,Credit Card
TXN001445,24-Aug-2024,Faisal Chaudhry,faisal.chaudhry@example.com,Sunscreen SPF50,Beauty,FSD-01,Faisalabad,5,217.6,10,Credit Card
TXN004237,2025-11-15,  Kamran Raza  ,kamran.raza@example.com,Shampoo 500ml,Beauty,KHI-02,Karachi,3,49.49,10,CREDIT CARD
TXN002361,10-Apr-2026,Noor Farooq,noor.farooq@example.com,Running Shoes,Apparel,MUL-01,Multan,2,19.66,20,Cash
TXN004038,2024-02-08,Ayesha Raza,ayesha.raza@example.com,Lip Balm,Beauty,LHR-01,Lahore,4,193.39,20,Mobile Wallet
TXN004044,22/04/2024,Ahmed Raza,ahmed.raza@example.com,Cotton T-Shirt,Apparel,LHR-02,Lahore,4,98.67,0,cash
TXN000857,2024-02-16,Ali Chaudhry,ali.chaudhry@example.com,Laptop Stand,Electronics,PSH-01,Peshawar,2,212.62,0,Cash
TXN001231,10-Nov-2025,Omar Khan,omar.khan@example.com,Wireless Mouse,Electronics,ISB-01,Islamabad,6,103.8,0,Cash
TXN002597,20/02/2026,AYESHA BUTT,,Lip Balm,Beauty,KHI-01,Karachi,3,63.88,20,Mobile Wallet
TXN000999,2025-05-31,  Hina Chaudhry  ,hina.chaudhry@example.com,Cotton T-Shirt,Apparel,FSD-01,Faisalabad,2,101.48,0,Cash
TXN001654,2024-10-17,Hina Butt,hina.butt@example.com,Face Moisturizer,Beauty,ISB-01,Islamabad,2,23.65,0,Credit Card
TXN003160,31/03/2024,  Ali Raza  ,,Coffee Maker,Home & Kitchen,LHR-02,Lahore,5,183.35,5,Mobile Wallet
TXN002793,21/04/2024,Mariam Raza,mariam.raza@example.com,Non-Stick Pan,Home & Kitchen,LHR-02,Lahore,4,235.32,0,Mobile Wallet
TXN002383,19-Apr-2026,Omar Chaudhry,omar.chaudhry@example.com,Denim Jacket,Apparel,KHI-02,Karachi,4,248.72,15,Mobile Wallet
TXN002543,06-Jun-2024,Ali Malik,ali.malik@example.com,Dumbbell Set,Sports,MUL-01,Multan,4,117.62,0,CREDIT CARD
TXN003704,29/01/2026,OMAR IQBAL,omar.iqbal@example.com,Sunscreen SPF50,Beauty,ISB-01,Islamabad,5,109.44,15,CREDIT CARD
TXN001286,24/09/2025,Faisal Khan,faisal.khan@example.com,Denim Jacket,Apparel,FSD-01,Faisalabad,6,56.71,20,CREDIT CARD
TXN004464,2025-07-03,Sara Raza,sara.raza@example.com,Football,Sports,KHI-01,Karachi,4,7.29,10,Mobile Wallet
TXN001134,12-Mar-2024,Hina Raza,hina.raza@example.com,Bluetooth Speaker,Electronics,FSD-01,Faisalabad,2,58.52,0,CREDIT CARD
TXN000108,2025-04-13,HINA SHEIKH,hina.sheikh@example.com,Wool Sweater,Apparel,PSH-01,Peshawar,1,76.89,0,Debit Card
TXN000912,2026-01-18,Kamran Raza,,Sunscreen SPF50,Beauty,KHI-01,Karachi,4,240.94,0,CREDIT CARD
TXN002257,11-Dec-2025,Sara Chaudhry,sara.chaudhry@example.com,Lip Balm,Beauty,KHI-02,Karachi,1,54.48,20,Credit Card
TXN004063,26/03/2024,Noor Raza,noor.raza@example.com,Non-Stick Pan,Home & Kitchen,FSD-01,Faisalabad,1,185.5,15,cash
TXN001817,17/04/2025,Kamran Chaudhry,kamran.chaudhry@example.com,Shampoo 500ml,Beauty,LHR-02,Lahore,4,47.4,5,Mobile Wallet
TXN002502,01/10/2025,Noor Raza,noor.raza@example.com,Dumbbell Set,Sports,ISB-01,Islamabad,6,126.61,10,cash
TXN002346,2024-10-13,Ali Butt,ali.butt@example.com,USB-C Cable,Electronics,PSH-01,Peshawar,6,162.84,0,Debit Card
TXN003723,20/09/2025,Kamran Khan,kamran.khan@example.com,Wool Sweater,Apparel,ISB-01,Islamabad,6,211.82,10,CREDIT CARD
TXN004982,10-Oct-2025,Kamran Raza,kamran.raza@example.com,Sunscreen SPF50,Beauty,LHR-02,Lahore,4,112.22,15,Mobile Wallet
TXN003576,08-Jun-2026,AHMED CHAUDHRY,ahmed.chaudhry@example.com,Cotton T-Shirt,Apparel,LHR-02,Lahore,5,183.57,20,Debit Card
TXN003992,06/08/2024,  Zainab Chaudhry  ,zainab.chaudhry@example.com,Shampoo 500ml,Beauty,ISB-01,Islamabad,6,232.01,0,Credit Card
TXN000215,28-Jul-2026,Ayesha Butt,ayesha.butt@example.com,Denim Jacket,Apparel,LHR-02,Lahore,2,18.7,5,Debit Card
TXN001426,26/05/2026,Kamran Iqbal,kamran.iqbal@example.com,Running Shoes,Apparel,LHR-02,Lahore,3,198.58,15,Cash
TXN000517,15/02/2024,  Ali Malik  ,ali.malik@example.com,Denim Jacket,Apparel,PSH-01,Peshawar,3,122.89,20,Mobile Wallet
TXN002923,2026-04-29,Zainab Iqbal,zainab.iqbal@example.com,Dumbbell Set,Sports,KHI-01,Karachi,4,161.97,0,cash
TXN004623,2024-06-23,Kamran Raza,kamran.raza@example.com,Dumbbell Set,Sports,MUL-01,Multan,4,,0,Debit Card
TXN000109,18-Feb-2024,Ahmed Butt,ahmed.butt@example.com,Football,Sports,ISB-01,Islamabad,1,86.32,5,CREDIT CARD
TXN001903,27-Sep-2024,SANA BUTT,sana.butt@example.com,Shampoo 500ml,Beauty,LHR-02,Lahore,6,198.86,0,Mobile Wallet
TXN001335,16-Sep-2024,ZAINAB MALIK,zainab.malik@example.com,Denim Jacket,Apparel,LHR-01,Lahore,1,58.15,10,cash
TXN002355,06/01/2026,Ahmed Raza,ahmed.raza@example.com,Cycling Helmet,Sports,KHI-01,Karachi,6,190.16,20,Credit Card
TXN003813,2025-12-07,Ali Chaudhry,ali.chaudhry@example.com,Hair Dryer,Beauty,ISB-01,Islamabad,5,61.29,0,Mobile Wallet
TXN001184,2024-09-25,Mariam Chaudhry,mariam.chaudhry@example.com,Non-Stick Pan,Home & Kitchen,KHI-01,Karachi,4,155.99,0,CREDIT CARD
TXN001619,2026-04-11,Sana Farooq,sana.farooq@example.com,Dumbbell Set,Sports,KHI-01,Karachi,,78.16,20,cash
TXN001839,04/09/2025,Bilal Iqbal,bilal.iqbal@example.com,Sports Cap,Apparel,LHR-02,Lahore,1,88.6,10,CREDIT CARD
TXN003550,27-Jul-2026,Omar Khan,omar.khan@example.com,Shampoo 500ml,Beauty,MUL-01,Multan,1,99.53,5,Cash
TXN002416,06-Jun-2024,OMAR RAZA,omar.raza@example.com,LED Desk Lamp,Home & Kitchen,PSH-01,Peshawar,3,101.21,10,Mobile Wallet
TXN001550,25/09/2024,  Ali Sheikh  ,ali.sheikh@example.com,Cotton T-Shirt,Apparel,KHI-02,Karachi,2,43.73,0,cash
TXN003330,25-Jul-2025,Usman Butt,usman.butt@example.com,Shampoo 500ml,Beauty,KHI-02,Karachi,6,223.45,10,Credit Card
TXN000939,2026-07-22,Bilal Raza,bilal.raza@example.com,Cycling Helmet,Sports,KHI-02,Karachi,5,178.49,5,cash
TXN003662,10/08/2025,Ahmed Iqbal,ahmed.iqbal@example.com,Blender,Home & Kitchen,LHR-01,Lahore,2,119.51,0,Mobile Wallet
TXN002340,13-May-2026,Hassan Sheikh,hassan.sheikh@example.com,Denim Jacket,Apparel,KHI-02,Karachi,4,197.78,15,Cash
TXN002237,2025-06-01,NOOR FAROOQ,noor.farooq@example.com,Denim Jacket,Apparel,PSH-01,Peshawar,1,124.87,20,Mobile Wallet
TXN001082,03-Sep-2025,OMAR IQBAL,omar.iqbal@example.com,Webcam HD,Electronics,LHR-02,Lahore,2,231.46,15,CREDIT CARD
TXN002357,2024-10-10,  Kamran Sheikh  ,kamran.sheikh@example.com,Wireless Mouse,Electronics,LHR-01,Lahore,5,193.41,0,Credit Card
TXN003591,2025-02-13,  Ali Farooq  ,ali.farooq@example.com,Hair Dryer,Beauty,KHI-02,Karachi,,39.73,0,cash
TXN004696,14/04/2024,  ALI FAROOQ  ,ali.farooq@example.com,Resistance Bands,Sports,KHI-02,Karachi,5,27.47,20,Credit Card
TXN001361,04-Oct-2024,Bilal Farooq,bilal.farooq@example.com,Laptop Stand,Electronics,KHI-02,Karachi,6,162.42,0,CREDIT CARD
TXN001031,2025-10-16,Zainab Chaudhry,zainab.chaudhry@example.com,Running Shoes,Apparel,LHR-02,Lahore,2,23.68,0,Cash
TXN001970,26/05/2024,Omar Iqbal,omar.iqbal@example.com,Wireless Mouse,Electronics,KHI-01,Karachi,4,182.94,0,Debit Card
TXN003654,22-Sep-2025,Sara Butt,sara.butt@example.com,Cotton T-Shirt,Apparel,ISB-01,Islamabad,4,162.2,20,CREDIT CARD
TXN004122,17/05/2024,Faisal Khan,faisal.khan@example.com,Football,Sports,ISB-01,Islamabad,4,66.47,10,cash
TXN001074,05/09/2024,Hina Chaudhry,hina.chaudhry@example.com,Hair Dryer,Beauty,ISB-01,Islamabad,2,190.34,10,Mobile Wallet
TXN004885,06-Sep-2024,  ALI IQBAL  ,ali.iqbal@example.com,Wool Sweater,Apparel,FSD-01,Faisalabad,1,232.69,0,Mobile Wallet
TXN004146,13/04/2024,  Fatima Butt  ,fatima.butt@example.com,Bluetooth Speaker,Electronics,MUL-01,Multan,3,28.66,0,Credit Card
TXN003948,14-Jun-2025,USMAN IQBAL,usman.iqbal@example.com,Wool Sweater,Apparel,ISB-01,Islamabad,6,121.19,20,Mobile Wallet
TXN000640,03-Jul-2024,Hina Butt,hina.butt@example.com,Wool Sweater,Apparel,KHI-01,Karachi,3,74.1,5,CREDIT CARD
TXN003905,01/07/2026,Sara Iqbal,sara.iqbal@example.com,Denim Jacket,Apparel,KHI-01,Karachi,5,47.8,10,cash
TXN001649,2026-02-27,AYESHA CHAUDHRY,ayesha.chaudhry@example.com,Webcam HD,Electronics,LHR-01,Lahore,6,68.17,0,Cash
TXN004714,13-Sep-2024,Hina Chaudhry,hina.chaudhry@example.com,Denim Jacket,Apparel,FSD-01,Faisalabad,2,225.96,10,Credit Card
TXN002717,23/03/2025,Sana Chaudhry,sana.chaudhry@example.com,Sunscreen SPF50,Beauty,LHR-01,Lahore,,211.99,15,Credit Card
TXN002259,2024-12-30,Noor Khan,noor.khan@example.com,Ceramic Mug Set,Home & Kitchen,MUL-01,Multan,6,78.87,5,CREDIT CARD
TXN003782,2025-09-20,HINA MALIK,hina.malik@example.com,Webcam HD,Electronics,PSH-01,Peshawar,1,113.27,15,cash
TXN001435,2026-06-24,Ahmed Malik,ahmed.malik@example.com,Hair Dryer,Beauty,MUL-01,Multan,3,191.34,20,Credit Card
TXN001235,07/12/2024,Hina Khan,hina.khan@example.com,Shampoo 500ml,Beauty,KHI-02,Karachi,4,31.25,0,CREDIT CARD
TXN004679,27-Mar-2024,FAISAL RAZA,faisal.raza@example.com,Resistance Bands,Sports,LHR-01,Lahore,3,34.83,0,Credit Card
TXN002247,15-Oct-2025,Usman Sheikh,usman.sheikh@example.com,Hair Dryer,Beauty,PSH-01,Peshawar,5,85.22,0,cash
TXN000100,08/04/2026,Kamran Butt,kamran.butt@example.com,Hair Dryer,Beauty,ISB-01,Islamabad,2,226.47,5,Mobile Wallet
TXN002726,2024-01-12,Fatima Iqbal,fatima.iqbal@example.com,Webcam HD,Electronics,LHR-01,Lahore,2,66.14,20,cash
TXN004410,14-Aug-2025,Sara Raza,sara.raza@example.com,Blender,Home & Kitchen,MUL-01,Multan,3,215.13,0,cash
TXN000385,04/03/2024,Ali Iqbal,ali.iqbal@example.com,Lip Balm,Beauty,LHR-02,Lahore,,225.76,0,Credit Card
TXN002713,2024-08-13,Kamran Malik,kamran.malik@example.com,Webcam HD,Electronics,LHR-01,Lahore,4,190.82,0,Cash
TXN001401,2024-11-09,Sara Farooq,sara.farooq@example.com,Webcam HD,Electronics,KHI-01,Karachi,2,104.73,0,Cash
TXN003367,19/06/2024,Hina Butt,hina.butt@example.com,Wool Sweater,Apparel,FSD-01,Faisalabad,,24.98,20,Credit Card
TXN004670,2024-02-10,Faisal Farooq,faisal.farooq@example.com,Shampoo 500ml,Beauty,PSH-01,Peshawar,1,105.14,10,cash
TXN003642,13-Jan-2026,FAISAL SHEIKH,faisal.sheikh@example.com,Running Shoes,Apparel,PSH-01,Peshawar,2,150.8,20,cash
TXN001589,25/01/2026,FATIMA CHAUDHRY,fatima.chaudhry@example.com,Blender,Home & Kitchen,FSD-01,Faisalabad,6,248.39,0,cash
TXN000202,2024-07-02,Mariam Malik,mariam.malik@example.com,LED Desk Lamp,Home & Kitchen,LHR-02,Lahore,1,202.06,5,Debit Card
TXN002847,2025-10-17,Zainab Malik,zainab.malik@example.com,Webcam HD,Electronics,KHI-02,Karachi,3,112.07,0,CREDIT CARD
TXN004968,11/12/2024,Sana Khan,sana.khan@example.com,Blender,Home & Kitchen,PSH-01,Peshawar,3,47.77,0,Cash
TXN002852,2024-08-17,Omar Khan,omar.khan@example.com,Shampoo 500ml,Beauty,KHI-01,Karachi,6,8.22,0,Debit Card
TXN002214,14/05/2025,Faisal Farooq,faisal.farooq@example.com,Shampoo 500ml,Beauty,PSH-01,Peshawar,3,144.15,0,Debit Card
TXN003350,2026-06-12,  Omar Iqbal  ,omar.iqbal@example.com,Blender,Home & Kitchen,KHI-01,Karachi,4,109.06,0,Credit Card
TXN000179,06/07/2024,BILAL RAZA,bilal.raza@example.com,Blender,Home & Kitchen,LHR-02,Lahore,5,174.89,10,Mobile Wallet
TXN002310,2026-01-20,Hina Khan,hina.khan@example.com,Dumbbell Set,Sports,PSH-01,Peshawar,6,98.23,0,Mobile Wallet
TXN003423,01-Apr-2026,ALI IQBAL,ali.iqbal@example.com,Cotton T-Shirt,Apparel,KHI-01,Karachi,2,36.91,5,Mobile Wallet
TXN001519,13/06/2026,Mariam Chaudhry,mariam.chaudhry@example.com,Webcam HD,Electronics,PSH-01,Peshawar,3,207.63,10,Cash
TXN002639,14-Jan-2025,Faisal Raza,faisal.raza@example.com,Cotton T-Shirt,Apparel,MUL-01,Multan,4,229.26,5,CREDIT CARD
TXN003269,25/04/2025,Hina Raza,hina.raza@example.com,LED Desk Lamp,Home & Kitchen,FSD-01,Faisalabad,3,160.49,15,Mobile Wallet
TXN002898,31-Dec-2025,Hina Farooq,hina.farooq@example.com,Wool Sweater,Apparel,KHI-02,Karachi,2,219.01,0,Credit Card
TXN000570,05-May-2026,  Sara Butt  ,sara.butt@example.com,USB-C Cable,Electronics,KHI-02,Karachi,2,46.13,20,Debit Card
TXN000619,21-Nov-2025,Ayesha Khan,ayesha.khan@example.com,Hair Dryer,Beauty,FSD-01,Faisalabad,2,226.43,10,Debit Card
TXN004809,29/06/2025,  Zainab Iqbal  ,,Blender,Home & Kitchen,PSH-01,Peshawar,3,108.73,0,Mobile Wallet
TXN001453,2024-05-08,Sana Iqbal,sana.iqbal@example.com,Coffee Maker,Home & Kitchen,MUL-01,Multan,4,223.81,10,Credit Card
TXN003677,2025-04-27,Sara Malik,sara.malik@example.com,Bluetooth Speaker,Electronics,LHR-02,Lahore,1,173.19,0,Cash
TXN001148,2024-03-25,Usman Khan,,Dumbbell Set,Sports,LHR-01,Lahore,4,173.26,0,Mobile Wallet
TXN003688,21-Dec-2024,Ayesha Malik,ayesha.malik@example.com,Wool Sweater,Apparel,MUL-01,Multan,5,,5,Debit Card
TXN004528,07-Jun-2024,Sana Khan,sana.khan@example.com,Football,Sports,ISB-01,Islamabad,4,13.23,20,CREDIT CARD
TXN004870,15/04/2024,Usman Raza,usman.raza@example.com,Sunscreen SPF50,Beauty,LHR-02,Lahore,3,147.18,15,cash
TXN000477,2025-03-17,Hassan Chaudhry,hassan.chaudhry@example.com,Denim Jacket,Apparel,KHI-02,Karachi,3,152.02,0,Mobile Wallet
TXN004179,13/03/2024,  Omar Malik  ,omar.malik@example.com,Blender,Home & Kitchen,MUL-01,Multan,2,36.14,15,cash
TXN000207,19-May-2024,Kamran Chaudhry,kamran.chaudhry@example.com,Lip Balm,Beauty,FSD-01,Faisalabad,1,31.7,5,Credit Card
TXN000024,14/06/2026,Ayesha Malik,ayesha.malik@example.com,USB-C Cable,Electronics,KHI-02,Karachi,6,243.59,20,Cash
TXN000685,16/07/2024,Kamran Farooq,kamran.farooq@example.com,USB-C Cable,Electronics,ISB-01,Islamabad,6,47.38,5,Credit Card
TXN000933,28/11/2024,Ahmed Raza,ahmed.raza@example.com,Denim Jacket,Apparel,KHI-01,Karachi,4,118.59,20,Mobile Wallet
TXN003824,06/06/2024,Bilal Chaudhry,bilal.chaudhry@example.com,Ceramic Mug Set,Home & Kitchen,LHR-01,Lahore,4,131.8,10,CREDIT CARD
TXN000432,11-Feb-2026,Zainab Farooq,zainab.farooq@example.com,Resistance Bands,Sports,FSD-01,Faisalabad,5,168.39,0,CREDIT CARD
TXN000082,07/02/2026,Omar Malik,omar.malik@example.com,Coffee Maker,Home & Kitchen,LHR-01,Lahore,6,217.68,0,Debit Card
TXN001282,2025-04-15,  SANA IQBAL  ,sana.iqbal@example.com,Cycling Helmet,Sports,LHR-01,Lahore,4,130.31,0,cash
TXN004218,2024-07-31,  Sara Sheikh  ,sara.sheikh@example.com,Webcam HD,Electronics,LHR-01,Lahore,4,91.7,15,Mobile Wallet
TXN003508,22/10/2025,Noor Sheikh,noor.sheikh@example.com,Wireless Mouse,Electronics,MUL-01,Multan,3,174.07,0,Debit Card
TXN000039,2024-12-24,  Sana Khan  ,sana.khan@example.com,Lip Balm,Beauty,LHR-02,Lahore,6,164.29,0,Cash
TXN003520,2025-07-18,Mariam Iqbal,mariam.iqbal@example.com,Face Moisturizer,Beauty,ISB-01,Islamabad,3,,20,Cash
TXN000642,26-May-2024,  Ahmed Sheikh  ,ahmed.sheikh@example.com,Wireless Mouse,Electronics,LHR-01,Lahore,1,151.91,15,Debit Card
TXN001427,06/06/2025,Ahmed Iqbal,ahmed.iqbal@example.com,Running Shoes,Apparel,LHR-01,Lahore,4,127.65,0,Cash
TXN001533,01-Nov-2024,  Sana Butt  ,sana.butt@example.com,Yoga Mat,Sports,KHI-02,Karachi,3,50.04,20,Mobile Wallet
TXN001888,03/07/2025,Kamran Iqbal,kamran.iqbal@example.com,Webcam HD,Electronics,KHI-02,Karachi,1,216.18,0,Credit Card
TXN003105,15/12/2025,Bilal Raza,bilal.raza@example.com,Lip Balm,Beauty,KHI-01,Karachi,4,218.94,10,Debit Card
TXN003010,04-May-2026,  Usman Sheikh  ,usman.sheikh@example.com,Wool Sweater,Apparel,MUL-01,Multan,6,248.25,5,Debit Card
TXN002308,26/02/2024,Kamran Raza,kamran.raza@example.com,Bluetooth Speaker,Electronics,ISB-01,Islamabad,4,84.79,5,cash
TXN001856,2024-10-10,Sana Chaudhry,sana.chaudhry@example.com,Blender,Home & Kitchen,KHI-01,Karachi,1,241.91,10,Mobile Wallet
TXN000152,18-Nov-2025,Sara Butt,sara.butt@example.com,Resistance Bands,Sports,LHR-01,Lahore,2,58.17,0,Cash
TXN004081,2025-02-22,  Mariam Iqbal  ,mariam.iqbal@example.com,Wireless Mouse,Electronics,FSD-01,Faisalabad,4,151.08,5,cash
TXN002056,2025-04-29,Ahmed Sheikh,ahmed.sheikh@example.com,Cotton T-Shirt,Apparel,FSD-01,Faisalabad,6,173.09,0,Credit Card
TXN002174,2025-08-28,  Sana Malik  ,sana.malik@example.com,Cycling Helmet,Sports,LHR-01,Lahore,2,55.85,10,Debit Card
TXN004166,25-Aug-2024,Ali Malik,,Shampoo 500ml,Beauty,FSD-01,Faisalabad,5,234.38,20,Credit Card
TXN000826,11/04/2026,  Kamran Farooq  ,kamran.farooq@example.com,Resistance Bands,Sports,LHR-01,Lahore,6,207.94,15,cash
TXN000540,2026-03-19,  Fatima Khan  ,fatima.khan@example.com,Dumbbell Set,Sports,LHR-02,Lahore,2,226.57,5,Mobile Wallet
TXN004182,2025-05-07,  Usman Sheikh  ,usman.sheikh@example.com,Wireless Mouse,Electronics,LHR-02,Lahore,1,18.88,0,Mobile Wallet
TXN003361,04-Apr-2024,Faisal Khan,faisal.khan@example.com,Face Moisturizer,Beauty,PSH-01,Peshawar,3,108.82,20,Credit Card
TXN003296,17-May-2024,Hassan Sheikh,hassan.sheikh@example.com,Wool Sweater,Apparel,FSD-01,Faisalabad,6,177.42,0,Credit Card
TXN001912,03/01/2024,Faisal Chaudhry,faisal.chaudhry@example.com,Laptop Stand,Electronics,LHR-01,Lahore,6,154.93,10,Mobile Wallet
TXN004894,23-Jan-2026,  Bilal Farooq  ,bilal.farooq@example.com,Running Shoes,Apparel,MUL-01,Multan,4,247.14,20,CREDIT CARD
TXN001499,2025-03-14,Zainab Butt,zainab.butt@example.com,Football,Sports,LHR-01,Lahore,1,87.68,0,Mobile Wallet
TXN004889,30/07/2026,Noor Farooq,noor.farooq@example.com,Football,Sports,FSD-01,Faisalabad,3,159.75,15,cash
TXN002584,2025-05-26,Ayesha Butt,ayesha.butt@example.com,Blender,Home & Kitchen,FSD-01,Faisalabad,5,67.41,15,Credit Card
TXN003465,24/11/2024,Sara Malik,sara.malik@example.com,Sunscreen SPF50,Beauty,FSD-01,Faisalabad,4,189.6,5,Cash
TXN004152,16-May-2026,Kamran Chaudhry,kamran.chaudhry@example.com,Face Moisturizer,Beauty,PSH-01,Peshawar,6,93.16,0,Debit Card
TXN000934,21-Mar-2026,  Faisal Sheikh  ,faisal.sheikh@example.com,Bluetooth Speaker,Electronics,FSD-01,Faisalabad,2,226.81,0,Credit Card
TXN002809,08-May-2025,  Zainab Butt  ,zainab.butt@example.com,LED Desk Lamp,Home & Kitchen,KHI-01,Karachi,1,208.61,5,Mobile Wallet
TXN003848,21/06/2024,Hina Malik,hina.malik@example.com,Wool Sweater,Apparel,FSD-01,Faisalabad,6,195.75,0,Cash
TXN000674,2025-02-25,Fatima Malik,fatima.malik@example.com,Yoga Mat,Sports,LHR-02,Lahore,5,126.62,5,cash
TXN004792,2026-07-17,Bilal Farooq,bilal.farooq@example.com,Webcam HD,Electronics,KHI-02,Karachi,3,153.5,0,Mobile Wallet
TXN000717,07-Jun-2025,OMAR KHAN,omar.khan@example.com,USB-C Cable,Electronics,PSH-01,Peshawar,6,180.65,15,Mobile Wallet
TXN004728,06-Jul-2024,Ayesha Chaudhry,ayesha.chaudhry@example.com,Non-Stick Pan,Home & Kitchen,FSD-01,Faisalabad,2,207.2,20,Credit Card
TXN003424,12/01/2024,Hina Sheikh,hina.sheikh@example.com,Lip Balm,Beauty,ISB-01,Islamabad,5,228.44,0,cash
TXN000146,19-Apr-2025,Ayesha Khan,ayesha.khan@example.com,Football,Sports,KHI-01,Karachi,4,181.18,0,Mobile Wallet
TXN001216,20-Sep-2025,Ali Farooq,ali.farooq@example.com,Bluetooth Speaker,Electronics,ISB-01,Islamabad,5,70.87,0,Debit Card
TXN004419,05/11/2025,Usman Butt,usman.butt@example.com,Denim Jacket,Apparel,PSH-01,Peshawar,5,210.66,0,Debit Card
TXN002728,2025-03-06,  Ali Iqbal  ,ali.iqbal@example.com,USB-C Cable,Electronics,LHR-02,Lahore,4,62.74,0,Cash
TXN000022,2024-02-15,Ahmed Malik,ahmed.malik@example.com,Football,Sports,ISB-01,Islamabad,2,86.72,15,Mobile Wallet
TXN003664,26-Aug-2025,Zainab Butt,zainab.butt@example.com,Dumbbell Set,Sports,PSH-01,Peshawar,1,27.55,20,Credit Card
TXN004650,21/03/2024,Hassan Sheikh,hassan.sheikh@example.com,Yoga Mat,Sports,ISB-01,Islamabad,3,86.21,15,Debit Card
TXN000368,2025-10-14,Noor Khan,noor.khan@example.com,Bluetooth Speaker,Electronics,MUL-01,Multan,2,7.77,0,Debit Card
TXN001336,16-Sep-2025,Kamran Sheikh,kamran.sheikh@example.com,Wireless Mouse,Electronics,PSH-01,Peshawar,3,244.31,15,Cash
TXN000399,19-Jan-2025,FATIMA MALIK,fatima.malik@example.com,Webcam HD,Electronics,KHI-02,Karachi,6,192.15,0,CREDIT CARD
TXN003183,2025-02-18,Ayesha Chaudhry,ayesha.chaudhry@example.com,Cotton T-Shirt,Apparel,KHI-01,Karachi,,151.33,5,CREDIT CARD
TXN002132,2024-09-03,Sara Malik,sara.malik@example.com,LED Desk Lamp,Home & Kitchen,MUL-01,Multan,4,190.77,15,Debit Card
TXN000494,16-Apr-2025,FAISAL MALIK,faisal.malik@example.com,Yoga Mat,Sports,LHR-01,Lahore,6,104.25,5,Debit Card
TXN000158,2024-10-20,Ali Khan,ali.khan@example.com,Webcam HD,Electronics,MUL-01,Multan,6,128.04,0,Credit Card
TXN004319,22-Sep-2025,Ayesha Khan,ayesha.khan@example.com,Wireless Mouse,Electronics,PSH-01,Peshawar,1,215.83,5,Debit Card
TXN002732,2025-04-27,FATIMA CHAUDHRY,fatima.chaudhry@example.com,Hair Dryer,Beauty,KHI-01,Karachi,6,18.21,0,Cash
TXN000801,2024-02-25,Bilal Sheikh,,Blender,Home & Kitchen,KHI-02,Karachi,2,80.77,0,Mobile Wallet
TXN002601,23/05/2025,Ali Chaudhry,ali.chaudhry@example.com,Yoga Mat,Sports,LHR-01,Lahore,6,110.18,5,CREDIT CARD
TXN004335,2026-01-11,Omar Iqbal,omar.iqbal@example.com,Lip Balm,Beauty,ISB-01,Islamabad,6,40.41,0,Debit Card
TXN001505,04-Mar-2025,Sara Sheikh,sara.sheikh@example.com,Resistance Bands,Sports,KHI-01,Karachi,2,84.1,0,Mobile Wallet
TXN002531,2025-06-20,Ali Butt,ali.butt@example.com,Wool Sweater,Apparel,KHI-02,Karachi,3,178.81,0,CREDIT CARD
TXN004440,27/05/2024,  HINA KHAN  ,hina.khan@example.com,Coffee Maker,Home & Kitchen,MUL-01,Multan,5,181.03,15,Credit Card
TXN003966,2026-07-23,Sara Khan,sara.khan@example.com,Sports Cap,Apparel,KHI-02,Karachi,,151.31,15,cash
TXN001716,21/10/2024,Ahmed Iqbal,ahmed.iqbal@example.com,Sunscreen SPF50,Beauty,ISB-01,Islamabad,5,8.94,20,Debit Card
TXN003480,2024-02-24,Hina Chaudhry,hina.chaudhry@example.com,Denim Jacket,Apparel,FSD-01,Faisalabad,6,179.44,15,Credit Card
TXN004665,2026-07-15,Noor Raza,noor.raza@example.com,Blender,Home & Kitchen,ISB-01,Islamabad,3,8.7,0,Mobile Wallet
TXN002768,05/02/2024,ZAINAB SHEIKH,zainab.sheikh@example.com,Coffee Maker,Home & Kitchen,LHR-02,Lahore,4,150.51,10,Mobile Wallet
TXN003378,03/04/2025,Hassan Chaudhry,hassan.chaudhry@example.com,USB-C Cable,Electronics,PSH-01,Peshawar,5,,0,Mobile Wallet
TXN004251,06-Jan-2025,Mariam Farooq,mariam.farooq@example.com,Non-Stick Pan,Home & Kitchen,FSD-01,Faisalabad,5,20.53,20,cash
TXN003893,2024-04-11,ZAINAB SHEIKH,zainab.sheikh@example.com,Wool Sweater,Apparel,LHR-01,Lahore,4,13.3,0,Cash
TXN004047,15/07/2025,Faisal Khan,faisal.khan@example.com,Blender,Home & Kitchen,LHR-01,Lahore,5,131.19,0,cash
TXN004834,19-May-2026,Kamran Farooq,kamran.farooq@example.com,LED Desk Lamp,Home & Kitchen,LHR-01,Lahore,1,182.04,5,cash
TXN002566,21/05/2024,Ayesha Chaudhry,ayesha.chaudhry@example.com,Denim Jacket,Apparel,KHI-01,Karachi,4,193.48,20,Debit Card
TXN003212,2025-04-30,Hina Malik,hina.malik@example.com,Face Moisturizer,Beauty,MUL-01,Multan,5,62.46,0,Credit Card
TXN002961,2024-07-26,AYESHA SHEIKH,ayesha.sheikh@example.com,Non-Stick Pan,Home & Kitchen,KHI-02,Karachi,5,216.91,0,Debit Card
TXN004813,2024-03-09,  Omar Khan  ,omar.khan@example.com,Webcam HD,Electronics,PSH-01,Peshawar,2,33.86,10,cash
TXN003381,26/05/2025,Ayesha Iqbal,ayesha.iqbal@example.com,Bluetooth Speaker,Electronics,LHR-02,Lahore,2,68.85,5,Cash
TXN002973,26/06/2024,  Sana Khan  ,sana.khan@example.com,Lip Balm,Beauty,LHR-02,Lahore,3,46.6,15,Credit Card
TXN004765,08/02/2025,Bilal Khan,bilal.khan@example.com,Ceramic Mug Set,Home & Kitchen,ISB-01,Islamabad,5,247.43,5,Debit Card
TXN003019,06/06/2026,Faisal Malik,faisal.malik@example.com,Non-Stick Pan,Home & Kitchen,KHI-01,Karachi,2,155.05,10,Cash
TXN004525,2025-01-08,Ayesha Malik,ayesha.malik@example.com,Blender,Home & Kitchen,PSH-01,Peshawar,5,142.73,0,Cash
TXN002616,2025-10-31,Faisal Farooq,faisal.farooq@example.com,Face Moisturizer,Beauty,ISB-01,Islamabad,4,172.1,0,Debit Card
TXN002441,24/01/2026,Omar Sheikh,omar.sheikh@example.com,Denim Jacket,Apparel,PSH-01,Peshawar,6,,0,Cash
TXN000410,2025-03-01,OMAR MALIK,omar.malik@example.com,Cotton T-Shirt,Apparel,KHI-01,Karachi,5,175.59,10,Credit Card
TXN004533,2025-09-06,Mariam Chaudhry,mariam.chaudhry@example.com,Running Shoes,Apparel,PSH-01,Peshawar,1,113.76,10,cash
TXN001002,11/01/2025,Bilal Khan,bilal.khan@example.com,Shampoo 500ml,Beauty,PSH-01,Peshawar,4,33.31,0,Debit Card
TXN003262,2025-10-04,Ali Khan,ali.khan@example.com,Football,Sports,FSD-01,Faisalabad,4,21.54,0,Credit Card
TXN001647,19-Jul-2026,SANA BUTT,sana.butt@example.com,Wireless Mouse,Electronics,MUL-01,Multan,,27.33,15,CREDIT CARD
TXN000877,16-Apr-2025,Ahmed Raza,ahmed.raza@example.com,Football,Sports,MUL-01,Multan,1,216.54,15,CREDIT CARD
TXN003530,2026-06-04,Usman Malik,usman.malik@example.com,USB-C Cable,Electronics,FSD-01,Faisalabad,3,228.65,15,CREDIT CARD
TXN002999,12-Dec-2024,  Noor Chaudhry  ,noor.chaudhry@example.com,Laptop Stand,Electronics,KHI-01,Karachi,5,12.42,0,Cash
TXN004750,2024-04-27,MARIAM SHEIKH,mariam.sheikh@example.com,Face Moisturizer,Beauty,LHR-01,Lahore,5,189.91,20,Mobile Wallet
TXN004320,22-Apr-2024,Ahmed Raza,ahmed.raza@example.com,Non-Stick Pan,Home & Kitchen,PSH-01,Peshawar,2,243.76,20,Debit Card
TXN004313,19/04/2024,Mariam Iqbal,mariam.iqbal@example.com,Blender,Home & Kitchen,MUL-01,Multan,2,18.25,0,Debit Card
TXN004966,2024-02-03,  Ayesha Sheikh  ,ayesha.sheikh@example.com,Lip Balm,Beauty,KHI-01,Karachi,1,139.74,0,Debit Card
TXN000216,18/12/2025,  Omar Raza  ,omar.raza@example.com,Denim Jacket,Apparel,KHI-02,Karachi,5,237.15,20,Mobile Wallet
TXN004208,02/06/2024,  Ahmed Iqbal  ,ahmed.iqbal@example.com,Resistance Bands,Sports,ISB-01,Islamabad,1,89.51,20,Credit Card
TXN004123,22-Mar-2024,MARIAM BUTT,mariam.butt@example.com,Sunscreen SPF50,Beauty,KHI-02,Karachi,6,32.43,0,Credit Card
TXN002391,2024-10-13,Omar Khan,omar.khan@example.com,Non-Stick Pan,Home & Kitchen,PSH-01,Peshawar,1,236.97,10,Mobile Wallet
TXN002246,20/12/2024,  Ahmed Butt  ,ahmed.butt@example.com,USB-C Cable,Electronics,LHR-02,Lahore,6,135.02,0,Mobile Wallet
TXN004796,28/11/2025,Kamran Raza,kamran.raza@example.com,LED Desk Lamp,Home & Kitchen,ISB-01,Islamabad,5,43.65,5,Cash
TXN001354,31/01/2025,Usman Khan,usman.khan@example.com,Face Moisturizer,Beauty,FSD-01,Faisalabad,3,28.79,5,cash
TXN003522,15-Mar-2026,  Faisal Iqbal  ,faisal.iqbal@example.com,Face Moisturizer,Beauty,FSD-01,Faisalabad,3,,15,Debit Card
TXN000450,26/11/2025,Usman Malik,usman.malik@example.com,Lip Balm,Beauty,MUL-01,Multan,6,48.93,5,cash
TXN003386,2024-10-03,Fatima Malik,fatima.malik@example.com,Resistance Bands,Sports,LHR-02,Lahore,4,142.53,0,Debit Card
TXN001911,2026-03-05,Zainab Butt,zainab.butt@example.com,Laptop Stand,Electronics,KHI-01,Karachi,2,17.71,0,Debit Card
TXN003865,2025-09-23,OMAR KHAN,omar.khan@example.com,Running Shoes,Apparel,PSH-01,Peshawar,1,224.13,0,Mobile Wallet
TXN002980,08-Apr-2026,Ahmed Raza,ahmed.raza@example.com,Webcam HD,Electronics,LHR-02,Lahore,1,193.99,0,Mobile Wallet
TXN000752,2026-04-27,Ayesha Farooq,ayesha.farooq@example.com,USB-C Cable,Electronics,PSH-01,Peshawar,2,231.8,10,CREDIT CARD
TXN000882,04-Sep-2025,  Faisal Malik  ,faisal.malik@example.com,Resistance Bands,Sports,KHI-01,Karachi,3,104.14,0,Mobile Wallet
TXN001197,07-May-2025,Fatima Farooq,fatima.farooq@example.com,Wireless Mouse,Electronics,LHR-01,Lahore,5,126.16,0,cash
TXN003059,2024-10-01,Sara Iqbal,sara.iqbal@example.com,Laptop Stand,Electronics,ISB-01,Islamabad,5,237.6,0,cash
TXN000577,2025-10-11,SARA FAROOQ,sara.farooq@example.com,Wool Sweater,Apparel,LHR-01,Lahore,2,234.88,20,Cash
TXN002556,16-Nov-2025,Sana Butt,sana.butt@example.com,Non-Stick Pan,Home & Kitchen,KHI-02,Karachi,1,164.86,5,Cash
TXN004233,25-Jul-2024,Ahmed Khan,ahmed.khan@example.com,Dumbbell Set,Sports,MUL-01,Multan,2,51.27,5,cash
TXN001469,26-Mar-2026,Fatima Butt,fatima.butt@example.com,LED Desk Lamp,Home & Kitchen,LHR-01,Lahore,1,172.32,10,cash
TXN003337,19-Dec-2024,Bilal Khan,bilal.khan@example.com,Denim Jacket,Apparel,ISB-01,Islamabad,,23.45,15,Credit Card
TXN001314,24/04/2025,Ayesha Khan,ayesha.khan@example.com,Denim Jacket,Apparel,LHR-01,Lahore,6,21.59,20,Mobile Wallet
TXN003617,2025-09-15,Sara Farooq,sara.farooq@example.com,Yoga Mat,Sports,LHR-01,Lahore,,65.45,10,Debit Card
TXN000383,19/04/2026,Sara Malik,sara.malik@example.com,Running Shoes,Apparel,MUL-01,Multan,6,85.22,20,Cash
TXN000728,2025-07-13,Bilal Khan,bilal.khan@example.com,Bluetooth Speaker,Electronics,LHR-01,Lahore,6,88.47,15,cash
TXN002751,2025-10-27,SARA FAROOQ,sara.farooq@example.com,Laptop Stand,Electronics,MUL-01,Multan,6,32.77,0,Credit Card
TXN001018,20-Oct-2025,Sara Farooq,sara.farooq@example.com,Cycling Helmet,Sports,KHI-01,Karachi,4,131.15,0,Mobile Wallet
TXN001157,27-Apr-2026,Omar Raza,omar.raza@example.com,Running Shoes,Apparel,LHR-02,Lahore,1,159.78,0,Credit Card
TXN003840,13-May-2026,Faisal Farooq,faisal.farooq@example.com,Laptop Stand,Electronics,LHR-02,Lahore,1,179.36,0,cash
TXN000180,12/05/2026,Hina Farooq,hina.farooq@example.com,Hair Dryer,Beauty,KHI-01,Karachi,3,156.76,0,Mobile Wallet
TXN001918,2026-04-17,Zainab Raza,,USB-C Cable,Electronics,KHI-01,Karachi,6,121.1,0,Mobile Wallet
TXN001273,2026-04-09,Zainab Raza,zainab.raza@example.com,Wool Sweater,Apparel,LHR-02,Lahore,4,115.94,0,Credit Card
TXN001433,2024-06-16,  FATIMA IQBAL  ,fatima.iqbal@example.com,Wool Sweater,Apparel,KHI-01,Karachi,2,249.88,20,cash
TXN004039,2024-08-20,Faisal Farooq,faisal.farooq@example.com,Running Shoes,Apparel,LHR-01,Lahore,6,99.05,20,CREDIT CARD
TXN000388,2024-12-29,Kamran Iqbal,kamran.iqbal@example.com,Football,Sports,KHI-01,Karachi,,50.52,15,Cash
TXN002406,06-Jul-2025,Noor Malik,noor.malik@example.com,Blender,Home & Kitchen,MUL-01,Multan,1,127.37,0,Cash
TXN003783,01-Jan-2026,NOOR CHAUDHRY,noor.chaudhry@example.com,Laptop Stand,Electronics,PSH-01,Peshawar,6,198.24,20,CREDIT CARD
TXN002151,2025-07-23,Usman Chaudhry,usman.chaudhry@example.com,Football,Sports,FSD-01,Faisalabad,5,160.74,10,cash
TXN002203,06/09/2025,Usman Chaudhry,usman.chaudhry@example.com,Wireless Mouse,Electronics,LHR-01,Lahore,6,94.25,10,CREDIT CARD
TXN000750,22-Feb-2024,Noor Malik,noor.malik@example.com,Wireless Mouse,Electronics,KHI-02,Karachi,5,120.72,0,cash
TXN002238,10-Apr-2025,  NOOR CHAUDHRY  ,noor.chaudhry@example.com,Non-Stick Pan,Home & Kitchen,LHR-01,Lahore,5,55.22,10,CREDIT CARD
TXN000389,25-Apr-2024,Ahmed Khan,ahmed.khan@example.com,Ceramic Mug Set,Home & Kitchen,FSD-01,Faisalabad,6,122.98,10,Debit Card
TXN004196,03-Jan-2024,  Kamran Iqbal  ,kamran.iqbal@example.com,Yoga Mat,Sports,ISB-01,Islamabad,6,102.05,5,Cash
TXN000481,10/05/2024,  BILAL CHAUDHRY  ,bilal.chaudhry@example.com,Blender,Home & Kitchen,MUL-01,Multan,3,218.56,0,Debit Card
TXN002589,24-Feb-2025,  Ali Butt  ,ali.butt@example.com,Coffee Maker,Home & Kitchen,FSD-01,Faisalabad,1,67.39,0,Cash
TXN000754,25-Jan-2024,Fatima Sheikh,fatima.sheikh@example.com,Blender,Home & Kitchen,PSH-01,Peshawar,1,45.9,5,Mobile Wallet
TXN001142,18-May-2026,Fatima Sheikh,fatima.sheikh@example.com,Blender,Home & Kitchen,PSH-01,Peshawar,2,112.51,0,Credit Card
TXN000872,01-Mar-2026,Ali Malik,ali.malik@example.com,Running Shoes,Apparel,FSD-01,Faisalabad,2,151.62,0,cash
TXN003357,2024-04-08,Noor Khan,noor.khan@example.com,Shampoo 500ml,Beauty,KHI-02,Karachi,1,82.05,0,cash
TXN002207,16/02/2025,  SANA CHAUDHRY  ,sana.chaudhry@example.com,Ceramic Mug Set,Home & Kitchen,PSH-01,Peshawar,3,,5,Mobile Wallet
TXN000205,25-May-2024,Noor Farooq,noor.farooq@example.com,Bluetooth Speaker,Electronics,KHI-02,Karachi,1,73.56,10,Mobile Wallet
TXN001343,12-Feb-2026,  SANA IQBAL  ,sana.iqbal@example.com,Laptop Stand,Electronics,PSH-01,Peshawar,5,182.22,10,cash
TXN002790,2024-02-08,ALI KHAN,ali.khan@example.com,LED Desk Lamp,Home & Kitchen,ISB-01,Islamabad,4,76.76,10,Mobile Wallet
TXN002110,2024-07-21,Sara Chaudhry,sara.chaudhry@example.com,Wireless Mouse,Electronics,PSH-01,Peshawar,3,49.74,20,Mobile Wallet
TXN004932,09-Sep-2025,Ahmed Khan,ahmed.khan@example.com,Wireless Mouse,Electronics,KHI-01,Karachi,2,133.78,0,Credit Card
TXN004622,25/07/2025,Faisal Raza,faisal.raza@example.com,USB-C Cable,Electronics,LHR-01,Lahore,4,30.32,20,Credit Card
TXN000278,19-May-2026,Ayesha Sheikh,ayesha.sheikh@example.com,Laptop Stand,Electronics,KHI-01,Karachi,6,77.27,20,CREDIT CARD
TXN000892,2024-07-24,HASSAN FAROOQ,hassan.farooq@example.com,Coffee Maker,Home & Kitchen,MUL-01,Multan,6,91.04,20,Credit Card
TXN003435,2025-07-24,MARIAM MALIK,,Dumbbell Set,Sports,LHR-02,Lahore,6,20.22,0,Credit Card
TXN002019,2024-11-12,Noor Malik,noor.malik@example.com,Football,Sports,LHR-02,Lahore,2,48.63,15,Debit Card
TXN000763,2026-06-12,Ahmed Khan,ahmed.khan@example.com,Cycling Helmet,Sports,KHI-02,Karachi,3,169.97,0,CREDIT CARD
TXN004591,17-Dec-2025,Fatima Khan,fatima.khan@example.com,Cycling Helmet,Sports,LHR-02,Lahore,6,115.6,10,Credit Card
TXN000305,2024-10-02,Sana Raza,sana.raza@example.com,Non-Stick Pan,Home & Kitchen,KHI-01,Karachi,6,237.04,15,Cash
TXN003173,21-Jan-2024,Noor Malik,noor.malik@example.com,Face Moisturizer,Beauty,MUL-01,Multan,6,71.36,10,Cash
TXN001070,21/08/2024,AYESHA IQBAL,ayesha.iqbal@example.com,Sunscreen SPF50,Beauty,LHR-02,Lahore,1,95.54,20,cash
TXN000548,18/01/2025,Bilal Butt,bilal.butt@example.com,Wireless Mouse,Electronics,KHI-01,Karachi,6,151.89,10,cash
TXN002829,08/08/2025,Omar Butt,omar.butt@example.com,Non-Stick Pan,Home & Kitchen,LHR-02,Lahore,6,154.76,0,Mobile Wallet
TXN001566,02/05/2026,  USMAN BUTT  ,usman.butt@example.com,Resistance Bands,Sports,LHR-02,Lahore,2,198.21,20,Mobile Wallet
TXN000985,04-Oct-2024,Sana Raza,sana.raza@example.com,Cycling Helmet,Sports,KHI-01,Karachi,3,117.47,0,Credit Card
TXN003225,09-May-2025,USMAN RAZA,usman.raza@example.com,Ceramic Mug Set,Home & Kitchen,ISB-01,Islamabad,1,225.42,10,Mobile Wallet
TXN000244,2025-10-08,Omar Sheikh,omar.sheikh@example.com,Football,Sports,KHI-01,Karachi,,81.79,20,Cash
TXN002216,2024-02-03,SANA IQBAL,sana.iqbal@example.com,Resistance Bands,Sports,LHR-01,Lahore,2,23.37,10,Credit Card
TXN000596,2024-04-24,Ayesha Butt,ayesha.butt@example.com,Hair Dryer,Beauty,MUL-01,Multan,5,88.36,0,cash
TXN002688,16-Jun-2026,Ayesha Butt,ayesha.butt@example.com,Laptop Stand,Electronics,FSD-01,Faisalabad,4,95.26,10,CREDIT CARD
TXN003038,2024-11-14,Ayesha Raza,ayesha.raza@example.com,Denim Jacket,Apparel,KHI-02,Karachi,5,9.88,5,Mobile Wallet
TXN001400,03/04/2026,FAISAL FAROOQ,faisal.farooq@example.com,Football,Sports,LHR-02,Lahore,6,82.47,20,Credit Card
TXN002453,2026-04-03,Usman Chaudhry,usman.chaudhry@example.com,Wireless Mouse,Electronics,MUL-01,Multan,2,163.12,20,Cash
TXN004242,2026-04-05,Hassan Raza,hassan.raza@example.com,Lip Balm,Beauty,FSD-01,Faisalabad,6,215.69,10,Mobile Wallet
TXN001818,29/05/2026,Sana Chaudhry,sana.chaudhry@example.com,Webcam HD,Electronics,PSH-01,Peshawar,6,155.25,0,cash
TXN002670,2024-04-17,Bilal Butt,bilal.butt@example.com,Face Moisturizer,Beauty,LHR-01,Lahore,4,245.25,20,Debit Card
TXN000813,30-Oct-2025,Ali Sheikh,ali.sheikh@example.com,Ceramic Mug Set,Home & Kitchen,MUL-01,Multan,4,221.32,10,Debit Card
TXN004888,2024-01-04,SANA RAZA,sana.raza@example.com,Non-Stick Pan,Home & Kitchen,LHR-01,Lahore,5,144.3,0,cash
TXN002313,13-Mar-2024,FATIMA KHAN,fatima.khan@example.com,Blender,Home & Kitchen,KHI-01,Karachi,6,138.7,10,CREDIT CARD
TXN001954,26/12/2024,Kamran Sheikh,kamran.sheikh@example.com,Yoga Mat,Sports,ISB-01,Islamabad,4,74.27,15,Credit Card
TXN004262,04-Jul-2026,MARIAM MALIK,mariam.malik@example.com,Cotton T-Shirt,Apparel,LHR-02,Lahore,2,243.72,0,Mobile Wallet
TXN003210,29-Jan-2025,Ali Chaudhry,,Bluetooth Speaker,Electronics,ISB-01,Islamabad,6,182.38,15,cash
TXN002619,2025-03-20,Ayesha Sheikh,ayesha.sheikh@example.com,Coffee Maker,Home & Kitchen,FSD-01,Faisalabad,,119.26,0,Cash
TXN002053,09-Mar-2026,Ali Malik,ali.malik@example.com,Yoga Mat,Sports,PSH-01,Peshawar,4,172.86,0,Credit Card
TXN004725,2025-07-31,Omar Raza,omar.raza@example.com,Shampoo 500ml,Beauty,KHI-01,Karachi,2,66.06,20,CREDIT CARD
TXN001483,21-Oct-2024,Hina Sheikh,hina.sheikh@example.com,Cotton T-Shirt,Apparel,LHR-02,Lahore,,,15,CREDIT CARD
TXN003863,2024-12-24,Ali Chaudhry,ali.chaudhry@example.com,Non-Stick Pan,Home & Kitchen,KHI-01,Karachi,3,198.39,0,Debit Card
TXN002876,28-Apr-2025,KAMRAN SHEIKH,kamran.sheikh@example.com,Dumbbell Set,Sports,LHR-01,Lahore,4,71.47,20,Debit Card
TXN000592,2025-09-19,Kamran Butt,kamran.butt@example.com,Non-Stick Pan,Home & Kitchen,FSD-01,Faisalabad,4,90.34,0,CREDIT CARD
TXN003002,02/02/2025,Hina Butt,hina.butt@example.com,USB-C Cable,Electronics,MUL-01,Multan,1,140.37,5,Credit Card
TXN001270,2025-01-13,HASSAN SHEIKH,hassan.sheikh@example.com,Laptop Stand,Electronics,KHI-02,Karachi,1,136.19,10,Debit Card
TXN003177,2025-12-16,Noor Malik,noor.malik@example.com,Running Shoes,Apparel,KHI-02,Karachi,5,151.08,5,Credit Card
TXN000454,24-Sep-2024,Usman Chaudhry,usman.chaudhry@example.com,Football,Sports,PSH-01,Peshawar,5,89.19,0,Mobile Wallet
TXN003313,31/08/2025,Ali Iqbal,ali.iqbal@example.com,Hair Dryer,Beauty,ISB-01,Islamabad,2,114.34,10,Mobile Wallet
TXN002813,14/12/2025,  HASSAN CHAUDHRY  ,hassan.chaudhry@example.com,Hair Dryer,Beauty,KHI-01,Karachi,6,169.82,0,Credit Card
TXN000861,26-Nov-2024,Sana Farooq,sana.farooq@example.com,Yoga Mat,Sports,ISB-01,Islamabad,5,137.3,5,CREDIT CARD
TXN001394,18-Jul-2025,Hassan Raza,hassan.raza@example.com,Dumbbell Set,Sports,KHI-01,Karachi,5,23.44,0,CREDIT CARD
TXN003761,12-May-2026,USMAN BUTT,usman.butt@example.com,LED Desk Lamp,Home & Kitchen,FSD-01,Faisalabad,6,111.48,10,Cash
TXN002844,19/03/2024,Fatima Iqbal,fatima.iqbal@example.com,Yoga Mat,Sports,FSD-01,Faisalabad,2,177.79,20,Debit Card
TXN000993,11-Sep-2024,Usman Butt,usman.butt@example.com,Shampoo 500ml,Beauty,MUL-01,Multan,2,76.22,0,CREDIT CARD
TXN000242,11/06/2026,Omar Malik,omar.malik@example.com,Blender,Home & Kitchen,KHI-01,Karachi,3,108.02,5,Credit Card
TXN000237,04-Jun-2026,Usman Chaudhry,usman.chaudhry@example.com,Denim Jacket,Apparel,KHI-02,Karachi,2,7.18,0,Cash
TXN000500,29/12/2025,OMAR FAROOQ,omar.farooq@example.com,Sports Cap,Apparel,KHI-02,Karachi,6,240.15,5,Cash
TXN002292,08/01/2026,Ali Malik,ali.malik@example.com,Shampoo 500ml,Beauty,KHI-02,Karachi,5,223.66,20,cash
TXN004193,2026-03-11,  ZAINAB KHAN  ,zainab.khan@example.com,Laptop Stand,Electronics,FSD-01,Faisalabad,3,191.39,10,Cash
TXN000827,2025-08-16,Fatima Sheikh,fatima.sheikh@example.com,Sunscreen SPF50,Beauty,LHR-02,Lahore,3,181.89,0,Mobile Wallet
TXN002569,2026-06-07,Hina Iqbal,hina.iqbal@example.com,Ceramic Mug Set,Home & Kitchen,PSH-01,Peshawar,5,229.91,0,Credit Card
TXN000940,17/05/2025,  Faisal Sheikh  ,faisal.sheikh@example.com,USB-C Cable,Electronics,LHR-02,Lahore,6,152.64,20,Cash
TXN000021,2025-07-20,BILAL CHAUDHRY,bilal.chaudhry@example.com,Cycling Helmet,Sports,LHR-02,Lahore,5,71.73,15,CREDIT CARD
TXN000340,28/02/2026,  AHMED IQBAL  ,ahmed.iqbal@example.com,Webcam HD,Electronics,ISB-01,Islamabad,4,90.24,20,Cash
TXN003445,2025-05-16,Hina Chaudhry,hina.chaudhry@example.com,Bluetooth Speaker,Electronics,FSD-01,Faisalabad,1,35.14,5,Debit Card
TXN004348,02-Nov-2025,Ayesha Khan,ayesha.khan@example.com,Laptop Stand,Electronics,MUL-01,Multan,1,213.64,0,CREDIT CARD
TXN003073,29-Apr-2026,Sana Farooq,sana.farooq@example.com,Sunscreen SPF50,Beauty,MUL-01,Multan,4,96.61,0,CREDIT CARD
TXN002103,05-Feb-2025,Bilal Malik,bilal.malik@example.com,Yoga Mat,Sports,LHR-01,Lahore,6,183.13,0,Cash
TXN000151,2025-10-24,Bilal Iqbal,bilal.iqbal@example.com,Football,Sports,MUL-01,Multan,3,230.95,0,Credit Card
TXN001135,01/03/2024,Bilal Khan,bilal.khan@example.com,Bluetooth Speaker,Electronics,KHI-02,Karachi,1,185.88,5,Cash
TXN004709,2025-09-22,Sara Malik,sara.malik@example.com,Cycling Helmet,Sports,ISB-01,Islamabad,4,41.68,0,Mobile Wallet
TXN000310,03-Jul-2024,Mariam Raza,mariam.raza@example.com,Shampoo 500ml,Beauty,MUL-01,Multan,5,37.13,15,Debit Card
TXN001698,19-May-2026,Usman Iqbal,,Face Moisturizer,Beauty,MUL-01,Multan,1,109.45,20,Cash
TXN003159,31/12/2025,Ali Chaudhry,ali.chaudhry@example.com,Blender,Home & Kitchen,KHI-01,Karachi,3,75.84,5,Credit Card
TXN003282,31-Oct-2024,SANA KHAN,sana.khan@example.com,Dumbbell Set,Sports,KHI-02,Karachi,6,98.31,20,Credit Card
TXN002508,07-Oct-2025,Noor Khan,noor.khan@example.com,Coffee Maker,Home & Kitchen,MUL-01,Multan,1,229.92,10,Credit Card
TXN001803,2025-09-27,Zainab Butt,zainab.butt@example.com,LED Desk Lamp,Home & Kitchen,KHI-01,Karachi,,140.85,0,Credit Card
TXN000747,25-Apr-2024,AYESHA RAZA,ayesha.raza@example.com,Blender,Home & Kitchen,LHR-01,Lahore,2,23.98,20,CREDIT CARD
TXN004093,26/01/2025,Hassan Raza,hassan.raza@example.com,Resistance Bands,Sports,KHI-02,Karachi,4,99.72,0,Mobile Wallet
TXN001580,25/06/2024,Omar Raza,omar.raza@example.com,Football,Sports,FSD-01,Faisalabad,,120.21,10,Mobile Wallet
TXN001574,2024-09-14,Omar Chaudhry,omar.chaudhry@example.com,Yoga Mat,Sports,LHR-02,Lahore,1,6.0,15,CREDIT CARD
TXN001906,12/08/2025,FATIMA MALIK,fatima.malik@example.com,Ceramic Mug Set,Home & Kitchen,MUL-01,Multan,4,101.09,0,Mobile Wallet
TXN003417,19-Mar-2024,FATIMA KHAN,fatima.khan@example.com,Yoga Mat,Sports,FSD-01,Faisalabad,6,227.62,0,CREDIT CARD
TXN003603,20/01/2025,Zainab Chaudhry,zainab.chaudhry@example.com,Lip Balm,Beauty,LHR-02,Lahore,,117.58,20,Credit Card
TXN003108,29/06/2025,Sana Farooq,sana.farooq@example.com,Webcam HD,Electronics,FSD-01,Faisalabad,4,123.68,0,CREDIT CARD
TXN000464,2025-09-07,Hassan Chaudhry,hassan.chaudhry@example.com,Bluetooth Speaker,Electronics,MUL-01,Multan,1,104.44,20,Debit Card
TXN000825,20-Feb-2025,Sara Khan,sara.khan@example.com,Denim Jacket,Apparel,PSH-01,Peshawar,4,248.91,0,CREDIT CARD
TXN001811,03-Jul-2025,HINA IQBAL,hina.iqbal@example.com,Bluetooth Speaker,Electronics,ISB-01,Islamabad,3,46.12,0,Cash
TXN001658,08/06/2024,  Hina Farooq  ,hina.farooq@example.com,Cycling Helmet,Sports,KHI-01,Karachi,6,104.03,0,Mobile Wallet
TXN004586,2025-09-26,Sara Sheikh,sara.sheikh@example.com,Face Moisturizer,Beauty,ISB-01,Islamabad,3,171.43,5,cash
TXN003242,08-Jun-2024,Noor Malik,noor.malik@example.com,Running Shoes,Apparel,FSD-01,Faisalabad,6,240.43,10,Mobile Wallet
TXN002934,13/12/2024,ALI MALIK,ali.malik@example.com,Cotton T-Shirt,Apparel,KHI-02,Karachi,3,104.32,0,Credit Card
TXN000729,2024-05-21,Mariam Raza,mariam.raza@example.com,Sports Cap,Apparel,PSH-01,Peshawar,6,112.53,0,Cash
TXN001170,22/04/2026,  Fatima Farooq  ,fatima.farooq@example.com,Resistance Bands,Sports,ISB-01,Islamabad,4,45.46,0,Credit Card
TXN000788,2025-05-29,Omar Malik,omar.malik@example.com,Cotton T-Shirt,Apparel,ISB-01,Islamabad,1,153.66,5,Credit Card
TXN004363,24/10/2025,Ali Chaudhry,ali.chaudhry@example.com,Football,Sports,KHI-02,Karachi,3,10.69,15,Mobile Wallet
TXN001211,2024-08-23,  Fatima Khan  ,fatima.khan@example.com,Denim Jacket,Apparel,KHI-01,Karachi,1,222.8,5,Mobile Wallet
TXN001035,25-Nov-2024,Ayesha Farooq,,Hair Dryer,Beauty,LHR-02,Lahore,1,95.37,10,Debit Card
TXN002952,2024-06-29,Omar Iqbal,omar.iqbal@example.com,Hair Dryer,Beauty,PSH-01,Peshawar,5,141.05,20,cash
TXN004880,2024-09-28,BILAL BUTT,bilal.butt@example.com,Sports Cap,Apparel,ISB-01,Islamabad,3,163.33,0,Cash
TXN003608,15-Jan-2024,Bilal Butt,bilal.butt@example.com,Laptop Stand,Electronics,KHI-02,Karachi,6,83.43,0,Mobile Wallet
TXN000490,25-Oct-2025,Ahmed Raza,ahmed.raza@example.com,Sunscreen SPF50,Beauty,LHR-02,Lahore,4,179.84,0,Debit Card
TXN002627,07-Sep-2025,SARA CHAUDHRY,sara.chaudhry@example.com,Bluetooth Speaker,Electronics,PSH-01,Peshawar,4,66.51,10,CREDIT CARD
TXN003014,19-Jun-2025,Ahmed Raza,ahmed.raza@example.com,USB-C Cable,Electronics,MUL-01,Multan,3,158.26,0,Credit Card
TXN001481,14/10/2025,Mariam Chaudhry,mariam.chaudhry@example.com,Shampoo 500ml,Beauty,KHI-01,Karachi,1,185.59,10,Cash
TXN000526,27/09/2025,Ahmed Khan,ahmed.khan@example.com,Hair Dryer,Beauty,PSH-01,Peshawar,,165.0,5,Debit Card
TXN002405,17/07/2026,Ayesha Farooq,ayesha.farooq@example.com,Face Moisturizer,Beauty,MUL-01,Multan,6,223.55,0,CREDIT CARD
TXN002417,19-Jun-2026,Omar Malik,omar.malik@example.com,Ceramic Mug Set,Home & Kitchen,KHI-02,Karachi,5,53.93,15,Cash
TXN000271,2024-08-13,Mariam Malik,mariam.malik@example.com,Cycling Helmet,Sports,PSH-01,Peshawar,5,132.55,5,Credit Card
TXN001809,2025-11-30,Sana Chaudhry,sana.chaudhry@example.com,Wireless Mouse,Electronics,MUL-01,Multan,6,55.08,10,CREDIT CARD
TXN003132,14-Aug-2025,Kamran Sheikh,kamran.sheikh@example.com,Denim Jacket,Apparel,LHR-01,Lahore,3,75.79,0,Credit Card
TXN001815,17-Jul-2024,Usman Iqbal,usman.iqbal@example.com,Sunscreen SPF50,Beauty,LHR-01,Lahore,3,108.5,15,cash
TXN002316,15-Dec-2024,Ali Sheikh,ali.sheikh@example.com,Ceramic Mug Set,Home & Kitchen,KHI-01,Karachi,4,66.41,0,CREDIT CARD
TXN003098,03-Mar-2026,MARIAM MALIK,mariam.malik@example.com,Blender,Home & Kitchen,FSD-01,Faisalabad,2,61.28,10,Debit Card
TXN002686,20/10/2024,  Ali Khan  ,,Sports Cap,Apparel,LHR-01,Lahore,4,186.16,0,Debit Card
TXN001609,25-May-2026,  Ayesha Butt  ,ayesha.butt@example.com,LED Desk Lamp,Home & Kitchen,KHI-01,Karachi,5,96.35,10,Cash
TXN000308,21/12/2024,  Noor Farooq  ,noor.farooq@example.com,Dumbbell Set,Sports,LHR-01,Lahore,2,215.8,10,Mobile Wallet
TXN004498,29-May-2025,  Sana Raza  ,sana.raza@example.com,Dumbbell Set,Sports,LHR-02,Lahore,1,78.65,15,Debit Card
TXN000941,01/12/2024,Ahmed Farooq,ahmed.farooq@example.com,Coffee Maker,Home & Kitchen,FSD-01,Faisalabad,4,207.09,0,Mobile Wallet
TXN002337,2024-06-24,Hassan Chaudhry,hassan.chaudhry@example.com,Cycling Helmet,Sports,LHR-02,Lahore,5,225.56,20,Cash
TXN004976,17/06/2026,Omar Butt,omar.butt@example.com,Laptop Stand,Electronics,KHI-02,Karachi,5,22.34,10,Credit Card
TXN003478,09-Jul-2025,Sana Iqbal,sana.iqbal@example.com,Dumbbell Set,Sports,KHI-01,Karachi,5,245.72,0,Cash
TXN002226,29/03/2025,BILAL CHAUDHRY,bilal.chaudhry@example.com,LED Desk Lamp,Home & Kitchen,LHR-01,Lahore,,46.57,15,CREDIT CARD
TXN003646,08/05/2025,Usman Sheikh,usman.sheikh@example.com,Denim Jacket,Apparel,ISB-01,Islamabad,4,108.01,5,Mobile Wallet
TXN003649,17-May-2026,Ayesha Chaudhry,ayesha.chaudhry@example.com,Coffee Maker,Home & Kitchen,PSH-01,Peshawar,5,156.15,0,Cash
TXN004304,05-Feb-2025,SARA CHAUDHRY,sara.chaudhry@example.com,Sports Cap,Apparel,FSD-01,Faisalabad,3,54.65,5,Credit Card
TXN002309,30/07/2024,Bilal Chaudhry,,Coffee Maker,Home & Kitchen,LHR-02,Lahore,6,65.67,5,Debit Card
TXN000384,2024-07-19,Kamran Chaudhry,kamran.chaudhry@example.com,Bluetooth Speaker,Electronics,KHI-01,Karachi,3,171.97,15,Debit Card
TXN000688,2025-01-15,MARIAM BUTT,mariam.butt@example.com,Ceramic Mug Set,Home & Kitchen,KHI-01,Karachi,,195.98,15,Debit Card
TXN004742,15-Jan-2024,Kamran Butt,,Yoga Mat,Sports,FSD-01,Faisalabad,6,,0,Credit Card
TXN002967,22/01/2024,Faisal Farooq,faisal.farooq@example.com,Non-Stick Pan,Home & Kitchen,KHI-01,Karachi,4,103.3,15,CREDIT CARD
TXN002715,09-May-2026,Zainab Raza,zainab.raza@example.com,Dumbbell Set,Sports,MUL-01,Multan,1,200.55,20,Mobile Wallet
TXN002758,18-May-2026,Fatima Khan,fatima.khan@example.com,Ceramic Mug Set,Home & Kitchen,KHI-02,Karachi,4,16.15,15,CREDIT CARD
TXN002824,2024-04-03,Faisal Farooq,faisal.farooq@example.com,Cycling Helmet,Sports,FSD-01,Faisalabad,6,121.9,0,CREDIT CARD
TXN003139,2025-02-24,Faisal Malik,faisal.malik@example.com,Sports Cap,Apparel,FSD-01,Faisalabad,6,149.15,15,Mobile Wallet
TXN004054,18/03/2026,Omar Malik,omar.malik@example.com,Shampoo 500ml,Beauty,LHR-01,Lahore,2,7.55,0,Credit Card
TXN004227,2024-12-29,Bilal Khan,bilal.khan@example.com,Face Moisturizer,Beauty,KHI-02,Karachi,4,136.64,20,CREDIT CARD
TXN001537,05-Feb-2025,Kamran Chaudhry,kamran.chaudhry@example.com,Wireless Mouse,Electronics,FSD-01,Faisalabad,5,94.61,0,CREDIT CARD
TXN001158,07/04/2025,Faisal Farooq,faisal.farooq@example.com,Wireless Mouse,Electronics,FSD-01,Faisalabad,3,108.68,10,CREDIT CARD
TXN004689,17/01/2025,AYESHA BUTT,ayesha.butt@example.com,Yoga Mat,Sports,KHI-01,Karachi,2,38.7,15,Credit Card
TXN001230,01-Oct-2025,Sana Malik,sana.malik@example.com,Cycling Helmet,Sports,ISB-01,Islamabad,2,131.09,0,cash
TXN001980,2024-07-21,Sana Raza,sana.raza@example.com,Sunscreen SPF50,Beauty,KHI-02,Karachi,1,204.89,0,Mobile Wallet
TXN000783,2024-04-14,Fatima Butt,fatima.butt@example.com,Cotton T-Shirt,Apparel,KHI-01,Karachi,5,200.24,10,cash
TXN003452,03-Jan-2026,  FAISAL SHEIKH  ,faisal.sheikh@example.com,Non-Stick Pan,Home & Kitchen,KHI-01,Karachi,1,165.8,5,Cash
TXN004577,15/02/2025,Ayesha Farooq,ayesha.farooq@example.com,Cotton T-Shirt,Apparel,PSH-01,Peshawar,4,92.96,0,Mobile Wallet
TXN002073,12/10/2025,FAISAL KHAN,faisal.khan@example.com,Coffee Maker,Home & Kitchen,LHR-02,Lahore,1,64.11,15,Cash
TXN000140,29-May-2025,Fatima Farooq,fatima.farooq@example.com,Coffee Maker,Home & Kitchen,LHR-01,Lahore,6,193.61,0,Debit Card
TXN000085,15-Nov-2024,Faisal Iqbal,faisal.iqbal@example.com,Wireless Mouse,Electronics,KHI-02,Karachi,5,84.47,0,Cash
TXN004437,10/04/2024,HASSAN MALIK,hassan.malik@example.com,Running Shoes,Apparel,LHR-02,Lahore,4,205.49,20,Debit Card
TXN001234,30/03/2025,Ahmed Raza,ahmed.raza@example.com,Ceramic Mug Set,Home & Kitchen,KHI-01,Karachi,4,177.65,0,Credit Card
TXN002922,14-Jan-2026,Usman Butt,usman.butt@example.com,Non-Stick Pan,Home & Kitchen,LHR-02,Lahore,3,26.52,10,Credit Card
TXN003616,03/08/2025,Ali Chaudhry,ali.chaudhry@example.com,USB-C Cable,Electronics,KHI-02,Karachi,5,135.47,10,Mobile Wallet
TXN001851,2026-06-22,Kamran Sheikh,kamran.sheikh@example.com,Coffee Maker,Home & Kitchen,ISB-01,Islamabad,4,239.54,20,cash
TXN001765,2024-12-20,Ahmed Butt,ahmed.butt@example.com,Sports Cap,Apparel,PSH-01,Peshawar,3,46.67,5,Credit Card
TXN001901,2026-04-08,Omar Malik,omar.malik@example.com,Ceramic Mug Set,Home & Kitchen,LHR-01,Lahore,6,191.39,0,Mobile Wallet
TXN004095,20-Dec-2024,Ahmed Khan,ahmed.khan@example.com,Denim Jacket,Apparel,KHI-01,Karachi,4,171.34,0,Debit Card
TXN004748,2025-08-05,Hassan Chaudhry,hassan.chaudhry@example.com,Yoga Mat,Sports,PSH-01,Peshawar,1,174.07,0,Cash
TXN000396,04/04/2025,BILAL IQBAL,bilal.iqbal@example.com,Sunscreen SPF50,Beauty,ISB-01,Islamabad,5,171.23,10,CREDIT CARD
TXN004075,2026-02-03,Ahmed Chaudhry,ahmed.chaudhry@example.com,USB-C Cable,Electronics,LHR-01,Lahore,6,184.51,0,cash
TXN001664,30-Apr-2024,Bilal Khan,bilal.khan@example.com,Shampoo 500ml,Beauty,KHI-01,Karachi,6,176.55,0,cash
TXN002189,2024-12-14,Omar Sheikh,omar.sheikh@example.com,Cotton T-Shirt,Apparel,KHI-01,Karachi,6,88.68,10,Debit Card
TXN003336,08-Jul-2024,Mariam Chaudhry,mariam.chaudhry@example.com,Webcam HD,Electronics,KHI-02,Karachi,5,100.72,0,Debit Card
TXN002866,2026-01-14,  Sara Sheikh  ,sara.sheikh@example.com,Laptop Stand,Electronics,MUL-01,Multan,5,95.52,10,Credit Card
TXN003744,2026-03-19,Omar Chaudhry,omar.chaudhry@example.com,Resistance Bands,Sports,KHI-02,Karachi,2,61.85,20,CREDIT CARD
TXN003372,2026-06-30,Hassan Butt,hassan.butt@example.com,Wool Sweater,Apparel,PSH-01,Peshawar,6,210.71,0,CREDIT CARD
TXN004505,2024-09-15,Faisal Sheikh,faisal.sheikh@example.com,Coffee Maker,Home & Kitchen,KHI-01,Karachi,2,45.96,15,CREDIT CARD
TXN003150,22/05/2024,Ahmed Iqbal,ahmed.iqbal@example.com,Ceramic Mug Set,Home & Kitchen,FSD-01,Faisalabad,,211.89,20,Cash
TXN003689,16-Aug-2024,FATIMA BUTT,fatima.butt@example.com,Ceramic Mug Set,Home & Kitchen,FSD-01,Faisalabad,2,182.52,15,CREDIT CARD
TXN000673,15-Jun-2024,Kamran Iqbal,kamran.iqbal@example.com,Non-Stick Pan,Home & Kitchen,KHI-01,Karachi,3,111.79,5,CREDIT CARD
TXN003326,21/08/2024,Zainab Khan,zainab.khan@example.com,Lip Balm,Beauty,LHR-02,Lahore,4,237.9,0,Credit Card
TXN001686,22-Jul-2024,Noor Butt,noor.butt@example.com,Laptop Stand,Electronics,PSH-01,Peshawar,5,124.14,20,Cash
TXN002180,2024-03-07,ZAINAB RAZA,zainab.raza@example.com,Football,Sports,LHR-01,Lahore,2,,0,Mobile Wallet
TXN003342,17/05/2024,Kamran Farooq,kamran.farooq@example.com,Denim Jacket,Apparel,LHR-02,Lahore,6,195.46,10,Cash
TXN000214,2025-09-03,  Omar Iqbal  ,omar.iqbal@example.com,Football,Sports,FSD-01,Faisalabad,3,12.18,10,Debit Card
TXN001360,10-Jul-2026,Usman Malik,usman.malik@example.com,LED Desk Lamp,Home & Kitchen,FSD-01,Faisalabad,6,18.81,0,Credit Card
TXN003109,07-Feb-2024,Ali Malik,ali.malik@example.com,Ceramic Mug Set,Home & Kitchen,KHI-01,Karachi,4,174.24,0,CREDIT CARD
TXN001623,21/03/2025,Omar Chaudhry,omar.chaudhry@example.com,USB-C Cable,Electronics,LHR-01,Lahore,2,28.22,0,cash
TXN000344,18-Dec-2024,Noor Iqbal,noor.iqbal@example.com,Yoga Mat,Sports,LHR-02,Lahore,3,165.58,20,Mobile Wallet
TXN001729,26-Jul-2024,Ayesha Khan,ayesha.khan@example.com,Blender,Home & Kitchen,KHI-02,Karachi,5,114.73,10,cash
TXN004150,20/05/2024,  Ayesha Chaudhry  ,ayesha.chaudhry@example.com,Cotton T-Shirt,Apparel,ISB-01,Islamabad,1,241.41,0,Mobile Wallet
TXN004459,02/08/2025,  Sana Raza  ,sana.raza@example.com,Resistance Bands,Sports,LHR-02,Lahore,3,141.11,10,Credit Card
TXN003652,16-Oct-2024,Noor Iqbal,noor.iqbal@example.com,Football,Sports,LHR-01,Lahore,1,230.24,15,Debit Card
TXN002730,2024-02-03,NOOR SHEIKH,,Running Shoes,Apparel,LHR-01,Lahore,4,84.15,5,CREDIT CARD
TXN002152,31-Aug-2025,SARA RAZA,sara.raza@example.com,Dumbbell Set,Sports,KHI-02,Karachi,5,96.66,0,Debit Card
TXN003532,02-Sep-2025,  Zainab Chaudhry  ,zainab.chaudhry@example.com,USB-C Cable,Electronics,LHR-02,Lahore,3,150.51,0,Mobile Wallet
TXN001072,05/05/2024,  Sara Khan  ,,Dumbbell Set,Sports,KHI-01,Karachi,5,66.94,10,CREDIT CARD
TXN000966,2024-07-31,USMAN KHAN,usman.khan@example.com,Sports Cap,Apparel,LHR-02,Lahore,6,207.78,0,Mobile Wallet
TXN002177,2024-04-22,  Noor Raza  ,noor.raza@example.com,Cycling Helmet,Sports,LHR-02,Lahore,1,140.82,0,Credit Card
TXN003273,01-Feb-2025,NOOR RAZA,noor.raza@example.com,USB-C Cable,Electronics,LHR-01,Lahore,6,32.81,10,cash
TXN004378,16/03/2025,  Hassan Chaudhry  ,hassan.chaudhry@example.com,Ceramic Mug Set,Home & Kitchen,KHI-01,Karachi,2,136.81,10,CREDIT CARD
TXN004697,2025-10-16,FAISAL MALIK,faisal.malik@example.com,Cotton T-Shirt,Apparel,KHI-01,Karachi,1,109.15,15,cash
TXN002407,2025-08-08,Hina Iqbal,hina.iqbal@example.com,Non-Stick Pan,Home & Kitchen,PSH-01,Peshawar,2,25.13,10,cash
TXN003791,2024-10-03,Sara Butt,sara.butt@example.com,Face Moisturizer,Beauty,PSH-01,Peshawar,2,226.36,15,Mobile Wallet
TXN001112,2024-06-12,Hina Butt,hina.butt@example.com,Cotton T-Shirt,Apparel,KHI-01,Karachi,6,248.08,20,Debit Card
TXN004562,22-Jun-2025,Fatima Chaudhry,fatima.chaudhry@example.com,Bluetooth Speaker,Electronics,MUL-01,Multan,3,76.64,0,Credit Card
TXN003334,2026-04-23,Kamran Malik,kamran.malik@example.com,Cotton T-Shirt,Apparel,MUL-01,Multan,1,138.29,10,cash
TXN004294,2024-09-09,Hassan Raza,hassan.raza@example.com,Wireless Mouse,Electronics,MUL-01,Multan,3,37.85,15,Mobile Wallet
TXN002107,24-May-2025,FATIMA IQBAL,fatima.iqbal@example.com,Laptop Stand,Electronics,KHI-02,Karachi,1,128.44,15,CREDIT CARD
TXN000714,2025-07-12,Sara Chaudhry,sara.chaudhry@example.com,Running Shoes,Apparel,ISB-01,Islamabad,4,97.11,15,Debit Card
TXN004554,2024-09-29,NOOR IQBAL,noor.iqbal@example.com,Non-Stick Pan,Home & Kitchen,LHR-01,Lahore,1,147.61,0,Mobile Wallet
TXN000351,15-Nov-2024,Noor Butt,noor.butt@example.com,Hair Dryer,Beauty,KHI-02,Karachi,5,85.67,10,cash
TXN002454,19/03/2024,Sara Sheikh,sara.sheikh@example.com,Resistance Bands,Sports,LHR-01,Lahore,5,57.69,0,CREDIT CARD
TXN004216,2026-04-13,Bilal Sheikh,bilal.sheikh@example.com,Blender,Home & Kitchen,KHI-01,Karachi,3,108.18,20,cash
TXN002497,17/07/2026,Noor Butt,noor.butt@example.com,Sunscreen SPF50,Beauty,LHR-01,Lahore,4,9.19,0,Credit Card
TXN001326,10/02/2025,Sana Chaudhry,sana.chaudhry@example.com,Coffee Maker,Home & Kitchen,PSH-01,Peshawar,2,160.49,15,Debit Card
TXN002078,2025-11-16,Ahmed Raza,ahmed.raza@example.com,Cycling Helmet,Sports,PSH-01,Peshawar,2,210.74,20,Mobile Wallet
TXN001522,28/01/2025,Hina Iqbal,hina.iqbal@example.com,Football,Sports,KHI-01,Karachi,4,102.55,5,Cash
TXN002220,04-Aug-2025,Hina Khan,hina.khan@example.com,Lip Balm,Beauty,KHI-02,Karachi,2,112.51,10,Mobile Wallet
TXN003838,2025-12-10,BILAL KHAN,bilal.khan@example.com,Shampoo 500ml,Beauty,PSH-01,Peshawar,4,20.59,15,Mobile Wallet
TXN001808,02/01/2025,Kamran Malik,kamran.malik@example.com,Sports Cap,Apparel,ISB-01,Islamabad,,110.87,10,CREDIT CARD
TXN004936,21/03/2026,Noor Iqbal,noor.iqbal@example.com,Shampoo 500ml,Beauty,LHR-01,Lahore,4,126.59,5,cash
TXN002240,08-Jun-2026,ALI BUTT,ali.butt@example.com,Sports Cap,Apparel,LHR-01,Lahore,6,64.99,0,Cash
TXN000241,03/06/2025,Ayesha Farooq,ayesha.farooq@example.com,Dumbbell Set,Sports,FSD-01,Faisalabad,6,212.13,0,Mobile Wallet
TXN000418,29-Oct-2024,Noor Sheikh,noor.sheikh@example.com,Laptop Stand,Electronics,PSH-01,Peshawar,6,43.41,10,cash
TXN002504,22-Nov-2025,AYESHA RAZA,ayesha.raza@example.com,Ceramic Mug Set,Home & Kitchen,FSD-01,Faisalabad,4,218.33,10,Debit Card
TXN000629,13-Mar-2025,  Ayesha Raza  ,ayesha.raza@example.com,Cycling Helmet,Sports,KHI-02,Karachi,1,17.66,0,CREDIT CARD
TXN004806,29/09/2025,ALI KHAN,ali.khan@example.com,USB-C Cable,Electronics,LHR-02,Lahore,5,5.8,5,Cash
TXN002348,30-May-2024,Bilal Khan,bilal.khan@example.com,Ceramic Mug Set,Home & Kitchen,ISB-01,Islamabad,6,171.84,5,CREDIT CARD
TXN002382,22-Jun-2025,Omar Raza,omar.raza@example.com,Laptop Stand,Electronics,ISB-01,Islamabad,4,237.11,5,Mobile Wallet
TXN002012,11/04/2024,  HASSAN CHAUDHRY  ,hassan.chaudhry@example.com,USB-C Cable,Electronics,FSD-01,Faisalabad,5,100.79,10,Debit Card
TXN002579,2024-03-22,Fatima Khan,fatima.khan@example.com,Cycling Helmet,Sports,LHR-02,Lahore,4,98.75,20,Credit Card
TXN003133,01-Sep-2025,Noor Iqbal,noor.iqbal@example.com,Non-Stick Pan,Home & Kitchen,FSD-01,Faisalabad,6,160.29,10,Mobile Wallet
TXN001069,2024-09-24,  Ali Khan  ,ali.khan@example.com,Football,Sports,PSH-01,Peshawar,6,97.58,10,Debit Card
TXN004151,2025-04-01,Zainab Malik,zainab.malik@example.com,Football,Sports,KHI-02,Karachi,6,55.94,5,Credit Card
TXN003588,2025-10-16,Zainab Raza,zainab.raza@example.com,Running Shoes,Apparel,LHR-02,Lahore,3,57.07,10,CREDIT CARD
TXN000411,01-Apr-2024,  ALI FAROOQ  ,ali.farooq@example.com,Football,Sports,KHI-01,Karachi,3,164.68,20,Mobile Wallet
TXN001813,2024-08-14,Ahmed Iqbal,ahmed.iqbal@example.com,Dumbbell Set,Sports,MUL-01,Multan,,181.42,20,Cash
TXN000784,03-Apr-2024,Hina Khan,hina.khan@example.com,Football,Sports,KHI-02,Karachi,2,,0,Credit Card
TXN003898,06-Aug-2024,Kamran Butt,kamran.butt@example.com,Sunscreen SPF50,Beauty,KHI-01,Karachi,6,43.62,0,CREDIT CARD
TXN001356,06/11/2024,Fatima Khan,fatima.khan@example.com,Wool Sweater,Apparel,FSD-01,Faisalabad,5,37.22,0,CREDIT CARD
TXN001004,2024-02-22,Mariam Butt,mariam.butt@example.com,Sunscreen SPF50,Beauty,PSH-01,Peshawar,6,237.19,0,Debit Card
TXN003185,07/12/2025,Bilal Sheikh,bilal.sheikh@example.com,Face Moisturizer,Beauty,MUL-01,Multan,,37.4,15,Credit Card
TXN001302,07-Sep-2024,Fatima Iqbal,fatima.iqbal@example.com,Non-Stick Pan,Home & Kitchen,ISB-01,Islamabad,6,64.4,10,Mobile Wallet
TXN004842,12-Jun-2025,Ayesha Raza,ayesha.raza@example.com,Lip Balm,Beauty,KHI-02,Karachi,2,225.37,5,Credit Card
TXN003266,24-Feb-2026,Fatima Butt,fatima.butt@example.com,Lip Balm,Beauty,ISB-01,Islamabad,6,91.22,20,Credit Card
TXN004961,30/11/2025,KAMRAN KHAN,kamran.khan@example.com,Denim Jacket,Apparel,LHR-02,Lahore,3,172.7,5,Credit Card
TXN001034,13/02/2026,Mariam Khan,mariam.khan@example.com,Dumbbell Set,Sports,PSH-01,Peshawar,5,30.37,0,Cash
TXN000451,2026-01-29,Faisal Iqbal,faisal.iqbal@example.com,Wireless Mouse,Electronics,KHI-01,Karachi,2,20.85,5,Credit Card
TXN004610,07/11/2025,Noor Chaudhry,noor.chaudhry@example.com,Shampoo 500ml,Beauty,KHI-01,Karachi,4,193.98,0,Cash
TXN001931,18/10/2025,Ayesha Chaudhry,,Sports Cap,Apparel,LHR-01,Lahore,4,35.71,0,CREDIT CARD
TXN003403,24-Jan-2024,  Hassan Sheikh  ,hassan.sheikh@example.com,Wireless Mouse,Electronics,FSD-01,Faisalabad,2,186.63,20,Credit Card
TXN001224,2026-01-21,  Sana Khan  ,sana.khan@example.com,Denim Jacket,Apparel,FSD-01,Faisalabad,4,20.53,0,Mobile Wallet
TXN000342,15/05/2024,Ayesha Iqbal,ayesha.iqbal@example.com,Resistance Bands,Sports,LHR-02,Lahore,5,25.22,0,Credit Card
TXN001241,07/08/2024,  HASSAN RAZA  ,hassan.raza@example.com,Yoga Mat,Sports,LHR-01,Lahore,5,16.17,0,Credit Card
TXN003956,03-Jan-2026,Ali Chaudhry,ali.chaudhry@example.com,Resistance Bands,Sports,KHI-01,Karachi,6,57.65,0,Cash
TXN001516,08-Nov-2025,Hina Khan,,Face Moisturizer,Beauty,LHR-02,Lahore,2,39.94,5,cash
TXN000809,2024-02-10,Usman Farooq,usman.farooq@example.com,Blender,Home & Kitchen,ISB-01,Islamabad,4,217.63,15,Debit Card
TXN003758,2024-07-14,Usman Butt,usman.butt@example.com,Hair Dryer,Beauty,LHR-02,Lahore,5,102.4,20,Mobile Wallet
TXN000212,13/10/2024,Hina Raza,hina.raza@example.com,Laptop Stand,Electronics,MUL-01,Multan,1,221.44,15,Debit Card
TXN000110,2024-09-30,Sana Farooq,sana.farooq@example.com,Lip Balm,Beauty,KHI-01,Karachi,1,183.13,0,cash
TXN003938,04-Feb-2025,  Ayesha Malik  ,ayesha.malik@example.com,Sports Cap,Apparel,LHR-01,Lahore,4,166.53,20,Debit Card
TXN001621,08/03/2024,Zainab Farooq,zainab.farooq@example.com,Dumbbell Set,Sports,LHR-01,Lahore,3,231.66,0,Debit Card
TXN000163,2026-05-08,SARA RAZA,,Ceramic Mug Set,Home & Kitchen,KHI-01,Karachi,5,88.45,20,Debit Card
TXN001067,2025-11-19,Ali Sheikh,ali.sheikh@example.com,Cycling Helmet,Sports,LHR-01,Lahore,5,199.7,0,Cash
TXN001503,01/03/2024,Bilal Sheikh,bilal.sheikh@example.com,Non-Stick Pan,Home & Kitchen,ISB-01,Islamabad,5,163.74,0,cash
TXN004306,14-Jan-2025,Hina Malik,hina.malik@example.com,Sunscreen SPF50,Beauty,LHR-01,Lahore,6,159.86,0,Credit Card
TXN003806,11-Mar-2026,Hina Sheikh,hina.sheikh@example.com,Face Moisturizer,Beauty,PSH-01,Peshawar,5,146.27,10,CREDIT CARD
TXN001770,24/01/2024,  Sana Iqbal  ,sana.iqbal@example.com,Resistance Bands,Sports,ISB-01,Islamabad,3,36.7,0,Mobile Wallet
TXN004194,12-Oct-2025,Kamran Malik,kamran.malik@example.com,Hair Dryer,Beauty,FSD-01,Faisalabad,3,154.88,5,cash
TXN000238,05-Nov-2024,Faisal Raza,faisal.raza@example.com,LED Desk Lamp,Home & Kitchen,MUL-01,Multan,5,132.56,10,CREDIT CARD
TXN000353,21-Apr-2026,Noor Iqbal,,Cotton T-Shirt,Apparel,FSD-01,Faisalabad,3,233.65,0,Cash
TXN001875,01-Nov-2025,Noor Sheikh,noor.sheikh@example.com,Non-Stick Pan,Home & Kitchen,KHI-02,Karachi,1,78.98,0,Mobile Wallet
TXN001934,09/02/2026,KAMRAN BUTT,kamran.butt@example.com,USB-C Cable,Electronics,KHI-01,Karachi,2,50.16,0,Mobile Wallet
TXN002959,07-Dec-2025,Ali Iqbal,ali.iqbal@example.com,LED Desk Lamp,Home & Kitchen,LHR-01,Lahore,3,222.42,0,Credit Card
TXN000240,02/11/2025,Faisal Raza,faisal.raza@example.com,Dumbbell Set,Sports,LHR-01,Lahore,3,249.38,15,Credit Card
TXN002159,2024-05-06,  NOOR IQBAL  ,,Dumbbell Set,Sports,LHR-02,Lahore,3,152.79,15,CREDIT CARD
TXN002638,2026-05-10,Mariam Chaudhry,mariam.chaudhry@example.com,Webcam HD,Electronics,KHI-02,Karachi,4,170.46,10,cash
TXN004972,2025-02-24,Kamran Raza,kamran.raza@example.com,Ceramic Mug Set,Home & Kitchen,PSH-01,Peshawar,2,95.02,0,Debit Card
TXN001764,07/10/2024,  Sara Raza  ,sara.raza@example.com,Lip Balm,Beauty,FSD-01,Faisalabad,,17.52,5,CREDIT CARD
TXN004406,06-Apr-2026,Mariam Farooq,mariam.farooq@example.com,Cotton T-Shirt,Apparel,LHR-01,Lahore,4,183.7,20,Credit Card
TXN002002,11-Apr-2025,Mariam Farooq,mariam.farooq@example.com,Bluetooth Speaker,Electronics,FSD-01,Faisalabad,3,52.91,0,Debit Card
TXN001167,2024-11-20,Omar Butt,omar.butt@example.com,Blender,Home & Kitchen,LHR-01,Lahore,5,15.36,10,Debit Card
TXN000817,2025-08-08,Faisal Chaudhry,faisal.chaudhry@example.com,Shampoo 500ml,Beauty,KHI-01,Karachi,5,159.69,15,cash
TXN002906,2025-12-01,Hina Farooq,hina.farooq@example.com,Hair Dryer,Beauty,KHI-02,Karachi,4,178.68,5,Cash
TXN001376,2025-08-13,Sana Malik,sana.malik@example.com,Wireless Mouse,Electronics,KHI-02,Karachi,1,222.44,20,CREDIT CARD
TXN003155,2025-01-07,Ayesha Malik,ayesha.malik@example.com,Webcam HD,Electronics,FSD-01,Faisalabad,4,185.72,5,cash
TXN003113,19-May-2024,Ayesha Chaudhry,ayesha.chaudhry@example.com,LED Desk Lamp,Home & Kitchen,KHI-02,Karachi,6,70.05,5,Credit Card
TXN003819,2025-05-27,Fatima Chaudhry,fatima.chaudhry@example.com,Ceramic Mug Set,Home & Kitchen,MUL-01,Multan,1,50.59,15,cash
TXN003467,29/08/2025,ZAINAB IQBAL,zainab.iqbal@example.com,Bluetooth Speaker,Electronics,KHI-02,Karachi,5,212.16,15,CREDIT CARD
TXN000174,2024-03-28,ALI FAROOQ,ali.farooq@example.com,Dumbbell Set,Sports,FSD-01,Faisalabad,6,208.67,5,Cash
TXN002457,2025-12-06,Sana Raza,sana.raza@example.com,Cotton T-Shirt,Apparel,PSH-01,Peshawar,1,6.91,15,CREDIT CARD
TXN002917,21/02/2024,Mariam Khan,mariam.khan@example.com,Football,Sports,LHR-02,Lahore,4,102.53,20,Mobile Wallet
TXN003389,16/05/2024,KAMRAN BUTT,kamran.butt@example.com,Wireless Mouse,Electronics,LHR-02,Lahore,1,163.75,15,Mobile Wallet
TXN001199,14-Dec-2025,Ayesha Farooq,ayesha.farooq@example.com,Bluetooth Speaker,Electronics,ISB-01,Islamabad,5,183.73,20,CREDIT CARD
TXN004267,2026-04-23,AYESHA CHAUDHRY,ayesha.chaudhry@example.com,Non-Stick Pan,Home & Kitchen,LHR-02,Lahore,6,38.89,20,Mobile Wallet
TXN002598,2026-06-04,Hina Farooq,hina.farooq@example.com,Cycling Helmet,Sports,KHI-02,Karachi,3,27.78,20,CREDIT CARD
TXN004988,2026-06-03,Fatima Malik,fatima.malik@example.com,Webcam HD,Electronics,FSD-01,Faisalabad,2,171.39,15,Mobile Wallet
TXN002179,18-Dec-2025,Omar Iqbal,omar.iqbal@example.com,Cotton T-Shirt,Apparel,ISB-01,Islamabad,1,249.13,15,Mobile Wallet
TXN000290,2025-08-29,Noor Khan,noor.khan@example.com,Sports Cap,Apparel,KHI-01,Karachi,5,38.01,0,Cash
TXN000858,2025-03-05,Zainab Raza,zainab.raza@example.com,Wireless Mouse,Electronics,KHI-02,Karachi,5,47.79,20,CREDIT CARD
TXN004851,2024-07-13,Zainab Chaudhry,zainab.chaudhry@example.com,Sunscreen SPF50,Beauty,LHR-02,Lahore,,115.88,15,CREDIT CARD
TXN003354,03/09/2025,Sara Raza,sara.raza@example.com,Blender,Home & Kitchen,PSH-01,Peshawar,5,72.57,10,Debit Card
TXN002854,04/04/2024,Hassan Malik,hassan.malik@example.com,Bluetooth Speaker,Electronics,LHR-02,Lahore,1,29.95,0,Mobile Wallet
TXN000614,05/06/2026,Sana Malik,sana.malik@example.com,Bluetooth Speaker,Electronics,ISB-01,Islamabad,5,140.13,0,Mobile Wallet
TXN004849,01/01/2024,Zainab Khan,zainab.khan@example.com,Running Shoes,Apparel,FSD-01,Faisalabad,5,85.16,15,Credit Card
TXN002285,2026-04-02,Ayesha Raza,ayesha.raza@example.com,Dumbbell Set,Sports,KHI-01,Karachi,,191.26,0,cash
TXN004550,2025-02-26,Ahmed Iqbal,ahmed.iqbal@example.com,Denim Jacket,Apparel,MUL-01,Multan,1,36.71,0,Mobile Wallet
TXN002403,2026-04-15,Hassan Farooq,hassan.farooq@example.com,Cycling Helmet,Sports,MUL-01,Multan,1,185.41,0,Mobile Wallet
TXN004789,05-Jul-2025,FAISAL MALIK,faisal.malik@example.com,Hair Dryer,Beauty,KHI-01,Karachi,5,236.66,15,Credit Card
TXN001590,07-Sep-2024,FAISAL CHAUDHRY,faisal.chaudhry@example.com,Sports Cap,Apparel,FSD-01,Faisalabad,2,192.78,15,CREDIT CARD
TXN003517,2025-10-25,SANA CHAUDHRY,sana.chaudhry@example.com,Wireless Mouse,Electronics,KHI-01,Karachi,2,20.64,10,cash
TXN002010,21/07/2024,Hassan Sheikh,hassan.sheikh@example.com,Cotton T-Shirt,Apparel,KHI-02,Karachi,2,86.07,20,cash
TXN003116,2024-01-06,  Kamran Farooq  ,kamran.farooq@example.com,Running Shoes,Apparel,LHR-02,Lahore,4,179.89,0,Cash
TXN000403,2026-01-15,Ali Farooq,ali.farooq@example.com,Running Shoes,Apparel,MUL-01,Multan,1,137.33,20,Mobile Wallet
TXN003777,18/12/2025,  Fatima Sheikh  ,fatima.sheikh@example.com,Laptop Stand,Electronics,LHR-01,Lahore,3,87.37,0,Cash
TXN000787,2026-07-31,Mariam Iqbal,mariam.iqbal@example.com,USB-C Cable,Electronics,PSH-01,Peshawar,2,98.7,0,Mobile Wallet
TXN004201,2024-01-02,Ahmed Chaudhry,ahmed.chaudhry@example.com,Resistance Bands,Sports,LHR-01,Lahore,5,174.74,0,Cash
TXN003982,09-Apr-2025,  Ahmed Malik  ,ahmed.malik@example.com,Face Moisturizer,Beauty,KHI-01,Karachi,2,,20,Mobile Wallet
TXN000262,08/08/2024,USMAN BUTT,usman.butt@example.com,Face Moisturizer,Beauty,ISB-01,Islamabad,2,207.02,5,Credit Card
TXN004631,22/08/2024,Zainab Chaudhry,zainab.chaudhry@example.com,Denim Jacket,Apparel,LHR-02,Lahore,1,108.7,0,cash
TXN004175,2025-11-18,Zainab Farooq,zainab.farooq@example.com,Cycling Helmet,Sports,LHR-01,Lahore,4,54.63,5,cash
TXN001408,02-Oct-2024,Usman Raza,usman.raza@example.com,Wool Sweater,Apparel,KHI-01,Karachi,4,112.08,0,Credit Card
TXN004876,08-Mar-2025,Sana Sheikh,sana.sheikh@example.com,Shampoo 500ml,Beauty,KHI-02,Karachi,,176.95,15,Mobile Wallet
TXN000709,16-Jun-2025,  Noor Chaudhry  ,noor.chaudhry@example.com,LED Desk Lamp,Home & Kitchen,MUL-01,Multan,5,89.1,10,Debit Card
TXN001910,26/02/2024,HINA FAROOQ,hina.farooq@example.com,Wool Sweater,Apparel,PSH-01,Peshawar,3,191.03,5,Cash
TXN003297,04-Jun-2026,Omar Khan,omar.khan@example.com,Coffee Maker,Home & Kitchen,KHI-01,Karachi,2,50.96,0,Debit Card
TXN000560,2024-10-17,HINA BUTT,,Football,Sports,LHR-01,Lahore,6,62.09,0,cash
TXN000666,29-May-2024,Kamran Khan,kamran.khan@example.com,Face Moisturizer,Beauty,ISB-01,Islamabad,5,57.3,5,Credit Card
TXN002105,2026-03-11,OMAR KHAN,omar.khan@example.com,Lip Balm,Beauty,LHR-01,Lahore,2,10.62,10,Debit Card
TXN003383,11-Mar-2024,KAMRAN SHEIKH,kamran.sheikh@example.com,Denim Jacket,Apparel,KHI-02,Karachi,2,123.34,15,Credit Card
TXN001573,15-Aug-2024,Noor Chaudhry,noor.chaudhry@example.com,Denim Jacket,Apparel,MUL-01,Multan,4,68.03,15,cash
TXN002250,28-Oct-2024,FATIMA RAZA,fatima.raza@example.com,Football,Sports,MUL-01,Multan,5,140.83,20,Debit Card
TXN004746,06-Sep-2024,Noor Sheikh,noor.sheikh@example.com,Coffee Maker,Home & Kitchen,PSH-01,Peshawar,3,28.4,15,Cash
TXN003257,2024-04-07,Ahmed Raza,ahmed.raza@example.com,Ceramic Mug Set,Home & Kitchen,FSD-01,Faisalabad,4,40.29,15,Debit Card
TXN000281,04/12/2024,Hassan Malik,hassan.malik@example.com,USB-C Cable,Electronics,LHR-02,Lahore,6,36.41,0,Cash
TXN002849,06/01/2024,Hassan Butt,hassan.butt@example.com,Face Moisturizer,Beauty,MUL-01,Multan,5,74.25,0,CREDIT CARD
TXN000886,03-Jun-2025,Bilal Malik,bilal.malik@example.com,Running Shoes,Apparel,KHI-02,Karachi,3,121.56,0,CREDIT CARD
TXN000372,23/12/2025,Hina Malik,hina.malik@example.com,Sports Cap,Apparel,MUL-01,Multan,3,178.91,0,Debit Card
TXN000691,05/01/2024,Zainab Khan,zainab.khan@example.com,Sports Cap,Apparel,LHR-01,Lahore,4,74.67,10,Credit Card
TXN003544,08-Jan-2024,Sana Iqbal,,Shampoo 500ml,Beauty,KHI-02,Karachi,2,156.68,10,Credit Card
TXN000807,2025-04-10,Omar Sheikh,omar.sheikh@example.com,Face Moisturizer,Beauty,KHI-01,Karachi,6,124.1,0,Mobile Wallet
TXN000657,2024-11-12,  SANA KHAN  ,sana.khan@example.com,Resistance Bands,Sports,LHR-01,Lahore,3,245.23,0,Mobile Wallet
TXN004014,10-Jun-2026,Kamran Chaudhry,kamran.chaudhry@example.com,Wireless Mouse,Electronics,ISB-01,Islamabad,2,45.11,20,CREDIT CARD
TXN000840,2026-03-15,Bilal Raza,bilal.raza@example.com,Blender,Home & Kitchen,KHI-02,Karachi,5,213.83,10,Mobile Wallet
TXN001316,2026-01-03,Sana Sheikh,sana.sheikh@example.com,Denim Jacket,Apparel,ISB-01,Islamabad,5,16.43,20,cash
TXN001125,2025-01-07,  Ayesha Chaudhry  ,ayesha.chaudhry@example.com,Bluetooth Speaker,Electronics,FSD-01,Faisalabad,1,101.66,0,Debit Card
TXN000428,12-May-2025,Noor Raza,noor.raza@example.com,Sports Cap,Apparel,FSD-01,Faisalabad,5,168.13,0,cash
TXN004600,2025-06-02,Hina Sheikh,hina.sheikh@example.com,Laptop Stand,Electronics,KHI-02,Karachi,6,162.34,20,Mobile Wallet
TXN002637,01-May-2024,Mariam Farooq,mariam.farooq@example.com,Sports Cap,Apparel,FSD-01,Faisalabad,6,187.74,10,Cash
TXN003485,2026-05-15,Fatima Farooq,fatima.farooq@example.com,USB-C Cable,Electronics,PSH-01,Peshawar,4,191.11,20,CREDIT CARD
TXN000040,11/08/2024,Bilal Farooq,bilal.farooq@example.com,Dumbbell Set,Sports,KHI-02,Karachi,3,176.37,15,CREDIT CARD
TXN000907,2026-02-26,Mariam Farooq,mariam.farooq@example.com,Bluetooth Speaker,Electronics,MUL-01,Multan,5,167.4,0,CREDIT CARD
TXN002092,07-Jul-2026,MARIAM RAZA,mariam.raza@example.com,Blender,Home & Kitchen,FSD-01,Faisalabad,6,63.8,15,Credit Card
TXN004204,2026-05-24,ALI BUTT,ali.butt@example.com,Coffee Maker,Home & Kitchen,PSH-01,Peshawar,1,236.29,0,Mobile Wallet
TXN004085,05-Feb-2025,  Zainab Butt  ,zainab.butt@example.com,Football,Sports,ISB-01,Islamabad,3,72.04,0,Debit Card
TXN002009,2025-03-04,  Hina Butt  ,hina.butt@example.com,Denim Jacket,Apparel,MUL-01,Multan,2,249.03,0,CREDIT CARD
TXN003700,17/05/2025,  Sara Iqbal  ,sara.iqbal@example.com,Denim Jacket,Apparel,LHR-02,Lahore,,168.04,0,Credit Card
TXN000610,2024-08-08,AHMED BUTT,ahmed.butt@example.com,Wireless Mouse,Electronics,KHI-02,Karachi,2,152.53,15,cash
TXN003771,2024-01-02,Usman Butt,usman.butt@example.com,Sunscreen SPF50,Beauty,KHI-01,Karachi,6,117.97,5,Debit Card
TXN003348,24/05/2025,Zainab Raza,zainab.raza@example.com,Running Shoes,Apparel,MUL-01,Multan,3,107.33,5,Mobile Wallet
TXN003084,03/10/2025,  Omar Chaudhry  ,omar.chaudhry@example.com,Sports Cap,Apparel,ISB-01,Islamabad,1,6.74,0,CREDIT CARD
TXN004058,15-Aug-2025,MARIAM BUTT,mariam.butt@example.com,Yoga Mat,Sports,MUL-01,Multan,6,151.15,20,Credit Card
TXN003590,2024-05-27,Zainab Khan,zainab.khan@example.com,Face Moisturizer,Beauty,MUL-01,Multan,6,232.76,0,Cash
TXN004260,30-Sep-2024,  Ali Khan  ,ali.khan@example.com,Lip Balm,Beauty,FSD-01,Faisalabad,1,249.26,15,Credit Card
TXN002573,02-Mar-2024,Usman Sheikh,usman.sheikh@example.com,Shampoo 500ml,Beauty,LHR-02,Lahore,5,107.37,5,Debit Card
TXN001165,28/02/2025,ALI KHAN,ali.khan@example.com,Denim Jacket,Apparel,PSH-01,Peshawar,3,29.54,0,Credit Card
TXN004593,25-Oct-2025,Fatima Farooq,fatima.farooq@example.com,Laptop Stand,Electronics,KHI-01,Karachi,2,176.68,15,Credit Card
TXN002746,2024-06-03,MARIAM FAROOQ,mariam.farooq@example.com,USB-C Cable,Electronics,LHR-01,Lahore,6,179.77,20,Mobile Wallet
TXN002938,12-Jun-2024,Zainab Khan,zainab.khan@example.com,Blender,Home & Kitchen,KHI-01,Karachi,3,97.87,15,Cash
TXN001033,19-Jan-2024,Faisal Butt,faisal.butt@example.com,USB-C Cable,Electronics,KHI-01,Karachi,1,202.07,0,Cash
TXN001025,31-Jan-2026,Bilal Raza,bilal.raza@example.com,Dumbbell Set,Sports,KHI-02,Karachi,4,71.99,10,cash
TXN000703,2024-01-04,Mariam Chaudhry,mariam.chaudhry@example.com,Denim Jacket,Apparel,KHI-02,Karachi,6,50.34,20,CREDIT CARD
TXN003166,2025-08-27,Ali Butt,ali.butt@example.com,Face Moisturizer,Beauty,LHR-02,Lahore,6,236.26,0,cash
TXN002725,21-Jul-2025,Omar Butt,omar.butt@example.com,Sunscreen SPF50,Beauty,LHR-01,Lahore,2,135.83,20,CREDIT CARD
TXN000694,19/02/2024,  Ahmed Chaudhry  ,ahmed.chaudhry@example.com,Blender,Home & Kitchen,LHR-01,Lahore,3,23.39,5,Debit Card
TXN002064,27-May-2025,Ayesha Raza,ayesha.raza@example.com,Denim Jacket,Apparel,LHR-02,Lahore,6,56.36,15,Debit Card
TXN002580,19-Sep-2025,Noor Khan,noor.khan@example.com,Face Moisturizer,Beauty,ISB-01,Islamabad,5,87.2,20,CREDIT CARD
TXN002234,18-Dec-2024,USMAN RAZA,,LED Desk Lamp,Home & Kitchen,PSH-01,Peshawar,6,190.56,0,Mobile Wallet
TXN001526,10/08/2024,Ahmed Chaudhry,ahmed.chaudhry@example.com,USB-C Cable,Electronics,KHI-02,Karachi,2,33.96,0,Cash
TXN003994,25-May-2024,Zainab Iqbal,zainab.iqbal@example.com,Wool Sweater,Apparel,LHR-02,Lahore,5,79.84,15,CREDIT CARD
TXN000226,24/03/2024,Ali Butt,ali.butt@example.com,Shampoo 500ml,Beauty,LHR-02,Lahore,3,211.72,15,Debit Card
TXN004011,22-Jul-2025,Usman Butt,usman.butt@example.com,Hair Dryer,Beauty,KHI-01,Karachi,4,219.46,15,CREDIT CARD
TXN001065,23-Mar-2024,Kamran Malik,,Webcam HD,Electronics,KHI-01,Karachi,4,191.23,20,Debit Card
TXN002965,2024-06-14,Zainab Iqbal,zainab.iqbal@example.com,LED Desk Lamp,Home & Kitchen,FSD-01,Faisalabad,1,28.93,0,Cash
TXN003309,20/12/2024,Ahmed Sheikh,ahmed.sheikh@example.com,Cycling Helmet,Sports,FSD-01,Faisalabad,5,34.03,0,cash
TXN001992,30-Jun-2026,Faisal Khan,faisal.khan@example.com,Denim Jacket,Apparel,ISB-01,Islamabad,4,205.88,0,Credit Card
TXN002437,17/10/2024,Noor Farooq,noor.farooq@example.com,Denim Jacket,Apparel,FSD-01,Faisalabad,4,95.57,15,Debit Card
TXN003428,26/06/2024,KAMRAN BUTT,kamran.butt@example.com,Dumbbell Set,Sports,KHI-01,Karachi,4,193.04,15,cash
TXN001892,2024-08-15,Zainab Malik,zainab.malik@example.com,Football,Sports,LHR-01,Lahore,6,60.42,15,Debit Card
TXN002184,2025-11-04,Hassan Malik,hassan.malik@example.com,Lip Balm,Beauty,KHI-01,Karachi,3,76.14,15,Mobile Wallet
TXN003805,2024-01-01,Faisal Raza,faisal.raza@example.com,Denim Jacket,Apparel,LHR-02,Lahore,5,99.94,0,cash
TXN001946,2026-01-30,Ayesha Raza,ayesha.raza@example.com,Yoga Mat,Sports,LHR-02,Lahore,3,183.66,20,Credit Card
TXN002689,21/06/2025,Hina Malik,hina.malik@example.com,Football,Sports,KHI-01,Karachi,6,142.23,15,cash
TXN001854,01/05/2026,Omar Iqbal,omar.iqbal@example.com,Cotton T-Shirt,Apparel,MUL-01,Multan,4,123.81,10,Mobile Wallet
TXN004949,22/04/2024,Hina Raza,hina.raza@example.com,Bluetooth Speaker,Electronics,MUL-01,Multan,2,190.97,20,cash
TXN002773,2026-07-17,Bilal Sheikh,bilal.sheikh@example.com,Bluetooth Speaker,Electronics,KHI-02,Karachi,2,141.64,15,Mobile Wallet
TXN001735,28/12/2025,  ALI RAZA  ,ali.raza@example.com,Dumbbell Set,Sports,FSD-01,Faisalabad,4,35.58,5,Debit Card
TXN004455,22-Dec-2024,  Omar Sheikh  ,omar.sheikh@example.com,Laptop Stand,Electronics,ISB-01,Islamabad,5,17.55,10,CREDIT CARD
TXN002461,26/01/2024,Hina Malik,hina.malik@example.com,Bluetooth Speaker,Electronics,KHI-02,Karachi,6,215.97,0,cash
TXN000871,2024-10-09,  Usman Butt  ,usman.butt@example.com,Wool Sweater,Apparel,MUL-01,Multan,1,223.7,15,Cash
TXN000002,2024-01-07,Ayesha Farooq,ayesha.farooq@example.com,Dumbbell Set,Sports,MUL-01,Multan,3,176.04,20,Debit Card
TXN001251,24-Oct-2025,Usman Iqbal,usman.iqbal@example.com,Yoga Mat,Sports,KHI-01,Karachi,2,182.76,10,Credit Card
TXN001013,2025-11-09,Sara Butt,sara.butt@example.com,Cycling Helmet,Sports,ISB-01,Islamabad,1,194.87,0,Mobile Wallet
TXN002281,2025-09-16,AYESHA SHEIKH,ayesha.sheikh@example.com,USB-C Cable,Electronics,PSH-01,Peshawar,2,113.65,5,Mobile Wallet
TXN002298,18-Nov-2025,  Sana Farooq  ,sana.farooq@example.com,Football,Sports,PSH-01,Peshawar,6,118.72,0,Credit Card
TXN003829,2025-11-17,Hassan Chaudhry,hassan.chaudhry@example.com,Resistance Bands,Sports,LHR-02,Lahore,2,57.58,15,Debit Card
TXN002325,2025-09-13,Faisal Farooq,faisal.farooq@example.com,Yoga Mat,Sports,KHI-02,Karachi,3,228.72,10,Credit Card
TXN000955,25-Jan-2025,Ali Chaudhry,ali.chaudhry@example.com,Webcam HD,Electronics,LHR-01,Lahore,2,144.19,15,Cash
TXN001836,2024-04-02,Omar Sheikh,omar.sheikh@example.com,Bluetooth Speaker,Electronics,LHR-02,Lahore,4,77.45,0,CREDIT CARD
TXN003579,26/03/2024,  ALI CHAUDHRY  ,ali.chaudhry@example.com,Sports Cap,Apparel,MUL-01,Multan,6,74.38,0,cash
TXN004173,02/02/2025,Bilal Farooq,bilal.farooq@example.com,Cotton T-Shirt,Apparel,LHR-02,Lahore,2,247.73,20,Mobile Wallet
TXN004546,10/01/2025,Ahmed Iqbal,ahmed.iqbal@example.com,Face Moisturizer,Beauty,LHR-02,Lahore,5,72.55,15,Mobile Wallet
TXN000419,17/01/2026,Usman Farooq,usman.farooq@example.com,Laptop Stand,Electronics,PSH-01,Peshawar,2,185.36,0,cash
TXN002734,13-May-2026,Omar Farooq,omar.farooq@example.com,Ceramic Mug Set,Home & Kitchen,ISB-01,Islamabad,1,155.93,10,Credit Card
TXN004695,2025-06-30,Fatima Butt,fatima.butt@example.com,Laptop Stand,Electronics,LHR-01,Lahore,1,171.2,0,Cash
TXN000162,2025-02-11,Usman Sheikh,usman.sheikh@example.com,Running Shoes,Apparel,LHR-01,Lahore,5,78.32,5,CREDIT CARD
TXN002788,23/10/2025,ALI SHEIKH,ali.sheikh@example.com,Sunscreen SPF50,Beauty,ISB-01,Islamabad,5,200.73,0,Credit Card
TXN002388,2024-06-03,  NOOR KHAN  ,noor.khan@example.com,Webcam HD,Electronics,KHI-01,Karachi,6,11.74,0,Credit Card
TXN001005,11/02/2024,Zainab Raza,zainab.raza@example.com,Sunscreen SPF50,Beauty,LHR-02,Lahore,3,21.6,0,Credit Card
TXN001551,30-Sep-2025,  Fatima Sheikh  ,fatima.sheikh@example.com,Cycling Helmet,Sports,KHI-02,Karachi,1,135.69,0,Mobile Wallet
TXN003867,23/03/2024,Usman Khan,usman.khan@example.com,Sunscreen SPF50,Beauty,PSH-01,Peshawar,1,54.38,20,Mobile Wallet
TXN004561,2024-12-21,Noor Sheikh,noor.sheikh@example.com,Running Shoes,Apparel,MUL-01,Multan,3,39.47,20,Cash
TXN003373,26/08/2024,Ayesha Butt,ayesha.butt@example.com,Laptop Stand,Electronics,KHI-02,Karachi,2,127.7,0,Cash
TXN003765,22/05/2024,NOOR KHAN,noor.khan@example.com,Ceramic Mug Set,Home & Kitchen,PSH-01,Peshawar,4,154.03,0,Debit Card
TXN000381,2025-09-27,Zainab Farooq,zainab.farooq@example.com,USB-C Cable,Electronics,LHR-02,Lahore,4,139.25,20,CREDIT CARD
TXN002505,2024-05-24,Hina Khan,hina.khan@example.com,Coffee Maker,Home & Kitchen,MUL-01,Multan,2,102.48,0,Credit Card
TXN000064,12/04/2024,Noor Malik,noor.malik@example.com,Coffee Maker,Home & Kitchen,LHR-02,Lahore,3,45.76,20,Credit Card
TXN003901,03-May-2024,Sana Malik,sana.malik@example.com,Cotton T-Shirt,Apparel,KHI-02,Karachi,3,233.14,0,Debit Card
TXN002397,09/08/2024,Ayesha Farooq,ayesha.farooq@example.com,Non-Stick Pan,Home & Kitchen,PSH-01,Peshawar,1,120.81,0,Credit Card
TXN003217,2024-07-09,Sara Raza,sara.raza@example.com,Ceramic Mug Set,Home & Kitchen,LHR-02,Lahore,5,237.41,0,Mobile Wallet
TXN000744,10/01/2024,  Hassan Sheikh  ,hassan.sheikh@example.com,Blender,Home & Kitchen,FSD-01,Faisalabad,3,14.07,0,Mobile Wallet
TXN002223,05-May-2025,Usman Raza,usman.raza@example.com,Cycling Helmet,Sports,PSH-01,Peshawar,2,76.87,20,Mobile Wallet
TXN003174,2024-08-22,USMAN IQBAL,usman.iqbal@example.com,Sunscreen SPF50,Beauty,PSH-01,Peshawar,5,58.54,0,Mobile Wallet
TXN003325,05/11/2025,FAISAL BUTT,faisal.butt@example.com,Ceramic Mug Set,Home & Kitchen,MUL-01,Multan,5,144.73,15,Credit Card
TXN004360,25-Dec-2025,Ahmed Chaudhry,ahmed.chaudhry@example.com,Sports Cap,Apparel,FSD-01,Faisalabad,3,160.93,15,cash
TXN003408,01-Jan-2026,  Hina Chaudhry  ,hina.chaudhry@example.com,Wireless Mouse,Electronics,KHI-02,Karachi,5,142.86,0,Mobile Wallet
TXN002268,21/09/2025,Noor Iqbal,noor.iqbal@example.com,USB-C Cable,Electronics,FSD-01,Faisalabad,2,7.51,10,Credit Card
TXN001432,2024-09-10,USMAN CHAUDHRY,,Running Shoes,Apparel,ISB-01,Islamabad,4,34.02,10,Mobile Wallet
TXN001200,2026-02-08,ZAINAB SHEIKH,,Blender,Home & Kitchen,KHI-01,Karachi,3,128.35,0,Credit Card
TXN000492,26-Feb-2026,Kamran Chaudhry,,Sunscreen SPF50,Beauty,LHR-02,Lahore,6,8.99,0,Mobile Wallet
TXN004087,07-Feb-2025,Sana Iqbal,sana.iqbal@example.com,Denim Jacket,Apparel,KHI-01,Karachi,5,159.77,0,cash
TXN001475,11-Jun-2024,KAMRAN BUTT,kamran.butt@example.com,Football,Sports,LHR-02,Lahore,5,186.75,0,Debit Card
TXN004330,2026-02-09,Hassan Butt,hassan.butt@example.com,Bluetooth Speaker,Electronics,MUL-01,Multan,2,102.63,0,Debit Card
TXN002754,17/06/2026,Fatima Chaudhry,fatima.chaudhry@example.com,Running Shoes,Apparel,LHR-02,Lahore,4,166.43,10,Cash
TXN004801,21/07/2026,MARIAM IQBAL,mariam.iqbal@example.com,Face Moisturizer,Beauty,MUL-01,Multan,4,211.18,0,Cash
TXN001969,2025-01-27,Fatima Butt,fatima.butt@example.com,Yoga Mat,Sports,ISB-01,Islamabad,4,11.0,20,cash
TXN004494,12-Apr-2025,Hassan Iqbal,hassan.iqbal@example.com,Cycling Helmet,Sports,FSD-01,Faisalabad,3,103.46,10,Credit Card
TXN004735,11/02/2024,Ali Farooq,,Yoga Mat,Sports,LHR-02,Lahore,,95.52,20,Credit Card
TXN003454,04/10/2024,Sara Chaudhry,sara.chaudhry@example.com,Resistance Bands,Sports,PSH-01,Peshawar,,231.32,0,Debit Card
TXN000568,2026-01-01,Hassan Sheikh,hassan.sheikh@example.com,Cotton T-Shirt,Apparel,LHR-01,Lahore,5,223.71,20,CREDIT CARD
TXN004555,2026-03-26,Ayesha Iqbal,ayesha.iqbal@example.com,Bluetooth Speaker,Electronics,KHI-02,Karachi,3,135.85,15,Mobile Wallet
TXN001064,2024-05-19,Omar Malik,omar.malik@example.com,Sports Cap,Apparel,LHR-02,Lahore,4,15.78,20,Cash
TXN001960,02-Feb-2024,Ali Khan,ali.khan@example.com,LED Desk Lamp,Home & Kitchen,FSD-01,Faisalabad,6,248.41,10,Cash
TXN004197,2026-05-27,Mariam Butt,mariam.butt@example.com,Denim Jacket,Apparel,FSD-01,Faisalabad,5,182.45,15,Mobile Wallet
TXN001606,31/12/2024,Ayesha Chaudhry,,Yoga Mat,Sports,KHI-01,Karachi,3,130.53,20,Debit Card
TXN003747,2025-03-28,Zainab Chaudhry,zainab.chaudhry@example.com,Resistance Bands,Sports,PSH-01,Peshawar,5,96.45,0,cash
TXN002445,24-Nov-2025,BILAL CHAUDHRY,bilal.chaudhry@example.com,Blender,Home & Kitchen,MUL-01,Multan,3,168.57,10,Mobile Wallet
TXN002921,2026-06-12,Hassan Sheikh,hassan.sheikh@example.com,Shampoo 500ml,Beauty,PSH-01,Peshawar,4,144.62,5,Debit Card
TXN004565,05/12/2025,FAISAL BUTT,faisal.butt@example.com,Wool Sweater,Apparel,KHI-01,Karachi,,148.36,15,cash
TXN003878,2025-08-24,AHMED RAZA,ahmed.raza@example.com,Resistance Bands,Sports,LHR-02,Lahore,5,11.5,20,Credit Card
TXN003524,04-May-2026,Mariam Khan,mariam.khan@example.com,Sunscreen SPF50,Beauty,LHR-01,Lahore,6,213.88,0,Mobile Wallet
TXN000070,27/04/2024,Sana Chaudhry,sana.chaudhry@example.com,Coffee Maker,Home & Kitchen,ISB-01,Islamabad,2,240.91,15,CREDIT CARD
TXN004491,2025-06-22,Sara Malik,sara.malik@example.com,Cotton T-Shirt,Apparel,KHI-02,Karachi,6,201.66,20,cash
TXN003138,03-Mar-2024,Hina Sheikh,hina.sheikh@example.com,Denim Jacket,Apparel,PSH-01,Peshawar,4,148.58,0,Debit Card
TXN004429,05/11/2024,Ali Iqbal,ali.iqbal@example.com,Bluetooth Speaker,Electronics,PSH-01,Peshawar,5,212.45,20,Mobile Wallet
TXN004027,01-Mar-2025,Omar Malik,omar.malik@example.com,Coffee Maker,Home & Kitchen,FSD-01,Faisalabad,2,155.29,0,Credit Card
TXN002091,17-Mar-2025,Sara Raza,sara.raza@example.com,Shampoo 500ml,Beauty,PSH-01,Peshawar,4,157.14,0,Debit Card
TXN003129,19-Aug-2024,Ahmed Iqbal,ahmed.iqbal@example.com,LED Desk Lamp,Home & Kitchen,KHI-02,Karachi,3,9.17,10,Cash
TXN004514,2025-05-04,  Kamran Raza  ,kamran.raza@example.com,Hair Dryer,Beauty,MUL-01,Multan,4,206.17,0,CREDIT CARD
TXN002896,11-Nov-2024,Sara Malik,sara.malik@example.com,Bluetooth Speaker,Electronics,KHI-01,Karachi,6,42.29,0,Mobile Wallet
TXN000948,23-Feb-2024,Ayesha Khan,ayesha.khan@example.com,USB-C Cable,Electronics,KHI-02,Karachi,2,211.51,20,Cash
TXN001491,16/05/2026,  FATIMA FAROOQ  ,fatima.farooq@example.com,Lip Balm,Beauty,FSD-01,Faisalabad,5,156.83,0,Credit Card
TXN001744,02-Nov-2024,Sana Butt,sana.butt@example.com,Shampoo 500ml,Beauty,MUL-01,Multan,,81.73,5,Mobile Wallet
TXN003486,22/05/2025,Fatima Khan,fatima.khan@example.com,Coffee Maker,Home & Kitchen,KHI-01,Karachi,2,137.79,0,Mobile Wallet
TXN004527,2025-10-17,HINA MALIK,hina.malik@example.com,Resistance Bands,Sports,KHI-02,Karachi,3,,5,Credit Card
TXN003892,2024-01-05,HASSAN RAZA,hassan.raza@example.com,Blender,Home & Kitchen,LHR-02,Lahore,2,14.21,0,CREDIT CARD
TXN004984,29-Apr-2024,Usman Sheikh,usman.sheikh@example.com,Blender,Home & Kitchen,LHR-02,Lahore,1,241.04,0,Debit Card
TXN003151,29-Dec-2024,Fatima Khan,fatima.khan@example.com,LED Desk Lamp,Home & Kitchen,LHR-02,Lahore,6,105.57,5,CREDIT CARD
TXN001225,30-Jun-2024,Usman Sheikh,,Laptop Stand,Electronics,KHI-01,Karachi,5,44.92,20,Debit Card
TXN003934,11/09/2024,Mariam Butt,mariam.butt@example.com,Yoga Mat,Sports,PSH-01,Peshawar,4,234.33,0,Debit Card
TXN002271,17/06/2025,Noor Farooq,noor.farooq@example.com,Face Moisturizer,Beauty,KHI-02,Karachi,2,126.46,0,Debit Card
TXN002845,01/06/2026,Ahmed Sheikh,ahmed.sheikh@example.com,Shampoo 500ml,Beauty,MUL-01,Multan,2,130.79,10,Cash
TXN003802,2025-08-28,Hina Raza,hina.raza@example.com,LED Desk Lamp,Home & Kitchen,MUL-01,Multan,2,184.03,0,Credit Card
TXN001136,2025-12-24,Ali Sheikh,ali.sheikh@example.com,Football,Sports,FSD-01,Faisalabad,2,167.96,5,Mobile Wallet
TXN003093,22-Jun-2025,Mariam Khan,mariam.khan@example.com,Wireless Mouse,Electronics,LHR-01,Lahore,1,,0,Cash
TXN001506,2024-06-10,Zainab Chaudhry,zainab.chaudhry@example.com,Webcam HD,Electronics,MUL-01,Multan,6,55.53,15,Cash
TXN001638,06/02/2026,Usman Chaudhry,usman.chaudhry@example.com,Running Shoes,Apparel,ISB-01,Islamabad,,65.36,5,CREDIT CARD
TXN001889,2026-07-09,Usman Butt,usman.butt@example.com,Blender,Home & Kitchen,KHI-02,Karachi,4,32.27,5,Credit Card
TXN001191,2024-07-02,Bilal Chaudhry,bilal.chaudhry@example.com,Resistance Bands,Sports,ISB-01,Islamabad,4,76.86,0,CREDIT CARD
TXN001479,2024-02-28,Mariam Malik,mariam.malik@example.com,Resistance Bands,Sports,MUL-01,Multan,6,88.37,5,Debit Card
TXN004083,13/07/2026,Kamran Farooq,kamran.farooq@example.com,Yoga Mat,Sports,KHI-01,Karachi,1,54.57,5,cash
TXN001787,31-Dec-2024,Ahmed Butt,ahmed.butt@example.com,Wireless Mouse,Electronics,ISB-01,Islamabad,5,77.48,0,CREDIT CARD
TXN003216,27-Jan-2024,  Omar Sheikh  ,omar.sheikh@example.com,Coffee Maker,Home & Kitchen,KHI-02,Karachi,1,51.33,0,Debit Card
TXN004261,02-Dec-2024,NOOR MALIK,noor.malik@example.com,Coffee Maker,Home & Kitchen,ISB-01,Islamabad,3,86.92,5,cash
TXN001413,03-Sep-2025,  Hassan Iqbal  ,hassan.iqbal@example.com,Football,Sports,PSH-01,Peshawar,6,131.19,0,CREDIT CARD
TXN002745,2024-01-23,Ahmed Iqbal,ahmed.iqbal@example.com,Sunscreen SPF50,Beauty,LHR-02,Lahore,2,77.24,5,Mobile Wallet
TXN004345,27/08/2024,Omar Malik,omar.malik@example.com,Bluetooth Speaker,Electronics,KHI-01,Karachi,2,13.87,20,cash
TXN000819,23-Apr-2024,FAISAL MALIK,faisal.malik@example.com,Wool Sweater,Apparel,KHI-01,Karachi,2,75.89,5,cash
TXN002060,2026-02-24,Faisal Malik,faisal.malik@example.com,Sunscreen SPF50,Beauty,PSH-01,Peshawar,3,210.18,20,Mobile Wallet
TXN004755,19-Jul-2025,  Bilal Farooq  ,bilal.farooq@example.com,Wireless Mouse,Electronics,MUL-01,Multan,6,62.05,15,CREDIT CARD
TXN003952,08/01/2026,Ayesha Iqbal,ayesha.iqbal@example.com,Wool Sweater,Apparel,LHR-01,Lahore,3,220.35,20,CREDIT CARD
TXN000287,29/04/2026,Omar Malik,omar.malik@example.com,Face Moisturizer,Beauty,LHR-01,Lahore,3,209.54,5,CREDIT CARD
TXN004445,25-Jul-2025,Kamran Farooq,kamran.farooq@example.com,Shampoo 500ml,Beauty,LHR-02,Lahore,3,141.65,15,Cash
TXN000153,05/03/2026,Usman Iqbal,usman.iqbal@example.com,Laptop Stand,Electronics,KHI-02,Karachi,5,98.26,0,cash
TXN002816,2026-04-26,Bilal Butt,bilal.butt@example.com,Hair Dryer,Beauty,ISB-01,Islamabad,2,141.62,20,CREDIT CARD
TXN001504,12/03/2024,  Faisal Butt  ,faisal.butt@example.com,Face Moisturizer,Beauty,MUL-01,Multan,5,191.94,0,Mobile Wallet
TXN002239,05/06/2026,Hassan Raza,hassan.raza@example.com,Cotton T-Shirt,Apparel,KHI-02,Karachi,6,166.68,0,cash
TXN004703,15-Dec-2024,ZAINAB FAROOQ,zainab.farooq@example.com,Denim Jacket,Apparel,KHI-01,Karachi,5,237.4,15,CREDIT CARD
TXN001245,2024-01-12,Ali Butt,ali.butt@example.com,Running Shoes,Apparel,FSD-01,Faisalabad,4,125.84,5,Cash
TXN001183,01/01/2024,Ayesha Butt,ayesha.butt@example.com,Wool Sweater,Apparel,LHR-02,Lahore,2,50.71,10,cash
TXN002690,2025-04-11,NOOR BUTT,noor.butt@example.com,Shampoo 500ml,Beauty,PSH-01,Peshawar,5,147.36,20,Mobile Wallet
TXN000062,22/06/2025,Omar Malik,omar.malik@example.com,Face Moisturizer,Beauty,KHI-01,Karachi,2,8.76,0,Credit Card
TXN004088,21-Apr-2024,Mariam Iqbal,,Football,Sports,MUL-01,Multan,1,198.62,0,Debit Card
TXN000777,29/07/2025,Noor Khan,noor.khan@example.com,Cotton T-Shirt,Apparel,FSD-01,Faisalabad,3,138.67,5,CREDIT CARD
TXN004380,04-May-2026,Ali Raza,ali.raza@example.com,Sunscreen SPF50,Beauty,PSH-01,Peshawar,3,14.87,10,CREDIT CARD
TXN001873,18/01/2025,Fatima Iqbal,fatima.iqbal@example.com,Ceramic Mug Set,Home & Kitchen,ISB-01,Islamabad,6,57.43,0,cash
TXN001680,18-Aug-2025,Ali Khan,ali.khan@example.com,Face Moisturizer,Beauty,LHR-01,Lahore,1,88.69,0,Mobile Wallet
TXN003740,11-Jun-2026,Noor Malik,noor.malik@example.com,Cycling Helmet,Sports,KHI-01,Karachi,,244.63,10,Cash
TXN003925,2026-05-19,Noor Butt,noor.butt@example.com,Shampoo 500ml,Beauty,ISB-01,Islamabad,2,87.48,5,Debit Card
TXN001389,19/10/2025,Fatima Farooq,fatima.farooq@example.com,Shampoo 500ml,Beauty,PSH-01,Peshawar,5,202.48,20,Mobile Wallet
TXN002468,01/09/2025,Sana Sheikh,sana.sheikh@example.com,Non-Stick Pan,Home & Kitchen,LHR-02,Lahore,6,64.38,0,Credit Card
TXN000258,04/12/2024,Hina Malik,hina.malik@example.com,Football,Sports,PSH-01,Peshawar,2,17.34,20,Cash
TXN001604,22-Feb-2024,SARA CHAUDHRY,sara.chaudhry@example.com,Dumbbell Set,Sports,LHR-02,Lahore,1,230.34,15,Debit Card
TXN000474,26-Jun-2024,Kamran Farooq,kamran.farooq@example.com,Football,Sports,FSD-01,Faisalabad,3,150.29,5,Debit Card
TXN003226,21-Sep-2025,Ali Butt,ali.butt@example.com,Wireless Mouse,Electronics,KHI-01,Karachi,5,52.03,0,Debit Card
TXN001410,2024-01-22,  Ali Butt  ,ali.butt@example.com,USB-C Cable,Electronics,FSD-01,Faisalabad,4,139.39,15,Mobile Wallet
TXN000420,2025-05-31,Ahmed Khan,ahmed.khan@example.com,Yoga Mat,Sports,MUL-01,Multan,4,109.3,20,Credit Card
TXN001446,08/06/2024,Hassan Farooq,hassan.farooq@example.com,Non-Stick Pan,Home & Kitchen,LHR-02,Lahore,5,128.86,0,Debit Card
TXN004109,22/12/2024,Sara Butt,sara.butt@example.com,Blender,Home & Kitchen,MUL-01,Multan,1,173.72,0,Credit Card
TXN004260,30-Sep-2024,  Ali Khan  ,ali.khan@example.com,Lip Balm,Beauty,FSD-01,Faisalabad,1,249.26,15,Credit Card
TXN000957,09-Jun-2026,ALI MALIK,ali.malik@example.com,Laptop Stand,Electronics,KHI-01,Karachi,3,175.26,5,Credit Card
TXN000255,04-Jul-2024,Noor Farooq,noor.farooq@example.com,Bluetooth Speaker,Electronics,LHR-02,Lahore,3,98.04,20,CREDIT CARD
TXN002146,04/01/2026,USMAN MALIK,usman.malik@example.com,Denim Jacket,Apparel,FSD-01,Faisalabad,6,207.02,0,cash
TXN004741,07/04/2025,Ahmed Malik,ahmed.malik@example.com,Laptop Stand,Electronics,FSD-01,Faisalabad,6,12.93,15,CREDIT CARD
TXN004552,11/07/2024,Ayesha Malik,ayesha.malik@example.com,USB-C Cable,Electronics,FSD-01,Faisalabad,6,70.73,5,Credit Card
TXN003065,2025-07-11,HASSAN BUTT,hassan.butt@example.com,Coffee Maker,Home & Kitchen,KHI-02,Karachi,4,,0,Mobile Wallet
TXN003889,12-Jun-2024,Usman Sheikh,usman.sheikh@example.com,Sports Cap,Apparel,PSH-01,Peshawar,5,76.02,5,Cash
TXN000090,2026-03-08,Faisal Chaudhry,faisal.chaudhry@example.com,Football,Sports,LHR-02,Lahore,6,23.71,20,Debit Card
TXN000636,2024-05-01,Zainab Butt,zainab.butt@example.com,Football,Sports,ISB-01,Islamabad,5,59.86,0,Debit Card
TXN004854,2024-03-01,Hina Chaudhry,hina.chaudhry@example.com,Ceramic Mug Set,Home & Kitchen,KHI-01,Karachi,5,242.94,15,Debit Card
TXN001303,04-Nov-2025,Hassan Khan,hassan.khan@example.com,Cycling Helmet,Sports,MUL-01,Multan,2,142.53,10,Mobile Wallet
TXN001425,17/05/2026,Faisal Farooq,faisal.farooq@example.com,Wool Sweater,Apparel,KHI-01,Karachi,4,177.38,20,Mobile Wallet
TXN001760,2024-08-18,Zainab Butt,zainab.butt@example.com,Cotton T-Shirt,Apparel,KHI-02,Karachi,6,222.22,10,Mobile Wallet
TXN000799,12-Aug-2025,Ali Farooq,ali.farooq@example.com,Hair Dryer,Beauty,KHI-01,Karachi,4,111.57,15,Debit Card
TXN001429,13-Feb-2025,Mariam Chaudhry,mariam.chaudhry@example.com,Cycling Helmet,Sports,KHI-01,Karachi,3,174.28,0,Credit Card
TXN003360,2024-11-14,Hina Raza,hina.raza@example.com,Laptop Stand,Electronics,PSH-01,Peshawar,1,86.98,5,Debit Card
TXN002299,26-Jul-2024,ZAINAB IQBAL,zainab.iqbal@example.com,Hair Dryer,Beauty,MUL-01,Multan,5,82.89,10,CREDIT CARD
TXN000659,26-Feb-2026,Ayesha Butt,ayesha.butt@example.com,Face Moisturizer,Beauty,LHR-02,Lahore,5,44.46,15,cash
TXN004295,04/09/2024,Ali Khan,ali.khan@example.com,Yoga Mat,Sports,KHI-02,Karachi,3,220.25,0,CREDIT CARD
TXN002736,15/02/2025,Zainab Butt,zainab.butt@example.com,Ceramic Mug Set,Home & Kitchen,FSD-01,Faisalabad,3,93.45,5,CREDIT CARD
TXN004757,10/02/2026,MARIAM CHAUDHRY,mariam.chaudhry@example.com,Wireless Mouse,Electronics,FSD-01,Faisalabad,4,75.19,10,Credit Card
TXN002057,10-Dec-2025,Mariam Farooq,mariam.farooq@example.com,Sports Cap,Apparel,PSH-01,Peshawar,3,167.58,5,Debit Card
TXN001872,26/06/2024,Sara Chaudhry,sara.chaudhry@example.com,Cycling Helmet,Sports,KHI-02,Karachi,4,235.93,0,Credit Card
TXN002191,19-Sep-2025,  Hassan Raza  ,hassan.raza@example.com,Bluetooth Speaker,Electronics,LHR-02,Lahore,6,61.33,15,CREDIT CARD
TXN004916,2026-06-01,Zainab Sheikh,zainab.sheikh@example.com,Dumbbell Set,Sports,ISB-01,Islamabad,,113.42,15,CREDIT CARD
TXN001206,2025-12-05,Ahmed Butt,,LED Desk Lamp,Home & Kitchen,MUL-01,Multan,5,121.4,10,Credit Card
TXN000617,2024-09-02,  Omar Malik  ,omar.malik@example.com,USB-C Cable,Electronics,MUL-01,Multan,1,45.45,5,Credit Card
TXN003286,2024-04-26,Fatima Malik,fatima.malik@example.com,Hair Dryer,Beauty,LHR-02,Lahore,6,90.17,20,cash
TXN000121,31/10/2024,Sana Butt,sana.butt@example.com,Cycling Helmet,Sports,ISB-01,Islamabad,1,22.88,5,Cash
TXN000536,2024-04-09,Hina Raza,hina.raza@example.com,Bluetooth Speaker,Electronics,KHI-02,Karachi,1,122.59,0,Debit Card
TXN003538,20-Dec-2024,Sara Iqbal,sara.iqbal@example.com,Laptop Stand,Electronics,MUL-01,Multan,6,138.84,20,Debit Card
TXN002703,06/10/2025,NOOR MALIK,noor.malik@example.com,Face Moisturizer,Beauty,LHR-02,Lahore,1,242.46,15,Debit Card
TXN002603,01/01/2026,Hassan Raza,hassan.raza@example.com,Wireless Mouse,Electronics,LHR-01,Lahore,1,115.07,20,Mobile Wallet
TXN002334,2025-08-15,Ayesha Malik,ayesha.malik@example.com,Running Shoes,Apparel,PSH-01,Peshawar,1,22.34,10,Cash
TXN002139,23/02/2025,Kamran Iqbal,kamran.iqbal@example.com,Sunscreen SPF50,Beauty,ISB-01,Islamabad,4,19.52,0,Debit Card
TXN000302,10/04/2025,Mariam Chaudhry,mariam.chaudhry@example.com,Cycling Helmet,Sports,FSD-01,Faisalabad,3,145.85,10,Credit Card
TXN001581,27/12/2024,Zainab Khan,zainab.khan@example.com,Hair Dryer,Beauty,KHI-01,Karachi,2,84.65,0,Debit Card
TXN004945,15-Feb-2026,Sara Sheikh,sara.sheikh@example.com,Blender,Home & Kitchen,FSD-01,Faisalabad,5,86.78,15,CREDIT CARD
TXN002801,2026-02-10,Kamran Iqbal,kamran.iqbal@example.com,Ceramic Mug Set,Home & Kitchen,MUL-01,Multan,1,174.56,0,Cash
TXN001403,2025-11-21,  Sana Sheikh  ,sana.sheikh@example.com,LED Desk Lamp,Home & Kitchen,PSH-01,Peshawar,6,108.06,0,Mobile Wallet
TXN001092,28-May-2024,ZAINAB FAROOQ,zainab.farooq@example.com,Football,Sports,MUL-01,Multan,5,196.97,0,Cash
TXN001800,04/07/2025,Hina Sheikh,hina.sheikh@example.com,Sunscreen SPF50,Beauty,MUL-01,Multan,3,27.85,20,cash
TXN003005,21-Feb-2025,Usman Raza,usman.raza@example.com,Face Moisturizer,Beauty,MUL-01,Multan,5,144.41,5,Debit Card
TXN002592,07-Feb-2025,Ali Khan,ali.khan@example.com,Laptop Stand,Electronics,ISB-01,Islamabad,5,171.5,10,Mobile Wallet
TXN003727,2025-08-12,Sana Khan,sana.khan@example.com,Sports Cap,Apparel,ISB-01,Islamabad,3,163.54,5,Cash
TXN000662,29/04/2025,Sara Sheikh,sara.sheikh@example.com,LED Desk Lamp,Home & Kitchen,LHR-02,Lahore,4,191.97,0,cash
TXN003078,03-Mar-2024,Usman Iqbal,usman.iqbal@example.com,Coffee Maker,Home & Kitchen,ISB-01,Islamabad,5,249.08,20,Cash
TXN000073,30-Jan-2026,Bilal Iqbal,bilal.iqbal@example.com,Wireless Mouse,Electronics,KHI-02,Karachi,4,236.76,5,CREDIT CARD
TXN001712,09-Jan-2024,ALI FAROOQ,ali.farooq@example.com,Football,Sports,KHI-02,Karachi,2,116.89,0,Mobile Wallet
TXN002971,22/07/2026,Zainab Farooq,zainab.farooq@example.com,Laptop Stand,Electronics,FSD-01,Faisalabad,4,38.13,0,Mobile Wallet
TXN000713,22-Mar-2025,Hassan Chaudhry,hassan.chaudhry@example.com,Sunscreen SPF50,Beauty,LHR-02,Lahore,5,219.6,0,Cash
TXN000438,03-Nov-2024,Ayesha Khan,ayesha.khan@example.com,Ceramic Mug Set,Home & Kitchen,PSH-01,Peshawar,4,209.39,0,Mobile Wallet
TXN003294,27-Jul-2026,Zainab Khan,zainab.khan@example.com,Dumbbell Set,Sports,KHI-01,Karachi,5,25.94,0,CREDIT CARD
TXN003250,2024-05-23,Hina Iqbal,hina.iqbal@example.com,Cycling Helmet,Sports,FSD-01,Faisalabad,2,28.53,0,cash
TXN000774,07/09/2024,Sana Chaudhry,sana.chaudhry@example.com,Wool Sweater,Apparel,ISB-01,Islamabad,4,9.22,20,cash
TXN001441,22/09/2024,Faisal Iqbal,faisal.iqbal@example.com,Laptop Stand,Electronics,LHR-01,Lahore,1,168.26,15,Debit Card
TXN002895,06-Feb-2026,Zainab Butt,zainab.butt@example.com,Sports Cap,Apparel,FSD-01,Faisalabad,3,229.51,0,CREDIT CARD
TXN002014,05/04/2026,Ali Raza,ali.raza@example.com,Wireless Mouse,Electronics,FSD-01,Faisalabad,6,155.74,20,Cash
TXN003822,2025-12-18,Bilal Sheikh,bilal.sheikh@example.com,Sports Cap,Apparel,PSH-01,Peshawar,5,181.44,10,Mobile Wallet
TXN003721,02/11/2025,  Noor Chaudhry  ,noor.chaudhry@example.com,LED Desk Lamp,Home & Kitchen,LHR-02,Lahore,1,104.51,0,cash
TXN004495,2025-07-28,Faisal Chaudhry,faisal.chaudhry@example.com,Laptop Stand,Electronics,LHR-02,Lahore,2,147.73,5,Credit Card
TXN000491,11-Sep-2024,Bilal Sheikh,bilal.sheikh@example.com,Laptop Stand,Electronics,ISB-01,Islamabad,5,109.79,0,cash
TXN000225,16/07/2025,ZAINAB BUTT,zainab.butt@example.com,Cycling Helmet,Sports,ISB-01,Islamabad,,42.63,20,CREDIT CARD
TXN004753,25-Mar-2024,  Ahmed Iqbal  ,ahmed.iqbal@example.com,Coffee Maker,Home & Kitchen,KHI-02,Karachi,5,18.12,0,Debit Card
TXN000988,2024-01-11,Usman Khan,usman.khan@example.com,Cotton T-Shirt,Apparel,MUL-01,Multan,5,87.71,0,Cash
TXN001213,23-Feb-2026,Ahmed Farooq,ahmed.farooq@example.com,Coffee Maker,Home & Kitchen,LHR-02,Lahore,2,162.17,10,Debit Card
TXN002495,2025-10-02,KAMRAN IQBAL,kamran.iqbal@example.com,Dumbbell Set,Sports,MUL-01,Multan,5,14.89,15,cash
TXN000243,25-Jan-2025,Sana Butt,sana.butt@example.com,Resistance Bands,Sports,LHR-02,Lahore,1,78.1,0,Debit Card
TXN000823,2026-05-20,Ali Iqbal,ali.iqbal@example.com,Face Moisturizer,Beauty,FSD-01,Faisalabad,6,117.15,15,Cash
TXN001007,13-Nov-2025,Kamran Farooq,kamran.farooq@example.com,Webcam HD,Electronics,LHR-02,Lahore,5,183.52,0,Mobile Wallet
TXN003312,22/09/2024,FAISAL FAROOQ,faisal.farooq@example.com,Laptop Stand,Electronics,KHI-02,Karachi,5,5.99,0,Credit Card
TXN003993,2025-10-30,FATIMA IQBAL,fatima.iqbal@example.com,Denim Jacket,Apparel,KHI-01,Karachi,3,147.4,20,Credit Card
TXN003009,2025-06-13,AHMED SHEIKH,ahmed.sheikh@example.com,Ceramic Mug Set,Home & Kitchen,PSH-01,Peshawar,5,156.37,5,Credit Card
TXN000349,16/05/2025,Ahmed Butt,ahmed.butt@example.com,Hair Dryer,Beauty,LHR-01,Lahore,1,187.38,15,Debit Card
TXN003593,25/10/2025,Zainab Butt,zainab.butt@example.com,Lip Balm,Beauty,FSD-01,Faisalabad,4,154.74,5,CREDIT CARD
TXN004444,03/11/2025,  Kamran Khan  ,kamran.khan@example.com,Ceramic Mug Set,Home & Kitchen,KHI-01,Karachi,5,14.7,10,CREDIT CARD
TXN003392,2024-08-03,SARA RAZA,sara.raza@example.com,Laptop Stand,Electronics,MUL-01,Multan,5,27.06,0,Credit Card
TXN003629,12/04/2026,HASSAN KHAN,hassan.khan@example.com,Webcam HD,Electronics,LHR-01,Lahore,3,89.45,15,cash
TXN000095,04/03/2026,Mariam Raza,mariam.raza@example.com,Hair Dryer,Beauty,KHI-01,Karachi,1,171.33,0,Debit Card
TXN003927,2024-06-02,  Ahmed Khan  ,ahmed.khan@example.com,Cotton T-Shirt,Apparel,KHI-01,Karachi,3,167.12,0,Cash
TXN001474,04-Jun-2025,Hassan Farooq,,Shampoo 500ml,Beauty,MUL-01,Multan,3,229.86,0,CREDIT CARD
TXN000360,25/12/2025,  Fatima Farooq  ,,Cotton T-Shirt,Apparel,LHR-02,Lahore,5,183.08,10,Mobile Wallet
TXN001151,2024-12-11,Ahmed Chaudhry,ahmed.chaudhry@example.com,Denim Jacket,Apparel,KHI-02,Karachi,6,136.36,15,Debit Card
TXN004788,22-Mar-2025,Hina Farooq,hina.farooq@example.com,Wool Sweater,Apparel,KHI-02,Karachi,1,175.15,0,cash
TXN004418,16-Dec-2024,  Noor Iqbal  ,noor.iqbal@example.com,Lip Balm,Beauty,KHI-02,Karachi,5,57.07,20,Credit Card
TXN001877,05/05/2024,Zainab Raza,zainab.raza@example.com,Dumbbell Set,Sports,PSH-01,Peshawar,5,11.22,0,Mobile Wallet
TXN004956,2024-07-29,Hassan Malik,hassan.malik@example.com,Ceramic Mug Set,Home & Kitchen,FSD-01,Faisalabad,2,241.84,20,Mobile Wallet
TXN002683,08-Oct-2025,MARIAM FAROOQ,mariam.farooq@example.com,Blender,Home & Kitchen,FSD-01,Faisalabad,3,136.13,10,Mobile Wallet
TXN004099,2026-05-30,Noor Sheikh,noor.sheikh@example.com,Bluetooth Speaker,Electronics,MUL-01,Multan,1,138.08,0,Credit Card
TXN003784,28/11/2025,Sara Khan,sara.khan@example.com,Cotton T-Shirt,Apparel,LHR-01,Lahore,1,101.13,0,Debit Card
TXN004974,22/01/2024,Zainab Sheikh,zainab.sheikh@example.com,Lip Balm,Beauty,LHR-02,Lahore,2,187.2,20,Cash
TXN001501,24-Oct-2025,Sara Khan,sara.khan@example.com,Hair Dryer,Beauty,ISB-01,Islamabad,2,110.57,10,Credit Card
TXN004574,05-Apr-2024,Ayesha Raza,ayesha.raza@example.com,Sunscreen SPF50,Beauty,FSD-01,Faisalabad,6,158.72,10,Mobile Wallet
TXN002810,07-Mar-2024,Sana Malik,sana.malik@example.com,Coffee Maker,Home & Kitchen,ISB-01,Islamabad,2,32.37,0,Credit Card
TXN002943,18-Jul-2024,Omar Farooq,omar.farooq@example.com,Denim Jacket,Apparel,MUL-01,Multan,4,124.25,0,Cash
TXN001010,25-Jul-2025,Mariam Farooq,mariam.farooq@example.com,Laptop Stand,Electronics,FSD-01,Faisalabad,6,222.85,10,Cash
TXN000101,2024-09-13,Hina Butt,hina.butt@example.com,Hair Dryer,Beauty,MUL-01,Multan,3,162.09,20,cash
TXN001769,2025-11-27,Ali Butt,,Shampoo 500ml,Beauty,MUL-01,Multan,6,163.89,5,cash
TXN003523,09-Mar-2026,ALI MALIK,ali.malik@example.com,Face Moisturizer,Beauty,FSD-01,Faisalabad,2,195.77,5,CREDIT CARD
TXN003302,10/08/2025,Faisal Chaudhry,faisal.chaudhry@example.com,Denim Jacket,Apparel,KHI-02,Karachi,3,173.14,15,Debit Card
TXN002958,2025-12-22,  Hassan Iqbal  ,,Non-Stick Pan,Home & Kitchen,LHR-02,Lahore,1,204.91,5,Cash
TXN000137,20/06/2025,Omar Chaudhry,omar.chaudhry@example.com,USB-C Cable,Electronics,LHR-02,Lahore,2,222.87,0,Credit Card
TXN003691,2025-04-09,Hina Iqbal,,Coffee Maker,Home & Kitchen,KHI-02,Karachi,4,21.1,5,CREDIT CARD
TXN002742,03-May-2024,Ali Malik,ali.malik@example.com,Denim Jacket,Apparel,LHR-02,Lahore,3,199.52,0,Credit Card
TXN003897,25/02/2024,Sara Farooq,sara.farooq@example.com,Resistance Bands,Sports,FSD-01,Faisalabad,1,118.84,15,Credit Card
TXN004077,2025-11-11,Fatima Iqbal,fatima.iqbal@example.com,Bluetooth Speaker,Electronics,LHR-02,Lahore,5,44.37,0,cash
TXN000008,12-Jan-2024,Kamran Chaudhry,kamran.chaudhry@example.com,Laptop Stand,Electronics,MUL-01,Multan,6,181.58,20,CREDIT CARD
TXN004342,2024-05-04,Zainab Chaudhry,zainab.chaudhry@example.com,Dumbbell Set,Sports,KHI-01,Karachi,4,,0,Debit Card
TXN003191,16-Feb-2025,Hina Malik,hina.malik@example.com,USB-C Cable,Electronics,LHR-02,Lahore,5,6.11,0,Credit Card
TXN001407,2024-05-13,Ahmed Farooq,ahmed.farooq@example.com,Yoga Mat,Sports,LHR-02,Lahore,1,112.11,15,cash
TXN004613,29/12/2024,ZAINAB RAZA,,Football,Sports,KHI-01,Karachi,5,6.57,20,cash
TXN002195,19-Apr-2025,Zainab Sheikh,zainab.sheikh@example.com,Football,Sports,KHI-01,Karachi,4,194.23,0,cash
TXN003986,2024-09-24,Mariam Farooq,mariam.farooq@example.com,Non-Stick Pan,Home & Kitchen,PSH-01,Peshawar,3,229.24,15,Credit Card
TXN001490,20/03/2026,Noor Khan,noor.khan@example.com,Cycling Helmet,Sports,PSH-01,Peshawar,2,153.08,0,Mobile Wallet
TXN003455,06-Mar-2025,Zainab Malik,zainab.malik@example.com,Sunscreen SPF50,Beauty,PSH-01,Peshawar,3,207.14,0,Mobile Wallet
TXN001164,26/03/2025,Usman Iqbal,usman.iqbal@example.com,USB-C Cable,Electronics,KHI-02,Karachi,4,210.39,0,cash
TXN001044,2024-01-02,Fatima Iqbal,fatima.iqbal@example.com,LED Desk Lamp,Home & Kitchen,KHI-02,Karachi,2,104.36,10,Cash
TXN000049,2025-05-18,  HASSAN FAROOQ  ,hassan.farooq@example.com,Coffee Maker,Home & Kitchen,LHR-01,Lahore,6,146.37,10,Debit Card
TXN002280,2024-06-05,AHMED IQBAL,ahmed.iqbal@example.com,Non-Stick Pan,Home & Kitchen,KHI-02,Karachi,5,31.64,20,Cash
TXN000072,20-Apr-2025,Omar Butt,omar.butt@example.com,Wool Sweater,Apparel,LHR-01,Lahore,4,79.04,0,Debit Card
TXN000059,04-Jun-2025,Kamran Sheikh,kamran.sheikh@example.com,Sunscreen SPF50,Beauty,KHI-02,Karachi,1,220.43,5,Debit Card
TXN004779,2026-06-20,Ahmed Butt,ahmed.butt@example.com,Yoga Mat,Sports,PSH-01,Peshawar,5,101.01,0,cash
TXN004833,29/06/2024,Sara Sheikh,sara.sheikh@example.com,Dumbbell Set,Sports,PSH-01,Peshawar,1,64.96,10,Mobile Wallet
TXN002693,11/03/2025,Omar Chaudhry,omar.chaudhry@example.com,Shampoo 500ml,Beauty,LHR-01,Lahore,4,34.66,10,CREDIT CARD
TXN003209,26-Sep-2025,HASSAN BUTT,hassan.butt@example.com,Dumbbell Set,Sports,ISB-01,Islamabad,6,167.25,0,Cash
TXN001378,2024-07-18,Kamran Khan,kamran.khan@example.com,Blender,Home & Kitchen,LHR-01,Lahore,1,169.97,10,Cash
TXN003125,2024-07-31,Sana Iqbal,sana.iqbal@example.com,Laptop Stand,Electronics,LHR-01,Lahore,,73.56,15,Mobile Wallet
TXN000488,24-Oct-2025,Usman Sheikh,usman.sheikh@example.com,Face Moisturizer,Beauty,LHR-01,Lahore,3,42.76,20,Debit Card
TXN001616,2024-01-17,Ayesha Iqbal,ayesha.iqbal@example.com,Wool Sweater,Apparel,MUL-01,Multan,4,121.22,15,Debit Card
TXN002538,2025-06-01,Mariam Sheikh,mariam.sheikh@example.com,Cycling Helmet,Sports,LHR-02,Lahore,2,129.38,0,Debit Card
TXN002315,07/05/2026,  MARIAM IQBAL  ,mariam.iqbal@example.com,Running Shoes,Apparel,PSH-01,Peshawar,6,75.14,20,Debit Card
TXN002153,24-Jan-2026,Ali Iqbal,ali.iqbal@example.com,Bluetooth Speaker,Electronics,FSD-01,Faisalabad,6,133.38,15,Mobile Wallet
TXN003165,2026-03-21,Zainab Khan,zainab.khan@example.com,LED Desk Lamp,Home & Kitchen,KHI-01,Karachi,4,186.22,20,Cash
TXN002822,05/03/2026,Kamran Malik,kamran.malik@example.com,Non-Stick Pan,Home & Kitchen,LHR-01,Lahore,6,66.09,0,Mobile Wallet
TXN001159,2026-05-11,Noor Sheikh,noor.sheikh@example.com,LED Desk Lamp,Home & Kitchen,ISB-01,Islamabad,3,,0,cash
TXN001999,25-Jan-2024,Zainab Butt,zainab.butt@example.com,Wireless Mouse,Electronics,LHR-02,Lahore,1,178.35,0,Debit Card
TXN001731,27-Jun-2025,Sana Iqbal,sana.iqbal@example.com,Webcam HD,Electronics,PSH-01,Peshawar,2,203.57,10,cash
TXN003512,10-Jun-2026,AHMED RAZA,ahmed.raza@example.com,Hair Dryer,Beauty,KHI-02,Karachi,5,97.45,5,cash
TXN001732,2025-08-29,Faisal Sheikh,,Non-Stick Pan,Home & Kitchen,LHR-02,Lahore,4,50.1,15,cash
TXN000395,20/06/2024,Ahmed Chaudhry,ahmed.chaudhry@example.com,Sports Cap,Apparel,FSD-01,Faisalabad,3,102.69,10,Cash
TXN002991,2026-01-13,Hina Iqbal,hina.iqbal@example.com,Hair Dryer,Beauty,FSD-01,Faisalabad,6,8.38,0,cash
TXN001040,11/02/2024,ZAINAB CHAUDHRY,zainab.chaudhry@example.com,Blender,Home & Kitchen,LHR-02,Lahore,4,230.12,15,Credit Card
TXN001797,01-Apr-2026,  Omar Iqbal  ,omar.iqbal@example.com,Football,Sports,LHR-02,Lahore,3,74.83,10,cash
TXN004018,28/02/2025,Fatima Sheikh,fatima.sheikh@example.com,Sunscreen SPF50,Beauty,MUL-01,Multan,2,,10,Credit Card
TXN003448,06-Aug-2024,Omar Iqbal,omar.iqbal@example.com,Blender,Home & Kitchen,KHI-01,Karachi,3,109.01,20,Credit Card
TXN000335,21/11/2025,Noor Malik,noor.malik@example.com,Sports Cap,Apparel,KHI-01,Karachi,4,177.12,0,cash
TXN001932,21/08/2024,Ali Malik,ali.malik@example.com,Webcam HD,Electronics,ISB-01,Islamabad,3,106.72,15,CREDIT CARD
TXN001163,23/11/2025,Noor Sheikh,noor.sheikh@example.com,Cotton T-Shirt,Apparel,LHR-01,Lahore,6,114.47,0,Cash
TXN004358,2026-07-20,USMAN MALIK,usman.malik@example.com,Hair Dryer,Beauty,KHI-02,Karachi,6,128.33,5,Debit Card
TXN002540,31-Jul-2025,Fatima Raza,fatima.raza@example.com,Denim Jacket,Apparel,MUL-01,Multan,2,204.58,0,cash
TXN000252,30/10/2024,Fatima Chaudhry,fatima.chaudhry@example.com,Cotton T-Shirt,Apparel,LHR-02,Lahore,1,118.75,20,Debit Card
TXN002422,31/05/2026,Hina Malik,hina.malik@example.com,Sports Cap,Apparel,PSH-01,Peshawar,5,161.05,0,CREDIT CARD
TXN004830,10/04/2026,Sara Iqbal,sara.iqbal@example.com,Denim Jacket,Apparel,MUL-01,Multan,2,145.32,0,CREDIT CARD
TXN004556,2026-07-21,Faisal Chaudhry,faisal.chaudhry@example.com,LED Desk Lamp,Home & Kitchen,LHR-02,Lahore,2,198.71,0,Debit Card
TXN002534,05-Feb-2025,Usman Iqbal,usman.iqbal@example.com,Sunscreen SPF50,Beauty,LHR-01,Lahore,5,181.41,0,CREDIT CARD
TXN003102,2025-09-22,Hassan Malik,hassan.malik@example.com,USB-C Cable,Electronics,FSD-01,Faisalabad,2,120.94,10,Debit Card
TXN000869,14/02/2025,USMAN CHAUDHRY,usman.chaudhry@example.com,Sports Cap,Apparel,MUL-01,Multan,5,100.49,5,Debit Card
TXN001424,2025-03-07,Bilal Chaudhry,bilal.chaudhry@example.com,Running Shoes,Apparel,PSH-01,Peshawar,4,125.34,0,Credit Card
TXN001693,2026-05-29,Noor Raza,noor.raza@example.com,Hair Dryer,Beauty,KHI-01,Karachi,6,40.03,0,Mobile Wallet
TXN002555,2026-05-01,FAISAL IQBAL,faisal.iqbal@example.com,Sunscreen SPF50,Beauty,PSH-01,Peshawar,5,211.18,20,Credit Card
TXN003732,2025-12-09,Ali Chaudhry,ali.chaudhry@example.com,Running Shoes,Apparel,FSD-01,Faisalabad,1,145.76,5,Credit Card
TXN003339,29-Oct-2024,Faisal Raza,faisal.raza@example.com,Dumbbell Set,Sports,PSH-01,Peshawar,2,169.11,5,cash
TXN001778,2026-03-09,Sana Khan,sana.khan@example.com,Resistance Bands,Sports,MUL-01,Multan,3,5.73,10,CREDIT CARD
TXN001466,07/01/2025,Zainab Khan,zainab.khan@example.com,Face Moisturizer,Beauty,MUL-01,Multan,1,212.39,15,CREDIT CARD
TXN004530,2025-12-11,Sara Chaudhry,sara.chaudhry@example.com,Denim Jacket,Apparel,PSH-01,Peshawar,,162.7,20,Cash
TXN001641,2024-07-31,Ali Sheikh,ali.sheikh@example.com,Football,Sports,PSH-01,Peshawar,1,37.29,0,cash
TXN002003,09/08/2024,HASSAN MALIK,hassan.malik@example.com,Running Shoes,Apparel,PSH-01,Peshawar,,240.98,5,Cash
TXN003545,02/11/2024,Mariam Farooq,mariam.farooq@example.com,Laptop Stand,Electronics,LHR-02,Lahore,5,29.91,20,CREDIT CARD
TXN004531,31/07/2026,Ahmed Chaudhry,ahmed.chaudhry@example.com,Wool Sweater,Apparel,FSD-01,Faisalabad,1,131.07,20,CREDIT CARD
TXN002899,21-Mar-2026,HASSAN FAROOQ,hassan.farooq@example.com,Hair Dryer,Beauty,LHR-01,Lahore,2,212.69,5,Mobile Wallet
TXN001921,2026-03-09,Bilal Farooq,bilal.farooq@example.com,Ceramic Mug Set,Home & Kitchen,MUL-01,Multan,4,92.1,0,Debit Card
TXN002277,30-Mar-2026,ALI IQBAL,ali.iqbal@example.com,Sports Cap,Apparel,LHR-02,Lahore,1,155.82,0,Debit Card
TXN004744,28/01/2024,Hina Malik,hina.malik@example.com,Bluetooth Speaker,Electronics,PSH-01,Peshawar,5,216.42,0,cash
TXN003050,2024-12-25,ZAINAB BUTT,zainab.butt@example.com,Sports Cap,Apparel,KHI-02,Karachi,5,242.92,10,Mobile Wallet
TXN004126,11-Mar-2026,SARA KHAN,sara.khan@example.com,Laptop Stand,Electronics,MUL-01,Multan,3,239.74,0,Mobile Wallet
TXN001965,18-Jun-2024,Hassan Malik,hassan.malik@example.com,USB-C Cable,Electronics,LHR-01,Lahore,1,221.23,5,Credit Card
TXN000951,25-Jul-2024,Hassan Raza,hassan.raza@example.com,Webcam HD,Electronics,ISB-01,Islamabad,2,67.79,0,CREDIT CARD
TXN003308,2025-08-08,Zainab Malik,zainab.malik@example.com,Dumbbell Set,Sports,FSD-01,Faisalabad,2,173.89,0,cash
TXN004181,07/01/2026,Ayesha Raza,ayesha.raza@example.com,Non-Stick Pan,Home & Kitchen,LHR-02,Lahore,3,,0,Mobile Wallet
TXN002737,05-May-2026,Noor Butt,,Dumbbell Set,Sports,ISB-01,Islamabad,3,64.33,0,CREDIT CARD
TXN004115,31-Aug-2024,Zainab Butt,zainab.butt@example.com,Webcam HD,Electronics,LHR-02,Lahore,3,202.88,20,Cash
TXN003577,04-Sep-2024,  AHMED RAZA  ,ahmed.raza@example.com,Non-Stick Pan,Home & Kitchen,FSD-01,Faisalabad,6,70.23,10,CREDIT CARD
TXN004902,2024-05-11,Fatima Raza,fatima.raza@example.com,LED Desk Lamp,Home & Kitchen,MUL-01,Multan,3,87.81,0,Mobile Wallet
TXN004130,2025-05-24,Hina Khan,hina.khan@example.com,Sunscreen SPF50,Beauty,PSH-01,Peshawar,5,128.0,20,Credit Card
TXN004337,23-Nov-2025,Zainab Sheikh,zainab.sheikh@example.com,Wool Sweater,Apparel,LHR-02,Lahore,1,166.56,15,Mobile Wallet
TXN004309,21-Oct-2025,Ayesha Butt,ayesha.butt@example.com,Yoga Mat,Sports,ISB-01,Islamabad,5,108.31,10,CREDIT CARD
TXN002005,07/06/2025,Hina Chaudhry,hina.chaudhry@example.com,Cotton T-Shirt,Apparel,KHI-01,Karachi,2,59.68,5,CREDIT CARD
TXN001493,02-Mar-2026,Kamran Khan,kamran.khan@example.com,Hair Dryer,Beauty,ISB-01,Islamabad,2,95.58,5,cash
TXN004483,31/07/2024,Usman Chaudhry,usman.chaudhry@example.com,Lip Balm,Beauty,LHR-01,Lahore,5,20.05,20,Debit Card
TXN004470,06/04/2025,Ayesha Khan,ayesha.khan@example.com,Hair Dryer,Beauty,KHI-01,Karachi,3,39.49,20,Credit Card
TXN001677,30/03/2024,  Hina Sheikh  ,hina.sheikh@example.com,Laptop Stand,Electronics,ISB-01,Islamabad,2,118.68,0,cash
TXN004368,09/03/2025,FATIMA IQBAL,,Sunscreen SPF50,Beauty,ISB-01,Islamabad,4,106.96,5,Debit Card
TXN000509,2024-03-27,Mariam Iqbal,mariam.iqbal@example.com,Resistance Bands,Sports,PSH-01,Peshawar,4,136.67,0,cash
TXN000051,2024-06-09,Sara Sheikh,sara.sheikh@example.com,Denim Jacket,Apparel,ISB-01,Islamabad,6,105.09,0,Debit Card
TXN001293,03/07/2026,SANA BUTT,sana.butt@example.com,Sunscreen SPF50,Beauty,LHR-01,Lahore,5,61.67,5,CREDIT CARD
TXN003317,2024-02-27,Mariam Iqbal,mariam.iqbal@example.com,Running Shoes,Apparel,LHR-01,Lahore,6,129.82,10,Cash
TXN004045,2025-09-14,Sara Malik,sara.malik@example.com,Bluetooth Speaker,Electronics,ISB-01,Islamabad,6,159.81,0,Cash
TXN000067,11/08/2025,Sana Malik,,Coffee Maker,Home & Kitchen,MUL-01,Multan,,248.21,5,Debit Card
TXN002901,2025-09-11,Bilal Sheikh,bilal.sheikh@example.com,Cycling Helmet,Sports,PSH-01,Peshawar,3,29.65,10,Debit Card
TXN004282,04-Oct-2024,SANA BUTT,sana.butt@example.com,Hair Dryer,Beauty,MUL-01,Multan,1,101.12,20,Credit Card
TXN001395,18-Sep-2024,Ali Farooq,ali.farooq@example.com,Running Shoes,Apparel,PSH-01,Peshawar,2,104.68,5,Debit Card
TXN003772,2024-09-23,Noor Malik,noor.malik@example.com,Bluetooth Speaker,Electronics,KHI-01,Karachi,1,207.14,20,cash
TXN000023,01-Jun-2024,Fatima Malik,fatima.malik@example.com,Hair Dryer,Beauty,LHR-01,Lahore,3,13.83,0,Credit Card
TXN001260,2024-09-26,HINA BUTT,hina.butt@example.com,Ceramic Mug Set,Home & Kitchen,LHR-01,Lahore,6,211.33,10,Mobile Wallet
TXN001887,11-Jul-2024,Omar Malik,omar.malik@example.com,Webcam HD,Electronics,LHR-02,Lahore,6,241.76,10,CREDIT CARD
TXN004782,22-Dec-2025,Sara Butt,sara.butt@example.com,Denim Jacket,Apparel,KHI-01,Karachi,3,222.62,0,Debit Card
TXN003111,15/01/2026,Sana Iqbal,sana.iqbal@example.com,Hair Dryer,Beauty,KHI-01,Karachi,3,90.03,5,cash
TXN001628,18/03/2024,Faisal Iqbal,faisal.iqbal@example.com,Coffee Maker,Home & Kitchen,LHR-01,Lahore,5,,20,Mobile Wallet
TXN004098,04-Feb-2026,Faisal Raza,faisal.raza@example.com,Blender,Home & Kitchen,KHI-02,Karachi,6,170.22,0,cash
TXN002950,02/08/2024,Omar Chaudhry,omar.chaudhry@example.com,Hair Dryer,Beauty,LHR-01,Lahore,1,37.91,20,CREDIT CARD
TXN000638,29/06/2024,Ali Raza,ali.raza@example.com,LED Desk Lamp,Home & Kitchen,LHR-01,Lahore,5,243.04,20,cash
TXN002823,21-Mar-2024,Faisal Butt,faisal.butt@example.com,Yoga Mat,Sports,ISB-01,Islamabad,2,56.33,0,Credit Card
TXN004758,23/01/2024,Hassan Farooq,hassan.farooq@example.com,Face Moisturizer,Beauty,PSH-01,Peshawar,2,155.06,0,Mobile Wallet
TXN004390,13/01/2025,Fatima Butt,fatima.butt@example.com,Ceramic Mug Set,Home & Kitchen,KHI-01,Karachi,,26.67,5,Debit Card
TXN002349,22/04/2026,Sara Farooq,sara.farooq@example.com,Laptop Stand,Electronics,MUL-01,Multan,4,125.32,20,Credit Card
TXN003810,22-Dec-2024,Ahmed Chaudhry,ahmed.chaudhry@example.com,Resistance Bands,Sports,LHR-02,Lahore,3,11.06,20,Debit Card
TXN004495,2025-07-28,Faisal Chaudhry,faisal.chaudhry@example.com,Laptop Stand,Electronics,LHR-02,Lahore,2,147.73,5,Credit Card
TXN001328,14/03/2024,Mariam Sheikh,mariam.sheikh@example.com,Dumbbell Set,Sports,LHR-01,Lahore,4,231.39,0,Debit Card
TXN002225,29-Mar-2025,Faisal Chaudhry,faisal.chaudhry@example.com,Football,Sports,MUL-01,Multan,3,24.19,0,Debit Card
TXN002650,2026-03-23,Noor Farooq,noor.farooq@example.com,Hair Dryer,Beauty,ISB-01,Islamabad,5,132.36,15,Mobile Wallet
TXN000742,26-Feb-2026,Zainab Farooq,zainab.farooq@example.com,Wireless Mouse,Electronics,MUL-01,Multan,4,68.72,0,Cash
TXN002839,04-Apr-2024,Ahmed Iqbal,ahmed.iqbal@example.com,Sunscreen SPF50,Beauty,PSH-01,Peshawar,2,182.9,10,Credit Card
TXN003728,11-Jun-2026,Bilal Raza,bilal.raza@example.com,Denim Jacket,Apparel,MUL-01,Multan,4,109.98,15,cash
TXN001228,2024-02-14,Kamran Khan,kamran.khan@example.com,USB-C Cable,Electronics,KHI-02,Karachi,4,118.28,0,Mobile Wallet
TXN001672,03/03/2026,Hina Iqbal,hina.iqbal@example.com,Wool Sweater,Apparel,MUL-01,Multan,2,215.62,0,cash
TXN000895,2026-06-28,Kamran Khan,kamran.khan@example.com,Sports Cap,Apparel,KHI-01,Karachi,3,202.77,15,Cash
TXN003851,13/02/2026,NOOR FAROOQ,noor.farooq@example.com,Dumbbell Set,Sports,ISB-01,Islamabad,5,198.22,5,Mobile Wallet
TXN003458,19/05/2024,Mariam Raza,mariam.raza@example.com,Laptop Stand,Electronics,MUL-01,Multan,3,191.99,15,CREDIT CARD
TXN003402,21/04/2024,Zainab Farooq,zainab.farooq@example.com,Face Moisturizer,Beauty,KHI-02,Karachi,3,16.36,10,cash
TXN001121,12-Jul-2026,Faisal Butt,faisal.butt@example.com,Denim Jacket,Apparel,ISB-01,Islamabad,3,233.96,15,CREDIT CARD
TXN000870,2025-08-31,Hassan Chaudhry,hassan.chaudhry@example.com,Non-Stick Pan,Home & Kitchen,LHR-02,Lahore,4,19.51,0,Cash
TXN002520,03-Oct-2024,Sana Khan,sana.khan@example.com,Non-Stick Pan,Home & Kitchen,PSH-01,Peshawar,1,213.4,0,Cash
TXN001009,08/02/2024,Usman Khan,usman.khan@example.com,Wool Sweater,Apparel,ISB-01,Islamabad,1,183.17,0,CREDIT CARD
TXN001416,2024-04-07,Faisal Iqbal,faisal.iqbal@example.com,Blender,Home & Kitchen,ISB-01,Islamabad,3,139.88,20,Cash
TXN001066,07-Apr-2026,Ali Malik,ali.malik@example.com,Wireless Mouse,Electronics,LHR-01,Lahore,1,148.53,20,Credit Card
TXN004376,2025-02-26,Hina Butt,hina.butt@example.com,Wool Sweater,Apparel,PSH-01,Peshawar,4,235.93,15,CREDIT CARD
TXN004110,2024-06-28,  Faisal Khan  ,,Running Shoes,Apparel,FSD-01,Faisalabad,1,134.16,5,cash
TXN004884,16-Mar-2024,  AYESHA FAROOQ  ,ayesha.farooq@example.com,Hair Dryer,Beauty,ISB-01,Islamabad,6,191.16,5,Credit Card
TXN003249,09-Aug-2025,Sara Raza,sara.raza@example.com,Wireless Mouse,Electronics,FSD-01,Faisalabad,6,188.19,0,Credit Card
TXN002608,2024-06-14,Sana Sheikh,sana.sheikh@example.com,Non-Stick Pan,Home & Kitchen,PSH-01,Peshawar,5,184.58,20,Debit Card
TXN001227,2025-09-17,Sara Malik,sara.malik@example.com,USB-C Cable,Electronics,LHR-01,Lahore,1,211.74,0,Cash
TXN004230,2024-04-30,Ayesha Malik,ayesha.malik@example.com,Football,Sports,PSH-01,Peshawar,1,201.81,0,Debit Card
TXN002269,2025-06-15,Faisal Iqbal,faisal.iqbal@example.com,Football,Sports,ISB-01,Islamabad,1,239.89,20,Cash
TXN002743,06/01/2024,Ali Malik,ali.malik@example.com,Webcam HD,Electronics,FSD-01,Faisalabad,4,106.2,0,Cash
TXN003306,12-Mar-2025,Omar Malik,omar.malik@example.com,LED Desk Lamp,Home & Kitchen,KHI-02,Karachi,6,54.43,0,CREDIT CARD
TXN004453,2024-02-19,Ayesha Sheikh,ayesha.sheikh@example.com,Cotton T-Shirt,Apparel,FSD-01,Faisalabad,1,21.78,0,Cash
TXN004808,14/09/2024,Hina Butt,hina.butt@example.com,USB-C Cable,Electronics,PSH-01,Peshawar,2,248.28,0,cash
TXN001032,09-Mar-2026,KAMRAN RAZA,kamran.raza@example.com,Coffee Maker,Home & Kitchen,LHR-02,Lahore,1,119.0,20,Credit Card
TXN002343,16/04/2026,Ali Iqbal,ali.iqbal@example.com,Denim Jacket,Apparel,LHR-02,Lahore,3,184.34,0,CREDIT CARD
TXN002148,14-Jul-2025,Sara Sheikh,sara.sheikh@example.com,LED Desk Lamp,Home & Kitchen,MUL-01,Multan,3,230.87,10,cash
TXN000842,2026-04-04,Faisal Khan,faisal.khan@example.com,Sunscreen SPF50,Beauty,LHR-01,Lahore,,243.87,0,CREDIT CARD
TXN000297,16/09/2024,Sana Sheikh,sana.sheikh@example.com,Shampoo 500ml,Beauty,MUL-01,Multan,6,146.52,20,CREDIT CARD
TXN004937,2025-05-29,Usman Khan,usman.khan@example.com,Football,Sports,LHR-02,Lahore,,152.73,15,Mobile Wallet
TXN000096,27/07/2026,BILAL RAZA,bilal.raza@example.com,Lip Balm,Beauty,ISB-01,Islamabad,6,81.01,10,CREDIT CARD
TXN004568,11/06/2026,Ahmed Raza,ahmed.raza@example.com,Cotton T-Shirt,Apparel,MUL-01,Multan,6,64.9,0,CREDIT CARD
TXN001554,2025-01-24,SANA FAROOQ,sana.farooq@example.com,Coffee Maker,Home & Kitchen,LHR-02,Lahore,4,62.51,0,Debit Card
TXN003035,2026-04-22,Ali Khan,ali.khan@example.com,Blender,Home & Kitchen,KHI-01,Karachi,4,92.06,0,Mobile Wallet
TXN002131,03/01/2024,AHMED CHAUDHRY,ahmed.chaudhry@example.com,Webcam HD,Electronics,PSH-01,Peshawar,1,183.29,0,Debit Card
TXN001340,2024-07-27,Usman Iqbal,usman.iqbal@example.com,Denim Jacket,Apparel,KHI-01,Karachi,4,204.57,0,CREDIT CARD
TXN004924,23/02/2024,Sara Sheikh,sara.sheikh@example.com,Denim Jacket,Apparel,LHR-02,Lahore,3,181.58,10,Cash
TXN003194,29/12/2025,Zainab Iqbal,zainab.iqbal@example.com,Yoga Mat,Sports,ISB-01,Islamabad,2,199.45,0,Credit Card
TXN000319,09/01/2025,Sana Butt,sana.butt@example.com,Cycling Helmet,Sports,FSD-01,Faisalabad,,68.65,20,Cash
TXN003743,2026-07-24,OMAR MALIK,omar.malik@example.com,Yoga Mat,Sports,KHI-01,Karachi,5,46.5,20,Debit Card
TXN000405,19-Apr-2024,Faisal Butt,faisal.butt@example.com,Sports Cap,Apparel,LHR-01,Lahore,4,173.77,15,Cash
TXN001452,11/01/2024,Ahmed Farooq,ahmed.farooq@example.com,Shampoo 500ml,Beauty,ISB-01,Islamabad,4,164.91,0,CREDIT CARD
TXN001959,2025-11-20,Noor Malik,noor.malik@example.com,Webcam HD,Electronics,KHI-01,Karachi,1,8.09,0,Debit Card
TXN000538,04-Nov-2024,Bilal Khan,bilal.khan@example.com,Lip Balm,Beauty,LHR-02,Lahore,1,158.42,0,Debit Card
TXN003655,2024-02-24,Fatima Chaudhry,,Football,Sports,FSD-01,Faisalabad,6,126.07,5,Mobile Wallet
TXN001860,06/05/2025,Usman Chaudhry,usman.chaudhry@example.com,Denim Jacket,Apparel,ISB-01,Islamabad,1,105.5,0,Mobile Wallet
TXN003598,2025-09-05,Hina Raza,,Dumbbell Set,Sports,KHI-02,Karachi,5,228.22,5,cash
TXN001023,07-Jun-2026,Noor Raza,noor.raza@example.com,Shampoo 500ml,Beauty,FSD-01,Faisalabad,2,50.07,5,Debit Card
TXN004451,01-Nov-2025,Hina Iqbal,hina.iqbal@example.com,Sports Cap,Apparel,LHR-01,Lahore,5,42.65,0,CREDIT CARD
TXN004092,14/01/2025,Kamran Sheikh,kamran.sheikh@example.com,Laptop Stand,Electronics,PSH-01,Peshawar,6,148.29,20,Credit Card
TXN001393,2024-10-13,KAMRAN FAROOQ,kamran.farooq@example.com,Yoga Mat,Sports,FSD-01,Faisalabad,6,9.82,20,CREDIT CARD
TXN004420,16-Sep-2025,Zainab Sheikh,zainab.sheikh@example.com,Bluetooth Speaker,Electronics,LHR-01,Lahore,2,31.74,15,cash
TXN002805,09/08/2024,Omar Sheikh,omar.sheikh@example.com,Cycling Helmet,Sports,PSH-01,Peshawar,3,68.29,0,Debit Card
TXN002628,09-Jan-2024,Fatima Farooq,fatima.farooq@example.com,Bluetooth Speaker,Electronics,MUL-01,Multan,1,8.48,10,cash
TXN003039,2024-01-15,Mariam Khan,mariam.khan@example.com,Laptop Stand,Electronics,KHI-01,Karachi,3,24.06,5,Cash
TXN004545,29-May-2025,Sara Raza,sara.raza@example.com,Wireless Mouse,Electronics,KHI-01,Karachi,5,80.67,0,Mobile Wallet
TXN003862,31-Dec-2025,Hassan Malik,hassan.malik@example.com,Wool Sweater,Apparel,MUL-01,Multan,4,185.39,0,cash
TXN003319,2024-05-31,Mariam Iqbal,mariam.iqbal@example.com,Sunscreen SPF50,Beauty,KHI-02,Karachi,6,86.86,5,CREDIT CARD
TXN002612,2024-03-01,Ahmed Sheikh,ahmed.sheikh@example.com,Cotton T-Shirt,Apparel,ISB-01,Islamabad,2,76.91,5,Mobile Wallet
TXN004771,16-Jul-2024,Sara Butt,sara.butt@example.com,Cotton T-Shirt,Apparel,ISB-01,Islamabad,4,210.72,0,Debit Card
TXN003552,2026-04-23,Zainab Sheikh,zainab.sheikh@example.com,Blender,Home & Kitchen,MUL-01,Multan,5,180.18,0,Mobile Wallet
TXN000334,2024-03-20,Hassan Khan,hassan.khan@example.com,Lip Balm,Beauty,LHR-01,Lahore,1,240.34,5,Cash
TXN002664,23-Sep-2024,Noor Malik,noor.malik@example.com,Sunscreen SPF50,Beauty,ISB-01,Islamabad,5,175.93,0,Credit Card
TXN004594,04/11/2024,Zainab Sheikh,zainab.sheikh@example.com,Cycling Helmet,Sports,MUL-01,Multan,4,167.03,10,CREDIT CARD
TXN000684,2024-12-01,USMAN RAZA,usman.raza@example.com,Yoga Mat,Sports,KHI-01,Karachi,6,58.84,0,Mobile Wallet
TXN004518,06/04/2026,Sana Khan,sana.khan@example.com,Shampoo 500ml,Beauty,LHR-01,Lahore,5,138.26,10,CREDIT CARD
TXN002289,14-Aug-2025,  Usman Farooq  ,usman.farooq@example.com,Lip Balm,Beauty,ISB-01,Islamabad,1,225.43,0,Mobile Wallet
TXN003127,13-May-2024,  Ayesha Raza  ,ayesha.raza@example.com,Non-Stick Pan,Home & Kitchen,ISB-01,Islamabad,4,53.51,0,CREDIT CARD
TXN000931,18-Dec-2024,  ZAINAB SHEIKH  ,,Yoga Mat,Sports,ISB-01,Islamabad,4,19.8,15,Mobile Wallet
TXN002486,12-Apr-2026,HINA BUTT,hina.butt@example.com,Running Shoes,Apparel,PSH-01,Peshawar,3,47.02,0,CREDIT CARD
TXN000554,22/11/2025,Mariam Khan,mariam.khan@example.com,Wireless Mouse,Electronics,LHR-02,Lahore,6,66.26,0,Cash
TXN000733,23-May-2025,Bilal Chaudhry,,Webcam HD,Electronics,PSH-01,Peshawar,3,60.19,20,Cash
TXN001374,17-Aug-2025,SARA FAROOQ,sara.farooq@example.com,Dumbbell Set,Sports,PSH-01,Peshawar,3,78.32,20,Debit Card
TXN000831,28/05/2025,Hina Raza,hina.raza@example.com,Football,Sports,PSH-01,Peshawar,4,133.22,0,cash
TXN001468,2024-06-26,Hina Raza,hina.raza@example.com,Dumbbell Set,Sports,KHI-01,Karachi,2,239.56,20,Debit Card
TXN000673,15-Jun-2024,Kamran Iqbal,kamran.iqbal@example.com,Non-Stick Pan,Home & Kitchen,KHI-01,Karachi,3,111.79,5,CREDIT CARD
TXN003872,2025-03-24,Fatima Farooq,fatima.farooq@example.com,Coffee Maker,Home & Kitchen,FSD-01,Faisalabad,1,108.41,15,Debit Card
TXN000376,2024-04-27,Kamran Malik,kamran.malik@example.com,LED Desk Lamp,Home & Kitchen,FSD-01,Faisalabad,5,239.78,0,cash
TXN000378,31-Dec-2025,Kamran Raza,kamran.raza@example.com,Sunscreen SPF50,Beauty,KHI-01,Karachi,1,203.28,5,cash
TXN004662,30-Oct-2025,Bilal Iqbal,bilal.iqbal@example.com,Denim Jacket,Apparel,LHR-02,Lahore,1,28.4,20,cash
TXN001565,27/03/2024,Ali Farooq,ali.farooq@example.com,Resistance Bands,Sports,KHI-01,Karachi,6,211.47,0,Mobile Wallet
TXN001569,19-Jan-2024,ZAINAB KHAN,zainab.khan@example.com,Wireless Mouse,Electronics,PSH-01,Peshawar,4,163.76,10,Cash
TXN000776,19-Jun-2025,Sara Sheikh,sara.sheikh@example.com,Hair Dryer,Beauty,KHI-02,Karachi,2,210.71,5,Debit Card
TXN002444,13-Jul-2024,Mariam Sheikh,mariam.sheikh@example.com,Wireless Mouse,Electronics,KHI-02,Karachi,5,42.44,15,CREDIT CARD
TXN002804,2025-12-14,Bilal Raza,bilal.raza@example.com,Sunscreen SPF50,Beauty,LHR-01,Lahore,3,93.19,15,cash
TXN002786,19/03/2026,Ali Malik,ali.malik@example.com,Running Shoes,Apparel,FSD-01,Faisalabad,6,137.2,0,CREDIT CARD
TXN004720,27-Nov-2024,Sara Chaudhry,sara.chaudhry@example.com,Resistance Bands,Sports,FSD-01,Faisalabad,3,86.9,5,Debit Card
TXN000952,19-Apr-2024,USMAN SHEIKH,usman.sheikh@example.com,Laptop Stand,Electronics,MUL-01,Multan,2,233.61,15,Debit Card
TXN004278,2024-03-31,Ayesha Farooq,ayesha.farooq@example.com,Resistance Bands,Sports,LHR-01,Lahore,2,7.29,20,Cash
TXN001218,01/02/2024,  Sana Farooq  ,sana.farooq@example.com,Football,Sports,LHR-02,Lahore,4,201.7,0,cash
TXN002552,12/08/2025,FATIMA BUTT,fatima.butt@example.com,Webcam HD,Electronics,ISB-01,Islamabad,5,126.96,0,Debit Card
TXN001814,31-Jul-2026,SARA BUTT,sara.butt@example.com,Football,Sports,FSD-01,Faisalabad,2,215.62,5,Mobile Wallet
TXN003189,09/09/2025,Kamran Raza,kamran.raza@example.com,Webcam HD,Electronics,FSD-01,Faisalabad,2,113.48,15,Debit Card
TXN004315,06/11/2025,Noor Malik,noor.malik@example.com,Lip Balm,Beauty,MUL-01,Multan,5,100.3,0,cash
TXN001480,23-Mar-2025,Usman Sheikh,usman.sheikh@example.com,Cycling Helmet,Sports,FSD-01,Faisalabad,2,199.47,15,cash
TXN001423,03/11/2024,Kamran Iqbal,kamran.iqbal@example.com,Coffee Maker,Home & Kitchen,KHI-01,Karachi,1,207.18,0,Credit Card
TXN003943,2024-02-07,Ayesha Malik,ayesha.malik@example.com,Ceramic Mug Set,Home & Kitchen,ISB-01,Islamabad,5,81.29,0,Credit Card
TXN001507,02-Aug-2025,ZAINAB KHAN,zainab.khan@example.com,Bluetooth Speaker,Electronics,FSD-01,Faisalabad,,244.71,0,Credit Card
TXN001801,2026-05-29,AYESHA CHAUDHRY,ayesha.chaudhry@example.com,Sports Cap,Apparel,LHR-01,Lahore,4,77.04,15,Cash
TXN003944,2026-06-11,Hassan Farooq,hassan.farooq@example.com,Sports Cap,Apparel,FSD-01,Faisalabad,3,29.55,10,Mobile Wallet
TXN001646,03/12/2025,Noor Farooq,noor.farooq@example.com,Coffee Maker,Home & Kitchen,PSH-01,Peshawar,1,135.7,10,CREDIT CARD
TXN004618,2024-10-06,Zainab Khan,zainab.khan@example.com,Cycling Helmet,Sports,KHI-01,Karachi,6,82.44,0,Mobile Wallet
TXN003363,01/07/2026,Fatima Raza,fatima.raza@example.com,Denim Jacket,Apparel,MUL-01,Multan,4,151.52,15,Cash
TXN000544,2025-10-16,Kamran Khan,kamran.khan@example.com,Coffee Maker,Home & Kitchen,LHR-02,Lahore,4,174.84,15,Debit Card
TXN000196,28/05/2025,Ahmed Iqbal,ahmed.iqbal@example.com,Coffee Maker,Home & Kitchen,LHR-01,Lahore,4,108.78,10,Cash
TXN004120,29/07/2024,Hassan Chaudhry,hassan.chaudhry@example.com,Webcam HD,Electronics,FSD-01,Faisalabad,2,67.6,10,Debit Card
TXN002393,15/03/2025,ZAINAB IQBAL,zainab.iqbal@example.com,Wool Sweater,Apparel,MUL-01,Multan,1,30.57,0,Debit Card
TXN003397,07/02/2024,  Faisal Sheikh  ,faisal.sheikh@example.com,Wireless Mouse,Electronics,KHI-01,Karachi,6,196.67,0,CREDIT CARD
TXN003036,2024-07-11,Ahmed Malik,ahmed.malik@example.com,Football,Sports,LHR-01,Lahore,3,197.48,0,Credit Card
TXN001774,05/03/2026,Bilal Iqbal,bilal.iqbal@example.com,Ceramic Mug Set,Home & Kitchen,LHR-02,Lahore,1,138.26,5,Credit Card
TXN002025,07-Jul-2025,Ayesha Butt,ayesha.butt@example.com,Ceramic Mug Set,Home & Kitchen,LHR-01,Lahore,2,170.77,10,cash
TXN001878,20-Mar-2026,Kamran Khan,kamran.khan@example.com,Wireless Mouse,Electronics,LHR-02,Lahore,1,71.08,10,Cash
TXN001949,2024-10-23,Kamran Iqbal,kamran.iqbal@example.com,Cotton T-Shirt,Apparel,LHR-01,Lahore,5,18.41,20,Debit Card
TXN001788,11-Aug-2024,Bilal Farooq,bilal.farooq@example.com,Sports Cap,Apparel,LHR-02,Lahore,2,159.87,0,Credit Card
TXN004923,16-Mar-2024,Sara Farooq,sara.farooq@example.com,Lip Balm,Beauty,KHI-01,Karachi,6,54.41,0,Cash
TXN002763,12-Sep-2025,Ahmed Iqbal,ahmed.iqbal@example.com,Wool Sweater,Apparel,MUL-01,Multan,2,160.6,15,Credit Card
TXN001236,2025-02-01,Sara Malik,sara.malik@example.com,Bluetooth Speaker,Electronics,LHR-02,Lahore,,152.25,0,CREDIT CARD
TXN004438,25-May-2025,Hassan Raza,hassan.raza@example.com,Face Moisturizer,Beauty,LHR-01,Lahore,4,74.08,0,Mobile Wallet
TXN001753,22/02/2026,Omar Butt,omar.butt@example.com,LED Desk Lamp,Home & Kitchen,FSD-01,Faisalabad,2,38.25,5,Cash
TXN003641,20-Jan-2024,  Hassan Iqbal  ,hassan.iqbal@example.com,Resistance Bands,Sports,LHR-02,Lahore,1,145.7,15,Debit Card
TXN004153,2024-10-25,Omar Malik,omar.malik@example.com,Running Shoes,Apparel,FSD-01,Faisalabad,1,108.15,0,Debit Card
TXN000089,24-Jun-2024,Zainab Malik,zainab.malik@example.com,Football,Sports,MUL-01,Multan,6,117.72,20,Credit Card
TXN001571,01/09/2025,Sara Chaudhry,sara.chaudhry@example.com,Lip Balm,Beauty,MUL-01,Multan,2,163.19,10,CREDIT CARD
TXN000352,28-May-2024,Bilal Iqbal,bilal.iqbal@example.com,Denim Jacket,Apparel,ISB-01,Islamabad,2,233.59,15,Credit Card
TXN004930,03/01/2024,SARA KHAN,sara.khan@example.com,USB-C Cable,Electronics,KHI-02,Karachi,6,236.08,0,Mobile Wallet
TXN000496,2025-03-08,Sara Chaudhry,,Hair Dryer,Beauty,KHI-02,Karachi,2,33.53,5,Mobile Wallet
TXN003731,2024-07-30,Omar Malik,omar.malik@example.com,Denim Jacket,Apparel,KHI-02,Karachi,2,226.91,20,cash
TXN003947,08-Sep-2025,  Ayesha Chaudhry  ,ayesha.chaudhry@example.com,Cotton T-Shirt,Apparel,KHI-01,Karachi,4,55.04,5,Cash
TXN003774,2025-06-03,Fatima Malik,fatima.malik@example.com,Coffee Maker,Home & Kitchen,KHI-02,Karachi,4,84.32,15,cash
TXN000611,17-Sep-2024,  Faisal Sheikh  ,faisal.sheikh@example.com,Cycling Helmet,Sports,ISB-01,Islamabad,6,109.21,15,CREDIT CARD
TXN004795,2025-12-07,SARA CHAUDHRY,sara.chaudhry@example.com,Face Moisturizer,Beauty,KHI-02,Karachi,2,100.44,10,Credit Card
TXN003499,21-Jul-2025,Usman Butt,usman.butt@example.com,Dumbbell Set,Sports,KHI-02,Karachi,6,56.51,20,cash
TXN003864,18/02/2024,USMAN CHAUDHRY,usman.chaudhry@example.com,Cycling Helmet,Sports,FSD-01,Faisalabad,2,94.08,10,cash
TXN001463,17/07/2025,Hina Raza,hina.raza@example.com,LED Desk Lamp,Home & Kitchen,LHR-01,Lahore,5,31.64,0,Mobile Wallet
TXN004263,29/07/2024,Bilal Sheikh,bilal.sheikh@example.com,Non-Stick Pan,Home & Kitchen,FSD-01,Faisalabad,1,85.22,5,Credit Card
TXN004493,02/05/2025,Zainab Sheikh,zainab.sheikh@example.com,Resistance Bands,Sports,ISB-01,Islamabad,4,73.39,0,Mobile Wallet
TXN001296,17/10/2025,Sana Iqbal,sana.iqbal@example.com,Non-Stick Pan,Home & Kitchen,FSD-01,Faisalabad,3,200.89,0,Cash
TXN002945,2025-01-20,AHMED FAROOQ,ahmed.farooq@example.com,Face Moisturizer,Beauty,KHI-02,Karachi,4,229.38,0,cash
TXN002828,10/10/2024,  Ayesha Raza  ,ayesha.raza@example.com,Non-Stick Pan,Home & Kitchen,ISB-01,Islamabad,5,25.45,20,Credit Card
TXN004171,2024-03-12,Sara Farooq,sara.farooq@example.com,Lip Balm,Beauty,KHI-02,Karachi,2,93.87,5,Debit Card
TXN002283,2026-02-04,Ahmed Butt,ahmed.butt@example.com,Sunscreen SPF50,Beauty,KHI-01,Karachi,6,,0,CREDIT CARD
TXN003756,05-Apr-2025,  Sana Raza  ,sana.raza@example.com,Resistance Bands,Sports,LHR-02,Lahore,3,32.63,10,Credit Card
TXN004042,01-Oct-2025,Bilal Raza,bilal.raza@example.com,Webcam HD,Electronics,PSH-01,Peshawar,4,64.29,0,Mobile Wallet
TXN001190,12-Apr-2024,Ayesha Iqbal,,Wool Sweater,Apparel,FSD-01,Faisalabad,3,146.92,5,Credit Card
TXN000650,2026-05-19,BILAL MALIK,bilal.malik@example.com,USB-C Cable,Electronics,PSH-01,Peshawar,2,77.2,5,Cash
TXN002260,26/07/2025,Sara Raza,sara.raza@example.com,Cotton T-Shirt,Apparel,PSH-01,Peshawar,1,192.66,10,Cash
TXN001524,19/06/2025,Fatima Butt,fatima.butt@example.com,Face Moisturizer,Beauty,ISB-01,Islamabad,2,224.33,10,CREDIT CARD
TXN001706,12/06/2025,Sana Malik,sana.malik@example.com,Resistance Bands,Sports,KHI-02,Karachi,5,108.95,10,cash
TXN001305,14/01/2025,Usman Chaudhry,,Blender,Home & Kitchen,FSD-01,Faisalabad,5,120.79,0,Cash
TXN003657,2024-05-22,USMAN RAZA,usman.raza@example.com,Hair Dryer,Beauty,PSH-01,Peshawar,2,235.47,15,Credit Card
TXN003433,20-Apr-2024,Fatima Malik,fatima.malik@example.com,USB-C Cable,Electronics,LHR-02,Lahore,2,98.21,10,Debit Card
TXN004896,2024-01-30,Sara Chaudhry,sara.chaudhry@example.com,Ceramic Mug Set,Home & Kitchen,ISB-01,Islamabad,5,62.48,0,Cash
TXN001195,07/04/2025,Bilal Chaudhry,bilal.chaudhry@example.com,Cotton T-Shirt,Apparel,KHI-01,Karachi,4,241.26,5,Cash
TXN003973,2024-12-05,Ali Farooq,ali.farooq@example.com,Ceramic Mug Set,Home & Kitchen,KHI-02,Karachi,2,99.7,20,Debit Card
TXN001634,10/06/2024,Hassan Farooq,hassan.farooq@example.com,Blender,Home & Kitchen,LHR-02,Lahore,6,197.95,5,Mobile Wallet
TXN004305,2026-07-11,MARIAM IQBAL,mariam.iqbal@example.com,Denim Jacket,Apparel,LHR-01,Lahore,1,31.43,5,Cash
TXN003204,07/04/2025,Fatima Chaudhry,fatima.chaudhry@example.com,Running Shoes,Apparel,PSH-01,Peshawar,1,166.38,20,Cash
TXN002011,10/07/2026,Noor Iqbal,noor.iqbal@example.com,Yoga Mat,Sports,LHR-02,Lahore,5,154.99,0,Cash
TXN002372,07-Oct-2024,Sana Farooq,,Ceramic Mug Set,Home & Kitchen,PSH-01,Peshawar,5,100.68,0,Credit Card
TXN000414,2024-02-14,Bilal Farooq,,Bluetooth Speaker,Electronics,LHR-02,Lahore,3,162.99,10,Mobile Wallet
TXN001461,03/02/2024,Kamran Khan,kamran.khan@example.com,Laptop Stand,Electronics,KHI-02,Karachi,2,147.91,0,Debit Card
TXN003911,12-Feb-2026,Zainab Malik,zainab.malik@example.com,Wireless Mouse,Electronics,PSH-01,Peshawar,1,218.87,10,Credit Card
TXN003451,2024-07-29,Sara Iqbal,sara.iqbal@example.com,Cycling Helmet,Sports,ISB-01,Islamabad,1,192.63,15,CREDIT CARD
TXN004180,28-Jul-2025,Hina Butt,hina.butt@example.com,Cycling Helmet,Sports,LHR-02,Lahore,1,105.89,0,Cash
TXN001626,14/03/2024,Noor Butt,noor.butt@example.com,Yoga Mat,Sports,KHI-01,Karachi,2,235.81,5,Credit Card
TXN003008,2024-06-19,Zainab Chaudhry,,Dumbbell Set,Sports,PSH-01,Peshawar,4,190.85,0,Debit Card
TXN004538,2025-06-13,Noor Iqbal,noor.iqbal@example.com,Bluetooth Speaker,Electronics,LHR-02,Lahore,2,192.58,20,CREDIT CARD
TXN000141,01-Mar-2025,Bilal Farooq,bilal.farooq@example.com,Denim Jacket,Apparel,PSH-01,Peshawar,4,139.56,20,Cash
TXN003399,04/02/2026,Usman Iqbal,usman.iqbal@example.com,LED Desk Lamp,Home & Kitchen,LHR-01,Lahore,2,43.85,0,Mobile Wallet
TXN002162,09-Sep-2024,Ali Chaudhry,ali.chaudhry@example.com,Blender,Home & Kitchen,LHR-02,Lahore,4,71.62,0,Mobile Wallet
TXN004137,2026-04-21,Mariam Iqbal,mariam.iqbal@example.com,Denim Jacket,Apparel,FSD-01,Faisalabad,,108.48,0,Cash
TXN002658,10/05/2025,Noor Farooq,noor.farooq@example.com,Running Shoes,Apparel,KHI-02,Karachi,3,113.85,0,Mobile Wallet
TXN000144,2025-07-08,Sara Khan,sara.khan@example.com,Non-Stick Pan,Home & Kitchen,KHI-02,Karachi,1,233.97,0,Mobile Wallet
TXN004606,06-May-2026,Fatima Chaudhry,fatima.chaudhry@example.com,Wool Sweater,Apparel,LHR-01,Lahore,1,116.78,10,CREDIT CARD
TXN004996,2024-03-07,Noor Sheikh,noor.sheikh@example.com,Shampoo 500ml,Beauty,LHR-02,Lahore,4,208.5,15,Mobile Wallet
TXN004409,2025-03-12,Faisal Iqbal,faisal.iqbal@example.com,Running Shoes,Apparel,PSH-01,Peshawar,2,58.64,15,CREDIT CARD
TXN001300,2025-06-25,Ali Sheikh,ali.sheikh@example.com,Blender,Home & Kitchen,PSH-01,Peshawar,6,118.35,0,Debit Card
TXN001250,12-Dec-2025,Hassan Farooq,hassan.farooq@example.com,Dumbbell Set,Sports,LHR-02,Lahore,4,35.89,20,Cash
TXN001719,14/02/2025,  NOOR KHAN  ,noor.khan@example.com,Laptop Stand,Electronics,KHI-01,Karachi,6,142.33,5,Debit Card
TXN000417,09/10/2025,FAISAL RAZA,faisal.raza@example.com,Football,Sports,KHI-01,Karachi,2,244.01,10,Credit Card
TXN002224,19-May-2025,Faisal Butt,faisal.butt@example.com,Face Moisturizer,Beauty,KHI-01,Karachi,3,108.95,20,Debit Card
TXN002739,03/01/2024,Ayesha Raza,ayesha.raza@example.com,Cotton T-Shirt,Apparel,LHR-02,Lahore,2,52.27,15,Mobile Wallet
TXN003653,20/02/2025,Bilal Malik,bilal.malik@example.com,Ceramic Mug Set,Home & Kitchen,KHI-01,Karachi,6,27.7,0,Debit Card
TXN003004,23/07/2025,Hina Butt,hina.butt@example.com,Cycling Helmet,Sports,MUL-01,Multan,4,177.15,0,Mobile Wallet
TXN001262,07/02/2025,FAISAL SHEIKH,faisal.sheikh@example.com,Laptop Stand,Electronics,KHI-02,Karachi,3,93.61,20,Debit Card
TXN004388,2026-02-11,Ayesha Malik,ayesha.malik@example.com,Hair Dryer,Beauty,MUL-01,Multan,5,248.5,15,Cash
TXN001240,2024-02-19,Ali Butt,,Blender,Home & Kitchen,FSD-01,Faisalabad,3,245.73,0,CREDIT CARD
TXN003496,2025-03-30,Omar Raza,omar.raza@example.com,Non-Stick Pan,Home & Kitchen,ISB-01,Islamabad,5,29.02,5,Cash
TXN000143,09/06/2025,Sara Farooq,,Sports Cap,Apparel,PSH-01,Peshawar,1,116.92,0,CREDIT CARD
TXN001411,2026-03-28,ALI MALIK,ali.malik@example.com,Yoga Mat,Sports,LHR-01,Lahore,1,10.67,15,Cash
TXN004402,2026-03-13,Faisal Farooq,faisal.farooq@example.com,Dumbbell Set,Sports,FSD-01,Faisalabad,6,239.43,10,cash
TXN002364,16/04/2025,Ali Butt,ali.butt@example.com,Laptop Stand,Electronics,LHR-01,Lahore,2,53.46,15,Mobile Wallet
TXN000498,12-Jan-2026,Ahmed Farooq,ahmed.farooq@example.com,Resistance Bands,Sports,ISB-01,Islamabad,4,234.14,0,Mobile Wallet
TXN002750,24-Feb-2024,Omar Chaudhry,omar.chaudhry@example.com,Laptop Stand,Electronics,MUL-01,Multan,6,91.21,0,Credit Card
TXN000447,2024-10-15,Fatima Khan,fatima.khan@example.com,Dumbbell Set,Sports,LHR-02,Lahore,,225.91,0,cash
TXN000038,21/02/2024,SARA IQBAL,sara.iqbal@example.com,Resistance Bands,Sports,LHR-01,Lahore,2,97.88,5,Debit Card
TXN002605,24-Nov-2025,ALI CHAUDHRY,ali.chaudhry@example.com,Yoga Mat,Sports,MUL-01,Multan,3,195.7,0,CREDIT CARD
TXN000348,2025-12-27,Zainab Iqbal,zainab.iqbal@example.com,Non-Stick Pan,Home & Kitchen,LHR-01,Lahore,4,226.45,0,Cash
TXN004959,11-Nov-2024,  Usman Butt  ,usman.butt@example.com,Yoga Mat,Sports,KHI-01,Karachi,1,73.73,15,Credit Card
TXN002913,16/05/2026,Zainab Farooq,zainab.farooq@example.com,Ceramic Mug Set,Home & Kitchen,MUL-01,Multan,4,93.87,10,CREDIT CARD
TXN004910,2025-03-19,Zainab Malik,zainab.malik@example.com,Football,Sports,KHI-01,Karachi,6,58.32,5,Cash
TXN000264,15-Sep-2025,Faisal Raza,faisal.raza@example.com,Denim Jacket,Apparel,LHR-02,Lahore,3,191.78,0,Mobile Wallet
TXN004520,2024-07-13,ALI BUTT,ali.butt@example.com,Dumbbell Set,Sports,FSD-01,Faisalabad,4,156.33,15,Mobile Wallet
TXN003163,06/02/2024,Usman Raza,usman.raza@example.com,Face Moisturizer,Beauty,ISB-01,Islamabad,4,,0,CREDIT CARD
TXN004048,2025-08-16,ALI IQBAL,ali.iqbal@example.com,Cycling Helmet,Sports,ISB-01,Islamabad,3,144.92,15,CREDIT CARD
TXN003280,25-Mar-2026,Kamran Farooq,kamran.farooq@example.com,Denim Jacket,Apparel,KHI-02,Karachi,4,201.46,0,Debit Card
TXN000637,11/09/2025,USMAN MALIK,usman.malik@example.com,Non-Stick Pan,Home & Kitchen,KHI-02,Karachi,6,84.52,0,Mobile Wallet
TXN000697,2025-05-14,Ali Butt,ali.butt@example.com,Face Moisturizer,Beauty,KHI-02,Karachi,5,88.41,0,Debit Card
TXN002274,06/06/2025,Ahmed Chaudhry,ahmed.chaudhry@example.com,Coffee Maker,Home & Kitchen,LHR-01,Lahore,4,113.55,0,Credit Card
TXN002673,2024-06-03,Ali Iqbal,ali.iqbal@example.com,Cycling Helmet,Sports,PSH-01,Peshawar,6,139.0,20,Cash
TXN004254,2025-12-04,Ayesha Butt,,Football,Sports,PSH-01,Peshawar,6,116.71,0,Credit Card
TXN000921,18-May-2025,  Kamran Sheikh  ,kamran.sheikh@example.com,Cotton T-Shirt,Apparel,FSD-01,Faisalabad,3,143.86,0,Cash
TXN000512,02-Jan-2026,Mariam Chaudhry,mariam.chaudhry@example.com,Resistance Bands,Sports,KHI-02,Karachi,6,169.75,0,Debit Card
TXN004573,2024-01-24,Mariam Butt,mariam.butt@example.com,Ceramic Mug Set,Home & Kitchen,FSD-01,Faisalabad,4,200.52,5,Credit Card
TXN004288,15-May-2024,Hassan Farooq,hassan.farooq@example.com,Hair Dryer,Beauty,LHR-01,Lahore,4,227.89,0,Debit Card
TXN000088,05/04/2026,Faisal Butt,faisal.butt@example.com,Shampoo 500ml,Beauty,KHI-01,Karachi,6,,0,Debit Card
TXN003667,13/11/2024,Noor Farooq,noor.farooq@example.com,Coffee Maker,Home & Kitchen,KHI-01,Karachi,6,71.68,20,Cash
TXN001254,22/06/2026,Sana Sheikh,sana.sheikh@example.com,Hair Dryer,Beauty,KHI-01,Karachi,6,217.23,0,CREDIT CARD
TXN004269,2025-03-25,Omar Iqbal,omar.iqbal@example.com,Hair Dryer,Beauty,ISB-01,Islamabad,2,240.4,5,cash
TXN004655,03/03/2025,SARA SHEIKH,sara.sheikh@example.com,LED Desk Lamp,Home & Kitchen,KHI-02,Karachi,2,147.86,0,CREDIT CARD
TXN004396,17-Jan-2026,Faisal Sheikh,faisal.sheikh@example.com,Coffee Maker,Home & Kitchen,LHR-01,Lahore,3,187.73,10,Debit Card
TXN002861,28-Jan-2024,FATIMA IQBAL,fatima.iqbal@example.com,Resistance Bands,Sports,KHI-02,Karachi,6,,0,Credit Card
TXN004016,19/01/2024,Mariam Sheikh,mariam.sheikh@example.com,Sunscreen SPF50,Beauty,KHI-02,Karachi,1,93.51,0,Credit Card
TXN000721,20/04/2025,Hassan Iqbal,,Football,Sports,FSD-01,Faisalabad,,204.31,10,Mobile Wallet
TXN001140,30/10/2025,Ayesha Sheikh,ayesha.sheikh@example.com,Yoga Mat,Sports,ISB-01,Islamabad,2,177.11,10,Cash
TXN003429,08-Oct-2024,Zainab Iqbal,zainab.iqbal@example.com,Wool Sweater,Apparel,ISB-01,Islamabad,6,19.36,15,Credit Card
TXN000366,2025-06-25,Ahmed Malik,ahmed.malik@example.com,Dumbbell Set,Sports,KHI-02,Karachi,6,123.5,15,Debit Card
TXN002561,03/05/2025,Usman Iqbal,usman.iqbal@example.com,Ceramic Mug Set,Home & Kitchen,LHR-02,Lahore,1,176.01,0,Mobile Wallet
TXN001118,20-May-2025,Bilal Sheikh,bilal.sheikh@example.com,Football,Sports,PSH-01,Peshawar,6,14.35,0,Mobile Wallet
TXN004426,02-Dec-2024,Sana Malik,sana.malik@example.com,Yoga Mat,Sports,LHR-02,Lahore,3,191.52,10,CREDIT CARD
TXN000426,2024-03-30,Mariam Malik,mariam.malik@example.com,Cycling Helmet,Sports,PSH-01,Peshawar,2,100.72,0,Cash
TXN000086,2024-10-06,Kamran Iqbal,kamran.iqbal@example.com,Wireless Mouse,Electronics,ISB-01,Islamabad,1,189.96,15,CREDIT CARD
TXN002912,2024-10-03,  Ali Malik  ,ali.malik@example.com,Sunscreen SPF50,Beauty,MUL-01,Multan,1,,0,Mobile Wallet
TXN001678,19/04/2026,Sana Khan,,Sunscreen SPF50,Beauty,KHI-02,Karachi,2,189.12,0,cash
TXN001464,2025-10-29,Hina Malik,hina.malik@example.com,Shampoo 500ml,Beauty,LHR-02,Lahore,5,78.12,20,Mobile Wallet
TXN004163,02/03/2025,Faisal Farooq,faisal.farooq@example.com,Sunscreen SPF50,Beauty,LHR-02,Lahore,5,235.65,0,Cash
TXN001380,2024-11-02,Ahmed Chaudhry,ahmed.chaudhry@example.com,Yoga Mat,Sports,LHR-02,Lahore,2,180.09,15,cash
TXN003635,2025-07-01,Noor Sheikh,noor.sheikh@example.com,Non-Stick Pan,Home & Kitchen,FSD-01,Faisalabad,6,138.15,10,CREDIT CARD
TXN004927,2024-01-23,Ali Iqbal,,Face Moisturizer,Beauty,ISB-01,Islamabad,2,89.34,5,Debit Card
TXN002682,02/02/2025,Kamran Chaudhry,kamran.chaudhry@example.com,Yoga Mat,Sports,LHR-02,Lahore,5,94.39,0,cash
TXN003716,13-Dec-2025,Hassan Malik,hassan.malik@example.com,Lip Balm,Beauty,LHR-01,Lahore,4,,10,Mobile Wallet
TXN002367,05/02/2026,Noor Farooq,noor.farooq@example.com,LED Desk Lamp,Home & Kitchen,KHI-01,Karachi,5,204.99,20,Mobile Wallet
TXN000050,30-May-2026,Ayesha Iqbal,ayesha.iqbal@example.com,Cotton T-Shirt,Apparel,MUL-01,Multan,3,247.56,15,Credit Card
TXN002035,2024-03-16,Ahmed Khan,ahmed.khan@example.com,Face Moisturizer,Beauty,KHI-01,Karachi,3,107.43,0,cash
TXN002968,13-Oct-2025,Mariam Iqbal,mariam.iqbal@example.com,Coffee Maker,Home & Kitchen,MUL-01,Multan,6,208.75,0,Cash
TXN003274,15-Apr-2024,Faisal Chaudhry,faisal.chaudhry@example.com,Coffee Maker,Home & Kitchen,KHI-02,Karachi,1,11.68,0,cash
TXN000928,24-Nov-2024,  AYESHA BUTT  ,ayesha.butt@example.com,Wireless Mouse,Electronics,MUL-01,Multan,4,134.69,5,cash
TXN003809,2026-03-16,Ahmed Sheikh,ahmed.sheikh@example.com,Wireless Mouse,Electronics,FSD-01,Faisalabad,4,222.2,10,Mobile Wallet
TXN000230,29/11/2024,Sara Malik,sara.malik@example.com,Cycling Helmet,Sports,FSD-01,Faisalabad,1,132.32,10,Mobile Wallet
TXN001725,22-Jun-2025,Ahmed Khan,ahmed.khan@example.com,Cotton T-Shirt,Apparel,LHR-02,Lahore,1,149.22,15,Credit Card
TXN004320,22-Apr-2024,Ahmed Raza,ahmed.raza@example.com,Non-Stick Pan,Home & Kitchen,PSH-01,Peshawar,2,243.76,20,Debit Card
TXN002932,2024-08-25,Ali Sheikh,ali.sheikh@example.com,Yoga Mat,Sports,LHR-02,Lahore,5,69.28,5,Mobile Wallet
TXN002161,24-Jan-2024,Noor Khan,noor.khan@example.com,Non-Stick Pan,Home & Kitchen,PSH-01,Peshawar,1,53.47,20,CREDIT CARD
TXN004820,29/07/2026,HINA MALIK,hina.malik@example.com,Shampoo 500ml,Beauty,ISB-01,Islamabad,3,202.85,0,CREDIT CARD
TXN000391,28/03/2026,Sana Raza,sana.raza@example.com,Laptop Stand,Electronics,PSH-01,Peshawar,1,75.86,0,CREDIT CARD
TXN003031,2025-05-08,Ayesha Malik,ayesha.malik@example.com,Lip Balm,Beauty,MUL-01,Multan,2,132.1,15,cash
TXN003900,11-Sep-2024,Sana Raza,sana.raza@example.com,Lip Balm,Beauty,MUL-01,Multan,5,18.77,0,cash
TXN003141,08/01/2026,Bilal Farooq,bilal.farooq@example.com,Wool Sweater,Apparel,LHR-01,Lahore,6,108.65,15,Cash
TXN004255,2025-03-16,Mariam Raza,mariam.raza@example.com,Laptop Stand,Electronics,LHR-02,Lahore,3,37.48,20,Mobile Wallet
TXN000604,10/02/2025,Bilal Iqbal,bilal.iqbal@example.com,Blender,Home & Kitchen,MUL-01,Multan,5,79.16,5,CREDIT CARD
TXN004702,12/03/2024,Ali Malik,ali.malik@example.com,Dumbbell Set,Sports,ISB-01,Islamabad,5,192.95,10,cash
TXN003561,24/11/2024,Sana Malik,sana.malik@example.com,Dumbbell Set,Sports,ISB-01,Islamabad,1,223.41,0,Credit Card
TXN002930,2025-02-27,Mariam Malik,mariam.malik@example.com,Bluetooth Speaker,Electronics,LHR-02,Lahore,5,114.59,20,Cash
TXN001462,30/03/2025,Fatima Farooq,fatima.farooq@example.com,Hair Dryer,Beauty,KHI-02,Karachi,,244.83,10,Credit Card
TXN004649,2025-02-27,Faisal Chaudhry,faisal.chaudhry@example.com,Sunscreen SPF50,Beauty,LHR-01,Lahore,3,129.53,0,Credit Card
TXN004636,21-Dec-2025,Sana Iqbal,sana.iqbal@example.com,Sports Cap,Apparel,ISB-01,Islamabad,3,20.42,20,Debit Card
TXN004413,30-Jul-2026,FATIMA IQBAL,fatima.iqbal@example.com,Lip Balm,Beauty,LHR-02,Lahore,6,155.51,0,cash
TXN000700,04/06/2025,Noor Butt,noor.butt@example.com,Yoga Mat,Sports,FSD-01,Faisalabad,3,18.02,5,CREDIT CARD
TXN002448,2024-05-29,Hina Iqbal,hina.iqbal@example.com,Shampoo 500ml,Beauty,PSH-01,Peshawar,2,202.76,0,Mobile Wallet
TXN002111,06/09/2024,Zainab Butt,zainab.butt@example.com,Football,Sports,ISB-01,Islamabad,,87.09,0,Cash
TXN004190,24/07/2025,  Fatima Iqbal  ,fatima.iqbal@example.com,Resistance Bands,Sports,FSD-01,Faisalabad,5,40.76,20,Credit Card
TXN004858,11-Feb-2026,Ayesha Raza,ayesha.raza@example.com,Face Moisturizer,Beauty,LHR-02,Lahore,4,111.7,5,cash
TXN002241,2026-06-29,Omar Chaudhry,omar.chaudhry@example.com,Laptop Stand,Electronics,PSH-01,Peshawar,6,139.95,15,cash
TXN003244,24/11/2025,Faisal Raza,faisal.raza@example.com,Running Shoes,Apparel,LHR-01,Lahore,2,204.28,5,CREDIT CARD
TXN001978,20-Apr-2025,Hassan Farooq,hassan.farooq@example.com,Non-Stick Pan,Home & Kitchen,LHR-01,Lahore,5,78.58,10,cash
TXN003321,22/09/2025,Mariam Khan,mariam.khan@example.com,Sports Cap,Apparel,ISB-01,Islamabad,6,128.13,5,Cash
TXN003820,21/10/2025,Sana Khan,sana.khan@example.com,Face Moisturizer,Beauty,LHR-01,Lahore,6,114.91,0,Debit Card
TXN002631,23/07/2026,  Ali Sheikh  ,ali.sheikh@example.com,Cycling Helmet,Sports,MUL-01,Multan,4,226.9,0,cash
TXN004365,03/07/2026,Ayesha Malik,,Ceramic Mug Set,Home & Kitchen,KHI-01,Karachi,3,95.45,5,Cash
TXN002261,20-Jun-2025,Ayesha Malik,,Football,Sports,LHR-01,Lahore,5,239.14,15,CREDIT CARD
TXN001267,08/09/2024,Mariam Khan,mariam.khan@example.com,Ceramic Mug Set,Home & Kitchen,KHI-01,Karachi,1,237.56,0,CREDIT CARD
TXN004946,22/03/2026,Ahmed Iqbal,ahmed.iqbal@example.com,Dumbbell Set,Sports,LHR-02,Lahore,6,38.23,0,Debit Card
TXN002843,18-Feb-2024,Sara Iqbal,sara.iqbal@example.com,Ceramic Mug Set,Home & Kitchen,LHR-01,Lahore,6,165.17,0,Debit Card
TXN004754,2024-04-23,Sana Khan,sana.khan@example.com,Lip Balm,Beauty,KHI-02,Karachi,2,47.45,0,cash
TXN004178,09/11/2024,Zainab Farooq,zainab.farooq@example.com,Wool Sweater,Apparel,LHR-01,Lahore,4,236.28,0,Mobile Wallet
TXN004377,22-Apr-2024,Hassan Khan,hassan.khan@example.com,Face Moisturizer,Beauty,MUL-01,Multan,2,166.51,10,CREDIT CARD
TXN003390,2025-05-12,Sana Butt,sana.butt@example.com,Running Shoes,Apparel,ISB-01,Islamabad,1,224.42,5,cash
TXN000020,13/01/2025,Bilal Raza,bilal.raza@example.com,Sports Cap,Apparel,ISB-01,Islamabad,5,43.65,20,CREDIT CARD
TXN003729,2024-06-26,  BILAL BUTT  ,bilal.butt@example.com,Blender,Home & Kitchen,LHR-02,Lahore,1,190.75,15,cash
TXN001939,27-May-2024,Ayesha Malik,ayesha.malik@example.com,USB-C Cable,Electronics,KHI-01,Karachi,1,177.81,0,Debit Card
TXN000722,10/01/2026,Ahmed Raza,ahmed.raza@example.com,Non-Stick Pan,Home & Kitchen,PSH-01,Peshawar,2,72.84,10,Cash
TXN002720,03/06/2024,Hina Khan,hina.khan@example.com,Yoga Mat,Sports,ISB-01,Islamabad,3,51.1,15,cash
TXN000367,2025-05-19,Bilal Farooq,,LED Desk Lamp,Home & Kitchen,FSD-01,Faisalabad,2,221.5,0,Credit Card
TXN003064,25/06/2025,Ali Butt,,Ceramic Mug Set,Home & Kitchen,LHR-02,Lahore,4,137.28,0,cash
TXN002044,2024-10-13,Bilal Butt,bilal.butt@example.com,Webcam HD,Electronics,KHI-01,Karachi,1,116.24,0,Mobile Wallet
TXN003670,2024-04-23,Usman Khan,usman.khan@example.com,Dumbbell Set,Sports,KHI-01,Karachi,3,231.17,5,Credit Card
TXN001327,22/07/2026,Sana Farooq,sana.farooq@example.com,Coffee Maker,Home & Kitchen,PSH-01,Peshawar,1,143.97,0,cash
TXN000658,25-Jan-2024,Noor Malik,noor.malik@example.com,Cotton T-Shirt,Apparel,FSD-01,Faisalabad,4,200.04,0,Cash
TXN000083,23/07/2025,Sana Butt,sana.butt@example.com,Dumbbell Set,Sports,KHI-01,Karachi,3,33.15,20,cash
TXN002537,04/03/2024,Ahmed Raza,ahmed.raza@example.com,Non-Stick Pan,Home & Kitchen,KHI-02,Karachi,2,198.47,0,Cash
TXN002120,04-Apr-2024,Ali Butt,ali.butt@example.com,Sunscreen SPF50,Beauty,LHR-01,Lahore,6,239.04,20,Cash
TXN002996,20-Feb-2025,Hina Farooq,hina.farooq@example.com,Sunscreen SPF50,Beauty,ISB-01,Islamabad,2,203.42,5,CREDIT CARD
TXN004642,2025-03-15,Ayesha Farooq,ayesha.farooq@example.com,Blender,Home & Kitchen,ISB-01,Islamabad,5,103.55,10,CREDIT CARD
TXN000997,11-Jun-2026,Sara Khan,,Yoga Mat,Sports,KHI-02,Karachi,5,48.11,0,Cash
TXN004815,17/01/2026,ZAINAB IQBAL,zainab.iqbal@example.com,Cycling Helmet,Sports,ISB-01,Islamabad,6,78.96,20,Credit Card
TXN001189,21/03/2024,  Faisal Khan  ,faisal.khan@example.com,Lip Balm,Beauty,KHI-02,Karachi,1,172.28,20,cash
TXN003167,08-Nov-2025,Kamran Malik,kamran.malik@example.com,Yoga Mat,Sports,KHI-01,Karachi,6,212.1,20,Debit Card
TXN002156,24-Jul-2024,Hassan Raza,hassan.raza@example.com,Football,Sports,KHI-02,Karachi,3,142.91,0,Mobile Wallet
TXN004883,08/11/2024,Sana Iqbal,sana.iqbal@example.com,Hair Dryer,Beauty,LHR-01,Lahore,2,55.49,15,Cash
TXN002359,27/02/2026,HASSAN CHAUDHRY,hassan.chaudhry@example.com,Webcam HD,Electronics,MUL-01,Multan,4,78.65,10,Mobile Wallet
TXN004879,06-Feb-2026,OMAR RAZA,omar.raza@example.com,Wireless Mouse,Electronics,FSD-01,Faisalabad,5,115.52,0,CREDIT CARD
TXN000079,09/05/2024,Sara Malik,sara.malik@example.com,Laptop Stand,Electronics,PSH-01,Peshawar,5,157.96,10,cash
TXN001342,24-Jan-2026,Fatima Butt,fatima.butt@example.com,Sports Cap,Apparel,KHI-01,Karachi,1,183.44,20,CREDIT CARD
TXN004245,02/06/2026,Fatima Malik,fatima.malik@example.com,Sunscreen SPF50,Beauty,KHI-01,Karachi,1,15.63,15,Credit Card
TXN003488,2025-05-10,Faisal Sheikh,faisal.sheikh@example.com,Non-Stick Pan,Home & Kitchen,MUL-01,Multan,3,247.32,15,Mobile Wallet
TXN004587,03-Mar-2025,Sara Raza,sara.raza@example.com,Lip Balm,Beauty,LHR-01,Lahore,3,216.16,5,Cash
TXN003972,08-Dec-2024,Ahmed Chaudhry,ahmed.chaudhry@example.com,Yoga Mat,Sports,FSD-01,Faisalabad,4,,0,Cash
TXN003028,26/02/2024,Kamran Sheikh,kamran.sheikh@example.com,Cycling Helmet,Sports,ISB-01,Islamabad,1,82.81,0,Debit Card
TXN002570,16/08/2025,Ali Iqbal,ali.iqbal@example.com,Denim Jacket,Apparel,KHI-01,Karachi,1,217.55,0,Debit Card
TXN002783,2025-06-13,Ahmed Khan,ahmed.khan@example.com,Resistance Bands,Sports,KHI-01,Karachi,2,16.05,20,Debit Card
TXN001089,04/09/2024,  Hassan Chaudhry  ,hassan.chaudhry@example.com,Dumbbell Set,Sports,KHI-02,Karachi,1,224.61,20,Cash
TXN002642,2025-11-13,Zainab Chaudhry,zainab.chaudhry@example.com,Bluetooth Speaker,Electronics,MUL-01,Multan,6,73.01,0,Credit Card
TXN000695,21/08/2025,Fatima Sheikh,fatima.sheikh@example.com,Sports Cap,Apparel,PSH-01,Peshawar,6,161.04,10,Mobile Wallet
TXN000792,01/06/2025,Kamran Khan,kamran.khan@example.com,Non-Stick Pan,Home & Kitchen,KHI-01,Karachi,6,47.38,0,Debit Card
TXN004141,2026-01-16,  Ayesha Butt  ,ayesha.butt@example.com,Wool Sweater,Apparel,KHI-02,Karachi,1,71.74,0,Cash
TXN003981,07-Mar-2026,Mariam Malik,mariam.malik@example.com,Dumbbell Set,Sports,PSH-01,Peshawar,3,73.6,0,cash
TXN002679,27-Apr-2024,Bilal Iqbal,bilal.iqbal@example.com,Hair Dryer,Beauty,KHI-01,Karachi,,231.59,0,Cash
TXN002681,13/05/2025,Hina Malik,hina.malik@example.com,Hair Dryer,Beauty,MUL-01,Multan,4,62.88,20,CREDIT CARD
TXN001291,2025-05-03,Kamran Farooq,,Sports Cap,Apparel,FSD-01,Faisalabad,1,203.74,0,CREDIT CARD
TXN003307,22/12/2024,Faisal Butt,faisal.butt@example.com,Webcam HD,Electronics,LHR-02,Lahore,1,114.33,20,Cash
TXN004947,2024-10-20,MARIAM FAROOQ,mariam.farooq@example.com,Bluetooth Speaker,Electronics,KHI-01,Karachi,5,199.77,0,Credit Card
TXN000183,2025-03-25,Kamran Chaudhry,kamran.chaudhry@example.com,Running Shoes,Apparel,LHR-01,Lahore,2,195.03,15,Debit Card
TXN002610,14-Nov-2025,Mariam Farooq,mariam.farooq@example.com,LED Desk Lamp,Home & Kitchen,PSH-01,Peshawar,6,64.63,0,CREDIT CARD
TXN001056,03-Jul-2025,Fatima Malik,fatima.malik@example.com,USB-C Cable,Electronics,KHI-02,Karachi,2,159.13,10,Cash
TXN002843,18-Feb-2024,Sara Iqbal,sara.iqbal@example.com,Ceramic Mug Set,Home & Kitchen,LHR-01,Lahore,6,165.17,0,Debit Card
TXN002741,30/01/2025,Sara Iqbal,sara.iqbal@example.com,Face Moisturizer,Beauty,KHI-02,Karachi,2,210.28,0,Credit Card
TXN002438,29/12/2025,Hassan Iqbal,hassan.iqbal@example.com,Bluetooth Speaker,Electronics,ISB-01,Islamabad,3,205.91,15,Mobile Wallet
TXN001440,2024-10-27,Ali Sheikh,ali.sheikh@example.com,Ceramic Mug Set,Home & Kitchen,LHR-01,Lahore,2,200.61,0,Cash
TXN000894,09-Apr-2024,Sana Sheikh,sana.sheikh@example.com,Bluetooth Speaker,Electronics,KHI-02,Karachi,5,228.59,5,CREDIT CARD
TXN000983,25/04/2026,Ayesha Butt,ayesha.butt@example.com,Running Shoes,Apparel,FSD-01,Faisalabad,4,131.83,15,CREDIT CARD
TXN004690,12/06/2024,Faisal Sheikh,faisal.sheikh@example.com,Hair Dryer,Beauty,LHR-02,Lahore,6,106.71,0,Mobile Wallet
TXN001882,12/12/2025,Noor Farooq,noor.farooq@example.com,Running Shoes,Apparel,PSH-01,Peshawar,1,132.44,15,Credit Card
TXN004276,02/09/2024,Noor Chaudhry,noor.chaudhry@example.com,Resistance Bands,Sports,PSH-01,Peshawar,2,224.66,0,Mobile Wallet
TXN003525,2024-09-29,Ayesha Malik,ayesha.malik@example.com,Dumbbell Set,Sports,PSH-01,Peshawar,5,118.11,0,Debit Card
TXN003584,2024-11-27,SARA FAROOQ,sara.farooq@example.com,Coffee Maker,Home & Kitchen,PSH-01,Peshawar,,63.83,0,Debit Card
TXN002545,2024-06-16,Faisal Farooq,faisal.farooq@example.com,Resistance Bands,Sports,MUL-01,Multan,4,53.84,10,Cash
TXN004915,2026-03-05,MARIAM MALIK,mariam.malik@example.com,Dumbbell Set,Sports,LHR-01,Lahore,3,93.16,20,CREDIT CARD
TXN004557,07/10/2025,Noor Farooq,noor.farooq@example.com,Yoga Mat,Sports,FSD-01,Faisalabad,5,174.3,15,CREDIT CARD
TXN003371,14-Feb-2024,  Hina Sheikh  ,hina.sheikh@example.com,Sports Cap,Apparel,ISB-01,Islamabad,6,35.48,20,CREDIT CARD
TXN002243,2026-04-22,Faisal Butt,faisal.butt@example.com,Bluetooth Speaker,Electronics,MUL-01,Multan,3,228.01,0,Credit Card
TXN000448,23/01/2025,Kamran Malik,kamran.malik@example.com,Lip Balm,Beauty,KHI-01,Karachi,2,57.5,0,Credit Card
TXN003070,07-Apr-2024,FAISAL MALIK,faisal.malik@example.com,Wool Sweater,Apparel,LHR-02,Lahore,4,218.66,0,Cash
TXN004059,02-May-2025,Sana Khan,sana.khan@example.com,Ceramic Mug Set,Home & Kitchen,LHR-02,Lahore,5,206.32,5,cash
TXN001941,28-Mar-2026,Ayesha Raza,ayesha.raza@example.com,Coffee Maker,Home & Kitchen,PSH-01,Peshawar,2,29.16,0,Debit Card
TXN003818,2024-05-12,  HASSAN MALIK  ,hassan.malik@example.com,Blender,Home & Kitchen,LHR-02,Lahore,6,202.62,0,CREDIT CARD
TXN000095,04/03/2026,Mariam Raza,mariam.raza@example.com,Hair Dryer,Beauty,KHI-01,Karachi,1,171.33,0,Debit Card
TXN001295,15-Mar-2026,Usman Khan,usman.khan@example.com,Lip Balm,Beauty,ISB-01,Islamabad,2,161.05,0,Credit Card
TXN004411,24-May-2024,Usman Sheikh,,Webcam HD,Electronics,MUL-01,Multan,1,149.2,5,Credit Card
TXN003946,04-Jul-2025,Sana Iqbal,sana.iqbal@example.com,Blender,Home & Kitchen,ISB-01,Islamabad,3,201.01,15,Debit Card
TXN001539,02-Aug-2024,  Hina Malik  ,hina.malik@example.com,Sports Cap,Apparel,KHI-01,Karachi,2,98.74,0,Cash
TXN001214,2026-07-26,Usman Khan,usman.khan@example.com,Wireless Mouse,Electronics,LHR-01,Lahore,3,5.86,10,Mobile Wallet
TXN002699,10-Dec-2024,Kamran Sheikh,kamran.sheikh@example.com,Yoga Mat,Sports,MUL-01,Multan,4,106.37,0,cash
TXN003218,14-Nov-2025,Ali Iqbal,ali.iqbal@example.com,Yoga Mat,Sports,PSH-01,Peshawar,1,53.37,5,Debit Card
TXN000119,08-May-2024,Hassan Butt,hassan.butt@example.com,Cycling Helmet,Sports,LHR-02,Lahore,5,79.19,10,cash
TXN002395,02/01/2026,Fatima Iqbal,fatima.iqbal@example.com,Sports Cap,Apparel,ISB-01,Islamabad,1,115.04,10,CREDIT CARD
TXN001601,01-Jun-2026,Sana Raza,sana.raza@example.com,Non-Stick Pan,Home & Kitchen,MUL-01,Multan,2,196.82,0,CREDIT CARD
TXN001850,06/08/2025,Omar Butt,omar.butt@example.com,Non-Stick Pan,Home & Kitchen,ISB-01,Islamabad,5,80.47,5,cash
TXN002515,2025-07-13,Kamran Farooq,kamran.farooq@example.com,Blender,Home & Kitchen,KHI-02,Karachi,5,136.57,0,cash
TXN004647,10/02/2024,AYESHA IQBAL,,Dumbbell Set,Sports,MUL-01,Multan,5,51.6,0,Credit Card
TXN004349,04-Nov-2024,SARA CHAUDHRY,sara.chaudhry@example.com,Sunscreen SPF50,Beauty,LHR-01,Lahore,5,244.63,5,Debit Card
TXN001270,2025-01-13,HASSAN SHEIKH,hassan.sheikh@example.com,Laptop Stand,Electronics,KHI-02,Karachi,1,136.19,10,Debit Card
TXN001003,2026-02-06,Bilal Farooq,bilal.farooq@example.com,Bluetooth Speaker,Electronics,MUL-01,Multan,3,164.02,0,Mobile Wallet
TXN004824,2024-04-16,Noor Farooq,noor.farooq@example.com,Ceramic Mug Set,Home & Kitchen,KHI-02,Karachi,1,173.0,20,CREDIT CARD
TXN001323,24/07/2025,Sana Iqbal,sana.iqbal@example.com,Denim Jacket,Apparel,KHI-01,Karachi,1,49.54,0,Credit Card
TXN000124,15/10/2024,  Ayesha Butt  ,ayesha.butt@example.com,Laptop Stand,Electronics,PSH-01,Peshawar,6,151.39,0,Credit Card
TXN003903,19/05/2026,Omar Chaudhry,omar.chaudhry@example.com,Football,Sports,FSD-01,Faisalabad,5,112.76,15,Mobile Wallet
TXN002117,10/11/2024,Sara Iqbal,sara.iqbal@example.com,Wool Sweater,Apparel,LHR-02,Lahore,2,229.77,10,cash
TXN003624,2024-10-11,Faisal Raza,faisal.raza@example.com,Wool Sweater,Apparel,FSD-01,Faisalabad,3,171.74,0,Debit Card
TXN003502,06-Jun-2024,HINA RAZA,hina.raza@example.com,Denim Jacket,Apparel,ISB-01,Islamabad,6,42.79,0,Credit Card
TXN000967,26-Sep-2025,Omar Iqbal,omar.iqbal@example.com,Face Moisturizer,Beauty,ISB-01,Islamabad,6,230.29,5,Credit Card
TXN004958,2024-02-15,Hina Sheikh,hina.sheikh@example.com,Wireless Mouse,Electronics,MUL-01,Multan,4,234.61,15,Debit Card
TXN001653,2025-09-11,Sana Iqbal,sana.iqbal@example.com,Sunscreen SPF50,Beauty,FSD-01,Faisalabad,1,63.52,0,cash
TXN001738,2026-06-17,BILAL BUTT,,Bluetooth Speaker,Electronics,LHR-01,Lahore,1,88.27,20,CREDIT CARD
TXN002077,03-Feb-2025,Ahmed Raza,ahmed.raza@example.com,Football,Sports,MUL-01,Multan,5,230.97,10,cash
TXN003883,07/03/2026,Faisal Sheikh,faisal.sheikh@example.com,Resistance Bands,Sports,LHR-02,Lahore,2,89.69,0,Cash
TXN004248,2026-01-31,Kamran Raza,,Lip Balm,Beauty,ISB-01,Islamabad,1,100.93,20,Mobile Wallet
TXN003674,13-Mar-2024,Mariam Khan,mariam.khan@example.com,Denim Jacket,Apparel,PSH-01,Peshawar,3,42.88,0,Cash
TXN003935,2025-12-22,Fatima Raza,fatima.raza@example.com,Ceramic Mug Set,Home & Kitchen,FSD-01,Faisalabad,5,212.24,5,Credit Card
TXN003033,03/08/2025,Faisal Iqbal,faisal.iqbal@example.com,Webcam HD,Electronics,ISB-01,Islamabad,3,115.86,20,Cash
TXN001359,2024-11-30,Omar Raza,omar.raza@example.com,Lip Balm,Beauty,ISB-01,Islamabad,2,28.62,5,Credit Card
TXN003236,01-Oct-2025,Faisal Iqbal,faisal.iqbal@example.com,Sports Cap,Apparel,LHR-02,Lahore,2,246.07,20,Debit Card
TXN001521,03/08/2025,ZAINAB MALIK,zainab.malik@example.com,Resistance Bands,Sports,MUL-01,Multan,6,242.11,0,Debit Card
TXN002097,2026-03-15,Noor Butt,noor.butt@example.com,Sports Cap,Apparel,KHI-02,Karachi,1,146.09,20,cash
TXN004343,10/02/2026,  Fatima Butt  ,fatima.butt@example.com,Face Moisturizer,Beauty,ISB-01,Islamabad,1,72.16,0,cash
TXN000874,05/09/2025,Fatima Malik,fatima.malik@example.com,Lip Balm,Beauty,KHI-02,Karachi,6,64.12,5,Mobile Wallet
TXN001057,22-Aug-2024,NOOR RAZA,noor.raza@example.com,Laptop Stand,Electronics,KHI-02,Karachi,4,73.03,20,Mobile Wallet
TXN001592,2024-10-28,Sara Malik,sara.malik@example.com,Cotton T-Shirt,Apparel,FSD-01,Faisalabad,3,222.16,5,cash
TXN004030,02/03/2024,Bilal Butt,bilal.butt@example.com,Resistance Bands,Sports,LHR-02,Lahore,1,79.31,0,CREDIT CARD
TXN003087,29/04/2026,AYESHA CHAUDHRY,ayesha.chaudhry@example.com,Bluetooth Speaker,Electronics,FSD-01,Faisalabad,1,81.29,15,cash
TXN002051,09-Jun-2026,Faisal Iqbal,faisal.iqbal@example.com,Bluetooth Speaker,Electronics,LHR-02,Lahore,6,210.34,10,Cash
TXN004537,2024-11-14,  Ayesha Chaudhry  ,ayesha.chaudhry@example.com,Laptop Stand,Electronics,ISB-01,Islamabad,5,248.75,0,CREDIT CARD
TXN003277,2024-06-18,Sara Khan,sara.khan@example.com,USB-C Cable,Electronics,KHI-02,Karachi,3,142.53,20,Debit Card
TXN001683,2024-12-27,Ali Malik,ali.malik@example.com,Coffee Maker,Home & Kitchen,PSH-01,Peshawar,6,171.03,15,Mobile Wallet
TXN003852,2026-07-20,Ayesha Khan,ayesha.khan@example.com,Face Moisturizer,Beauty,FSD-01,Faisalabad,,25.92,15,Mobile Wallet
TXN004167,18/05/2024,HINA KHAN,hina.khan@example.com,Denim Jacket,Apparel,LHR-01,Lahore,4,165.82,0,cash
TXN004114,2024-02-08,AHMED SHEIKH,ahmed.sheikh@example.com,Shampoo 500ml,Beauty,PSH-01,Peshawar,,107.37,10,Cash
TXN004504,2026-07-11,Bilal Butt,bilal.butt@example.com,Dumbbell Set,Sports,LHR-02,Lahore,4,165.7,0,Credit Card
TXN004205,26-Jan-2024,Ahmed Raza,ahmed.raza@example.com,Resistance Bands,Sports,KHI-02,Karachi,4,37.34,10,cash
TXN002402,26/07/2024,Noor Khan,noor.khan@example.com,Ceramic Mug Set,Home & Kitchen,KHI-02,Karachi,2,22.93,15,Cash
TXN000848,08/06/2025,  Sana Khan  ,sana.khan@example.com,Sunscreen SPF50,Beauty,MUL-01,Multan,4,8.97,20,Debit Card
TXN003529,17-Feb-2025,Hassan Sheikh,,Sports Cap,Apparel,PSH-01,Peshawar,5,101.21,0,cash
TXN004300,20-Mar-2026,Hina Malik,hina.malik@example.com,Non-Stick Pan,Home & Kitchen,FSD-01,Faisalabad,2,158.03,0,CREDIT CARD
TXN004999,02/07/2026,Hina Iqbal,hina.iqbal@example.com,LED Desk Lamp,Home & Kitchen,LHR-02,Lahore,4,108.29,0,Debit Card
TXN001733,10-Jul-2024,Sara Iqbal,sara.iqbal@example.com,Wool Sweater,Apparel,MUL-01,Multan,5,229.61,10,Credit Card
TXN001961,2025-02-05,AYESHA FAROOQ,,Sunscreen SPF50,Beauty,PSH-01,Peshawar,3,8.23,15,Credit Card
TXN000622,25-Jun-2025,Ali Malik,ali.malik@example.com,Wool Sweater,Apparel,FSD-01,Faisalabad,4,225.13,0,CREDIT CARD
TXN000558,2024-05-22,  Omar Khan  ,omar.khan@example.com,Sunscreen SPF50,Beauty,ISB-01,Islamabad,3,244.42,10,cash
TXN000864,10/02/2025,Bilal Khan,bilal.khan@example.com,Denim Jacket,Apparel,LHR-01,Lahore,4,7.87,15,cash
TXN000806,16/06/2024,Ahmed Chaudhry,ahmed.chaudhry@example.com,Ceramic Mug Set,Home & Kitchen,PSH-01,Peshawar,1,172.17,15,CREDIT CARD
TXN003793,23/11/2025,KAMRAN BUTT,kamran.butt@example.com,Laptop Stand,Electronics,PSH-01,Peshawar,2,142.6,0,Debit Card
TXN004639,27-Feb-2024,Kamran Khan,kamran.khan@example.com,Sunscreen SPF50,Beauty,MUL-01,Multan,5,18.1,5,CREDIT CARD
TXN000575,30-Mar-2025,Ahmed Butt,ahmed.butt@example.com,Wool Sweater,Apparel,KHI-02,Karachi,2,219.95,20,Credit Card
TXN000106,22-Jun-2025,Hina Malik,hina.malik@example.com,Coffee Maker,Home & Kitchen,MUL-01,Multan,5,129.3,5,Credit Card
TXN004957,24/03/2025,OMAR KHAN,omar.khan@example.com,USB-C Cable,Electronics,KHI-01,Karachi,5,152.48,0,Debit Card
TXN004359,01/01/2025,HASSAN CHAUDHRY,hassan.chaudhry@example.com,Yoga Mat,Sports,KHI-02,Karachi,5,92.33,20,Mobile Wallet
TXN004705,25-Mar-2024,Kamran Butt,kamran.butt@example.com,Cycling Helmet,Sports,LHR-01,Lahore,6,10.0,15,Cash
TXN002089,03/04/2024,Fatima Butt,fatima.butt@example.com,Sports Cap,Apparel,LHR-01,Lahore,2,40.23,10,Credit Card
TXN000545,31-Jan-2024,  Hina Khan  ,,Shampoo 500ml,Beauty,MUL-01,Multan,3,33.22,20,Debit Card
TXN003090,20/07/2026,Fatima Farooq,fatima.farooq@example.com,Sports Cap,Apparel,LHR-01,Lahore,,8.43,20,cash
TXN003302,10/08/2025,Faisal Chaudhry,faisal.chaudhry@example.com,Denim Jacket,Apparel,KHI-02,Karachi,3,173.14,15,Debit Card
TXN004661,30-Jul-2024,Mariam Malik,mariam.malik@example.com,Sunscreen SPF50,Beauty,KHI-01,Karachi,1,29.48,10,cash
TXN000597,01/02/2025,Zainab Khan,zainab.khan@example.com,Ceramic Mug Set,Home & Kitchen,LHR-01,Lahore,3,83.31,0,cash
TXN003950,05/04/2026,Mariam Iqbal,mariam.iqbal@example.com,Blender,Home & Kitchen,KHI-02,Karachi,5,128.25,20,Mobile Wallet
TXN003472,2025-12-31,Faisal Raza,faisal.raza@example.com,Football,Sports,MUL-01,Multan,4,219.79,10,Cash
TXN000962,2024-06-17,Kamran Farooq,kamran.farooq@example.com,Running Shoes,Apparel,FSD-01,Faisalabad,6,89.15,15,CREDIT CARD
TXN003606,2026-05-17,Omar Khan,omar.khan@example.com,Laptop Stand,Electronics,ISB-01,Islamabad,5,113.05,15,Credit Card
TXN004094,18/01/2025,OMAR BUTT,omar.butt@example.com,Lip Balm,Beauty,KHI-01,Karachi,5,175.26,20,Debit Card
TXN001668,21-Apr-2026,Kamran Chaudhry,kamran.chaudhry@example.com,Cotton T-Shirt,Apparel,KHI-02,Karachi,,103.61,10,Debit Card
TXN003908,03/04/2026,Omar Raza,omar.raza@example.com,Cotton T-Shirt,Apparel,MUL-01,Multan,3,247.86,5,cash
TXN003638,23-Mar-2025,Zainab Iqbal,zainab.iqbal@example.com,USB-C Cable,Electronics,LHR-01,Lahore,3,183.28,0,Cash
TXN001086,14/03/2025,Ali Raza,ali.raza@example.com,Face Moisturizer,Beauty,FSD-01,Faisalabad,6,241.74,0,CREDIT CARD
TXN000996,2025-04-08,AHMED CHAUDHRY,ahmed.chaudhry@example.com,Bluetooth Speaker,Electronics,LHR-02,Lahore,4,76.82,0,Mobile Wallet
TXN004015,21/06/2026,Kamran Sheikh,kamran.sheikh@example.com,Shampoo 500ml,Beauty,LHR-01,Lahore,4,61.92,20,Mobile Wallet
TXN000816,02-Dec-2024,Zainab Farooq,zainab.farooq@example.com,Coffee Maker,Home & Kitchen,LHR-02,Lahore,,100.31,0,Mobile Wallet
TXN002352,2024-02-11,Sana Iqbal,sana.iqbal@example.com,Webcam HD,Electronics,LHR-01,Lahore,1,158.46,0,cash
TXN001207,18-Sep-2024,Bilal Farooq,bilal.farooq@example.com,Coffee Maker,Home & Kitchen,LHR-02,Lahore,5,185.16,10,cash
TXN002040,2025-07-30,Faisal Sheikh,faisal.sheikh@example.com,Denim Jacket,Apparel,MUL-01,Multan,6,50.02,5,Debit Card
TXN002657,08-Jun-2024,Mariam Malik,mariam.malik@example.com,Dumbbell Set,Sports,LHR-01,Lahore,2,86.31,0,Cash
TXN003644,2024-07-10,Noor Sheikh,noor.sheikh@example.com,Wool Sweater,Apparel,FSD-01,Faisalabad,4,45.12,20,cash
TXN000068,2025-10-13,Zainab Butt,zainab.butt@example.com,Webcam HD,Electronics,PSH-01,Peshawar,6,157.12,15,Cash
TXN002600,2026-03-09,Sana Farooq,sana.farooq@example.com,Ceramic Mug Set,Home & Kitchen,FSD-01,Faisalabad,6,167.51,0,Mobile Wallet
TXN001208,07/05/2026,Zainab Raza,zainab.raza@example.com,Sports Cap,Apparel,LHR-01,Lahore,4,30.64,0,Credit Card
TXN003439,15-Jul-2026,Zainab Butt,zainab.butt@example.com,Ceramic Mug Set,Home & Kitchen,LHR-02,Lahore,6,129.03,15,CREDIT CARD
TXN004145,2024-02-06,Zainab Farooq,zainab.farooq@example.com,Denim Jacket,Apparel,KHI-01,Karachi,3,154.77,10,Credit Card
TXN004414,29-Apr-2024,Kamran Farooq,kamran.farooq@example.com,USB-C Cable,Electronics,PSH-01,Peshawar,2,82.39,5,Cash
TXN003352,06-Oct-2025,Bilal Farooq,bilal.farooq@example.com,Non-Stick Pan,Home & Kitchen,MUL-01,Multan,6,44.88,0,Credit Card
TXN003631,04/10/2024,Bilal Farooq,bilal.farooq@example.com,Blender,Home & Kitchen,LHR-01,Lahore,5,52.26,20,cash
TXN003195,16-Apr-2024,Ali Farooq,ali.farooq@example.com,Cotton T-Shirt,Apparel,PSH-01,Peshawar,3,15.4,10,Mobile Wallet
TXN002894,27-Feb-2024,Ayesha Chaudhry,ayesha.chaudhry@example.com,Non-Stick Pan,Home & Kitchen,KHI-01,Karachi,,217.95,5,CREDIT CARD
TXN000036,10/02/2026,FAISAL FAROOQ,faisal.farooq@example.com,Sunscreen SPF50,Beauty,LHR-01,Lahore,4,214.09,20,cash
TXN004668,26/11/2025,MARIAM SHEIKH,mariam.sheikh@example.com,Non-Stick Pan,Home & Kitchen,PSH-01,Peshawar,5,130.59,5,cash
TXN000741,09-Apr-2026,Ali Raza,ali.raza@example.com,Webcam HD,Electronics,FSD-01,Faisalabad,1,58.05,5,Mobile Wallet
TXN003795,27/05/2025,USMAN RAZA,usman.raza@example.com,Sports Cap,Apparel,LHR-02,Lahore,3,135.39,5,cash
TXN004091,2025-06-13,SANA BUTT,sana.butt@example.com,Wool Sweater,Apparel,KHI-02,Karachi,4,79.62,20,Cash
TXN000910,16-Apr-2024,Hina Raza,hina.raza@example.com,Resistance Bands,Sports,LHR-01,Lahore,,62.25,5,cash
TXN003548,2025-11-09,Hassan Chaudhry,hassan.chaudhry@example.com,USB-C Cable,Electronics,MUL-01,Multan,1,97.53,0,CREDIT CARD
TXN003683,2024-10-11,Hassan Iqbal,hassan.iqbal@example.com,Sunscreen SPF50,Beauty,MUL-01,Multan,,,20,Credit Card
TXN001536,07-Feb-2024,Hassan Raza,hassan.raza@example.com,Cycling Helmet,Sports,LHR-02,Lahore,5,204.42,0,Debit Card
TXN002963,13-Jun-2026,Usman Butt,usman.butt@example.com,Ceramic Mug Set,Home & Kitchen,ISB-01,Islamabad,,9.76,0,Mobile Wallet
TXN000569,2025-01-21,  Kamran Khan  ,,Laptop Stand,Electronics,ISB-01,Islamabad,3,232.56,0,Mobile Wallet
TXN004272,2024-03-17,  Ahmed Sheikh  ,ahmed.sheikh@example.com,Ceramic Mug Set,Home & Kitchen,FSD-01,Faisalabad,4,129.38,0,Credit Card
TXN001666,10/04/2025,Hassan Chaudhry,hassan.chaudhry@example.com,Sports Cap,Apparel,LHR-02,Lahore,6,184.53,0,CREDIT CARD
TXN004719,2025-05-13,Ayesha Butt,ayesha.butt@example.com,Sports Cap,Apparel,KHI-02,Karachi,2,168.8,0,cash
TXN000268,25/01/2025,  Ayesha Chaudhry  ,ayesha.chaudhry@example.com,Dumbbell Set,Sports,MUL-01,Multan,6,107.06,0,CREDIT CARD
TXN000601,2025-02-04,Noor Farooq,noor.farooq@example.com,Football,Sports,FSD-01,Faisalabad,3,134.32,15,cash
TXN004053,02-Feb-2025,NOOR MALIK,noor.malik@example.com,Bluetooth Speaker,Electronics,ISB-01,Islamabad,1,27.93,5,Mobile Wallet
TXN004036,22-Jun-2024,Kamran Raza,kamran.raza@example.com,Lip Balm,Beauty,MUL-01,Multan,6,82.59,5,Credit Card
TXN002252,2025-11-10,Sara Khan,sara.khan@example.com,Running Shoes,Apparel,FSD-01,Faisalabad,3,114.43,5,CREDIT CARD
TXN004000,02/05/2024,Mariam Iqbal,mariam.iqbal@example.com,Running Shoes,Apparel,FSD-01,Faisalabad,6,33.07,15,Credit Card
TXN000165,2024-04-19,Faisal Sheikh,faisal.sheikh@example.com,USB-C Cable,Electronics,KHI-01,Karachi,3,6.27,0,Cash
TXN004743,12-Dec-2024,Kamran Khan,kamran.khan@example.com,Yoga Mat,Sports,LHR-02,Lahore,3,86.4,10,cash
TXN001421,2026-02-02,KAMRAN MALIK,kamran.malik@example.com,Sports Cap,Apparel,KHI-01,Karachi,2,54.12,15,Mobile Wallet
TXN002654,2025-02-08,Hina Iqbal,hina.iqbal@example.com,Wireless Mouse,Electronics,ISB-01,Islamabad,3,83.34,0,Debit Card
TXN002648,02-Oct-2025,Ali Chaudhry,ali.chaudhry@example.com,Cycling Helmet,Sports,KHI-01,Karachi,5,221.68,20,cash
TXN004500,08/12/2025,  Sana Butt  ,sana.butt@example.com,Dumbbell Set,Sports,ISB-01,Islamabad,1,65.11,0,cash
TXN004057,16-Sep-2025,Kamran Raza,kamran.raza@example.com,Sunscreen SPF50,Beauty,PSH-01,Peshawar,2,194.03,0,Credit Card
TXN001498,2025-12-13,AHMED KHAN,ahmed.khan@example.com,Non-Stick Pan,Home & Kitchen,FSD-01,Faisalabad,,146.33,0,Credit Card
TXN002067,14/07/2025,Ayesha Farooq,ayesha.farooq@example.com,USB-C Cable,Electronics,KHI-01,Karachi,2,172.14,5,Cash
TXN004136,2026-04-06,  Sana Farooq  ,sana.farooq@example.com,Non-Stick Pan,Home & Kitchen,ISB-01,Islamabad,5,130.59,0,Credit Card
TXN002946,2024-05-24,Faisal Butt,faisal.butt@example.com,Non-Stick Pan,Home & Kitchen,LHR-01,Lahore,5,98.38,0,Debit Card
TXN003329,19/12/2024,Ali Chaudhry,ali.chaudhry@example.com,Hair Dryer,Beauty,KHI-02,Karachi,3,177.05,0,Debit Card
TXN001030,06-Feb-2026,AYESHA FAROOQ,ayesha.farooq@example.com,Face Moisturizer,Beauty,FSD-01,Faisalabad,6,68.26,0,Mobile Wallet
TXN001325,2024-06-19,  Omar Khan  ,omar.khan@example.com,USB-C Cable,Electronics,PSH-01,Peshawar,5,215.74,15,Debit Card
TXN004938,02-Mar-2026,Faisal Raza,faisal.raza@example.com,Cycling Helmet,Sports,MUL-01,Multan,2,191.59,15,Credit Card
TXN001000,2025-12-31,Kamran Butt,,Blender,Home & Kitchen,ISB-01,Islamabad,5,44.71,5,Cash
TXN001329,06-Jun-2024,Noor Butt,noor.butt@example.com,Football,Sports,KHI-02,Karachi,5,105.11,0,Credit Card
TXN000483,05/07/2026,Hassan Sheikh,hassan.sheikh@example.com,Cotton T-Shirt,Apparel,PSH-01,Peshawar,3,14.99,5,Mobile Wallet
TXN001233,14/07/2025,Hassan Chaudhry,hassan.chaudhry@example.com,Resistance Bands,Sports,KHI-02,Karachi,3,242.08,20,CREDIT CARD
TXN002476,27/06/2024,Sana Butt,sana.butt@example.com,Dumbbell Set,Sports,ISB-01,Islamabad,5,239.54,0,CREDIT CARD
TXN001588,2024-02-11,Ali Farooq,ali.farooq@example.com,Running Shoes,Apparel,ISB-01,Islamabad,6,28.61,0,cash
TXN004299,26-Apr-2026,Sara Chaudhry,sara.chaudhry@example.com,Bluetooth Speaker,Electronics,FSD-01,Faisalabad,1,99.86,10,CREDIT CARD
TXN000609,13/08/2025,Ahmed Chaudhry,ahmed.chaudhry@example.com,Bluetooth Speaker,Electronics,ISB-01,Islamabad,5,175.3,10,cash
TXN003976,15/12/2024,Hassan Malik,hassan.malik@example.com,Football,Sports,LHR-01,Lahore,6,58.86,15,CREDIT CARD
TXN000312,2024-03-02,Hassan Khan,hassan.khan@example.com,Ceramic Mug Set,Home & Kitchen,ISB-01,Islamabad,4,204.39,15,Debit Card
TXN002853,31/03/2026,  Omar Sheikh  ,omar.sheikh@example.com,Wireless Mouse,Electronics,KHI-02,Karachi,4,140.45,0,Credit Card
TXN002878,2025-03-17,Noor Iqbal,noor.iqbal@example.com,Running Shoes,Apparel,ISB-01,Islamabad,3,19.8,15,cash
TXN000057,24-Mar-2025,Usman Chaudhry,usman.chaudhry@example.com,Sunscreen SPF50,Beauty,LHR-01,Lahore,1,123.75,0,CREDIT CARD
TXN001021,18-Nov-2025,NOOR IQBAL,,Dumbbell Set,Sports,PSH-01,Peshawar,3,183.7,5,CREDIT CARD
TXN003877,2026-07-24,Noor Raza,noor.raza@example.com,Wireless Mouse,Electronics,FSD-01,Faisalabad,3,232.95,0,Mobile Wallet
TXN002811,16/03/2024,HINA RAZA,hina.raza@example.com,Shampoo 500ml,Beauty,FSD-01,Faisalabad,4,109.64,10,Cash
TXN002432,05-Sep-2024,Fatima Sheikh,fatima.sheikh@example.com,Wool Sweater,Apparel,LHR-02,Lahore,3,175.72,0,Debit Card
TXN004621,26/05/2026,Hina Iqbal,hina.iqbal@example.com,Ceramic Mug Set,Home & Kitchen,PSH-01,Peshawar,6,225.61,20,cash
TXN001491,16/05/2026,  FATIMA FAROOQ  ,fatima.farooq@example.com,Lip Balm,Beauty,FSD-01,Faisalabad,5,156.83,0,Credit Card
TXN000773,07/10/2024,  Omar Iqbal  ,omar.iqbal@example.com,Shampoo 500ml,Beauty,ISB-01,Islamabad,3,54.65,5,Debit Card
TXN001715,19-Aug-2025,Fatima Iqbal,fatima.iqbal@example.com,Sunscreen SPF50,Beauty,PSH-01,Peshawar,4,121.31,0,Mobile Wallet
TXN002176,2026-07-06,FAISAL IQBAL,faisal.iqbal@example.com,Lip Balm,Beauty,LHR-01,Lahore,6,226.75,0,Credit Card
TXN003044,2026-06-24,Omar Khan,omar.khan@example.com,Lip Balm,Beauty,LHR-02,Lahore,1,169.12,0,Debit Card
TXN002022,2024-06-20,Ahmed Malik,ahmed.malik@example.com,Cycling Helmet,Sports,PSH-01,Peshawar,2,33.49,10,Mobile Wallet
TXN001217,13-Jan-2026,Usman Chaudhry,usman.chaudhry@example.com,Wool Sweater,Apparel,MUL-01,Multan,4,143.33,20,Credit Card
TXN002954,2025-04-03,FATIMA SHEIKH,fatima.sheikh@example.com,Bluetooth Speaker,Electronics,KHI-02,Karachi,6,80.56,20,Debit Card
TXN001656,20/09/2025,Sara Farooq,sara.farooq@example.com,LED Desk Lamp,Home & Kitchen,PSH-01,Peshawar,3,132.55,10,cash
TXN003283,10/01/2025,Bilal Iqbal,bilal.iqbal@example.com,Face Moisturizer,Beauty,LHR-01,Lahore,5,76.97,0,Cash
TXN001736,05-Apr-2024,Bilal Raza,bilal.raza@example.com,Dumbbell Set,Sports,LHR-02,Lahore,1,135.55,0,cash
TXN003481,18/06/2025,Sana Khan,sana.khan@example.com,Cycling Helmet,Sports,KHI-01,Karachi,4,137.97,10,Mobile Wallet
TXN004353,05/06/2025,Ali Iqbal,ali.iqbal@example.com,Laptop Stand,Electronics,KHI-02,Karachi,4,241.21,20,Credit Card
TXN004452,22-Oct-2025,Sara Farooq,sara.farooq@example.com,Wool Sweater,Apparel,FSD-01,Faisalabad,4,50.21,5,cash
TXN000178,03/09/2025,Hassan Farooq,hassan.farooq@example.com,Wool Sweater,Apparel,LHR-02,Lahore,5,154.77,5,cash
TXN000621,18/05/2026,Zainab Khan,,Football,Sports,KHI-02,Karachi,1,19.09,0,Credit Card
TXN003376,21-Jan-2025,Fatima Butt,fatima.butt@example.com,Non-Stick Pan,Home & Kitchen,LHR-02,Lahore,5,230.17,20,cash
TXN001113,2026-02-27,Faisal Sheikh,faisal.sheikh@example.com,Face Moisturizer,Beauty,ISB-01,Islamabad,5,22.82,5,cash
TXN000126,13-Dec-2024,Bilal Malik,,Resistance Bands,Sports,LHR-02,Lahore,2,235.04,10,Credit Card
TXN003365,12-Oct-2025,Hassan Chaudhry,hassan.chaudhry@example.com,Ceramic Mug Set,Home & Kitchen,KHI-02,Karachi,2,108.66,10,CREDIT CARD
TXN001908,27-Aug-2025,Noor Khan,noor.khan@example.com,Hair Dryer,Beauty,FSD-01,Faisalabad,6,151.38,0,cash
TXN001073,2026-02-21,Sana Butt,sana.butt@example.com,Coffee Maker,Home & Kitchen,PSH-01,Peshawar,1,134.44,15,Credit Card
TXN003788,2026-06-11,Hassan Farooq,hassan.farooq@example.com,LED Desk Lamp,Home & Kitchen,KHI-02,Karachi,4,237.54,15,Mobile Wallet
TXN004929,2025-07-02,Bilal Iqbal,bilal.iqbal@example.com,Running Shoes,Apparel,FSD-01,Faisalabad,4,247.64,10,cash
TXN001552,11/09/2025,Bilal Khan,bilal.khan@example.com,LED Desk Lamp,Home & Kitchen,ISB-01,Islamabad,3,174.9,10,Credit Card
TXN004986,15/01/2026,  Mariam Sheikh  ,mariam.sheikh@example.com,USB-C Cable,Electronics,MUL-01,Multan,3,92.18,0,CREDIT CARD
TXN000888,15-Sep-2024,Mariam Malik,mariam.malik@example.com,Shampoo 500ml,Beauty,LHR-02,Lahore,5,11.76,0,Mobile Wallet
TXN002554,26-Jan-2026,Hina Raza,hina.raza@example.com,Cycling Helmet,Sports,LHR-02,Lahore,6,13.91,0,cash
TXN003453,18/04/2026,  Hina Sheikh  ,hina.sheikh@example.com,Non-Stick Pan,Home & Kitchen,FSD-01,Faisalabad,2,102.75,5,CREDIT CARD
TXN001968,2024-02-12,Kamran Butt,kamran.butt@example.com,Cotton T-Shirt,Apparel,KHI-02,Karachi,1,236.04,0,Mobile Wallet
TXN001956,11/12/2024,Noor Farooq,noor.farooq@example.com,Laptop Stand,Electronics,MUL-01,Multan,1,223.84,0,Debit Card
TXN004499,2026-05-11,Fatima Malik,fatima.malik@example.com,Ceramic Mug Set,Home & Kitchen,ISB-01,Islamabad,4,182.72,5,Credit Card
TXN000822,23-Mar-2024,ALI BUTT,ali.butt@example.com,Sunscreen SPF50,Beauty,KHI-02,Karachi,4,144.79,0,Cash
TXN004234,11-Jan-2025,Ali Khan,ali.khan@example.com,Lip Balm,Beauty,LHR-02,Lahore,3,39.78,10,Mobile Wallet
TXN004643,06/03/2024,Faisal Butt,faisal.butt@example.com,Football,Sports,KHI-02,Karachi,4,38.55,5,Debit Card
TXN004247,28-Jun-2024,Hassan Raza,hassan.raza@example.com,Webcam HD,Electronics,LHR-01,Lahore,5,217.43,0,CREDIT CARD
TXN002757,21/04/2026,ALI IQBAL,ali.iqbal@example.com,Lip Balm,Beauty,FSD-01,Faisalabad,6,30.33,15,Credit Card
TXN004502,10/04/2025,  Zainab Khan  ,zainab.khan@example.com,Lip Balm,Beauty,KHI-01,Karachi,3,93.73,5,cash
TXN003969,2024-11-04,HINA IQBAL,hina.iqbal@example.com,Hair Dryer,Beauty,PSH-01,Peshawar,4,193.26,15,Credit Card
TXN004812,2025-07-14,Zainab Sheikh,zainab.sheikh@example.com,Resistance Bands,Sports,LHR-01,Lahore,5,137.85,0,Mobile Wallet
TXN001967,2024-05-28,Omar Chaudhry,omar.chaudhry@example.com,Wool Sweater,Apparel,MUL-01,Multan,3,200.81,10,cash
TXN004415,2025-08-02,Fatima Malik,fatima.malik@example.com,Hair Dryer,Beauty,MUL-01,Multan,6,141.84,15,CREDIT CARD
TXN000397,01-Nov-2025,  Omar Chaudhry  ,omar.chaudhry@example.com,Hair Dryer,Beauty,ISB-01,Islamabad,6,100.83,10,Cash
TXN003682,15/09/2025,Hassan Malik,hassan.malik@example.com,USB-C Cable,Electronics,KHI-01,Karachi,6,195.59,0,Mobile Wallet
TXN001279,21/07/2024,Sana Sheikh,sana.sheikh@example.com,Wool Sweater,Apparel,LHR-02,Lahore,3,157.5,5,Cash
TXN000856,2025-02-13,KAMRAN KHAN,kamran.khan@example.com,Blender,Home & Kitchen,LHR-02,Lahore,3,91.9,20,CREDIT CARD
TXN002778,07-May-2024,Usman Chaudhry,usman.chaudhry@example.com,Blender,Home & Kitchen,KHI-01,Karachi,5,11.72,15,Cash
TXN003071,2026-02-22,  USMAN FAROOQ  ,usman.farooq@example.com,Wool Sweater,Apparel,PSH-01,Peshawar,5,234.32,0,Mobile Wallet
TXN000041,19/01/2025,Ali Chaudhry,ali.chaudhry@example.com,Running Shoes,Apparel,LHR-02,Lahore,2,235.66,15,Cash
TXN002723,09-Jun-2024,Noor Farooq,noor.farooq@example.com,Cotton T-Shirt,Apparel,KHI-02,Karachi,4,188.82,20,cash
TXN001212,2024-10-29,  FAISAL MALIK  ,faisal.malik@example.com,Wireless Mouse,Electronics,PSH-01,Peshawar,1,96.3,0,cash
TXN003957,2024-01-08,Sana Farooq,sana.farooq@example.com,Hair Dryer,Beauty,KHI-02,Karachi,2,48.79,0,cash
TXN003395,01/04/2026,Kamran Malik,kamran.malik@example.com,Shampoo 500ml,Beauty,ISB-01,Islamabad,4,128.22,0,Credit Card
TXN003914,2026-01-21,  Sara Chaudhry  ,sara.chaudhry@example.com,Wool Sweater,Apparel,KHI-01,Karachi,6,174.65,0,Credit Card
TXN000740,28/01/2025,Hassan Iqbal,hassan.iqbal@example.com,Non-Stick Pan,Home & Kitchen,LHR-01,Lahore,2,15.88,10,Credit Card
TXN002916,17-May-2025,  Zainab Sheikh  ,zainab.sheikh@example.com,USB-C Cable,Electronics,KHI-02,Karachi,6,134.41,10,Cash
TXN000480,15-May-2024,Faisal Chaudhry,faisal.chaudhry@example.com,Wireless Mouse,Electronics,ISB-01,Islamabad,2,15.08,0,Mobile Wallet
TXN000197,04-May-2026,Bilal Raza,bilal.raza@example.com,Non-Stick Pan,Home & Kitchen,KHI-02,Karachi,1,171.86,20,Cash
TXN003462,2024-05-08,Noor Farooq,noor.farooq@example.com,Wireless Mouse,Electronics,LHR-01,Lahore,3,105.82,0,CREDIT CARD
TXN004212,10-Mar-2024,Kamran Sheikh,kamran.sheikh@example.com,Shampoo 500ml,Beauty,ISB-01,Islamabad,5,216.06,0,Debit Card
TXN001682,24/04/2025,Ayesha Malik,ayesha.malik@example.com,Coffee Maker,Home & Kitchen,KHI-01,Karachi,5,229.43,5,Debit Card
TXN004482,18-Dec-2024,Mariam Raza,mariam.raza@example.com,Face Moisturizer,Beauty,KHI-01,Karachi,2,70.08,5,cash
TXN004925,2024-09-01,  Hassan Farooq  ,hassan.farooq@example.com,Resistance Bands,Sports,LHR-01,Lahore,2,184.19,0,Mobile Wallet
TXN001648,26-Jun-2025,  Zainab Sheikh  ,zainab.sheikh@example.com,Wireless Mouse,Electronics,LHR-01,Lahore,4,208.54,5,cash
TXN002401,04/07/2024,Fatima Raza,fatima.raza@example.com,Hair Dryer,Beauty,FSD-01,Faisalabad,,195.02,20,CREDIT CARD
TXN004654,29/06/2025,Bilal Malik,bilal.malik@example.com,Wireless Mouse,Electronics,PSH-01,Peshawar,4,163.34,20,Credit Card
TXN000690,2025-05-25,Omar Butt,omar.butt@example.com,Sunscreen SPF50,Beauty,FSD-01,Faisalabad,4,247.61,10,Debit Card
TXN000080,26-Feb-2026,Fatima Malik,fatima.malik@example.com,Resistance Bands,Sports,MUL-01,Multan,2,181.61,5,Debit Card
TXN001754,18/01/2025,Bilal Malik,bilal.malik@example.com,Ceramic Mug Set,Home & Kitchen,LHR-02,Lahore,6,181.19,0,Cash
TXN001615,2024-05-11,HINA KHAN,hina.khan@example.com,Shampoo 500ml,Beauty,ISB-01,Islamabad,2,171.61,0,Credit Card
TXN002282,30/12/2024,USMAN IQBAL,usman.iqbal@example.com,Bluetooth Speaker,Electronics,KHI-02,Karachi,4,130.0,0,Debit Card
TXN004066,2026-01-05,Faisal Khan,faisal.khan@example.com,Ceramic Mug Set,Home & Kitchen,MUL-01,Multan,2,22.58,10,Cash
TXN004376,2025-02-26,Hina Butt,hina.butt@example.com,Wool Sweater,Apparel,PSH-01,Peshawar,4,235.93,15,CREDIT CARD
TXN004597,2024-10-31,Zainab Iqbal,zainab.iqbal@example.com,Ceramic Mug Set,Home & Kitchen,LHR-01,Lahore,3,120.2,20,Credit Card
TXN001777,28-Jun-2025,ZAINAB BUTT,zainab.butt@example.com,USB-C Cable,Electronics,KHI-01,Karachi,4,108.27,0,Mobile Wallet
TXN004253,15/07/2026,Omar Chaudhry,omar.chaudhry@example.com,Denim Jacket,Apparel,LHR-01,Lahore,5,233.68,15,CREDIT CARD
TXN000461,03-Aug-2025,Sara Malik,sara.malik@example.com,Football,Sports,KHI-02,Karachi,2,121.44,20,Debit Card
TXN000759,2026-06-25,Fatima Chaudhry,fatima.chaudhry@example.com,LED Desk Lamp,Home & Kitchen,KHI-01,Karachi,3,75.68,0,CREDIT CARD
TXN003868,24-Sep-2025,Kamran Butt,kamran.butt@example.com,Non-Stick Pan,Home & Kitchen,LHR-01,Lahore,4,,5,Credit Card
TXN003975,25-Mar-2024,Ali Iqbal,ali.iqbal@example.com,Denim Jacket,Apparel,FSD-01,Faisalabad,3,203.78,10,cash
TXN004807,2024-05-13,Fatima Iqbal,fatima.iqbal@example.com,Shampoo 500ml,Beauty,PSH-01,Peshawar,2,93.51,20,Debit Card
TXN000644,2024-01-25,FATIMA IQBAL,fatima.iqbal@example.com,Webcam HD,Electronics,ISB-01,Islamabad,2,109.65,15,Mobile Wallet
TXN001798,08/05/2026,Omar Chaudhry,omar.chaudhry@example.com,Wool Sweater,Apparel,LHR-01,Lahore,6,247.58,20,Cash
TXN003449,12/12/2025,Noor Farooq,,Cotton T-Shirt,Apparel,KHI-01,Karachi,1,122.95,5,Cash
TXN000746,2026-01-04,  Hina Farooq  ,hina.farooq@example.com,Cotton T-Shirt,Apparel,LHR-01,Lahore,6,19.9,0,CREDIT CARD
TXN002199,2024-07-31,SARA SHEIKH,sara.sheikh@example.com,LED Desk Lamp,Home & Kitchen,PSH-01,Peshawar,2,172.58,0,cash
TXN002656,27-Oct-2024,Hina Farooq,hina.farooq@example.com,Running Shoes,Apparel,KHI-01,Karachi,4,174.6,0,cash
TXN001984,2026-01-10,Noor Sheikh,noor.sheikh@example.com,Shampoo 500ml,Beauty,ISB-01,Islamabad,2,232.63,20,Debit Card
TXN000269,28/10/2024,Mariam Butt,mariam.butt@example.com,Football,Sports,KHI-02,Karachi,6,48.47,15,cash
TXN002434,2026-04-23,Usman Iqbal,usman.iqbal@example.com,Wool Sweater,Apparel,ISB-01,Islamabad,5,188.44,0,Debit Card
TXN004392,26/02/2024,Ahmed Farooq,ahmed.farooq@example.com,Coffee Maker,Home & Kitchen,LHR-02,Lahore,6,12.28,10,Mobile Wallet
TXN003240,14-May-2026,Ahmed Malik,ahmed.malik@example.com,Non-Stick Pan,Home & Kitchen,FSD-01,Faisalabad,4,,0,cash
TXN004240,2024-11-28,Hassan Chaudhry,hassan.chaudhry@example.com,Dumbbell Set,Sports,KHI-01,Karachi,5,104.45,0,cash
TXN004271,2026-01-22,Hassan Chaudhry,hassan.chaudhry@example.com,LED Desk Lamp,Home & Kitchen,PSH-01,Peshawar,2,203.22,5,Credit Card
TXN000649,23-Jun-2025,AYESHA IQBAL,ayesha.iqbal@example.com,Hair Dryer,Beauty,PSH-01,Peshawar,6,195.27,0,Credit Card
TXN003368,12-Apr-2026,Ayesha Butt,ayesha.butt@example.com,Football,Sports,MUL-01,Multan,5,163.24,0,Cash
TXN000338,07-Aug-2025,Ali Chaudhry,ali.chaudhry@example.com,Denim Jacket,Apparel,FSD-01,Faisalabad,1,42.91,0,Debit Card
TXN001489,09/10/2024,Bilal Butt,bilal.butt@example.com,Laptop Stand,Electronics,ISB-01,Islamabad,6,33.49,5,CREDIT CARD
TXN001382,06-Apr-2025,Noor Malik,noor.malik@example.com,Blender,Home & Kitchen,FSD-01,Faisalabad,6,65.35,5,Cash
TXN004250,2024-12-04,Ayesha Farooq,ayesha.farooq@example.com,Running Shoes,Apparel,LHR-02,Lahore,6,157.5,15,Debit Card
TXN000786,27/07/2025,Hina Chaudhry,hina.chaudhry@example.com,Webcam HD,Electronics,KHI-02,Karachi,3,125.07,5,CREDIT CARD
TXN003651,2024-01-19,  Usman Farooq  ,usman.farooq@example.com,Ceramic Mug Set,Home & Kitchen,MUL-01,Multan,5,21.49,20,Cash
TXN002108,2025-01-23,Ali Butt,ali.butt@example.com,USB-C Cable,Electronics,PSH-01,Peshawar,4,19.8,0,cash
TXN003676,13-Aug-2024,Fatima Iqbal,fatima.iqbal@example.com,Resistance Bands,Sports,LHR-01,Lahore,6,167.21,0,cash
TXN000371,2024-12-28,Usman Raza,usman.raza@example.com,Blender,Home & Kitchen,LHR-01,Lahore,3,242.56,5,CREDIT CARD
TXN004423,21-Jun-2026,Noor Raza,noor.raza@example.com,Cotton T-Shirt,Apparel,MUL-01,Multan,4,232.84,0,Mobile Wallet
TXN003443,17-Mar-2025,Faisal Iqbal,faisal.iqbal@example.com,USB-C Cable,Electronics,PSH-01,Peshawar,2,48.3,0,CREDIT CARD
TXN000731,2025-12-15,  Ayesha Chaudhry  ,ayesha.chaudhry@example.com,Running Shoes,Apparel,LHR-02,Lahore,3,147.78,5,Debit Card
TXN002304,24-Apr-2024,NOOR MALIK,noor.malik@example.com,Laptop Stand,Electronics,ISB-01,Islamabad,4,26.82,0,Debit Card
TXN003040,18/12/2025,Usman Chaudhry,usman.chaudhry@example.com,Lip Balm,Beauty,KHI-01,Karachi,6,73.95,20,Credit Card
TXN000582,08-Feb-2026,Usman Iqbal,usman.iqbal@example.com,Laptop Stand,Electronics,KHI-01,Karachi,6,90.4,15,Credit Card
TXN001258,2025-02-09,Noor Raza,noor.raza@example.com,Sports Cap,Apparel,LHR-02,Lahore,1,5.71,0,Mobile Wallet
TXN003917,21-May-2025,Kamran Khan,kamran.khan@example.com,Wireless Mouse,Electronics,MUL-01,Multan,2,235.2,0,Debit Card
TXN003859,04/06/2026,Noor Sheikh,noor.sheikh@example.com,Denim Jacket,Apparel,FSD-01,Faisalabad,4,76.2,0,cash
TXN001180,07/10/2025,Hina Raza,hina.raza@example.com,Laptop Stand,Electronics,KHI-01,Karachi,5,72.43,10,Cash
TXN003029,04-Sep-2025,Hina Khan,hina.khan@example.com,Bluetooth Speaker,Electronics,PSH-01,Peshawar,6,173.86,15,Debit Card
TXN004125,14/07/2026,Fatima Khan,fatima.khan@example.com,Laptop Stand,Electronics,ISB-01,Islamabad,5,88.59,10,Cash
TXN004544,2024-07-15,AHMED KHAN,ahmed.khan@example.com,Sunscreen SPF50,Beauty,KHI-02,Karachi,2,70.77,5,cash
TXN003703,04-Jun-2026,Hina Malik,hina.malik@example.com,Wireless Mouse,Electronics,KHI-02,Karachi,5,220.56,0,Debit Card
TXN001146,24-Mar-2024,Hassan Chaudhry,hassan.chaudhry@example.com,Bluetooth Speaker,Electronics,LHR-01,Lahore,5,214.52,0,Cash
TXN004355,2025-06-14,Bilal Sheikh,bilal.sheikh@example.com,USB-C Cable,Electronics,MUL-01,Multan,1,157.61,20,CREDIT CARD
TXN001828,01/02/2025,  Mariam Malik  ,mariam.malik@example.com,USB-C Cable,Electronics,LHR-01,Lahore,4,12.9,0,cash
TXN001276,2025-04-08,Omar Sheikh,,Cotton T-Shirt,Apparel,MUL-01,Multan,4,146.44,0,Mobile Wallet
TXN001312,21/03/2026,Omar Khan,omar.khan@example.com,USB-C Cable,Electronics,KHI-02,Karachi,2,237.08,0,Mobile Wallet
TXN000139,2025-01-27,  Sana Raza  ,,Bluetooth Speaker,Electronics,KHI-01,Karachi,3,114.45,15,cash
TXN004835,2024-08-11,HINA MALIK,hina.malik@example.com,USB-C Cable,Electronics,KHI-02,Karachi,4,190.29,20,Cash
TXN003407,07-Dec-2024,OMAR BUTT,omar.butt@example.com,Sunscreen SPF50,Beauty,KHI-01,Karachi,4,6.4,20,cash
TXN000790,30-Mar-2025,Sara Iqbal,sara.iqbal@example.com,Denim Jacket,Apparel,KHI-01,Karachi,3,179.09,20,Cash
TXN002511,20-Feb-2024,Usman Raza,usman.raza@example.com,Bluetooth Speaker,Electronics,MUL-01,Multan,2,156.48,15,Credit Card
TXN004270,19-Sep-2024,Hina Butt,hina.butt@example.com,Lip Balm,Beauty,LHR-02,Lahore,5,194.67,5,CREDIT CARD
TXN002336,31/05/2025,Faisal Butt,faisal.butt@example.com,Blender,Home & Kitchen,ISB-01,Islamabad,4,177.57,10,Credit Card
TXN001545,06-May-2025,Sana Chaudhry,sana.chaudhry@example.com,Face Moisturizer,Beauty,PSH-01,Peshawar,1,176.06,15,Cash
TXN001726,07/03/2024,Hina Butt,hina.butt@example.com,Blender,Home & Kitchen,LHR-01,Lahore,5,138.22,0,cash
TXN002910,06-Jul-2026,ALI FAROOQ,ali.farooq@example.com,Wool Sweater,Apparel,FSD-01,Faisalabad,1,43.23,0,Cash
TXN000757,2026-03-02,Kamran Sheikh,kamran.sheikh@example.com,Sunscreen SPF50,Beauty,FSD-01,Faisalabad,4,61.9,10,cash
TXN000424,21/05/2024,Hina Malik,hina.malik@example.com,USB-C Cable,Electronics,FSD-01,Faisalabad,1,63.47,20,cash
TXN004412,21/01/2024,Hina Butt,hina.butt@example.com,Football,Sports,LHR-01,Lahore,2,114.2,0,Cash
TXN002085,25-Jul-2025,AHMED CHAUDHRY,ahmed.chaudhry@example.com,Football,Sports,PSH-01,Peshawar,1,214.18,15,Debit Card
TXN004165,17/06/2025,Hassan Iqbal,hassan.iqbal@example.com,Coffee Maker,Home & Kitchen,KHI-02,Karachi,2,122.22,10,Debit Card
TXN002366,15-Feb-2025,Faisal Khan,faisal.khan@example.com,Bluetooth Speaker,Electronics,LHR-01,Lahore,1,147.85,0,Cash
TXN002305,18/10/2025,  Ayesha Farooq  ,ayesha.farooq@example.com,Bluetooth Speaker,Electronics,LHR-02,Lahore,5,134.94,5,Debit Card
TXN004730,2025-08-01,Faisal Sheikh,faisal.sheikh@example.com,Coffee Maker,Home & Kitchen,KHI-02,Karachi,5,112.98,0,Mobile Wallet
TXN004082,29/09/2025,Sara Farooq,sara.farooq@example.com,Sunscreen SPF50,Beauty,LHR-01,Lahore,3,214.04,0,Mobile Wallet
TXN002164,14/04/2026,Sara Butt,sara.butt@example.com,Ceramic Mug Set,Home & Kitchen,PSH-01,Peshawar,5,91.92,10,Cash
TXN003145,29-Mar-2025,Hina Sheikh,hina.sheikh@example.com,LED Desk Lamp,Home & Kitchen,KHI-01,Karachi,6,11.44,10,CREDIT CARD
TXN003930,10-Sep-2024,Zainab Chaudhry,zainab.chaudhry@example.com,Non-Stick Pan,Home & Kitchen,KHI-02,Karachi,4,44.59,20,Debit Card
TXN001776,2025-11-27,  Noor Butt  ,noor.butt@example.com,Shampoo 500ml,Beauty,PSH-01,Peshawar,4,22.55,0,Cash
TXN002414,2025-05-05,NOOR CHAUDHRY,noor.chaudhry@example.com,Football,Sports,KHI-02,Karachi,4,79.8,0,Credit Card
TXN004007,17-Apr-2024,Ayesha Raza,ayesha.raza@example.com,Dumbbell Set,Sports,FSD-01,Faisalabad,2,84.54,20,Mobile Wallet
TXN002144,13-Feb-2025,Ahmed Raza,ahmed.raza@example.com,Wool Sweater,Apparel,LHR-01,Lahore,4,231.42,0,Mobile Wallet
TXN003923,2026-05-04,  Sana Chaudhry  ,sana.chaudhry@example.com,Laptop Stand,Electronics,PSH-01,Peshawar,5,213.43,15,Debit Card
TXN003533,27/05/2026,Faisal Iqbal,faisal.iqbal@example.com,Shampoo 500ml,Beauty,MUL-01,Multan,2,168.43,5,Cash
TXN002479,2025-04-29,Kamran Iqbal,kamran.iqbal@example.com,Resistance Bands,Sports,MUL-01,Multan,2,86.71,0,Mobile Wallet
TXN001090,21-Sep-2025,Noor Khan,noor.khan@example.com,Wool Sweater,Apparel,KHI-01,Karachi,1,35.41,15,Credit Card
TXN004043,2026-02-02,Noor Raza,noor.raza@example.com,Running Shoes,Apparel,PSH-01,Peshawar,1,37.66,10,Debit Card
TXN004979,2025-05-30,Ali Malik,ali.malik@example.com,Wool Sweater,Apparel,KHI-02,Karachi,6,51.29,10,Debit Card
TXN002672,17/07/2026,Noor Malik,noor.malik@example.com,Non-Stick Pan,Home & Kitchen,FSD-01,Faisalabad,5,87.32,0,Debit Card
TXN002548,28-Dec-2024,  Sana Butt  ,sana.butt@example.com,LED Desk Lamp,Home & Kitchen,MUL-01,Multan,4,242.19,0,Debit Card
TXN002904,30/07/2025,Sana Iqbal,sana.iqbal@example.com,Wireless Mouse,Electronics,KHI-01,Karachi,5,222.51,5,Credit Card
TXN001651,2025-12-23,Sana Malik,sana.malik@example.com,Face Moisturizer,Beauty,LHR-02,Lahore,3,147.83,0,Debit Card
TXN001099,10/06/2025,SANA BUTT,sana.butt@example.com,Wireless Mouse,Electronics,KHI-01,Karachi,4,152.1,20,Mobile Wallet
TXN004975,2024-09-04,ALI KHAN,ali.khan@example.com,Shampoo 500ml,Beauty,MUL-01,Multan,5,64.84,15,Credit Card
TXN004786,01/06/2025,Ahmed Raza,ahmed.raza@example.com,Yoga Mat,Sports,LHR-02,Lahore,2,201.02,0,Credit Card
TXN003500,22/01/2025,Usman Iqbal,usman.iqbal@example.com,Yoga Mat,Sports,PSH-01,Peshawar,2,49.23,20,CREDIT CARD
TXN003708,05-Jul-2025,Mariam Farooq,mariam.farooq@example.com,Football,Sports,MUL-01,Multan,5,108.93,0,cash
TXN000868,2025-06-27,Ahmed Raza,ahmed.raza@example.com,Blender,Home & Kitchen,KHI-01,Karachi,1,96.75,20,cash
TXN004174,2024-10-20,Fatima Sheikh,fatima.sheikh@example.com,LED Desk Lamp,Home & Kitchen,LHR-02,Lahore,6,27.9,0,CREDIT CARD
TXN002413,19-Mar-2024,  ZAINAB CHAUDHRY  ,zainab.chaudhry@example.com,Wool Sweater,Apparel,FSD-01,Faisalabad,3,176.46,10,Cash
TXN003253,08/03/2024,AYESHA KHAN,ayesha.khan@example.com,Running Shoes,Apparel,LHR-02,Lahore,3,108.95,5,CREDIT CARD
TXN001871,2025-11-10,Mariam Farooq,mariam.farooq@example.com,USB-C Cable,Electronics,KHI-02,Karachi,3,31.9,20,Cash
TXN002696,2024-07-05,Usman Khan,usman.khan@example.com,USB-C Cable,Electronics,LHR-02,Lahore,5,195.97,0,cash
TXN001831,2024-01-09,USMAN RAZA,usman.raza@example.com,Bluetooth Speaker,Electronics,LHR-02,Lahore,3,92.06,5,Debit Card
TXN001285,06/06/2024,Ali Malik,ali.malik@example.com,Denim Jacket,Apparel,KHI-01,Karachi,6,142.25,15,CREDIT CARD
TXN002564,16-May-2026,Mariam Khan,mariam.khan@example.com,Sunscreen SPF50,Beauty,LHR-01,Lahore,5,7.27,0,Credit Card
TXN000501,13/04/2024,Bilal Sheikh,bilal.sheikh@example.com,Non-Stick Pan,Home & Kitchen,PSH-01,Peshawar,4,236.05,0,Credit Card
TXN001676,23-May-2024,Ayesha Khan,ayesha.khan@example.com,Sports Cap,Apparel,MUL-01,Multan,2,111.6,10,Credit Card
TXN003775,2024-06-03,Hassan Butt,hassan.butt@example.com,Coffee Maker,Home & Kitchen,LHR-02,Lahore,6,89.43,0,Debit Card
TXN002160,03-Mar-2026,Noor Chaudhry,noor.chaudhry@example.com,Shampoo 500ml,Beauty,KHI-01,Karachi,6,222.21,10,Debit Card
TXN003427,08-Sep-2024,Mariam Farooq,mariam.farooq@example.com,LED Desk Lamp,Home & Kitchen,MUL-01,Multan,6,204.73,0,Cash
TXN001078,2024-07-28,Zainab Khan,zainab.khan@example.com,USB-C Cable,Electronics,LHR-01,Lahore,3,56.19,10,Debit Card
TXN001708,12/07/2025,Mariam Iqbal,mariam.iqbal@example.com,Blender,Home & Kitchen,LHR-02,Lahore,2,65.49,10,cash
TXN003328,16/05/2026,Zainab Farooq,zainab.farooq@example.com,Wireless Mouse,Electronics,LHR-02,Lahore,5,48.24,0,Debit Card
TXN002979,2024-09-09,Bilal Raza,bilal.raza@example.com,USB-C Cable,Electronics,KHI-02,Karachi,6,235.01,5,Debit Card
TXN000217,23/06/2025,Sara Khan,sara.khan@example.com,Wool Sweater,Apparel,LHR-01,Lahore,5,5.17,15,Cash
TXN000060,06/11/2025,Zainab Chaudhry,zainab.chaudhry@example.com,Cycling Helmet,Sports,LHR-01,Lahore,4,216.99,10,cash
TXN002181,2026-05-09,Hassan Chaudhry,,Webcam HD,Electronics,LHR-01,Lahore,6,219.73,0,Debit Card
TXN002797,04/01/2026,Sana Sheikh,sana.sheikh@example.com,Running Shoes,Apparel,ISB-01,Islamabad,1,244.89,20,Debit Card
TXN002984,16-Jun-2024,Noor Raza,noor.raza@example.com,Ceramic Mug Set,Home & Kitchen,PSH-01,Peshawar,6,97.4,5,Cash
TXN002936,08-Apr-2024,Bilal Chaudhry,bilal.chaudhry@example.com,Coffee Maker,Home & Kitchen,KHI-02,Karachi,3,55.11,10,Mobile Wallet
TXN000698,08-Apr-2025,Bilal Butt,bilal.butt@example.com,Sports Cap,Apparel,LHR-02,Lahore,4,130.8,0,CREDIT CARD
TXN001308,12/07/2024,Sara Chaudhry,sara.chaudhry@example.com,Face Moisturizer,Beauty,KHI-02,Karachi,4,175.46,0,cash
TXN004627,05/12/2024,Ahmed Khan,ahmed.khan@example.com,Ceramic Mug Set,Home & Kitchen,MUL-01,Multan,1,21.81,0,Credit Card
TXN002886,2024-09-26,Zainab Farooq,zainab.farooq@example.com,USB-C Cable,Electronics,KHI-02,Karachi,,25.01,15,cash
TXN004371,2026-01-24,  Kamran Farooq  ,kamran.farooq@example.com,Hair Dryer,Beauty,ISB-01,Islamabad,2,59.73,0,Credit Card
TXN001358,08-Aug-2024,Hina Malik,hina.malik@example.com,Shampoo 500ml,Beauty,KHI-01,Karachi,3,163.64,5,Debit Card
TXN002473,13-Mar-2024,Sana Iqbal,sana.iqbal@example.com,LED Desk Lamp,Home & Kitchen,MUL-01,Multan,2,215.83,0,Credit Card
TXN004273,15/02/2024,Ayesha Farooq,ayesha.farooq@example.com,Resistance Bands,Sports,LHR-02,Lahore,5,117.47,15,Debit Card
TXN001127,27-Jan-2025,Sara Khan,sara.khan@example.com,Cotton T-Shirt,Apparel,ISB-01,Islamabad,1,134.66,10,Credit Card
TXN002665,2025-08-17,Omar Iqbal,omar.iqbal@example.com,Shampoo 500ml,Beauty,PSH-01,Peshawar,1,147.85,5,Mobile Wallet
TXN000618,28-Jun-2026,Sana Farooq,,Hair Dryer,Beauty,KHI-01,Karachi,,175.98,20,CREDIT CARD
TXN004596,06-Mar-2025,  Fatima Raza  ,,Bluetooth Speaker,Electronics,KHI-01,Karachi,2,50.48,10,CREDIT CARD
TXN000974,19/12/2025,NOOR FAROOQ,noor.farooq@example.com,Blender,Home & Kitchen,LHR-02,Lahore,1,21.4,0,Mobile Wallet
TXN004619,08/04/2024,Faisal Butt,faisal.butt@example.com,Lip Balm,Beauty,ISB-01,Islamabad,1,140.96,20,Debit Card
TXN002680,06/09/2025,Omar Khan,,Shampoo 500ml,Beauty,ISB-01,Islamabad,,7.12,20,Mobile Wallet
TXN000936,03-May-2025,MARIAM MALIK,mariam.malik@example.com,Wool Sweater,Apparel,LHR-01,Lahore,2,75.88,0,Mobile Wallet
TXN002288,18/10/2024,OMAR MALIK,,LED Desk Lamp,Home & Kitchen,LHR-01,Lahore,6,194.8,0,Cash
TXN000699,04/07/2026,Kamran Malik,kamran.malik@example.com,Yoga Mat,Sports,KHI-01,Karachi,1,50.82,0,Debit Card
TXN002528,2024-01-11,Zainab Iqbal,zainab.iqbal@example.com,Bluetooth Speaker,Electronics,PSH-01,Peshawar,2,124.53,0,cash
TXN002928,2024-10-11,Sana Farooq,sana.farooq@example.com,Face Moisturizer,Beauty,LHR-02,Lahore,4,242.74,10,Credit Card
TXN000254,29-Jan-2025,Faisal Iqbal,faisal.iqbal@example.com,Coffee Maker,Home & Kitchen,LHR-02,Lahore,4,213.41,0,Cash
TXN000635,13/09/2025,Kamran Iqbal,kamran.iqbal@example.com,Yoga Mat,Sports,KHI-01,Karachi,1,55.7,15,Credit Card
TXN003493,19/06/2024,Hina Khan,hina.khan@example.com,Blender,Home & Kitchen,KHI-02,Karachi,4,140.46,15,Cash
TXN002562,14-Jun-2025,Zainab Chaudhry,zainab.chaudhry@example.com,Running Shoes,Apparel,PSH-01,Peshawar,3,40.82,20,cash
TXN000824,2025-03-30,Usman Farooq,usman.farooq@example.com,Non-Stick Pan,Home & Kitchen,LHR-01,Lahore,4,200.2,10,Debit Card
TXN003845,11/02/2026,Sara Iqbal,sara.iqbal@example.com,Cotton T-Shirt,Apparel,KHI-02,Karachi,4,138.61,15,cash
TXN002636,03-Jul-2026,Ali Farooq,ali.farooq@example.com,Denim Jacket,Apparel,KHI-02,Karachi,5,244.85,0,Cash
TXN001496,11-Apr-2025,Sana Iqbal,sana.iqbal@example.com,Face Moisturizer,Beauty,ISB-01,Islamabad,5,239.27,0,Mobile Wallet
TXN003170,27-Aug-2024,Noor Farooq,noor.farooq@example.com,Coffee Maker,Home & Kitchen,LHR-01,Lahore,4,,0,cash
TXN000259,24-May-2025,Sara Farooq,sara.farooq@example.com,Hair Dryer,Beauty,PSH-01,Peshawar,1,165.08,10,Credit Card
TXN002706,07/11/2024,Faisal Chaudhry,faisal.chaudhry@example.com,Shampoo 500ml,Beauty,KHI-02,Karachi,5,84.68,0,cash
TXN002995,08-Jul-2026,  Omar Khan  ,omar.khan@example.com,Yoga Mat,Sports,ISB-01,Islamabad,6,133.54,15,Credit Card
TXN004103,21-May-2026,Usman Sheikh,,Face Moisturizer,Beauty,LHR-01,Lahore,5,178.07,5,CREDIT CARD
TXN002183,31-Aug-2025,Bilal Farooq,bilal.farooq@example.com,Yoga Mat,Sports,MUL-01,Multan,5,59.01,0,cash
TXN002707,11-Jun-2026,Zainab Sheikh,,Running Shoes,Apparel,LHR-02,Lahore,6,159.51,15,cash
TXN002891,2025-11-05,Ali Iqbal,ali.iqbal@example.com,Running Shoes,Apparel,LHR-02,Lahore,5,10.34,0,Cash
TXN004772,23/08/2024,Sara Khan,sara.khan@example.com,Cotton T-Shirt,Apparel,LHR-02,Lahore,2,138.41,20,CREDIT CARD
TXN001399,2024-07-13,Ali Farooq,ali.farooq@example.com,Blender,Home & Kitchen,LHR-01,Lahore,2,165.32,10,Mobile Wallet
TXN004864,2024-08-12,Kamran Raza,kamran.raza@example.com,Sports Cap,Apparel,KHI-02,Karachi,6,139.85,20,Credit Card
TXN002832,28/04/2024,Hina Farooq,hina.farooq@example.com,LED Desk Lamp,Home & Kitchen,LHR-02,Lahore,1,142.63,10,Credit Card
TXN000820,04-Dec-2025,Omar Raza,omar.raza@example.com,Wool Sweater,Apparel,ISB-01,Islamabad,3,191.63,0,Mobile Wallet
TXN001518,22-Feb-2026,Zainab Butt,zainab.butt@example.com,Face Moisturizer,Beauty,KHI-01,Karachi,3,80.54,5,Debit Card
TXN003375,11-Dec-2024,Faisal Iqbal,faisal.iqbal@example.com,Non-Stick Pan,Home & Kitchen,PSH-01,Peshawar,4,205.21,0,CREDIT CARD
TXN003388,01-Aug-2025,ALI CHAUDHRY,ali.chaudhry@example.com,Football,Sports,KHI-01,Karachi,2,236.14,0,CREDIT CARD
TXN003103,07-Jul-2024,Ahmed Khan,ahmed.khan@example.com,Lip Balm,Beauty,ISB-01,Islamabad,5,228.27,10,Credit Card
TXN004475,09/03/2026,  Omar Khan  ,omar.khan@example.com,USB-C Cable,Electronics,FSD-01,Faisalabad,6,242.71,5,Credit Card
TXN000318,15-Dec-2025,Kamran Chaudhry,kamran.chaudhry@example.com,LED Desk Lamp,Home & Kitchen,PSH-01,Peshawar,5,48.37,10,Mobile Wallet
TXN004100,28-Oct-2024,Ayesha Chaudhry,ayesha.chaudhry@example.com,Non-Stick Pan,Home & Kitchen,MUL-01,Multan,6,,15,cash
TXN002175,04-May-2025,Ahmed Khan,ahmed.khan@example.com,Cotton T-Shirt,Apparel,ISB-01,Islamabad,4,22.9,0,Mobile Wallet
TXN003955,29/02/2024,Bilal Sheikh,bilal.sheikh@example.com,Yoga Mat,Sports,KHI-02,Karachi,2,242.18,10,CREDIT CARD
TXN004065,13/03/2024,Bilal Iqbal,bilal.iqbal@example.com,Non-Stick Pan,Home & Kitchen,ISB-01,Islamabad,4,18.43,15,Credit Card
TXN004542,10/09/2024,Fatima Butt,fatima.butt@example.com,Cotton T-Shirt,Apparel,LHR-01,Lahore,2,231.83,10,Credit Card
TXN003536,2024-07-23,  Usman Malik  ,usman.malik@example.com,USB-C Cable,Electronics,KHI-02,Karachi,2,171.0,0,Mobile Wallet
TXN002571,2024-02-22,OMAR BUTT,omar.butt@example.com,Resistance Bands,Sports,KHI-01,Karachi,,90.05,0,cash
TXN000286,2024-08-25,SANA RAZA,sana.raza@example.com,Resistance Bands,Sports,KHI-01,Karachi,2,69.77,20,Debit Card
TXN004567,04-Dec-2025,Ali Chaudhry,ali.chaudhry@example.com,Ceramic Mug Set,Home & Kitchen,PSH-01,Peshawar,6,193.22,0,Credit Card
TXN003037,2026-05-15,Bilal Farooq,bilal.farooq@example.com,Lip Balm,Beauty,ISB-01,Islamabad,2,164.66,15,cash
TXN004828,29/07/2026,SARA CHAUDHRY,sara.chaudhry@example.com,Sunscreen SPF50,Beauty,ISB-01,Islamabad,1,66.75,0,Cash
TXN002581,12-Jul-2025,Sara Khan,sara.khan@example.com,Running Shoes,Apparel,ISB-01,Islamabad,4,75.53,20,Cash
TXN001447,04/04/2025,  Fatima Sheikh  ,fatima.sheikh@example.com,Cycling Helmet,Sports,FSD-01,Faisalabad,1,85.73,20,cash
TXN000392,25-Jan-2026,Hina Khan,hina.khan@example.com,Non-Stick Pan,Home & Kitchen,PSH-01,Peshawar,4,11.69,20,Debit Card
TXN003899,2025-06-26,Ahmed Iqbal,ahmed.iqbal@example.com,Denim Jacket,Apparel,FSD-01,Faisalabad,6,116.59,0,Credit Card
TXN001434,30/07/2026,Hassan Khan,hassan.khan@example.com,Wireless Mouse,Electronics,LHR-02,Lahore,2,204.26,15,Credit Card
TXN000017,23-Jan-2026,  Usman Chaudhry  ,usman.chaudhry@example.com,Football,Sports,KHI-01,Karachi,3,19.93,10,cash
TXN000325,2025-11-12,  Usman Farooq  ,usman.farooq@example.com,Shampoo 500ml,Beauty,LHR-01,Lahore,6,120.84,0,CREDIT CARD
TXN001688,18-Dec-2024,Ayesha Malik,ayesha.malik@example.com,Coffee Maker,Home & Kitchen,KHI-01,Karachi,5,166.38,0,Cash
TXN002378,28-Dec-2024,Omar Chaudhry,omar.chaudhry@example.com,Football,Sports,ISB-01,Islamabad,4,157.68,0,Mobile Wallet
TXN002106,22/05/2025,Sana Iqbal,sana.iqbal@example.com,Face Moisturizer,Beauty,ISB-01,Islamabad,6,89.95,15,Mobile Wallet
TXN002386,2025-01-05,Ayesha Khan,ayesha.khan@example.com,Cotton T-Shirt,Apparel,PSH-01,Peshawar,2,121.7,20,Cash
TXN001879,2025-08-15,FAISAL SHEIKH,faisal.sheikh@example.com,LED Desk Lamp,Home & Kitchen,LHR-02,Lahore,5,167.82,0,Debit Card
TXN003259,2024-04-27,  Zainab Iqbal  ,zainab.iqbal@example.com,Football,Sports,ISB-01,Islamabad,5,152.89,0,Credit Card
TXN004119,2024-08-19,Usman Raza,usman.raza@example.com,Resistance Bands,Sports,LHR-02,Lahore,4,216.1,10,CREDIT CARD
TXN002859,02-Feb-2024,Mariam Iqbal,mariam.iqbal@example.com,Blender,Home & Kitchen,ISB-01,Islamabad,1,148.0,0,CREDIT CARD
TXN001557,30/11/2024,HASSAN CHAUDHRY,hassan.chaudhry@example.com,Coffee Maker,Home & Kitchen,KHI-01,Karachi,3,113.37,0,CREDIT CARD
TXN002411,2025-02-07,Noor Iqbal,noor.iqbal@example.com,Lip Balm,Beauty,PSH-01,Peshawar,,142.72,0,CREDIT CARD
TXN003699,08/04/2025,Sara Sheikh,sara.sheikh@example.com,Running Shoes,Apparel,KHI-02,Karachi,2,128.99,20,CREDIT CARD
TXN002447,11-Jun-2024,Ali Chaudhry,ali.chaudhry@example.com,Dumbbell Set,Sports,MUL-01,Multan,,187.13,10,Cash
TXN000203,14/03/2026,Kamran Khan,kamran.khan@example.com,LED Desk Lamp,Home & Kitchen,LHR-02,Lahore,2,186.2,5,Cash
TXN002946,2024-05-24,Faisal Butt,faisal.butt@example.com,Non-Stick Pan,Home & Kitchen,LHR-01,Lahore,5,98.38,0,Debit Card
TXN002870,25-May-2025,  Sana Chaudhry  ,sana.chaudhry@example.com,Non-Stick Pan,Home & Kitchen,FSD-01,Faisalabad,6,141.17,15,Debit Card
TXN003017,29-Aug-2024,Hassan Sheikh,hassan.sheikh@example.com,Laptop Stand,Electronics,KHI-02,Karachi,6,138.9,5,cash
TXN002964,03-Sep-2024,Ahmed Malik,ahmed.malik@example.com,Sunscreen SPF50,Beauty,FSD-01,Faisalabad,4,34.71,20,Credit Card
TXN001752,11-Feb-2024,Omar Malik,omar.malik@example.com,LED Desk Lamp,Home & Kitchen,ISB-01,Islamabad,6,206.83,0,Credit Card
TXN002344,16-Jan-2025,Ali Butt,ali.butt@example.com,Bluetooth Speaker,Electronics,LHR-02,Lahore,1,27.71,10,Cash
TXN000893,2025-06-25,  AHMED RAZA  ,ahmed.raza@example.com,Webcam HD,Electronics,LHR-01,Lahore,4,6.14,10,cash
TXN001076,2026-01-16,Hina Chaudhry,hina.chaudhry@example.com,Running Shoes,Apparel,FSD-01,Faisalabad,4,168.82,0,Debit Card
TXN003346,11/01/2025,Mariam Raza,mariam.raza@example.com,Denim Jacket,Apparel,ISB-01,Islamabad,4,234.5,0,cash
TXN004990,2026-07-31,Sana Raza,sana.raza@example.com,Bluetooth Speaker,Electronics,KHI-01,Karachi,1,157.64,0,Debit Card
TXN003879,2024-07-24,Faisal Iqbal,faisal.iqbal@example.com,Ceramic Mug Set,Home & Kitchen,LHR-01,Lahore,3,63.49,0,cash
TXN002827,25/01/2025,Ali Khan,ali.khan@example.com,Denim Jacket,Apparel,ISB-01,Islamabad,6,71.13,0,Cash
TXN001141,31/01/2026,Fatima Farooq,fatima.farooq@example.com,LED Desk Lamp,Home & Kitchen,MUL-01,Multan,4,58.62,10,Debit Card
TXN000587,2024-07-09,Hina Malik,hina.malik@example.com,Denim Jacket,Apparel,PSH-01,Peshawar,2,19.45,20,Mobile Wallet
TXN004523,01/09/2025,Usman Iqbal,usman.iqbal@example.com,Lip Balm,Beauty,KHI-01,Karachi,4,142.56,0,Credit Card
TXN002607,07/02/2024,ALI KHAN,ali.khan@example.com,USB-C Cable,Electronics,ISB-01,Islamabad,1,95.55,0,Credit Card
TXN002544,2024-01-30,AHMED FAROOQ,ahmed.farooq@example.com,Webcam HD,Electronics,PSH-01,Peshawar,6,231.97,0,Credit Card
TXN004040,2024-03-18,BILAL BUTT,,Non-Stick Pan,Home & Kitchen,KHI-01,Karachi,4,55.69,20,CREDIT CARD
TXN000930,30-Oct-2024,Ayesha Sheikh,ayesha.sheikh@example.com,Denim Jacket,Apparel,FSD-01,Faisalabad,6,106.01,20,Debit Card
TXN003932,2025-04-12,Faisal Sheikh,faisal.sheikh@example.com,LED Desk Lamp,Home & Kitchen,LHR-02,Lahore,6,190.26,0,Credit Card
TXN004435,23/11/2024,Ayesha Sheikh,ayesha.sheikh@example.com,Sports Cap,Apparel,KHI-01,Karachi,2,27.71,0,Debit Card
TXN004909,07-Nov-2025,Ayesha Farooq,ayesha.farooq@example.com,Blender,Home & Kitchen,MUL-01,Multan,5,90.65,20,Credit Card
TXN004920,2024-06-23,  Ahmed Chaudhry  ,ahmed.chaudhry@example.com,Bluetooth Speaker,Electronics,PSH-01,Peshawar,5,27.67,5,Credit Card
TXN003768,30/01/2026,Usman Khan,,Sports Cap,Apparel,PSH-01,Peshawar,6,124.09,0,Cash
TXN001568,2025-01-22,  Ali Butt  ,ali.butt@example.com,Face Moisturizer,Beauty,PSH-01,Peshawar,3,87.09,0,Cash
TXN004072,2025-01-19,SANA KHAN,sana.khan@example.com,Lip Balm,Beauty,PSH-01,Peshawar,6,230.25,5,Cash
TXN002392,06-Jan-2024,Omar Raza,omar.raza@example.com,Blender,Home & Kitchen,PSH-01,Peshawar,1,88.0,10,Mobile Wallet
TXN001288,04/03/2026,  Bilal Khan  ,bilal.khan@example.com,Webcam HD,Electronics,FSD-01,Faisalabad,6,47.76,15,Mobile Wallet
TXN004798,02-Dec-2024,Zainab Butt,zainab.butt@example.com,Ceramic Mug Set,Home & Kitchen,ISB-01,Islamabad,2,213.34,0,Cash
TXN000678,2026-03-31,  Omar Sheikh  ,omar.sheikh@example.com,Shampoo 500ml,Beauty,MUL-01,Multan,6,128.54,20,CREDIT CARD
TXN002082,29/05/2026,Noor Sheikh,noor.sheikh@example.com,Shampoo 500ml,Beauty,FSD-01,Faisalabad,6,127.43,0,Cash
TXN003954,21/11/2024,Hassan Iqbal,hassan.iqbal@example.com,Bluetooth Speaker,Electronics,LHR-01,Lahore,6,100.51,5,Cash
TXN004143,2024-10-26,Sana Malik,,Coffee Maker,Home & Kitchen,LHR-01,Lahore,3,79.32,0,Mobile Wallet
TXN001620,04/10/2024,Sara Butt,sara.butt@example.com,Running Shoes,Apparel,FSD-01,Faisalabad,3,231.71,0,Cash
TXN003476,12/01/2026,Zainab Raza,zainab.raza@example.com,Football,Sports,PSH-01,Peshawar,3,156.71,0,Credit Card
TXN004403,21-Feb-2026,Zainab Butt,zainab.butt@example.com,Lip Balm,Beauty,ISB-01,Islamabad,1,163.11,5,Cash
TXN000706,12/07/2025,Zainab Raza,zainab.raza@example.com,Cotton T-Shirt,Apparel,LHR-02,Lahore,3,,0,Debit Card
TXN003498,02-Sep-2024,Hassan Malik,hassan.malik@example.com,Resistance Bands,Sports,MUL-01,Multan,4,152.74,15,CREDIT CARD
TXN004064,26-Mar-2024,Ahmed Sheikh,ahmed.sheikh@example.com,Bluetooth Speaker,Electronics,FSD-01,Faisalabad,4,113.4,0,Credit Card
TXN003614,2025-06-28,Sara Malik,,Hair Dryer,Beauty,PSH-01,Peshawar,6,80.26,0,Credit Card
TXN001278,2025-11-09,Bilal Malik,bilal.malik@example.com,Wool Sweater,Apparel,KHI-01,Karachi,1,34.38,10,CREDIT CARD
TXN002887,20/05/2025,Omar Raza,omar.raza@example.com,Sports Cap,Apparel,PSH-01,Peshawar,6,143.13,0,CREDIT CARD
TXN001948,2026-05-22,Noor Malik,noor.malik@example.com,Shampoo 500ml,Beauty,LHR-01,Lahore,5,169.48,15,Mobile Wallet
TXN001599,02-Jan-2026,ALI FAROOQ,ali.farooq@example.com,Webcam HD,Electronics,KHI-01,Karachi,1,13.98,0,Mobile Wallet
TXN004257,29/05/2025,Kamran Malik,kamran.malik@example.com,Bluetooth Speaker,Electronics,MUL-01,Multan,1,227.43,0,cash
TXN003239,2025-07-18,Usman Khan,usman.khan@example.com,Blender,Home & Kitchen,FSD-01,Faisalabad,3,201.93,0,CREDIT CARD
TXN004339,25/05/2026,  Bilal Khan  ,,Non-Stick Pan,Home & Kitchen,KHI-01,Karachi,6,200.21,0,Mobile Wallet
TXN001635,2025-01-14,Ayesha Butt,ayesha.butt@example.com,Ceramic Mug Set,Home & Kitchen,FSD-01,Faisalabad,4,75.69,20,Mobile Wallet
TXN001373,18-Jan-2026,Bilal Malik,bilal.malik@example.com,Yoga Mat,Sports,KHI-01,Karachi,6,154.25,20,Cash
TXN003468,2025-05-15,Bilal Malik,bilal.malik@example.com,LED Desk Lamp,Home & Kitchen,ISB-01,Islamabad,5,155.62,0,Debit Card
TXN004711,2024-12-31,Bilal Butt,bilal.butt@example.com,Face Moisturizer,Beauty,MUL-01,Multan,3,111.58,15,CREDIT CARD
TXN001761,20/11/2025,Noor Sheikh,noor.sheikh@example.com,USB-C Cable,Electronics,LHR-01,Lahore,4,153.21,20,Credit Card
TXN003353,2026-06-18,Hina Chaudhry,hina.chaudhry@example.com,Sports Cap,Apparel,LHR-01,Lahore,4,225.02,0,Debit Card
TXN000851,2024-01-09,Zainab Khan,zainab.khan@example.com,Face Moisturizer,Beauty,MUL-01,Multan,2,83.98,15,Debit Card
TXN001306,2025-09-17,Zainab Iqbal,zainab.iqbal@example.com,LED Desk Lamp,Home & Kitchen,MUL-01,Multan,1,143.81,0,Credit Card
TXN001063,2026-06-15,FAISAL SHEIKH,faisal.sheikh@example.com,Yoga Mat,Sports,PSH-01,Peshawar,2,200.74,10,cash
TXN003737,09-Nov-2025,Ayesha Sheikh,ayesha.sheikh@example.com,Coffee Maker,Home & Kitchen,KHI-01,Karachi,3,189.92,10,Debit Card
TXN004142,06-Apr-2026,Ahmed Malik,ahmed.malik@example.com,Running Shoes,Apparel,KHI-02,Karachi,5,201.92,0,Credit Card
TXN002024,08-Aug-2025,Fatima Malik,fatima.malik@example.com,Lip Balm,Beauty,MUL-01,Multan,4,190.0,10,Cash
TXN004589,2024-02-07,Kamran Malik,kamran.malik@example.com,Cycling Helmet,Sports,KHI-02,Karachi,6,16.69,0,CREDIT CARD
TXN004506,18/04/2026,Bilal Chaudhry,bilal.chaudhry@example.com,Ceramic Mug Set,Home & Kitchen,PSH-01,Peshawar,2,47.2,5,Cash
TXN000917,2026-01-26,Bilal Iqbal,bilal.iqbal@example.com,Wool Sweater,Apparel,KHI-02,Karachi,4,191.84,10,cash
TXN001249,2026-05-13,  Noor Chaudhry  ,noor.chaudhry@example.com,Cotton T-Shirt,Apparel,KHI-01,Karachi,2,107.67,0,Mobile Wallet
TXN002907,2024-12-22,OMAR BUTT,omar.butt@example.com,Resistance Bands,Sports,PSH-01,Peshawar,2,168.74,15,Credit Card
TXN001454,2025-01-14,AYESHA SHEIKH,ayesha.sheikh@example.com,USB-C Cable,Electronics,MUL-01,Multan,3,68.63,20,cash
TXN001024,2026-02-28,Hassan Butt,hassan.butt@example.com,Denim Jacket,Apparel,PSH-01,Peshawar,6,159.73,0,Credit Card
TXN000654,04-Apr-2024,Zainab Butt,zainab.butt@example.com,Hair Dryer,Beauty,ISB-01,Islamabad,2,97.5,0,Cash
TXN002729,2024-12-10,SANA SHEIKH,sana.sheikh@example.com,Denim Jacket,Apparel,ISB-01,Islamabad,5,161.39,5,CREDIT CARD
TXN000865,10/06/2025,Kamran Malik,kamran.malik@example.com,Wool Sweater,Apparel,ISB-01,Islamabad,2,87.63,5,cash
TXN000665,25/02/2026,Hina Malik,hina.malik@example.com,Face Moisturizer,Beauty,LHR-02,Lahore,3,53.87,10,Mobile Wallet
TXN000557,11/05/2024,Kamran Khan,kamran.khan@example.com,Shampoo 500ml,Beauty,PSH-01,Peshawar,1,236.12,0,Debit Card
TXN000918,24/02/2024,SARA KHAN,sara.khan@example.com,Wireless Mouse,Electronics,LHR-02,Lahore,3,213.89,15,Cash
TXN000018,02-May-2024,Sara Malik,sara.malik@example.com,Yoga Mat,Sports,KHI-01,Karachi,5,65.32,15,cash
TXN003320,07/04/2026,SANA MALIK,sana.malik@example.com,Sunscreen SPF50,Beauty,KHI-01,Karachi,2,95.87,20,Debit Card
TXN002586,2026-04-14,Kamran Iqbal,kamran.iqbal@example.com,Coffee Maker,Home & Kitchen,LHR-02,Lahore,4,107.18,20,Debit Card
TXN000953,03/08/2025,MARIAM FAROOQ,mariam.farooq@example.com,Sports Cap,Apparel,ISB-01,Islamabad,1,58.12,0,Debit Card
TXN002881,26/11/2024,Faisal Raza,faisal.raza@example.com,Yoga Mat,Sports,MUL-01,Multan,3,88.26,0,Credit Card
TXN000350,31-Jan-2024,Hassan Iqbal,hassan.iqbal@example.com,Cycling Helmet,Sports,LHR-01,Lahore,2,237.53,15,Cash
TXN003097,09-Nov-2024,Usman Raza,usman.raza@example.com,Sports Cap,Apparel,MUL-01,Multan,4,46.04,15,cash
TXN003045,22/10/2025,Ahmed Iqbal,ahmed.iqbal@example.com,Non-Stick Pan,Home & Kitchen,KHI-01,Karachi,5,31.62,20,cash
TXN000409,10-Apr-2026,Ayesha Malik,ayesha.malik@example.com,Wireless Mouse,Electronics,PSH-01,Peshawar,3,171.21,10,Cash
TXN003837,27-Mar-2026,Bilal Chaudhry,bilal.chaudhry@example.com,Laptop Stand,Electronics,MUL-01,Multan,2,91.53,5,Debit Card
TXN004102,2025-08-20,Sara Butt,sara.butt@example.com,Football,Sports,KHI-01,Karachi,1,157.04,20,cash
TXN003304,15-Nov-2025,Fatima Farooq,fatima.farooq@example.com,Running Shoes,Apparel,KHI-01,Karachi,6,219.1,0,Mobile Wallet
TXN002893,09-Aug-2025,Ali Raza,ali.raza@example.com,Running Shoes,Apparel,LHR-02,Lahore,5,26.71,15,Debit Card
TXN001594,01-Jan-2026,Noor Raza,noor.raza@example.com,Yoga Mat,Sports,LHR-01,Lahore,4,158.78,0,Mobile Wallet
TXN000175,09-Apr-2026,Kamran Farooq,kamran.farooq@example.com,Ceramic Mug Set,Home & Kitchen,LHR-02,Lahore,3,33.2,0,CREDIT CARD
TXN000355,2026-02-21,  Bilal Sheikh  ,bilal.sheikh@example.com,Sunscreen SPF50,Beauty,PSH-01,Peshawar,4,231.73,0,Cash
TXN003720,05/05/2026,Sana Chaudhry,sana.chaudhry@example.com,Running Shoes,Apparel,LHR-02,Lahore,3,94.23,0,Cash
TXN004425,2025-10-24,USMAN FAROOQ,usman.farooq@example.com,Hair Dryer,Beauty,ISB-01,Islamabad,6,211.44,20,CREDIT CARD
TXN003663,2026-07-18,Hina Chaudhry,hina.chaudhry@example.com,Blender,Home & Kitchen,PSH-01,Peshawar,6,25.12,0,CREDIT CARD
TXN003290,25/08/2025,  Faisal Khan  ,faisal.khan@example.com,Sunscreen SPF50,Beauty,MUL-01,Multan,2,107.18,20,Cash
TXN001826,17-Dec-2024,Ali Raza,ali.raza@example.com,Sunscreen SPF50,Beauty,KHI-01,Karachi,1,148.61,0,CREDIT CARD
TXN000194,2026-03-23,Faisal Chaudhry,faisal.chaudhry@example.com,Coffee Maker,Home & Kitchen,KHI-02,Karachi,1,126.25,0,cash
TXN003287,2024-12-22,Bilal Sheikh,bilal.sheikh@example.com,Cycling Helmet,Sports,KHI-01,Karachi,1,138.84,20,Mobile Wallet
TXN004326,26/09/2024,Noor Butt,noor.butt@example.com,Dumbbell Set,Sports,PSH-01,Peshawar,4,62.09,15,cash
TXN001699,09-Jun-2026,Hassan Sheikh,,Webcam HD,Electronics,ISB-01,Islamabad,2,54.87,10,Mobile Wallet
TXN003341,2024-10-04,  Zainab Farooq  ,zainab.farooq@example.com,LED Desk Lamp,Home & Kitchen,ISB-01,Islamabad,6,94.78,5,Credit Card
TXN002532,2026-02-09,NOOR MALIK,noor.malik@example.com,Denim Jacket,Apparel,FSD-01,Faisalabad,2,8.15,15,Mobile Wallet
TXN004608,20-Jul-2026,  HASSAN SHEIKH  ,hassan.sheikh@example.com,Wool Sweater,Apparel,MUL-01,Multan,4,,15,Credit Card
TXN003314,08/04/2025,Faisal Farooq,faisal.farooq@example.com,Cotton T-Shirt,Apparel,LHR-02,Lahore,5,187.13,0,Credit Card
TXN002015,23-Mar-2026,Hina Butt,hina.butt@example.com,Running Shoes,Apparel,FSD-01,Faisalabad,3,234.18,5,CREDIT CARD
TXN002326,04-Mar-2024,  Fatima Khan  ,fatima.khan@example.com,Coffee Maker,Home & Kitchen,KHI-01,Karachi,2,82.09,20,cash
TXN001485,2025-08-11,AYESHA MALIK,ayesha.malik@example.com,Non-Stick Pan,Home & Kitchen,LHR-01,Lahore,2,65.17,0,Debit Card
TXN003473,02-Jun-2026,  Kamran Chaudhry  ,kamran.chaudhry@example.com,Sunscreen SPF50,Beauty,PSH-01,Peshawar,6,224.52,5,Credit Card
TXN000583,24-Dec-2025,Sana Khan,sana.khan@example.com,Shampoo 500ml,Beauty,KHI-02,Karachi,6,11.92,5,CREDIT CARD
TXN003492,20-Feb-2026,  Omar Chaudhry  ,omar.chaudhry@example.com,Lip Balm,Beauty,MUL-01,Multan,6,106.58,10,CREDIT CARD
TXN004449,2024-06-13,Ali Khan,ali.khan@example.com,Non-Stick Pan,Home & Kitchen,KHI-02,Karachi,3,10.33,15,Mobile Wallet
TXN002484,18-Jun-2026,Hassan Iqbal,hassan.iqbal@example.com,Hair Dryer,Beauty,KHI-01,Karachi,2,247.72,0,Cash
TXN004367,29-May-2024,Faisal Farooq,faisal.farooq@example.com,Non-Stick Pan,Home & Kitchen,ISB-01,Islamabad,6,128.59,20,Cash
TXN004638,26-Jan-2024,AHMED BUTT,ahmed.butt@example.com,Running Shoes,Apparel,LHR-02,Lahore,1,,0,Debit Card
TXN003482,2026-02-07,Usman Raza,usman.raza@example.com,Shampoo 500ml,Beauty,LHR-02,Lahore,6,248.29,0,CREDIT CARD
TXN002408,2024-05-05,OMAR KHAN,omar.khan@example.com,Dumbbell Set,Sports,LHR-02,Lahore,2,,15,Debit Card
TXN003422,28-Apr-2024,Usman Butt,usman.butt@example.com,Coffee Maker,Home & Kitchen,MUL-01,Multan,3,118.42,0,CREDIT CARD
TXN000026,2024-08-16,Mariam Chaudhry,mariam.chaudhry@example.com,Denim Jacket,Apparel,PSH-01,Peshawar,4,166.71,20,Debit Card
TXN000130,27/07/2024,Kamran Raza,kamran.raza@example.com,Bluetooth Speaker,Electronics,LHR-01,Lahore,5,127.95,15,CREDIT CARD
TXN003391,30-May-2025,Ahmed Sheikh,ahmed.sheikh@example.com,Football,Sports,LHR-02,Lahore,2,48.89,10,Debit Card
TXN004379,15-Jun-2025,Sana Malik,sana.malik@example.com,Resistance Bands,Sports,FSD-01,Faisalabad,4,191.46,0,CREDIT CARD
TXN000091,17-Feb-2026,Bilal Chaudhry,bilal.chaudhry@example.com,Denim Jacket,Apparel,LHR-02,Lahore,6,23.46,20,cash
TXN001484,30/04/2026,Bilal Iqbal,bilal.iqbal@example.com,Wool Sweater,Apparel,LHR-01,Lahore,1,207.87,0,Cash
TXN003679,26/09/2024,Sara Chaudhry,sara.chaudhry@example.com,Face Moisturizer,Beauty,LHR-01,Lahore,5,206.99,0,Mobile Wallet
TXN001605,06-Mar-2026,Fatima Raza,fatima.raza@example.com,Wool Sweater,Apparel,PSH-01,Peshawar,6,152.43,20,Mobile Wallet
TXN002955,27/05/2026,OMAR SHEIKH,omar.sheikh@example.com,Yoga Mat,Sports,LHR-02,Lahore,3,33.51,5,Credit Card
TXN002704,18-Oct-2025,Ahmed Chaudhry,ahmed.chaudhry@example.com,Non-Stick Pan,Home & Kitchen,LHR-01,Lahore,2,148.85,20,cash
TXN002644,05/06/2025,Sara Khan,sara.khan@example.com,Cotton T-Shirt,Apparel,LHR-02,Lahore,4,65.49,0,Credit Card
TXN003032,2024-01-11,Faisal Butt,faisal.butt@example.com,Shampoo 500ml,Beauty,KHI-02,Karachi,4,39.89,10,cash
TXN001819,2026-06-18,Usman Farooq,usman.farooq@example.com,Sports Cap,Apparel,FSD-01,Faisalabad,2,240.76,10,Mobile Wallet
TXN002719,15-May-2024,Sara Khan,sara.khan@example.com,USB-C Cable,Electronics,FSD-01,Faisalabad,2,93.7,0,Mobile Wallet
TXN001176,18/05/2026,Kamran Iqbal,kamran.iqbal@example.com,Hair Dryer,Beauty,KHI-01,Karachi,1,167.82,0,CREDIT CARD
TXN001596,25-Jul-2025,Mariam Malik,mariam.malik@example.com,Hair Dryer,Beauty,LHR-02,Lahore,5,79.11,15,Mobile Wallet
TXN000505,20-Oct-2024,Ali Butt,ali.butt@example.com,Wool Sweater,Apparel,MUL-01,Multan,3,46.96,0,CREDIT CARD
TXN004560,08-Jan-2024,Kamran Iqbal,kamran.iqbal@example.com,Cotton T-Shirt,Apparel,PSH-01,Peshawar,5,81.02,5,Debit Card
TXN000065,2024-06-23,Ayesha Iqbal,ayesha.iqbal@example.com,Ceramic Mug Set,Home & Kitchen,KHI-01,Karachi,4,24.35,10,Cash
TXN002467,25-Jan-2024,Ahmed Khan,ahmed.khan@example.com,Sunscreen SPF50,Beauty,PSH-01,Peshawar,3,115.13,0,cash
TXN002868,11-Apr-2025,Mariam Chaudhry,mariam.chaudhry@example.com,Blender,Home & Kitchen,LHR-01,Lahore,3,145.51,0,Debit Card
TXN000223,2024-10-28,HINA FAROOQ,hina.farooq@example.com,Laptop Stand,Electronics,KHI-02,Karachi,1,83.09,5,Cash
TXN000725,2026-01-20,Omar Butt,omar.butt@example.com,Laptop Stand,Electronics,PSH-01,Peshawar,2,30.83,5,Credit Card
TXN003347,2025-01-08,ZAINAB CHAUDHRY,zainab.chaudhry@example.com,Blender,Home & Kitchen,LHR-01,Lahore,4,191.45,20,cash
TXN004901,29/12/2025,Ayesha Raza,ayesha.raza@example.com,Laptop Stand,Electronics,LHR-02,Lahore,2,215.84,20,Cash
TXN003345,23-Mar-2025,HINA RAZA,hina.raza@example.com,Cotton T-Shirt,Apparel,KHI-01,Karachi,2,157.63,0,Mobile Wallet
TXN004312,07-Jul-2025,HASSAN KHAN,hassan.khan@example.com,Coffee Maker,Home & Kitchen,KHI-01,Karachi,2,139.77,15,cash
TXN000692,10/02/2026,Fatima Iqbal,fatima.iqbal@example.com,Wireless Mouse,Electronics,PSH-01,Peshawar,5,103.08,0,Mobile Wallet
TXN002990,23/12/2024,Fatima Chaudhry,fatima.chaudhry@example.com,Running Shoes,Apparel,ISB-01,Islamabad,4,218.35,0,CREDIT CARD
TXN000959,07/12/2025,Ali Chaudhry,ali.chaudhry@example.com,Shampoo 500ml,Beauty,ISB-01,Islamabad,6,203.54,20,Mobile Wallet
TXN002481,23/07/2025,Usman Iqbal,usman.iqbal@example.com,Coffee Maker,Home & Kitchen,MUL-01,Multan,2,49.58,0,Debit Card
TXN000705,2024-04-22,Sana Khan,sana.khan@example.com,Webcam HD,Electronics,FSD-01,Faisalabad,5,205.64,0,cash
TXN004954,28/11/2025,Ahmed Raza,ahmed.raza@example.com,Running Shoes,Apparel,ISB-01,Islamabad,1,195.56,0,CREDIT CARD
TXN004766,04-May-2026,Zainab Chaudhry,zainab.chaudhry@example.com,Running Shoes,Apparel,KHI-02,Karachi,2,98.14,10,Mobile Wallet
TXN002136,2025-06-26,Noor Chaudhry,noor.chaudhry@example.com,Ceramic Mug Set,Home & Kitchen,LHR-02,Lahore,,,15,CREDIT CARD
TXN004694,26-Jan-2024,Ayesha Iqbal,ayesha.iqbal@example.com,Denim Jacket,Apparel,KHI-01,Karachi,3,140.06,0,Debit Card
TXN000793,05-Jul-2024,SARA FAROOQ,sara.farooq@example.com,USB-C Cable,Electronics,PSH-01,Peshawar,3,26.17,20,Cash
TXN001166,25-Sep-2024,FATIMA CHAUDHRY,fatima.chaudhry@example.com,Football,Sports,PSH-01,Peshawar,5,62.81,20,CREDIT CARD
TXN000499,23/10/2025,NOOR FAROOQ,noor.farooq@example.com,Yoga Mat,Sports,ISB-01,Islamabad,,114.84,0,Mobile Wallet
TXN004787,26-Nov-2024,Mariam Butt,mariam.butt@example.com,Denim Jacket,Apparel,LHR-01,Lahore,5,121.75,0,Debit Card
TXN000681,2024-05-05,ALI MALIK,ali.malik@example.com,Non-Stick Pan,Home & Kitchen,KHI-01,Karachi,3,39.75,5,Debit Card
TXN004626,2024-10-22,Omar Butt,omar.butt@example.com,Cycling Helmet,Sports,KHI-02,Karachi,4,45.32,15,Credit Card
TXN003513,16-Feb-2025,  Sana Raza  ,sana.raza@example.com,Bluetooth Speaker,Electronics,LHR-01,Lahore,5,215.37,0,cash
TXN003660,20/06/2025,Ayesha Raza,ayesha.raza@example.com,Hair Dryer,Beauty,ISB-01,Islamabad,5,100.56,0,cash
TXN002953,2024-08-21,Hina Malik,,Lip Balm,Beauty,PSH-01,Peshawar,4,35.15,0,Mobile Wallet
TXN000904,10/12/2025,  Usman Farooq  ,usman.farooq@example.com,Sunscreen SPF50,Beauty,ISB-01,Islamabad,4,15.24,0,CREDIT CARD
TXN000704,14-Jan-2024,Hina Raza,hina.raza@example.com,Non-Stick Pan,Home & Kitchen,KHI-01,Karachi,,121.28,0,Cash
TXN002133,09/05/2025,Hina Butt,hina.butt@example.com,Shampoo 500ml,Beauty,FSD-01,Faisalabad,6,,5,cash
TXN001981,20/10/2024,  Hassan Khan  ,hassan.khan@example.com,Face Moisturizer,Beauty,LHR-01,Lahore,3,26.1,5,Debit Card
TXN002197,22-Apr-2025,  Omar Butt  ,omar.butt@example.com,Coffee Maker,Home & Kitchen,KHI-01,Karachi,2,171.49,0,Debit Card
TXN003915,2024-05-03,Omar Farooq,omar.farooq@example.com,Shampoo 500ml,Beauty,KHI-01,Karachi,1,63.82,0,cash
TXN004517,29/03/2026,  Bilal Iqbal  ,bilal.iqbal@example.com,Shampoo 500ml,Beauty,KHI-01,Karachi,6,137.04,15,CREDIT CARD
TXN003580,18-Mar-2025,Hina Farooq,hina.farooq@example.com,Hair Dryer,Beauty,FSD-01,Faisalabad,1,214.76,10,Credit Card
TXN004637,2026-03-02,Fatima Khan,fatima.khan@example.com,Webcam HD,Electronics,FSD-01,Faisalabad,1,92.77,5,Mobile Wallet
TXN001587,13/09/2024,BILAL IQBAL,bilal.iqbal@example.com,Blender,Home & Kitchen,LHR-01,Lahore,1,41.05,0,cash
TXN000092,08/10/2025,Omar Sheikh,omar.sheikh@example.com,Resistance Bands,Sports,FSD-01,Faisalabad,5,200.1,0,Mobile Wallet
TXN002149,30-Oct-2025,Noor Iqbal,noor.iqbal@example.com,Non-Stick Pan,Home & Kitchen,PSH-01,Peshawar,3,99.61,0,CREDIT CARD
TXN003980,2024-06-09,  Faisal Raza  ,faisal.raza@example.com,Lip Balm,Beauty,FSD-01,Faisalabad,,7.39,15,Debit Card
TXN004433,23-Dec-2024,Usman Raza,usman.raza@example.com,Resistance Bands,Sports,FSD-01,Faisalabad,4,50.74,15,Debit Card
TXN001740,2026-03-15,Usman Khan,usman.khan@example.com,Wireless Mouse,Electronics,PSH-01,Peshawar,6,226.65,15,cash
TXN004673,11-Jun-2025,Hassan Malik,hassan.malik@example.com,Lip Balm,Beauty,FSD-01,Faisalabad,5,6.29,10,CREDIT CARD
TXN000326,2026-06-27,Hassan Farooq,,Resistance Bands,Sports,LHR-02,Lahore,2,216.6,5,Debit Card
TXN003625,18-Jun-2025,  Bilal Khan  ,bilal.khan@example.com,Wireless Mouse,Electronics,LHR-02,Lahore,6,166.0,10,Cash
TXN001989,03/06/2024,Faisal Iqbal,faisal.iqbal@example.com,Wool Sweater,Apparel,LHR-02,Lahore,5,83.93,0,Credit Card
TXN004776,2024-09-09,Sana Farooq,sana.farooq@example.com,Cotton T-Shirt,Apparel,LHR-01,Lahore,3,146.59,0,Cash
TXN001261,27/02/2024,  Usman Malik  ,usman.malik@example.com,Sports Cap,Apparel,LHR-02,Lahore,3,104.44,5,Mobile Wallet
TXN000398,16-Apr-2024,  ALI MALIK  ,ali.malik@example.com,Running Shoes,Apparel,LHR-01,Lahore,2,114.26,0,Credit Card
TXN001687,2024-10-19,  Noor Butt  ,noor.butt@example.com,Cycling Helmet,Sports,FSD-01,Faisalabad,,153.54,15,Cash
TXN004407,20/02/2026,Fatima Farooq,fatima.farooq@example.com,Face Moisturizer,Beauty,ISB-01,Islamabad,6,241.39,5,Mobile Wallet
TXN003857,14/06/2025,Omar Butt,omar.butt@example.com,Face Moisturizer,Beauty,KHI-01,Karachi,5,143.11,0,Cash
TXN003228,2025-12-18,  Hassan Iqbal  ,hassan.iqbal@example.com,Wireless Mouse,Electronics,FSD-01,Faisalabad,3,34.03,0,Debit Card
TXN002201,28-Aug-2025,Sara Chaudhry,sara.chaudhry@example.com,Wireless Mouse,Electronics,MUL-01,Multan,3,98.58,0,Cash
TXN004625,2025-08-23,Sana Malik,sana.malik@example.com,Running Shoes,Apparel,FSD-01,Faisalabad,5,231.37,15,Credit Card
TXN003621,2025-02-21,Bilal Khan,bilal.khan@example.com,Shampoo 500ml,Beauty,MUL-01,Multan,3,237.83,0,Mobile Wallet
TXN004575,2024-09-04,Fatima Raza,fatima.raza@example.com,USB-C Cable,Electronics,KHI-01,Karachi,3,234.04,0,Cash
TXN002387,13/06/2025,Usman Chaudhry,usman.chaudhry@example.com,Sports Cap,Apparel,PSH-01,Peshawar,2,17.66,0,cash
TXN002384,2024-02-12,Hina Malik,hina.malik@example.com,Sports Cap,Apparel,MUL-01,Multan,1,38.8,0,Debit Card
TXN001721,2024-09-02,Noor Iqbal,noor.iqbal@example.com,Ceramic Mug Set,Home & Kitchen,KHI-02,Karachi,2,10.62,5,CREDIT CARD
TXN004687,08-Jul-2024,Usman Khan,usman.khan@example.com,Laptop Stand,Electronics,LHR-01,Lahore,3,189.79,0,Credit Card
TXN000190,15-May-2024,SARA MALIK,sara.malik@example.com,Coffee Maker,Home & Kitchen,MUL-01,Multan,6,,0,Credit Card
TXN004511,27-Feb-2026,Sara Chaudhry,sara.chaudhry@example.com,Hair Dryer,Beauty,FSD-01,Faisalabad,3,150.55,20,cash
TXN003929,19-Jan-2025,Hassan Butt,hassan.butt@example.com,Sunscreen SPF50,Beauty,MUL-01,Multan,3,157.59,5,cash
TXN004570,28/07/2025,Hina Khan,hina.khan@example.com,Cotton T-Shirt,Apparel,LHR-01,Lahore,4,19.9,15,cash
TXN003592,24/07/2024,Bilal Iqbal,bilal.iqbal@example.com,Wireless Mouse,Electronics,FSD-01,Faisalabad,2,233.91,0,Cash
TXN001177,19-Jul-2025,Fatima Raza,fatima.raza@example.com,Webcam HD,Electronics,MUL-01,Multan,4,65.79,15,cash
TXN003964,30/06/2026,  Kamran Butt  ,kamran.butt@example.com,Wool Sweater,Apparel,ISB-01,Islamabad,1,70.53,0,Debit Card
TXN004585,19/05/2024,MARIAM BUTT,mariam.butt@example.com,LED Desk Lamp,Home & Kitchen,PSH-01,Peshawar,5,217.21,20,Cash
TXN002719,15-May-2024,Sara Khan,sara.khan@example.com,USB-C Cable,Electronics,FSD-01,Faisalabad,2,93.7,0,Mobile Wallet
TXN002218,05-Nov-2025,Ali Chaudhry,ali.chaudhry@example.com,Lip Balm,Beauty,PSH-01,Peshawar,1,144.82,0,cash
TXN000645,2024-12-31,FATIMA BUTT,fatima.butt@example.com,Laptop Stand,Electronics,KHI-01,Karachi,1,155.85,0,Credit Card
TXN003426,28/02/2025,Ahmed Chaudhry,ahmed.chaudhry@example.com,Blender,Home & Kitchen,LHR-02,Lahore,5,206.33,20,Debit Card
TXN000309,2024-09-22,Faisal Malik,faisal.malik@example.com,Wireless Mouse,Electronics,KHI-02,Karachi,2,139.4,0,Debit Card
TXN001544,03/02/2024,HINA MALIK,hina.malik@example.com,Wool Sweater,Apparel,KHI-02,Karachi,6,248.58,0,Debit Card
TXN004997,13-Jun-2026,Faisal Khan,faisal.khan@example.com,Non-Stick Pan,Home & Kitchen,MUL-01,Multan,6,245.01,0,CREDIT CARD
TXN001707,2026-06-09,  Usman Butt  ,usman.butt@example.com,Sunscreen SPF50,Beauty,FSD-01,Faisalabad,1,181.26,0,Debit Card
TXN001222,2024-06-30,Sara Iqbal,sara.iqbal@example.com,Dumbbell Set,Sports,ISB-01,Islamabad,4,39.52,5,Credit Card
TXN002233,2025-06-14,Kamran Farooq,kamran.farooq@example.com,Lip Balm,Beauty,ISB-01,Islamabad,1,248.98,0,Debit Card
TXN001115,12/09/2025,Hassan Chaudhry,hassan.chaudhry@example.com,Dumbbell Set,Sports,MUL-01,Multan,5,212.3,15,Credit Card
TXN000656,04-Aug-2024,Ayesha Chaudhry,ayesha.chaudhry@example.com,Cycling Helmet,Sports,LHR-01,Lahore,3,7.69,0,Cash
TXN004800,11-Mar-2026,Ahmed Iqbal,ahmed.iqbal@example.com,Bluetooth Speaker,Electronics,LHR-01,Lahore,6,150.18,5,cash
TXN001369,24-Aug-2025,Zainab Butt,zainab.butt@example.com,Football,Sports,LHR-02,Lahore,4,146.02,0,Credit Card
TXN001689,16-Dec-2024,Sana Butt,sana.butt@example.com,Cycling Helmet,Sports,LHR-02,Lahore,3,22.54,0,Credit Card
TXN005000,03/06/2024,  Kamran Butt  ,kamran.butt@example.com,LED Desk Lamp,Home & Kitchen,LHR-02,Lahore,1,238.3,0,Mobile Wallet
TXN001179,2025-03-15,Faisal Butt,faisal.butt@example.com,Blender,Home & Kitchen,MUL-01,Multan,5,70.08,0,Cash
TXN002345,2025-03-08,KAMRAN KHAN,kamran.khan@example.com,Non-Stick Pan,Home & Kitchen,LHR-02,Lahore,5,109.03,20,CREDIT CARD
TXN002941,11-Jul-2025,Sana Raza,sana.raza@example.com,USB-C Cable,Electronics,PSH-01,Peshawar,4,175.67,0,Mobile Wallet
TXN003715,2026-02-28,SANA MALIK,sana.malik@example.com,Cycling Helmet,Sports,MUL-01,Multan,5,76.82,5,Cash
TXN000739,26-Mar-2025,MARIAM SHEIKH,mariam.sheikh@example.com,Dumbbell Set,Sports,LHR-02,Lahore,,192.23,0,Debit Card
TXN000303,2026-02-27,Hassan Farooq,hassan.farooq@example.com,Non-Stick Pan,Home & Kitchen,ISB-01,Islamabad,4,190.58,20,Credit Card
TXN003292,2025-08-05,Zainab Farooq,zainab.farooq@example.com,Bluetooth Speaker,Electronics,PSH-01,Peshawar,6,146.8,15,CREDIT CARD
TXN001106,2026-01-13,Sara Chaudhry,,Denim Jacket,Apparel,PSH-01,Peshawar,3,216.82,0,cash
TXN001987,24-Jul-2025,Omar Khan,omar.khan@example.com,Laptop Stand,Electronics,KHI-01,Karachi,3,51.05,5,Cash
TXN001510,01-Mar-2026,Fatima Iqbal,fatima.iqbal@example.com,Resistance Bands,Sports,LHR-01,Lahore,6,230.65,10,Credit Card
TXN001192,2024-09-25,SANA IQBAL,sana.iqbal@example.com,Football,Sports,MUL-01,Multan,3,8.52,5,Mobile Wallet
TXN001457,2025-12-24,Bilal Farooq,bilal.farooq@example.com,Shampoo 500ml,Beauty,MUL-01,Multan,6,47.98,20,Credit Card
TXN001301,2025-03-21,Faisal Raza,faisal.raza@example.com,Resistance Bands,Sports,FSD-01,Faisalabad,3,78.14,0,CREDIT CARD
TXN001880,16/02/2024,Mariam Raza,mariam.raza@example.com,Sunscreen SPF50,Beauty,KHI-02,Karachi,2,19.16,0,Credit Card
TXN003706,2025-03-08,Ayesha Sheikh,ayesha.sheikh@example.com,Yoga Mat,Sports,KHI-02,Karachi,5,143.81,5,cash
TXN002956,2026-07-09,  MARIAM BUTT  ,mariam.butt@example.com,Yoga Mat,Sports,LHR-01,Lahore,6,117.62,0,Cash
TXN003018,20/04/2024,  Kamran Raza  ,kamran.raza@example.com,Webcam HD,Electronics,LHR-02,Lahore,2,161.66,0,cash
TXN003231,2024-01-28,USMAN IQBAL,usman.iqbal@example.com,Blender,Home & Kitchen,ISB-01,Islamabad,,108.03,0,CREDIT CARD
TXN000476,2025-08-03,Bilal Malik,bilal.malik@example.com,Hair Dryer,Beauty,ISB-01,Islamabad,5,8.46,5,CREDIT CARD
TXN003057,12-Dec-2025,  HASSAN FAROOQ  ,hassan.farooq@example.com,Sunscreen SPF50,Beauty,MUL-01,Multan,2,58.87,0,CREDIT CARD
TXN004783,2024-08-28,Sara Farooq,sara.farooq@example.com,Non-Stick Pan,Home & Kitchen,FSD-01,Faisalabad,5,138.26,5,cash
TXN001229,27-Mar-2026,Omar Chaudhry,omar.chaudhry@example.com,Webcam HD,Electronics,ISB-01,Islamabad,4,132.87,20,Mobile Wallet
TXN001922,26-Oct-2024,Ahmed Farooq,ahmed.farooq@example.com,Bluetooth Speaker,Electronics,MUL-01,Multan,2,138.0,0,cash
TXN003922,15-Jul-2024,Sana Sheikh,sana.sheikh@example.com,Laptop Stand,Electronics,MUL-01,Multan,3,183.87,0,CREDIT CARD
TXN000556,14/02/2026,Sana Butt,sana.butt@example.com,Denim Jacket,Apparel,KHI-02,Karachi,4,182.02,20,Cash
TXN003149,22-Apr-2025,Zainab Chaudhry,zainab.chaudhry@example.com,Webcam HD,Electronics,MUL-01,Multan,3,159.38,0,cash
TXN003620,30/11/2024,Ayesha Chaudhry,ayesha.chaudhry@example.com,Football,Sports,KHI-01,Karachi,3,112.78,0,Cash
TXN000423,26-Feb-2024,Usman Malik,usman.malik@example.com,Ceramic Mug Set,Home & Kitchen,ISB-01,Islamabad,6,236.6,5,Debit Card
TXN004558,2025-02-06,Fatima Sheikh,fatima.sheikh@example.com,Laptop Stand,Electronics,LHR-01,Lahore,5,43.05,0,Debit Card
TXN004660,2026-04-19,Sara Butt,sara.butt@example.com,Yoga Mat,Sports,LHR-02,Lahore,1,40.5,20,Mobile Wallet
TXN001825,20-Oct-2025,  Sana Farooq  ,sana.farooq@example.com,USB-C Cable,Electronics,ISB-01,Islamabad,4,105.05,5,CREDIT CARD
TXN000034,14/10/2025,Sana Farooq,sana.farooq@example.com,Football,Sports,KHI-01,Karachi,5,192.62,5,Credit Card
TXN004468,13/07/2024,Kamran Farooq,,Dumbbell Set,Sports,PSH-01,Peshawar,5,135.68,0,Mobile Wallet
TXN000468,17-Sep-2024,Hina Butt,hina.butt@example.com,Denim Jacket,Apparel,LHR-02,Lahore,5,18.7,0,cash
TXN000311,2025-04-29,Usman Sheikh,usman.sheikh@example.com,Football,Sports,MUL-01,Multan,4,48.27,15,cash
TXN004187,2026-02-26,Ayesha Khan,ayesha.khan@example.com,Webcam HD,Electronics,FSD-01,Faisalabad,4,9.66,0,CREDIT CARD
TXN002198,10/02/2025,SANA SHEIKH,sana.sheikh@example.com,Sports Cap,Apparel,KHI-01,Karachi,4,111.61,10,cash
TXN003906,2025-09-29,Ayesha Raza,ayesha.raza@example.com,Coffee Maker,Home & Kitchen,LHR-01,Lahore,3,34.45,10,Mobile Wallet
TXN001926,15/04/2024,Sana Raza,sana.raza@example.com,Blender,Home & Kitchen,KHI-02,Karachi,6,136.2,20,Credit Card
TXN004017,23-Mar-2026,Fatima Malik,,Dumbbell Set,Sports,LHR-01,Lahore,1,163.19,5,cash
TXN003042,2026-04-25,Usman Raza,usman.raza@example.com,Coffee Maker,Home & Kitchen,FSD-01,Faisalabad,6,89.0,20,cash
TXN002140,02-Mar-2026,Sana Iqbal,sana.iqbal@example.com,Shampoo 500ml,Beauty,MUL-01,Multan,5,129.91,0,Mobile Wallet
TXN004723,09/04/2025,Fatima Butt,fatima.butt@example.com,Ceramic Mug Set,Home & Kitchen,LHR-01,Lahore,3,215.93,0,CREDIT CARD
TXN000521,14/12/2024,Faisal Khan,faisal.khan@example.com,Resistance Bands,Sports,FSD-01,Faisalabad,1,49.22,0,Credit Card
TXN002948,14-Jul-2025,ZAINAB MALIK,zainab.malik@example.com,Non-Stick Pan,Home & Kitchen,MUL-01,Multan,5,138.84,15,cash
TXN003764,2025-03-04,Sara Malik,sara.malik@example.com,Blender,Home & Kitchen,LHR-02,Lahore,1,221.26,10,Debit Card
TXN002527,2024-07-06,Usman Iqbal,,Face Moisturizer,Beauty,ISB-01,Islamabad,5,191.67,0,Cash
TXN002513,15/07/2026,Sana Iqbal,sana.iqbal@example.com,USB-C Cable,Electronics,ISB-01,Islamabad,5,240.0,0,CREDIT CARD
TXN003023,11/08/2024,Bilal Chaudhry,bilal.chaudhry@example.com,Dumbbell Set,Sports,KHI-01,Karachi,4,24.49,5,cash
TXN000634,16-Feb-2024,Hina Chaudhry,hina.chaudhry@example.com,Resistance Bands,Sports,LHR-01,Lahore,6,19.89,5,CREDIT CARD
TXN000293,17-Jun-2026,Hina Farooq,hina.farooq@example.com,Sports Cap,Apparel,LHR-02,Lahore,1,128.32,10,cash
TXN000195,09-Jan-2025,Bilal Iqbal,bilal.iqbal@example.com,USB-C Cable,Electronics,FSD-01,Faisalabad,4,172.32,0,cash
TXN000980,2026-03-02,Hina Butt,hina.butt@example.com,Wool Sweater,Apparel,MUL-01,Multan,1,111.02,15,Cash
TXN004845,30-Oct-2025,Sara Sheikh,sara.sheikh@example.com,Cotton T-Shirt,Apparel,ISB-01,Islamabad,4,106.61,0,CREDIT CARD
TXN003746,2026-03-10,AHMED RAZA,ahmed.raza@example.com,Blender,Home & Kitchen,KHI-01,Karachi,5,39.37,0,Credit Card
TXN004814,18-Sep-2025,Noor Sheikh,noor.sheikh@example.com,Resistance Bands,Sports,LHR-02,Lahore,2,121.73,20,Cash
TXN000564,2025-08-05,Kamran Iqbal,kamran.iqbal@example.com,Sports Cap,Apparel,MUL-01,Multan,1,101.42,0,CREDIT CARD
TXN002341,13-Jun-2026,Bilal Malik,bilal.malik@example.com,Denim Jacket,Apparel,LHR-02,Lahore,6,204.92,0,Debit Card
TXN003750,2025-05-23,Sara Chaudhry,sara.chaudhry@example.com,Cycling Helmet,Sports,PSH-01,Peshawar,1,15.89,15,CREDIT CARD
TXN004971,2025-09-13,Kamran Chaudhry,kamran.chaudhry@example.com,Face Moisturizer,Beauty,LHR-01,Lahore,1,8.28,0,Cash
TXN000274,2025-06-10,Ahmed Chaudhry,ahmed.chaudhry@example.com,Football,Sports,PSH-01,Peshawar,2,237.31,10,Credit Card
TXN003299,2025-05-05,Bilal Iqbal,,Ceramic Mug Set,Home & Kitchen,FSD-01,Faisalabad,1,244.16,0,CREDIT CARD
TXN004318,04/02/2026,Sara Malik,sara.malik@example.com,Cycling Helmet,Sports,MUL-01,Multan,5,113.09,0,Mobile Wallet
TXN002588,18-Feb-2024,Ayesha Butt,ayesha.butt@example.com,Football,Sports,KHI-01,Karachi,4,210.75,0,cash
TXN000696,25/03/2024,Ayesha Malik,ayesha.malik@example.com,LED Desk Lamp,Home & Kitchen,PSH-01,Peshawar,2,141.84,0,CREDIT CARD
TXN001636,23-Feb-2026,USMAN IQBAL,usman.iqbal@example.com,Coffee Maker,Home & Kitchen,FSD-01,Faisalabad,3,140.1,0,CREDIT CARD
TXN001054,2025-02-24,Sara Malik,sara.malik@example.com,Hair Dryer,Beauty,LHR-01,Lahore,4,55.22,0,CREDIT CARD
TXN001026,26-Aug-2025,  Kamran Khan  ,kamran.khan@example.com,Laptop Stand,Electronics,ISB-01,Islamabad,1,241.45,5,cash
TXN003881,27-Jul-2026,Omar Butt,omar.butt@example.com,Sunscreen SPF50,Beauty,MUL-01,Multan,1,193.37,20,cash
TXN002957,2024-02-02,Ali Malik,ali.malik@example.com,Denim Jacket,Apparel,KHI-02,Karachi,5,12.33,20,Credit Card
TXN001538,2026-03-31,Zainab Khan,zainab.khan@example.com,Face Moisturizer,Beauty,LHR-01,Lahore,3,180.62,0,Credit Card
TXN000520,2024-07-03,SANA KHAN,sana.khan@example.com,Webcam HD,Electronics,KHI-02,Karachi,2,72.37,10,Mobile Wallet
TXN002620,05/03/2026,Kamran Butt,kamran.butt@example.com,Yoga Mat,Sports,FSD-01,Faisalabad,6,215.03,0,Debit Card
TXN004280,18-Jun-2025,Ayesha Farooq,ayesha.farooq@example.com,Sunscreen SPF50,Beauty,KHI-01,Karachi,1,243.34,0,CREDIT CARD
TXN002404,20-Jan-2026,Kamran Khan,kamran.khan@example.com,Coffee Maker,Home & Kitchen,KHI-02,Karachi,6,24.44,0,Cash
TXN001917,2025-11-08,Noor Butt,noor.butt@example.com,Blender,Home & Kitchen,MUL-01,Multan,4,137.29,0,cash
TXN003718,2025-09-04,Hassan Raza,hassan.raza@example.com,Face Moisturizer,Beauty,LHR-01,Lahore,1,180.52,10,cash
TXN003987,11-Jun-2026,Hina Malik,hina.malik@example.com,Wool Sweater,Apparel,ISB-01,Islamabad,3,178.73,15,Debit Card
TXN003543,2025-09-19,HINA KHAN,hina.khan@example.com,Wool Sweater,Apparel,FSD-01,Faisalabad,6,72.64,0,Credit Card
TXN004097,2024-05-25,Ali Malik,ali.malik@example.com,Sunscreen SPF50,Beauty,PSH-01,Peshawar,4,24.74,0,Debit Card
TXN001392,2024-06-19,BILAL IQBAL,bilal.iqbal@example.com,Face Moisturizer,Beauty,KHI-01,Karachi,1,231.34,20,Cash
TXN003332,01/05/2024,Mariam Butt,mariam.butt@example.com,Yoga Mat,Sports,KHI-02,Karachi,6,172.3,0,Debit Card
TXN003300,2025-01-08,Sara Chaudhry,sara.chaudhry@example.com,Denim Jacket,Apparel,LHR-02,Lahore,2,194.94,20,cash
TXN000943,21/10/2025,  Usman Sheikh  ,usman.sheikh@example.com,USB-C Cable,Electronics,ISB-01,Islamabad,4,24.28,5,CREDIT CARD
TXN004775,2024-07-27,Usman Butt,,Lip Balm,Beauty,FSD-01,Faisalabad,4,16.2,5,Mobile Wallet
TXN004571,2025-06-06,AHMED MALIK,ahmed.malik@example.com,Dumbbell Set,Sports,ISB-01,Islamabad,4,26.51,5,Cash
TXN004336,2024-10-20,Ali Raza,ali.raza@example.com,Hair Dryer,Beauty,ISB-01,Islamabad,2,6.81,0,Cash
TXN002490,10/07/2024,Ahmed Khan,ahmed.khan@example.com,Cotton T-Shirt,Apparel,MUL-01,Multan,5,45.44,20,cash
TXN003086,10/05/2024,Zainab Sheikh,zainab.sheikh@example.com,Denim Jacket,Apparel,FSD-01,Faisalabad,3,93.77,10,cash
TXN002109,2026-02-23,Faisal Butt,faisal.butt@example.com,Hair Dryer,Beauty,MUL-01,Multan,4,58.46,15,CREDIT CARD
TXN003541,08-Jul-2026,  Omar Chaudhry  ,omar.chaudhry@example.com,Webcam HD,Electronics,LHR-01,Lahore,1,35.88,5,Cash
TXN004785,2026-05-24,NOOR RAZA,noor.raza@example.com,Blender,Home & Kitchen,MUL-01,Multan,6,246.61,10,Mobile Wallet
TXN004325,21-Mar-2026,Kamran Malik,kamran.malik@example.com,Yoga Mat,Sports,KHI-01,Karachi,2,221.73,10,Cash
TXN003884,12/04/2025,Fatima Raza,fatima.raza@example.com,Bluetooth Speaker,Electronics,KHI-01,Karachi,2,246.75,10,Mobile Wallet
TXN003963,27-Nov-2025,BILAL KHAN,bilal.khan@example.com,Blender,Home & Kitchen,KHI-02,Karachi,5,151.8,5,Cash
TXN003551,23/03/2026,Noor Raza,noor.raza@example.com,Coffee Maker,Home & Kitchen,KHI-01,Karachi,5,216.0,0,Debit Card
TXN002695,03/10/2025,Mariam Butt,mariam.butt@example.com,Coffee Maker,Home & Kitchen,LHR-01,Lahore,5,39.77,0,Credit Card
TXN000031,19/11/2025,Omar Malik,omar.malik@example.com,Cotton T-Shirt,Apparel,ISB-01,Islamabad,2,60.04,5,cash
TXN000531,07-Apr-2026,Usman Malik,usman.malik@example.com,USB-C Cable,Electronics,FSD-01,Faisalabad,4,59.18,5,CREDIT CARD
TXN004408,03/07/2024,Hassan Iqbal,hassan.iqbal@example.com,Wool Sweater,Apparel,KHI-01,Karachi,6,227.32,10,CREDIT CARD
TXN000429,2026-05-15,Ayesha Farooq,ayesha.farooq@example.com,Coffee Maker,Home & Kitchen,ISB-01,Islamabad,3,41.34,0,CREDIT CARD
TXN000247,2025-01-02,Noor Sheikh,noor.sheikh@example.com,Ceramic Mug Set,Home & Kitchen,FSD-01,Faisalabad,,45.4,0,Cash
TXN002196,19-Jun-2025,Noor Butt,noor.butt@example.com,LED Desk Lamp,Home & Kitchen,KHI-01,Karachi,6,40.21,15,Cash
TXN002244,2026-04-03,Mariam Chaudhry,mariam.chaudhry@example.com,Laptop Stand,Electronics,LHR-02,Lahore,2,172.24,0,CREDIT CARD
TXN004827,06/10/2024,Sana Malik,sana.malik@example.com,Blender,Home & Kitchen,PSH-01,Peshawar,6,157.57,0,cash
TXN001608,05/06/2025,Hina Sheikh,hina.sheikh@example.com,Lip Balm,Beauty,PSH-01,Peshawar,6,240.62,10,Credit Card
TXN000166,03-Sep-2025,FATIMA KHAN,fatima.khan@example.com,Sunscreen SPF50,Beauty,MUL-01,Multan,,197.19,20,Credit Card
TXN001161,01-Feb-2024,Fatima Raza,,Yoga Mat,Sports,LHR-01,Lahore,3,31.5,0,cash
TXN004220,2024-11-04,Faisal Chaudhry,faisal.chaudhry@example.com,Blender,Home & Kitchen,LHR-02,Lahore,4,44.54,0,Cash
TXN001405,14-Feb-2026,Hina Iqbal,hina.iqbal@example.com,USB-C Cable,Electronics,LHR-02,Lahore,5,74.96,0,Mobile Wallet
TXN002541,03/06/2026,Kamran Farooq,kamran.farooq@example.com,Running Shoes,Apparel,FSD-01,Faisalabad,2,23.82,5,Debit Card
TXN003894,05-Dec-2024,Noor Raza,noor.raza@example.com,Webcam HD,Electronics,ISB-01,Islamabad,6,111.2,0,Cash
TXN000339,10-Aug-2024,Zainab Malik,zainab.malik@example.com,Denim Jacket,Apparel,ISB-01,Islamabad,3,23.91,20,CREDIT CARD
TXN002687,08-May-2024,Hassan Chaudhry,hassan.chaudhry@example.com,Yoga Mat,Sports,KHI-02,Karachi,4,186.15,10,Cash
TXN002718,2024-07-21,  Omar Raza  ,omar.raza@example.com,Running Shoes,Apparel,KHI-01,Karachi,4,205.23,0,cash
TXN002431,08-Aug-2024,Hina Chaudhry,hina.chaudhry@example.com,Resistance Bands,Sports,FSD-01,Faisalabad,5,221.72,20,cash
TXN002186,15/06/2025,Sana Chaudhry,sana.chaudhry@example.com,Football,Sports,LHR-02,Lahore,1,147.7,15,Mobile Wallet
TXN001038,2025-01-07,Omar Iqbal,omar.iqbal@example.com,Shampoo 500ml,Beauty,ISB-01,Islamabad,6,127.08,0,Debit Card
TXN002276,2024-07-28,Hina Farooq,hina.farooq@example.com,Coffee Maker,Home & Kitchen,KHI-01,Karachi,6,214.28,20,Debit Card
TXN001661,2024-04-23,Sana Iqbal,sana.iqbal@example.com,Dumbbell Set,Sports,LHR-01,Lahore,6,91.04,10,Cash
TXN004124,2024-07-25,Hassan Chaudhry,hassan.chaudhry@example.com,Resistance Bands,Sports,PSH-01,Peshawar,6,107.66,20,CREDIT CARD
TXN004307,2024-08-12,Ahmed Farooq,ahmed.farooq@example.com,Yoga Mat,Sports,KHI-02,Karachi,6,16.44,20,CREDIT CARD
TXN004907,12-Sep-2024,Noor Khan,noor.khan@example.com,Coffee Maker,Home & Kitchen,KHI-01,Karachi,6,49.39,15,cash
TXN000104,02-Jun-2024,ALI MALIK,ali.malik@example.com,Wool Sweater,Apparel,PSH-01,Peshawar,5,235.36,0,Cash
TXN004917,19/04/2024,Zainab Sheikh,zainab.sheikh@example.com,Football,Sports,MUL-01,Multan,6,221.58,0,Debit Card
TXN001900,2024-01-28,SANA FAROOQ,sana.farooq@example.com,Football,Sports,LHR-02,Lahore,4,13.0,10,Debit Card
TXN001247,21-Feb-2026,  Noor Khan  ,noor.khan@example.com,Webcam HD,Electronics,LHR-01,Lahore,4,141.17,0,Credit Card
TXN003977,06-Mar-2025,Mariam Raza,mariam.raza@example.com,Dumbbell Set,Sports,ISB-01,Islamabad,2,77.3,0,Credit Card
TXN000771,16/10/2024,  Fatima Iqbal  ,fatima.iqbal@example.com,Wireless Mouse,Electronics,LHR-01,Lahore,6,10.94,0,CREDIT CARD
TXN003794,2025-07-30,Sana Raza,sana.raza@example.com,Shampoo 500ml,Beauty,LHR-01,Lahore,1,205.1,10,Cash
TXN002716,2025-07-14,NOOR SHEIKH,noor.sheikh@example.com,Blender,Home & Kitchen,PSH-01,Peshawar,5,113.84,0,Debit Card
TXN000546,27/06/2024,Zainab Sheikh,zainab.sheikh@example.com,Bluetooth Speaker,Electronics,KHI-02,Karachi,2,212.65,20,Debit Card
TXN003022,2024-10-18,SARA RAZA,sara.raza@example.com,Dumbbell Set,Sports,PSH-01,Peshawar,4,62.86,5,cash
TXN004866,04/04/2025,AYESHA IQBAL,ayesha.iqbal@example.com,Running Shoes,Apparel,LHR-02,Lahore,4,89.36,15,Cash
TXN002551,07/10/2025,Faisal Farooq,faisal.farooq@example.com,Cycling Helmet,Sports,ISB-01,Islamabad,3,183.47,10,Cash
TXN002470,2024-11-18,  Mariam Khan  ,mariam.khan@example.com,Resistance Bands,Sports,LHR-01,Lahore,4,21.21,20,Mobile Wallet
TXN004802,2025-10-17,Sana Sheikh,sana.sheikh@example.com,Laptop Stand,Electronics,PSH-01,Peshawar,4,139.27,15,Credit Card
TXN003558,24-Jan-2026,Usman Chaudhry,usman.chaudhry@example.com,Football,Sports,FSD-01,Faisalabad,3,57.55,0,Mobile Wallet
TXN000155,17-Jul-2025,Ayesha Iqbal,ayesha.iqbal@example.com,Denim Jacket,Apparel,FSD-01,Faisalabad,3,236.15,15,CREDIT CARD
TXN002219,2024-07-04,Faisal Farooq,faisal.farooq@example.com,Laptop Stand,Electronics,PSH-01,Peshawar,4,148.09,20,Cash
TXN002351,23-Feb-2025,Fatima Chaudhry,fatima.chaudhry@example.com,USB-C Cable,Electronics,FSD-01,Faisalabad,1,203.08,20,CREDIT CARD
TXN000435,11/11/2024,FAISAL RAZA,faisal.raza@example.com,Wool Sweater,Apparel,FSD-01,Faisalabad,1,219.2,15,Mobile Wallet
TXN002563,19/03/2025,Fatima Malik,fatima.malik@example.com,Wireless Mouse,Electronics,FSD-01,Faisalabad,2,223.82,0,Mobile Wallet
TXN003494,30/01/2025,Zainab Raza,zainab.raza@example.com,Ceramic Mug Set,Home & Kitchen,FSD-01,Faisalabad,5,57.52,5,Debit Card
TXN003104,23-Mar-2024,Ahmed Khan,ahmed.khan@example.com,Shampoo 500ml,Beauty,LHR-01,Lahore,3,226.34,15,CREDIT CARD
TXN000365,13-May-2026,Mariam Iqbal,mariam.iqbal@example.com,USB-C Cable,Electronics,FSD-01,Faisalabad,4,20.91,0,Debit Card
TXN004769,2025-10-07,Hina Sheikh,hina.sheikh@example.com,Ceramic Mug Set,Home & Kitchen,FSD-01,Faisalabad,3,,15,Debit Card
TXN001642,01-May-2026,Omar Chaudhry,omar.chaudhry@example.com,Sunscreen SPF50,Beauty,KHI-01,Karachi,6,45.29,0,Cash
TXN003479,2024-09-24,Ayesha Khan,ayesha.khan@example.com,Lip Balm,Beauty,LHR-01,Lahore,2,28.68,5,Debit Card
TXN003144,17-Aug-2025,  Faisal Sheikh  ,faisal.sheikh@example.com,Running Shoes,Apparel,LHR-01,Lahore,1,76.36,0,Debit Card
TXN003027,2025-04-08,Hassan Farooq,hassan.farooq@example.com,USB-C Cable,Electronics,ISB-01,Islamabad,3,93.76,10,Mobile Wallet
TXN002463,2026-02-14,Faisal Farooq,faisal.farooq@example.com,Dumbbell Set,Sports,KHI-01,Karachi,5,103.22,5,CREDIT CARD
TXN004710,2025-04-10,Sana Sheikh,sana.sheikh@example.com,Laptop Stand,Electronics,KHI-01,Karachi,5,207.23,5,Debit Card
TXN003164,23/07/2024,  Usman Malik  ,,Running Shoes,Apparel,FSD-01,Faisalabad,2,224.69,0,CREDIT CARD
TXN004790,17-May-2025,HINA BUTT,hina.butt@example.com,Resistance Bands,Sports,KHI-02,Karachi,4,231.04,15,Credit Card
TXN002535,18-May-2025,Omar Khan,omar.khan@example.com,Lip Balm,Beauty,ISB-01,Islamabad,2,17.07,0,Cash
TXN001835,13-Jan-2025,ZAINAB SHEIKH,zainab.sheikh@example.com,Sports Cap,Apparel,KHI-01,Karachi,2,118.51,20,cash
TXN004837,2025-03-27,MARIAM BUTT,mariam.butt@example.com,USB-C Cable,Electronics,LHR-01,Lahore,6,96.58,20,Mobile Wallet
TXN001132,04-Feb-2024,SARA BUTT,sara.butt@example.com,USB-C Cable,Electronics,FSD-01,Faisalabad,6,55.0,15,Credit Card
TXN001345,03-Jan-2026,Mariam Farooq,mariam.farooq@example.com,Sports Cap,Apparel,ISB-01,Islamabad,4,41.92,20,Mobile Wallet
TXN000387,08/01/2026,  BILAL KHAN  ,bilal.khan@example.com,Running Shoes,Apparel,KHI-01,Karachi,2,166.19,5,Mobile Wallet
TXN001950,10/12/2025,Kamran Malik,,Hair Dryer,Beauty,PSH-01,Peshawar,5,10.87,0,Credit Card
TXN000103,11-Apr-2024,  Faisal Malik  ,faisal.malik@example.com,Cycling Helmet,Sports,KHI-02,Karachi,2,164.24,20,Mobile Wallet
TXN002081,2026-04-23,Ali Iqbal,ali.iqbal@example.com,Ceramic Mug Set,Home & Kitchen,LHR-02,Lahore,6,70.16,20,CREDIT CARD
TXN001495,24-Nov-2024,Hina Malik,hina.malik@example.com,Ceramic Mug Set,Home & Kitchen,ISB-01,Islamabad,1,152.83,10,Credit Card
TXN001792,06-Feb-2026,  Bilal Chaudhry  ,bilal.chaudhry@example.com,LED Desk Lamp,Home & Kitchen,PSH-01,Peshawar,2,153.31,15,Cash
TXN000010,24/04/2024,Hina Khan,hina.khan@example.com,Denim Jacket,Apparel,FSD-01,Faisalabad,3,220.29,10,Credit Card
TXN003016,18/06/2026,Zainab Butt,zainab.butt@example.com,Yoga Mat,Sports,LHR-02,Lahore,4,217.37,20,Debit Card
TXN004683,21-Aug-2025,Zainab Farooq,zainab.farooq@example.com,Wool Sweater,Apparel,KHI-01,Karachi,6,67.27,0,Cash
TXN000256,01/11/2025,  Fatima Iqbal  ,fatima.iqbal@example.com,Wool Sweater,Apparel,PSH-01,Peshawar,6,8.03,15,cash
TXN000037,26/11/2025,NOOR FAROOQ,noor.farooq@example.com,Shampoo 500ml,Beauty,ISB-01,Islamabad,4,182.42,10,Credit Card
TXN001607,17-May-2024,ZAINAB KHAN,zainab.khan@example.com,Wool Sweater,Apparel,MUL-01,Multan,2,83.23,0,Credit Card
TXN002134,29-Mar-2024,  Ayesha Sheikh  ,ayesha.sheikh@example.com,Bluetooth Speaker,Electronics,FSD-01,Faisalabad,5,183.13,0,Cash
TXN000889,2025-02-20,Omar Butt,omar.butt@example.com,Lip Balm,Beauty,ISB-01,Islamabad,6,192.74,10,Credit Card
TXN002118,2024-09-21,Omar Chaudhry,omar.chaudhry@example.com,USB-C Cable,Electronics,FSD-01,Faisalabad,5,186.67,20,Debit Card
TXN002398,15/01/2024,Hassan Butt,hassan.butt@example.com,LED Desk Lamp,Home & Kitchen,KHI-01,Karachi,3,112.9,0,Mobile Wallet
TXN004548,31-Mar-2026,Mariam Sheikh,mariam.sheikh@example.com,USB-C Cable,Electronics,LHR-02,Lahore,1,,10,Debit Card
TXN002721,2024-09-06,Bilal Iqbal,bilal.iqbal@example.com,Yoga Mat,Sports,KHI-02,Karachi,2,220.21,5,Mobile Wallet
TXN002659,02-Nov-2024,  Omar Khan  ,omar.khan@example.com,Blender,Home & Kitchen,PSH-01,Peshawar,4,163.53,5,Mobile Wallet
TXN003142,19-Jul-2024,Omar Farooq,omar.farooq@example.com,Dumbbell Set,Sports,ISB-01,Islamabad,2,182.94,10,Cash
TXN001665,2024-11-03,  Bilal Khan  ,bilal.khan@example.com,Dumbbell Set,Sports,LHR-01,Lahore,6,157.4,0,cash
TXN001080,10/02/2024,Bilal Iqbal,bilal.iqbal@example.com,Wool Sweater,Apparel,KHI-02,Karachi,6,214.43,20,cash
TXN000534,23/02/2024,Ali Iqbal,ali.iqbal@example.com,Blender,Home & Kitchen,PSH-01,Peshawar,4,110.97,5,Mobile Wallet
TXN001287,18/05/2025,Fatima Khan,fatima.khan@example.com,Shampoo 500ml,Beauty,LHR-02,Lahore,,30.61,0,cash
TXN004590,25-Apr-2026,ZAINAB KHAN,zainab.khan@example.com,Yoga Mat,Sports,LHR-01,Lahore,6,68.75,10,Cash
TXN002568,03-Mar-2025,Faisal Farooq,faisal.farooq@example.com,Football,Sports,KHI-01,Karachi,2,202.33,15,cash
TXN004090,05/03/2025,Hina Iqbal,hina.iqbal@example.com,Yoga Mat,Sports,MUL-01,Multan,4,44.83,20,Cash
TXN003967,05/06/2024,ZAINAB MALIK,zainab.malik@example.com,Dumbbell Set,Sports,KHI-02,Karachi,1,40.36,0,Credit Card
TXN001196,2024-04-12,ALI MALIK,ali.malik@example.com,Yoga Mat,Sports,MUL-01,Multan,5,96.26,20,cash
TXN004031,2024-01-27,Faisal Farooq,faisal.farooq@example.com,Hair Dryer,Beauty,LHR-01,Lahore,2,151.7,20,Mobile Wallet
TXN000530,30-Jun-2024,Mariam Iqbal,mariam.iqbal@example.com,Laptop Stand,Electronics,LHR-02,Lahore,1,246.03,5,Credit Card
TXN002997,2025-08-16,Sara Raza,sara.raza@example.com,Wool Sweater,Apparel,LHR-02,Lahore,5,94.44,0,Credit Card
TXN003461,27/02/2025,Fatima Farooq,fatima.farooq@example.com,Webcam HD,Electronics,KHI-02,Karachi,5,5.67,0,Mobile Wallet
TXN003714,02/03/2026,Usman Malik,,Laptop Stand,Electronics,KHI-01,Karachi,1,76.93,20,Mobile Wallet
TXN003128,25-May-2024,HINA IQBAL,,Blender,Home & Kitchen,FSD-01,Faisalabad,3,247.96,0,Debit Card
TXN002205,2026-07-30,  Sana Chaudhry  ,sana.chaudhry@example.com,Sports Cap,Apparel,KHI-01,Karachi,2,57.52,10,Debit Card
TXN003535,15/11/2024,Zainab Malik,zainab.malik@example.com,Sunscreen SPF50,Beauty,ISB-01,Islamabad,5,222.19,15,Debit Card
TXN000076,2025-09-02,Ayesha Raza,ayesha.raza@example.com,Dumbbell Set,Sports,KHI-02,Karachi,2,72.93,20,Cash
TXN004466,2025-02-12,Hassan Iqbal,hassan.iqbal@example.com,Sports Cap,Apparel,ISB-01,Islamabad,2,106.45,10,CREDIT CARD
TXN002909,11-Aug-2025,  Hassan Butt  ,hassan.butt@example.com,Football,Sports,KHI-01,Karachi,4,208.03,20,Debit Card
TXN001353,18/03/2026,AYESHA KHAN,ayesha.khan@example.com,Cycling Helmet,Sports,MUL-01,Multan,,229.22,0,CREDIT CARD
TXN000102,2025-03-23,Hassan Farooq,hassan.farooq@example.com,Non-Stick Pan,Home & Kitchen,KHI-01,Karachi,2,236.87,0,Mobile Wallet
TXN000331,05/07/2025,Ayesha Raza,ayesha.raza@example.com,Webcam HD,Electronics,FSD-01,Faisalabad,6,51.52,10,Debit Card
TXN004302,02/03/2026,MARIAM SHEIKH,mariam.sheikh@example.com,Resistance Bands,Sports,ISB-01,Islamabad,3,154.21,5,Debit Card
TXN002350,2025-08-10,  Bilal Butt  ,bilal.butt@example.com,Sunscreen SPF50,Beauty,LHR-02,Lahore,6,155.61,0,cash
TXN003245,12-Aug-2024,ALI MALIK,ali.malik@example.com,Yoga Mat,Sports,LHR-01,Lahore,4,10.62,0,Debit Card
TXN001915,15/05/2024,Kamran Iqbal,kamran.iqbal@example.com,USB-C Cable,Electronics,KHI-02,Karachi,1,86.59,5,cash
TXN000084,12/11/2024,Hassan Khan,hassan.khan@example.com,Resistance Bands,Sports,LHR-01,Lahore,2,91.0,5,Credit Card
TXN004913,19-Oct-2024,Fatima Sheikh,fatima.sheikh@example.com,Running Shoes,Apparel,FSD-01,Faisalabad,3,172.37,10,Cash
TXN001108,18/06/2026,Sara Khan,sara.khan@example.com,Dumbbell Set,Sports,KHI-01,Karachi,5,224.1,15,Cash
TXN003895,01/06/2026,FATIMA FAROOQ,fatima.farooq@example.com,LED Desk Lamp,Home & Kitchen,ISB-01,Islamabad,5,126.98,15,CREDIT CARD
TXN000045,08/12/2025,Ayesha Iqbal,ayesha.iqbal@example.com,Dumbbell Set,Sports,LHR-02,Lahore,4,,0,Cash
TXN001632,2026-02-02,Hassan Iqbal,hassan.iqbal@example.com,Face Moisturizer,Beauty,KHI-01,Karachi,5,183.77,20,Mobile Wallet
TXN003623,2025-11-01,Mariam Chaudhry,mariam.chaudhry@example.com,Cycling Helmet,Sports,KHI-02,Karachi,3,202.64,0,CREDIT CARD
TXN003636,31-Jul-2026,Ali Malik,ali.malik@example.com,Sunscreen SPF50,Beauty,FSD-01,Faisalabad,4,54.22,20,CREDIT CARD
TXN001364,31-Jan-2026,Bilal Chaudhry,bilal.chaudhry@example.com,Coffee Maker,Home & Kitchen,FSD-01,Faisalabad,4,77.47,15,cash
TXN002604,30-Sep-2025,Fatima Sheikh,fatima.sheikh@example.com,Yoga Mat,Sports,KHI-01,Karachi,5,212.73,0,cash
TXN003446,30-Jul-2025,USMAN IQBAL,usman.iqbal@example.com,Denim Jacket,Apparel,FSD-01,Faisalabad,3,48.21,0,Debit Card
TXN000775,21-Apr-2024,Faisal Butt,faisal.butt@example.com,Shampoo 500ml,Beauty,LHR-01,Lahore,2,81.1,0,cash
TXN001913,2026-01-02,Sara Sheikh,sara.sheikh@example.com,Sports Cap,Apparel,ISB-01,Islamabad,4,13.09,10,cash
TXN000854,2024-07-22,USMAN IQBAL,usman.iqbal@example.com,Face Moisturizer,Beauty,PSH-01,Peshawar,5,193.89,0,cash
TXN003643,16/03/2024,Ali Khan,ali.khan@example.com,LED Desk Lamp,Home & Kitchen,LHR-01,Lahore,4,109.48,0,CREDIT CARD
TXN004963,11/10/2024,Fatima Malik,fatima.malik@example.com,Sports Cap,Apparel,KHI-02,Karachi,,149.96,10,CREDIT CARD
TXN004850,17-May-2026,Fatima Farooq,fatima.farooq@example.com,Cycling Helmet,Sports,KHI-01,Karachi,2,111.98,15,Debit Card
TXN003516,21/02/2026,Sana Khan,sana.khan@example.com,Blender,Home & Kitchen,LHR-01,Lahore,6,151.45,20,Cash
TXN001370,14/12/2024,AHMED MALIK,ahmed.malik@example.com,Resistance Bands,Sports,LHR-01,Lahore,1,60.83,15,CREDIT CARD
TXN003919,08/02/2026,Ali Farooq,ali.farooq@example.com,USB-C Cable,Electronics,ISB-01,Islamabad,5,31.84,0,CREDIT CARD
TXN002272,2024-01-03,Mariam Farooq,mariam.farooq@example.com,Ceramic Mug Set,Home & Kitchen,MUL-01,Multan,3,222.24,5,CREDIT CARD
TXN001985,09-Apr-2025,Bilal Farooq,bilal.farooq@example.com,Lip Balm,Beauty,KHI-02,Karachi,6,27.66,0,Debit Card
TXN003289,2026-04-13,AYESHA CHAUDHRY,ayesha.chaudhry@example.com,Laptop Stand,Electronics,KHI-02,Karachi,2,120.62,0,CREDIT CARD
TXN003007,05-Jan-2025,Kamran Farooq,kamran.farooq@example.com,Running Shoes,Apparel,PSH-01,Peshawar,5,38.83,0,Mobile Wallet
TXN001703,03/03/2024,  Zainab Chaudhry  ,zainab.chaudhry@example.com,Resistance Bands,Sports,LHR-01,Lahore,3,64.29,0,Credit Card
TXN001281,08-Dec-2025,Hina Khan,hina.khan@example.com,Shampoo 500ml,Beauty,KHI-02,Karachi,2,207.93,0,Mobile Wallet
TXN001268,03/06/2026,Ali Raza,ali.raza@example.com,Football,Sports,MUL-01,Multan,4,195.7,0,Mobile Wallet
TXN004918,2026-02-28,Kamran Farooq,,Running Shoes,Apparel,LHR-02,Lahore,6,191.92,5,Credit Card
TXN001100,2025-06-24,  OMAR KHAN  ,omar.khan@example.com,Wireless Mouse,Electronics,KHI-02,Karachi,3,154.96,0,CREDIT CARD
TXN001904,2026-05-29,Ali Chaudhry,ali.chaudhry@example.com,LED Desk Lamp,Home & Kitchen,LHR-02,Lahore,6,148.73,20,Cash
TXN002124,2026-04-10,Omar Raza,omar.raza@example.com,Shampoo 500ml,Beauty,PSH-01,Peshawar,3,150.51,5,Mobile Wallet
TXN000769,2025-01-23,  Bilal Khan  ,bilal.khan@example.com,Resistance Bands,Sports,FSD-01,Faisalabad,3,196.21,10,Credit Card
TXN001821,04/02/2024,Ahmed Khan,ahmed.khan@example.com,Cotton T-Shirt,Apparel,LHR-01,Lahore,3,96.29,15,Debit Card
TXN004863,2024-01-26,Usman Farooq,usman.farooq@example.com,Football,Sports,FSD-01,Faisalabad,6,218.8,10,cash
TXN001827,2026-05-25,Hina Sheikh,hina.sheikh@example.com,Denim Jacket,Apparel,LHR-01,Lahore,4,82.31,5,Cash
TXN004733,10/01/2025,Omar Farooq,omar.farooq@example.com,Non-Stick Pan,Home & Kitchen,KHI-02,Karachi,1,48.6,15,CREDIT CARD
TXN000631,30-Jan-2026,Bilal Raza,bilal.raza@example.com,Wireless Mouse,Electronics,LHR-01,Lahore,3,134.57,10,Mobile Wallet
TXN001820,03/09/2025,  Sana Iqbal  ,sana.iqbal@example.com,Coffee Maker,Home & Kitchen,LHR-01,Lahore,3,90.93,5,Cash
TXN002071,24/06/2025,Fatima Sheikh,fatima.sheikh@example.com,Resistance Bands,Sports,LHR-01,Lahore,4,197.97,20,CREDIT CARD
TXN001874,14/05/2025,Mariam Farooq,mariam.farooq@example.com,LED Desk Lamp,Home & Kitchen,LHR-01,Lahore,1,232.35,0,cash
TXN000607,2025-11-05,Sara Malik,sara.malik@example.com,Laptop Stand,Electronics,PSH-01,Peshawar,5,,5,Debit Card
TXN000711,2025-11-07,Ahmed Farooq,ahmed.farooq@example.com,Blender,Home & Kitchen,LHR-02,Lahore,2,17.23,20,cash
TXN002490,10/07/2024,Ahmed Khan,ahmed.khan@example.com,Cotton T-Shirt,Apparel,MUL-01,Multan,5,45.44,20,cash
TXN003161,2024-12-19,FATIMA CHAUDHRY,fatima.chaudhry@example.com,Sunscreen SPF50,Beauty,FSD-01,Faisalabad,1,86.37,15,Cash
TXN002705,26-Jan-2026,Zainab Butt,zainab.butt@example.com,Laptop Stand,Electronics,ISB-01,Islamabad,6,213.81,15,Cash
TXN004051,23-May-2024,Ayesha Sheikh,,Hair Dryer,Beauty,LHR-02,Lahore,5,92.58,15,CREDIT CARD
TXN003015,22/01/2025,  Sara Raza  ,sara.raza@example.com,Face Moisturizer,Beauty,MUL-01,Multan,6,10.11,0,Mobile Wallet
TXN000150,11-Feb-2026,NOOR IQBAL,noor.iqbal@example.com,Hair Dryer,Beauty,FSD-01,Faisalabad,2,121.01,20,Mobile Wallet
TXN002785,11-Jun-2024,KAMRAN MALIK,,Coffee Maker,Home & Kitchen,MUL-01,Multan,5,183.42,15,cash
TXN000648,27-Feb-2025,Mariam Raza,mariam.raza@example.com,Denim Jacket,Apparel,MUL-01,Multan,3,199.41,0,Mobile Wallet
TXN002390,2024-06-20,  Mariam Farooq  ,mariam.farooq@example.com,Non-Stick Pan,Home & Kitchen,PSH-01,Peshawar,5,8.37,5,Credit Card
TXN003438,09/07/2024,Hassan Malik,hassan.malik@example.com,Football,Sports,LHR-02,Lahore,3,181.7,20,Mobile Wallet
TXN003414,14-Oct-2025,AHMED MALIK,ahmed.malik@example.com,Lip Balm,Beauty,MUL-01,Multan,4,228.47,10,CREDIT CARD
TXN000567,2026-05-11,AYESHA FAROOQ,ayesha.farooq@example.com,Face Moisturizer,Beauty,LHR-02,Lahore,1,46.79,0,cash
TXN000172,11/11/2025,MARIAM MALIK,mariam.malik@example.com,Hair Dryer,Beauty,LHR-01,Lahore,5,45.75,15,CREDIT CARD
TXN002587,2024-09-01,Hassan Malik,hassan.malik@example.com,Shampoo 500ml,Beauty,KHI-01,Karachi,6,65.53,15,Cash
TXN004327,19/10/2024,Hassan Farooq,hassan.farooq@example.com,Dumbbell Set,Sports,FSD-01,Faisalabad,3,117.91,5,Cash
TXN000523,21/09/2024,FATIMA RAZA,fatima.raza@example.com,USB-C Cable,Electronics,MUL-01,Multan,1,235.69,10,cash
TXN002354,06/03/2025,Ali Iqbal,ali.iqbal@example.com,Cycling Helmet,Sports,ISB-01,Islamabad,1,7.07,0,Debit Card
TXN002079,19/06/2025,Ali Butt,ali.butt@example.com,Denim Jacket,Apparel,KHI-01,Karachi,2,245.14,15,Mobile Wallet
TXN001202,2026-02-21,Sara Farooq,sara.farooq@example.com,Blender,Home & Kitchen,PSH-01,Peshawar,3,64.51,0,Mobile Wallet
TXN003079,30-Mar-2026,Fatima Iqbal,fatima.iqbal@example.com,Running Shoes,Apparel,ISB-01,Islamabad,3,125.24,0,Mobile Wallet
TXN000001,28-Jan-2026,AYESHA BUTT,ayesha.butt@example.com,Wireless Mouse,Electronics,ISB-01,Islamabad,4,26.3,0,cash
TXN001390,2026-07-11,Zainab Butt,zainab.butt@example.com,Non-Stick Pan,Home & Kitchen,KHI-02,Karachi,2,129.28,15,Debit Card
TXN000919,23/10/2024,Omar Farooq,omar.farooq@example.com,Non-Stick Pan,Home & Kitchen,FSD-01,Faisalabad,5,29.87,0,Mobile Wallet
TXN000573,24-Jun-2026,Faisal Sheikh,faisal.sheikh@example.com,Webcam HD,Electronics,FSD-01,Faisalabad,6,82.9,10,cash
TXN001205,2026-07-15,Faisal Farooq,faisal.farooq@example.com,Webcam HD,Electronics,LHR-02,Lahore,3,211.43,0,CREDIT CARD
TXN004199,2025-06-12,Mariam Khan,mariam.khan@example.com,Wool Sweater,Apparel,ISB-01,Islamabad,4,5.98,0,cash
TXN002491,19-Dec-2025,Ahmed Iqbal,ahmed.iqbal@example.com,Cotton T-Shirt,Apparel,KHI-01,Karachi,2,139.26,10,Mobile Wallet
TXN000884,22-Jan-2024,USMAN SHEIKH,usman.sheikh@example.com,Denim Jacket,Apparel,PSH-01,Peshawar,4,123.4,10,Cash
TXN000655,27/04/2026,Kamran Farooq,kamran.farooq@example.com,Resistance Bands,Sports,LHR-02,Lahore,3,45.38,0,Credit Card
TXN004127,31/03/2026,Ahmed Iqbal,ahmed.iqbal@example.com,Face Moisturizer,Beauty,KHI-02,Karachi,4,207.13,0,cash
TXN002004,25-Oct-2024,Fatima Malik,fatima.malik@example.com,Sunscreen SPF50,Beauty,MUL-01,Multan,2,213.29,10,Credit Card
TXN002266,02/09/2024,Hina Farooq,hina.farooq@example.com,Ceramic Mug Set,Home & Kitchen,KHI-02,Karachi,6,150.5,15,cash
TXN000304,27-Dec-2024,Ayesha Butt,ayesha.butt@example.com,Non-Stick Pan,Home & Kitchen,MUL-01,Multan,6,136.23,0,Mobile Wallet
TXN003578,2025-04-08,Sara Sheikh,sara.sheikh@example.com,Wool Sweater,Apparel,ISB-01,Islamabad,3,83.47,15,Cash
TXN000167,2025-05-19,FAISAL SHEIKH,faisal.sheikh@example.com,Dumbbell Set,Sports,KHI-01,Karachi,4,20.5,20,Credit Card
TXN004328,13/07/2024,Fatima Khan,fatima.khan@example.com,Hair Dryer,Beauty,KHI-02,Karachi,1,113.59,0,Debit Card
TXN000906,06/02/2024,Sara Farooq,sara.farooq@example.com,Laptop Stand,Electronics,KHI-02,Karachi,1,122.31,0,Credit Card
TXN000946,2024-05-23,Ahmed Sheikh,ahmed.sheikh@example.com,Blender,Home & Kitchen,LHR-01,Lahore,2,30.05,20,Debit Card
TXN001061,07-Nov-2025,Kamran Sheikh,kamran.sheikh@example.com,Running Shoes,Apparel,FSD-01,Faisalabad,4,57.82,20,Mobile Wallet
TXN003279,30/10/2025,FATIMA MALIK,fatima.malik@example.com,Shampoo 500ml,Beauty,LHR-01,Lahore,5,47.17,0,Debit Card
TXN003836,01/05/2026,Omar Iqbal,omar.iqbal@example.com,Cycling Helmet,Sports,LHR-01,Lahore,1,98.05,15,cash
TXN001867,09-Aug-2025,  Kamran Farooq  ,kamran.farooq@example.com,Webcam HD,Electronics,LHR-02,Lahore,3,173.56,20,Cash
TXN000209,01/02/2024,Ahmed Chaudhry,ahmed.chaudhry@example.com,Running Shoes,Apparel,MUL-01,Multan,5,214.38,5,Credit Card
TXN002190,2026-05-19,Faisal Malik,faisal.malik@example.com,Resistance Bands,Sports,ISB-01,Islamabad,,88.17,15,Cash
TXN000343,19-Jul-2024,Sana Butt,sana.butt@example.com,Shampoo 500ml,Beauty,KHI-01,Karachi,6,155.92,0,Mobile Wallet
TXN002248,2026-06-07,Noor Chaudhry,noor.chaudhry@example.com,Denim Jacket,Apparel,KHI-01,Karachi,2,128.59,5,CREDIT CARD
TXN003374,29/01/2025,  Mariam Chaudhry  ,mariam.chaudhry@example.com,Hair Dryer,Beauty,MUL-01,Multan,1,7.13,0,Credit Card
TXN000579,01-Jun-2025,Faisal Iqbal,faisal.iqbal@example.com,Face Moisturizer,Beauty,FSD-01,Faisalabad,2,185.06,0,Mobile Wallet
TXN004993,04-Nov-2025,Bilal Farooq,bilal.farooq@example.com,Blender,Home & Kitchen,MUL-01,Multan,6,17.25,0,Mobile Wallet
TXN002048,12/09/2025,ALI FAROOQ,ali.farooq@example.com,Resistance Bands,Sports,ISB-01,Islamabad,4,107.06,0,Mobile Wallet
TXN004645,2025-10-11,AYESHA BUTT,ayesha.butt@example.com,Running Shoes,Apparel,MUL-01,Multan,2,223.44,0,Mobile Wallet
TXN000862,2025-11-06,Ayesha Sheikh,ayesha.sheikh@example.com,Dumbbell Set,Sports,KHI-01,Karachi,6,187.08,0,Cash
TXN002724,2024-08-02,Faisal Iqbal,faisal.iqbal@example.com,USB-C Cable,Electronics,KHI-02,Karachi,1,12.78,15,Cash
TXN001528,11/05/2025,  Ayesha Raza  ,ayesha.raza@example.com,Cotton T-Shirt,Apparel,KHI-01,Karachi,1,109.89,10,Mobile Wallet
TXN003260,2025-05-21,Bilal Butt,bilal.butt@example.com,Hair Dryer,Beauty,PSH-01,Peshawar,3,83.88,0,Cash
TXN003808,27-Aug-2024,Hassan Malik,hassan.malik@example.com,Wool Sweater,Apparel,LHR-02,Lahore,4,114.07,0,CREDIT CARD
TXN000815,12/05/2024,NOOR BUTT,noor.butt@example.com,LED Desk Lamp,Home & Kitchen,LHR-01,Lahore,5,70.43,0,Cash
TXN004512,2024-08-24,Bilal Iqbal,bilal.iqbal@example.com,Shampoo 500ml,Beauty,PSH-01,Peshawar,3,243.84,15,Debit Card
TXN000364,09-Dec-2025,Hina Sheikh,hina.sheikh@example.com,Wireless Mouse,Electronics,MUL-01,Multan,5,150.77,10,Debit Card
TXN000916,2025-03-29,Hina Iqbal,hina.iqbal@example.com,Denim Jacket,Apparel,FSD-01,Faisalabad,4,175.02,15,CREDIT CARD
TXN003995,2025-06-21,Ahmed Butt,ahmed.butt@example.com,Football,Sports,KHI-01,Karachi,2,192.26,0,Cash
TXN001613,2024-07-25,Faisal Chaudhry,faisal.chaudhry@example.com,Sports Cap,Apparel,KHI-01,Karachi,4,203.92,15,Credit Card
TXN002284,2024-03-18,Ahmed Iqbal,ahmed.iqbal@example.com,Hair Dryer,Beauty,PSH-01,Peshawar,1,243.01,5,Mobile Wallet
TXN001101,21-Feb-2024,Usman Farooq,usman.farooq@example.com,Sunscreen SPF50,Beauty,KHI-01,Karachi,6,,5,Mobile Wallet
TXN002651,2025-12-22,Zainab Raza,zainab.raza@example.com,Bluetooth Speaker,Electronics,FSD-01,Faisalabad,5,33.12,0,CREDIT CARD
TXN001763,07/03/2026,Omar Farooq,omar.farooq@example.com,Hair Dryer,Beauty,LHR-02,Lahore,1,32.91,15,Mobile Wallet
TXN001112,2024-06-12,Hina Butt,hina.butt@example.com,Cotton T-Shirt,Apparel,KHI-01,Karachi,6,248.08,20,Debit Card
TXN002368,2025-12-19,Zainab Chaudhry,zainab.chaudhry@example.com,Face Moisturizer,Beauty,FSD-01,Faisalabad,3,135.81,20,Debit Card
TXN001630,2024-11-10,Sara Malik,sara.malik@example.com,Wireless Mouse,Electronics,LHR-01,Lahore,1,59.79,0,Cash
TXN004678,22/07/2026,Bilal Malik,bilal.malik@example.com,Denim Jacket,Apparel,MUL-01,Multan,1,6.57,5,Credit Card
TXN004290,12-Feb-2026,  Ahmed Farooq  ,ahmed.farooq@example.com,Running Shoes,Apparel,KHI-01,Karachi,4,235.42,5,cash
TXN001734,03/05/2025,OMAR MALIK,omar.malik@example.com,Resistance Bands,Sports,KHI-02,Karachi,4,118.89,5,Mobile Wallet
TXN000602,28-Mar-2025,Zainab Farooq,zainab.farooq@example.com,Running Shoes,Apparel,LHR-01,Lahore,2,123.2,0,CREDIT CARD
TXN001998,2026-02-17,Hassan Chaudhry,hassan.chaudhry@example.com,Coffee Maker,Home & Kitchen,MUL-01,Multan,6,201.35,15,cash
TXN001861,03-Nov-2024,Hassan Khan,hassan.khan@example.com,Wireless Mouse,Electronics,LHR-01,Lahore,3,6.23,0,Debit Card
TXN004374,26-Jul-2024,Ali Butt,ali.butt@example.com,Lip Balm,Beauty,MUL-01,Multan,3,46.39,5,Cash
TXN001986,26-Jul-2025,Kamran Khan,kamran.khan@example.com,Laptop Stand,Electronics,MUL-01,Multan,2,29.81,0,Credit Card
TXN000730,2024-01-24,SANA BUTT,sana.butt@example.com,Non-Stick Pan,Home & Kitchen,LHR-02,Lahore,3,206.23,15,Debit Card
TXN004333,15-Jul-2026,Sana Sheikh,sana.sheikh@example.com,Laptop Stand,Electronics,LHR-01,Lahore,2,146.23,10,Credit Card
TXN003420,30/11/2024,Sana Khan,sana.khan@example.com,Cotton T-Shirt,Apparel,LHR-02,Lahore,5,214.18,0,CREDIT CARD
TXN002125,2024-12-17,Sana Raza,sana.raza@example.com,Coffee Maker,Home & Kitchen,LHR-02,Lahore,1,127.62,15,CREDIT CARD
TXN000972,06-Apr-2026,SANA BUTT,sana.butt@example.com,Bluetooth Speaker,Electronics,PSH-01,Peshawar,4,226.83,0,CREDIT CARD
TXN000789,2025-05-17,Ali Farooq,,LED Desk Lamp,Home & Kitchen,LHR-01,Lahore,6,120.99,0,Debit Card
TXN004427,10-Mar-2024,KAMRAN CHAUDHRY,kamran.chaudhry@example.com,Denim Jacket,Apparel,KHI-02,Karachi,1,94.19,20,Cash
TXN002477,12-Aug-2025,Hassan Khan,hassan.khan@example.com,Face Moisturizer,Beauty,KHI-01,Karachi,4,103.22,10,Debit Card
TXN000507,17/06/2024,Sara Raza,sara.raza@example.com,Webcam HD,Electronics,LHR-02,Lahore,1,20.06,10,Credit Card
TXN000994,21/01/2024,Ali Iqbal,ali.iqbal@example.com,Cotton T-Shirt,Apparel,PSH-01,Peshawar,4,111.89,0,Debit Card
TXN001339,2025-09-18,Noor Sheikh,noor.sheikh@example.com,Blender,Home & Kitchen,KHI-01,Karachi,4,19.61,20,Mobile Wallet
TXN002593,06/01/2024,Zainab Chaudhry,zainab.chaudhry@example.com,Shampoo 500ml,Beauty,PSH-01,Peshawar,4,38.1,0,Mobile Wallet
TXN004616,07/04/2025,Ahmed Iqbal,ahmed.iqbal@example.com,Shampoo 500ml,Beauty,ISB-01,Islamabad,3,150.78,20,CREDIT CARD
TXN004998,03-Feb-2026,Omar Khan,omar.khan@example.com,Coffee Maker,Home & Kitchen,ISB-01,Islamabad,3,130.23,5,cash
TXN001075,08/10/2025,Kamran Khan,kamran.khan@example.com,LED Desk Lamp,Home & Kitchen,LHR-02,Lahore,3,43.38,0,Cash
TXN000245,03/05/2025,Bilal Iqbal,bilal.iqbal@example.com,Wool Sweater,Apparel,LHR-02,Lahore,5,6.14,0,Debit Card
TXN001517,20/07/2026,Kamran Raza,kamran.raza@example.com,Bluetooth Speaker,Electronics,KHI-02,Karachi,4,144.62,0,Cash
TXN004029,25-Jun-2025,Ayesha Sheikh,ayesha.sheikh@example.com,Face Moisturizer,Beauty,ISB-01,Islamabad,4,157.37,20,Credit Card
TXN002698,2025-06-27,Usman Khan,usman.khan@example.com,Cotton T-Shirt,Apparel,MUL-01,Multan,5,13.17,0,Mobile Wallet
TXN004580,2025-06-23,Ali Malik,ali.malik@example.com,Non-Stick Pan,Home & Kitchen,LHR-01,Lahore,3,246.01,0,Cash
TXN001804,11-Sep-2024,Hassan Farooq,hassan.farooq@example.com,Coffee Maker,Home & Kitchen,FSD-01,Faisalabad,5,109.6,0,Cash
TXN003567,17/01/2026,Bilal Farooq,bilal.farooq@example.com,LED Desk Lamp,Home & Kitchen,FSD-01,Faisalabad,2,,0,Cash
TXN001767,11/06/2026,  Ayesha Sheikh  ,ayesha.sheikh@example.com,Wireless Mouse,Electronics,LHR-02,Lahore,2,29.53,10,Debit Card
TXN001834,12-Feb-2024,Zainab Malik,zainab.malik@example.com,Webcam HD,Electronics,KHI-02,Karachi,2,18.59,0,Mobile Wallet
TXN004822,2025-05-15,  Hina Butt  ,hina.butt@example.com,Running Shoes,Apparel,FSD-01,Faisalabad,3,102.34,0,Mobile Wallet
TXN003425,2025-03-23,Noor Iqbal,noor.iqbal@example.com,Webcam HD,Electronics,MUL-01,Multan,1,144.08,15,cash
TXN004195,2024-06-27,Hina Chaudhry,,Non-Stick Pan,Home & Kitchen,KHI-01,Karachi,4,132.2,15,Cash
TXN003752,05-Nov-2025,Noor Iqbal,noor.iqbal@example.com,USB-C Cable,Electronics,FSD-01,Faisalabad,2,71.66,0,Credit Card
TXN004939,11-Apr-2026,MARIAM KHAN,,Webcam HD,Electronics,PSH-01,Peshawar,6,220.95,10,cash
TXN002375,2026-05-24,Noor Khan,noor.khan@example.com,Face Moisturizer,Beauty,LHR-02,Lahore,6,39.63,5,cash
TXN004147,30/07/2025,OMAR IQBAL,omar.iqbal@example.com,Resistance Bands,Sports,MUL-01,Multan,3,71.36,5,CREDIT CARD
TXN004049,2025-05-25,Hina Khan,hina.khan@example.com,Resistance Bands,Sports,LHR-01,Lahore,5,17.51,0,Cash
TXN000133,2026-04-03,Faisal Iqbal,faisal.iqbal@example.com,LED Desk Lamp,Home & Kitchen,LHR-02,Lahore,3,76.16,5,CREDIT CARD
TXN004442,2024-03-11,Sana Iqbal,sana.iqbal@example.com,Wool Sweater,Apparel,KHI-02,Karachi,5,86.08,0,cash
TXN004952,2024-12-31,Hassan Farooq,hassan.farooq@example.com,Wireless Mouse,Electronics,ISB-01,Islamabad,5,145.74,10,Credit Card
TXN003701,2024-09-24,Sara Farooq,,Shampoo 500ml,Beauty,MUL-01,Multan,5,121.06,10,Credit Card
TXN002880,29/03/2026,  Zainab Iqbal  ,,Wool Sweater,Apparel,MUL-01,Multan,5,23.49,20,Credit Card
TXN001710,2024-12-15,ALI BUTT,ali.butt@example.com,Hair Dryer,Beauty,KHI-02,Karachi,4,43.61,5,cash
TXN000445,23-Mar-2026,SANA IQBAL,sana.iqbal@example.com,Wireless Mouse,Electronics,LHR-01,Lahore,1,130.8,0,Credit Card
TXN004634,2026-02-25,  Sara Raza  ,sara.raza@example.com,Bluetooth Speaker,Electronics,MUL-01,Multan,3,54.88,15,Cash
TXN001884,19/06/2025,Sara Sheikh,sara.sheikh@example.com,Hair Dryer,Beauty,ISB-01,Islamabad,5,110.15,15,Cash
TXN000585,2026-01-15,Faisal Chaudhry,faisal.chaudhry@example.com,Lip Balm,Beauty,ISB-01,Islamabad,5,31.77,0,Debit Card
TXN002903,09-Mar-2025,Omar Iqbal,omar.iqbal@example.com,Running Shoes,Apparel,PSH-01,Peshawar,4,28.22,0,Credit Card
TXN002869,2024-08-09,Kamran Sheikh,kamran.sheikh@example.com,Blender,Home & Kitchen,MUL-01,Multan,5,169.14,5,CREDIT CARD
TXN004751,2025-02-06,Omar Butt,omar.butt@example.com,Sunscreen SPF50,Beauty,PSH-01,Peshawar,4,167.82,15,Debit Card
TXN000702,22-Jun-2026,Ayesha Malik,ayesha.malik@example.com,Webcam HD,Electronics,ISB-01,Islamabad,4,176.38,15,CREDIT CARD
TXN004046,04/05/2026,Hassan Farooq,hassan.farooq@example.com,Cycling Helmet,Sports,KHI-01,Karachi,3,76.05,0,Debit Card
TXN001087,2025-09-14,Ahmed Butt,ahmed.butt@example.com,Wireless Mouse,Electronics,KHI-02,Karachi,1,205.45,0,Debit Card
TXN003933,2024-04-07,Mariam Chaudhry,mariam.chaudhry@example.com,Non-Stick Pan,Home & Kitchen,MUL-01,Multan,4,232.42,15,CREDIT CARD
TXN004317,11/03/2026,Mariam Sheikh,mariam.sheikh@example.com,Lip Balm,Beauty,FSD-01,Faisalabad,6,10.61,0,CREDIT CARD
TXN003248,01/04/2025,Noor Butt,noor.butt@example.com,Coffee Maker,Home & Kitchen,LHR-02,Lahore,1,48.89,5,Debit Card
TXN002512,2024-09-13,Omar Khan,omar.khan@example.com,USB-C Cable,Electronics,FSD-01,Faisalabad,,110.88,15,Credit Card
TXN004062,21-Sep-2025,ALI IQBAL,ali.iqbal@example.com,Denim Jacket,Apparel,ISB-01,Islamabad,1,75.7,0,Mobile Wallet
TXN002466,2024-11-23,OMAR RAZA,omar.raza@example.com,Non-Stick Pan,Home & Kitchen,PSH-01,Peshawar,4,139.2,0,Mobile Wallet
TXN001377,01/06/2026,Kamran Khan,kamran.khan@example.com,Cotton T-Shirt,Apparel,PSH-01,Peshawar,5,231.53,0,Credit Card
TXN001779,2025-08-31,Hina Sheikh,hina.sheikh@example.com,Cotton T-Shirt,Apparel,FSD-01,Faisalabad,2,167.02,0,cash
TXN001153,17-Jul-2024,FAISAL SHEIKH,faisal.sheikh@example.com,Denim Jacket,Apparel,ISB-01,Islamabad,3,212.48,0,CREDIT CARD
TXN000401,16/09/2025,Kamran Malik,kamran.malik@example.com,LED Desk Lamp,Home & Kitchen,KHI-01,Karachi,4,48.72,5,Cash
TXN003322,04/05/2024,Bilal Raza,bilal.raza@example.com,Webcam HD,Electronics,PSH-01,Peshawar,6,147.19,0,Credit Card
TXN002582,21-Jun-2025,Hina Chaudhry,hina.chaudhry@example.com,Lip Balm,Beauty,LHR-01,Lahore,3,52.79,0,Mobile Wallet
TXN000808,2025-01-08,Mariam Farooq,mariam.farooq@example.com,Webcam HD,Electronics,PSH-01,Peshawar,4,197.45,15,Credit Card
TXN001275,16/04/2025,Hina Iqbal,hina.iqbal@example.com,Running Shoes,Apparel,ISB-01,Islamabad,6,70.43,0,Credit Card
TXN002819,17-Apr-2025,Kamran Sheikh,kamran.sheikh@example.com,LED Desk Lamp,Home & Kitchen,KHI-02,Karachi,2,124.42,10,cash
TXN001799,04-Jul-2024,Usman Raza,usman.raza@example.com,Wireless Mouse,Electronics,LHR-01,Lahore,2,146.59,0,Mobile Wallet
TXN002017,23-Nov-2024,Fatima Raza,fatima.raza@example.com,Wireless Mouse,Electronics,LHR-02,Lahore,2,173.03,10,cash
TXN001060,01/12/2025,Ali Sheikh,ali.sheikh@example.com,Wool Sweater,Apparel,MUL-01,Multan,2,31.59,0,Mobile Wallet
TXN002415,2024-03-21,  Usman Butt  ,usman.butt@example.com,Bluetooth Speaker,Electronics,LHR-02,Lahore,5,230.84,0,Debit Card
TXN002353,03/02/2024,Omar Butt,omar.butt@example.com,Sports Cap,Apparel,LHR-02,Lahore,3,225.63,10,Cash
TXN000766,20/04/2025,Omar Butt,omar.butt@example.com,Ceramic Mug Set,Home & Kitchen,PSH-01,Peshawar,3,166.85,20,Mobile Wallet
TXN004553,28/11/2024,Bilal Iqbal,bilal.iqbal@example.com,Bluetooth Speaker,Electronics,PSH-01,Peshawar,4,230.09,0,cash
TXN002522,2025-11-27,Sana Raza,sana.raza@example.com,Sports Cap,Apparel,MUL-01,Multan,4,108.61,0,Debit Card
TXN002731,08-Mar-2025,Ahmed Farooq,ahmed.farooq@example.com,Sports Cap,Apparel,LHR-02,Lahore,3,101.94,5,cash
TXN003833,2026-07-15,  HASSAN BUTT  ,hassan.butt@example.com,Dumbbell Set,Sports,PSH-01,Peshawar,1,103.04,0,Credit Card
TXN000537,15-Mar-2024,Ahmed Raza,ahmed.raza@example.com,Shampoo 500ml,Beauty,FSD-01,Faisalabad,1,156.79,0,Credit Card
TXN004510,24-Sep-2025,Ali Butt,ali.butt@example.com,Dumbbell Set,Sports,KHI-01,Karachi,1,13.84,10,Cash
TXN003401,10/01/2025,Mariam Iqbal,mariam.iqbal@example.com,Coffee Maker,Home & Kitchen,LHR-01,Lahore,5,153.05,5,Credit Card
TXN001123,23/10/2025,  Fatima Iqbal  ,fatima.iqbal@example.com,Non-Stick Pan,Home & Kitchen,KHI-02,Karachi,4,132.14,0,cash
TXN003430,21-Jul-2025,Omar Chaudhry,omar.chaudhry@example.com,Wool Sweater,Apparel,MUL-01,Multan,2,47.19,20,Debit Card
TXN000973,11-Sep-2025,Fatima Malik,fatima.malik@example.com,Shampoo 500ml,Beauty,PSH-01,Peshawar,4,10.8,0,CREDIT CARD
TXN003984,14-May-2024,OMAR BUTT,omar.butt@example.com,Denim Jacket,Apparel,PSH-01,Peshawar,2,97.03,0,CREDIT CARD
TXN003351,05/10/2025,Faisal Iqbal,,Yoga Mat,Sports,ISB-01,Islamabad,6,58.99,10,Debit Card
TXN001011,05/10/2024,Ayesha Butt,ayesha.butt@example.com,Resistance Bands,Sports,ISB-01,Islamabad,3,235.29,5,Credit Card
TXN001807,19-Mar-2025,Kamran Khan,kamran.khan@example.com,Laptop Stand,Electronics,LHR-02,Lahore,3,17.62,0,Credit Card
TXN001858,27-Mar-2025,Noor Chaudhry,noor.chaudhry@example.com,Non-Stick Pan,Home & Kitchen,FSD-01,Faisalabad,2,,20,Credit Card
TXN001397,2024-02-27,Bilal Iqbal,bilal.iqbal@example.com,Laptop Stand,Electronics,LHR-01,Lahore,1,195.86,0,Mobile Wallet
TXN004969,14/06/2026,Mariam Farooq,,Laptop Stand,Electronics,LHR-02,Lahore,5,33.09,0,cash
TXN000935,29-Apr-2026,Usman Khan,usman.khan@example.com,Running Shoes,Apparel,FSD-01,Faisalabad,2,73.03,5,Mobile Wallet
TXN004962,2024-08-18,Ali Chaudhry,ali.chaudhry@example.com,Bluetooth Speaker,Electronics,ISB-01,Islamabad,1,82.85,15,Mobile Wallet
TXN001534,01/07/2025,SANA IQBAL,sana.iqbal@example.com,Yoga Mat,Sports,ISB-01,Islamabad,2,217.17,0,CREDIT CARD
TXN001688,18-Dec-2024,Ayesha Malik,ayesha.malik@example.com,Coffee Maker,Home & Kitchen,KHI-01,Karachi,5,166.38,0,Cash
TXN003061,28-Jun-2025,Kamran Butt,kamran.butt@example.com,Face Moisturizer,Beauty,MUL-01,Multan,3,45.31,0,Mobile Wallet
TXN001909,25-Mar-2025,Ahmed Farooq,ahmed.farooq@example.com,Hair Dryer,Beauty,PSH-01,Peshawar,1,96.77,10,Mobile Wallet
TXN001525,09/03/2024,  BILAL IQBAL  ,bilal.iqbal@example.com,Yoga Mat,Sports,KHI-01,Karachi,6,77.89,5,Cash
TXN003792,2025-10-14,Omar Chaudhry,omar.chaudhry@example.com,Denim Jacket,Apparel,FSD-01,Faisalabad,6,224.6,0,Mobile Wallet
TXN002863,2025-05-12,Usman Iqbal,usman.iqbal@example.com,Football,Sports,MUL-01,Multan,5,134.83,0,Cash
TXN000379,27-May-2024,Zainab Farooq,zainab.farooq@example.com,Face Moisturizer,Beauty,PSH-01,Peshawar,3,68.22,15,Debit Card
TXN000299,2025-09-15,Sara Malik,sara.malik@example.com,Wool Sweater,Apparel,MUL-01,Multan,4,182.5,15,cash
TXN001655,2024-12-11,Sara Iqbal,,Shampoo 500ml,Beauty,MUL-01,Multan,2,249.59,0,Credit Card
TXN000652,01/05/2026,  Bilal Malik  ,bilal.malik@example.com,Bluetooth Speaker,Electronics,FSD-01,Faisalabad,2,41.68,10,CREDIT CARD
TXN003041,2024-02-23,Kamran Sheikh,kamran.sheikh@example.com,Cycling Helmet,Sports,MUL-01,Multan,5,218.81,10,cash
TXN000328,2026-03-21,Ahmed Raza,ahmed.raza@example.com,Cycling Helmet,Sports,LHR-01,Lahore,2,35.83,15,Debit Card
TXN002166,2024-06-30,Mariam Chaudhry,mariam.chaudhry@example.com,Running Shoes,Apparel,KHI-02,Karachi,1,50.73,20,Cash
TXN001902,2026-05-28,Faisal Farooq,faisal.farooq@example.com,Non-Stick Pan,Home & Kitchen,PSH-01,Peshawar,3,7.3,15,CREDIT CARD
TXN003377,11-Oct-2024,Mariam Chaudhry,mariam.chaudhry@example.com,Cycling Helmet,Sports,ISB-01,Islamabad,2,150.48,0,CREDIT CARD
TXN000412,2025-12-09,Kamran Iqbal,kamran.iqbal@example.com,Denim Jacket,Apparel,ISB-01,Islamabad,6,151.09,15,Debit Card
TXN003436,02/08/2025,Bilal Khan,bilal.khan@example.com,Sunscreen SPF50,Beauty,KHI-02,Karachi,6,40.78,0,CREDIT CARD
TXN001837,10/11/2024,  OMAR BUTT  ,omar.butt@example.com,Cotton T-Shirt,Apparel,LHR-02,Lahore,4,7.51,0,Credit Card
TXN003827,2025-09-16,Noor Raza,noor.raza@example.com,Dumbbell Set,Sports,ISB-01,Islamabad,2,41.56,0,Mobile Wallet
TXN004332,22-Apr-2026,Noor Iqbal,noor.iqbal@example.com,Wireless Mouse,Electronics,MUL-01,Multan,2,143.72,0,Mobile Wallet
TXN004981,31-Jul-2026,  Hina Khan  ,hina.khan@example.com,Yoga Mat,Sports,LHR-02,Lahore,4,249.86,10,CREDIT CARD
TXN000958,30/04/2026,FAISAL IQBAL,faisal.iqbal@example.com,Denim Jacket,Apparel,LHR-02,Lahore,1,106.04,0,Debit Card
TXN000574,2024-11-12,Ayesha Khan,ayesha.khan@example.com,Dumbbell Set,Sports,LHR-01,Lahore,2,185.79,0,Mobile Wallet
TXN002333,06/03/2026,Faisal Butt,faisal.butt@example.com,Dumbbell Set,Sports,KHI-02,Karachi,4,139.57,15,Credit Card
TXN000828,16/12/2024,Kamran Farooq,kamran.farooq@example.com,USB-C Cable,Electronics,LHR-02,Lahore,3,173.85,10,Debit Card
TXN004496,2024-04-28,Omar Chaudhry,,Coffee Maker,Home & Kitchen,FSD-01,Faisalabad,4,17.16,5,cash
TXN003675,25-Jan-2026,Sana Butt,sana.butt@example.com,Shampoo 500ml,Beauty,LHR-01,Lahore,5,161.19,15,cash
TXN002000,2025-09-16,Faisal Sheikh,faisal.sheikh@example.com,Blender,Home & Kitchen,LHR-01,Lahore,3,47.07,0,CREDIT CARD
TXN002464,10/02/2025,HINA RAZA,,Sports Cap,Apparel,LHR-01,Lahore,4,189.73,0,Cash
TXN000053,05-Oct-2024,Fatima Farooq,fatima.farooq@example.com,Cycling Helmet,Sports,PSH-01,Peshawar,4,137.3,5,CREDIT CARD
TXN002365,2024-06-07,BILAL RAZA,bilal.raza@example.com,Coffee Maker,Home & Kitchen,MUL-01,Multan,3,35.25,0,cash
TXN000035,2025-12-11,OMAR MALIK,omar.malik@example.com,Running Shoes,Apparel,FSD-01,Faisalabad,1,178.07,5,Mobile Wallet
TXN000078,13-Mar-2026,  Kamran Butt  ,kamran.butt@example.com,Resistance Bands,Sports,LHR-02,Lahore,4,132.76,5,Mobile Wallet
TXN002050,2025-05-19,KAMRAN KHAN,kamran.khan@example.com,Lip Balm,Beauty,LHR-02,Lahore,4,163.14,15,Mobile Wallet
TXN004002,08/10/2024,Hina Farooq,hina.farooq@example.com,Non-Stick Pan,Home & Kitchen,LHR-01,Lahore,5,105.81,0,Credit Card
TXN003344,2025-03-17,Omar Raza,omar.raza@example.com,Cycling Helmet,Sports,PSH-01,Peshawar,6,118.51,5,CREDIT CARD
TXN002130,14/10/2025,Bilal Iqbal,bilal.iqbal@example.com,Bluetooth Speaker,Electronics,LHR-01,Lahore,4,237.89,10,cash
TXN001169,06-May-2025,  Usman Farooq  ,usman.farooq@example.com,Face Moisturizer,Beauty,KHI-01,Karachi,2,70.21,5,Cash
TXN000529,05-Jul-2026,Ali Khan,ali.khan@example.com,Cotton T-Shirt,Apparel,PSH-01,Peshawar,4,177.31,15,CREDIT CARD
TXN001713,20/01/2026,FATIMA CHAUDHRY,fatima.chaudhry@example.com,Sunscreen SPF50,Beauty,LHR-02,Lahore,4,164.86,0,Credit Card
TXN004803,2025-11-26,Fatima Khan,fatima.khan@example.com,Running Shoes,Apparel,KHI-01,Karachi,5,31.62,20,Cash
TXN002640,2024-09-17,Sara Sheikh,sara.sheikh@example.com,Wool Sweater,Apparel,KHI-02,Karachi,5,135.44,0,Debit Card
TXN004804,30/01/2024,AYESHA CHAUDHRY,ayesha.chaudhry@example.com,Resistance Bands,Sports,FSD-01,Faisalabad,,105.64,0,Cash
TXN000679,05-Oct-2025,USMAN MALIK,usman.malik@example.com,Dumbbell Set,Sports,FSD-01,Faisalabad,5,42.5,0,cash
TXN004581,2024-03-28,Omar Khan,omar.khan@example.com,Wireless Mouse,Electronics,KHI-02,Karachi,1,223.96,0,CREDIT CARD
TXN001313,05-Jun-2024,Hina Butt,hina.butt@example.com,Wool Sweater,Apparel,FSD-01,Faisalabad,1,199.34,5,cash
TXN001822,2026-07-24,Noor Raza,noor.raza@example.com,Coffee Maker,Home & Kitchen,FSD-01,Faisalabad,2,216.91,0,CREDIT CARD
TXN003988,2026-01-31,Sana Iqbal,sana.iqbal@example.com,Sunscreen SPF50,Beauty,KHI-01,Karachi,,156.33,0,Debit Card
TXN000812,11-Jan-2026,Sara Raza,sara.raza@example.com,Football,Sports,LHR-01,Lahore,1,204.06,0,Debit Card
TXN000025,16-Nov-2025,Hina Raza,hina.raza@example.com,Wool Sweater,Apparel,LHR-01,Lahore,3,203.63,5,Credit Card
TXN002123,05/10/2025,Hassan Khan,,Bluetooth Speaker,Electronics,MUL-01,Multan,2,142.68,20,Mobile Wallet
TXN001338,2025-10-08,  Faisal Butt  ,faisal.butt@example.com,Cycling Helmet,Sports,KHI-02,Karachi,2,85.03,0,cash
TXN001126,2025-06-21,Usman Iqbal,usman.iqbal@example.com,Denim Jacket,Apparel,FSD-01,Faisalabad,4,63.35,0,cash
TXN000497,22/02/2024,Usman Chaudhry,usman.chaudhry@example.com,Hair Dryer,Beauty,KHI-02,Karachi,6,6.93,5,Mobile Wallet
TXN001527,27/01/2025,Ahmed Iqbal,ahmed.iqbal@example.com,Football,Sports,KHI-01,Karachi,6,44.14,0,Debit Card
TXN001996,11-Mar-2026,Hassan Khan,hassan.khan@example.com,Sunscreen SPF50,Beauty,MUL-01,Multan,6,168.27,0,Debit Card
TXN000099,28-Feb-2026,Faisal Sheikh,faisal.sheikh@example.com,Blender,Home & Kitchen,KHI-01,Karachi,2,203.22,0,CREDIT CARD
TXN004906,12-Oct-2025,Ahmed Malik,ahmed.malik@example.com,Hair Dryer,Beauty,LHR-01,Lahore,6,81.15,0,CREDIT CARD
TXN004563,18/07/2026,Ali Chaudhry,ali.chaudhry@example.com,Yoga Mat,Sports,ISB-01,Islamabad,1,173.01,15,Cash
TXN003431,20-Jun-2025,Noor Sheikh,noor.sheikh@example.com,Running Shoes,Apparel,MUL-01,Multan,4,241.0,15,Debit Card
TXN003693,14-Jan-2026,Kamran Raza,kamran.raza@example.com,Shampoo 500ml,Beauty,PSH-01,Peshawar,5,153.34,0,Debit Card
TXN002782,2025-04-22,  Ayesha Farooq  ,ayesha.farooq@example.com,Running Shoes,Apparel,LHR-01,Lahore,2,194.62,0,Credit Card
TXN003527,2024-05-16,Bilal Iqbal,bilal.iqbal@example.com,Webcam HD,Electronics,LHR-01,Lahore,2,123.82,0,Cash
TXN004584,07/08/2024,Kamran Farooq,kamran.farooq@example.com,Non-Stick Pan,Home & Kitchen,LHR-01,Lahore,4,133.98,15,Debit Card
TXN002458,2025-06-26,Usman Sheikh,usman.sheikh@example.com,Sunscreen SPF50,Beauty,FSD-01,Faisalabad,2,68.01,20,Mobile Wallet
TXN001964,17/08/2024,  ALI SHEIKH  ,ali.sheikh@example.com,Ceramic Mug Set,Home & Kitchen,LHR-01,Lahore,4,14.54,20,Credit Card
TXN000927,2025-11-11,Bilal Farooq,bilal.farooq@example.com,USB-C Cable,Electronics,LHR-02,Lahore,1,155.08,15,Credit Card
TXN000593,02-May-2026,  Ahmed Sheikh  ,ahmed.sheikh@example.com,Dumbbell Set,Sports,KHI-01,Karachi,4,249.09,0,Mobile Wallet
TXN002879,2025-02-24,Sara Chaudhry,sara.chaudhry@example.com,Coffee Maker,Home & Kitchen,PSH-01,Peshawar,6,122.85,0,Credit Card
TXN003736,04/01/2024,Noor Chaudhry,noor.chaudhry@example.com,Non-Stick Pan,Home & Kitchen,PSH-01,Peshawar,3,117.27,15,Debit Card
TXN000260,2024-02-25,Usman Farooq,usman.farooq@example.com,Resistance Bands,Sports,ISB-01,Islamabad,3,211.86,5,CREDIT CARD
TXN001097,2024-08-09,Mariam Iqbal,mariam.iqbal@example.com,Football,Sports,MUL-01,Multan,4,142.64,0,Cash
TXN004186,28/01/2025,Fatima Iqbal,fatima.iqbal@example.com,LED Desk Lamp,Home & Kitchen,KHI-02,Karachi,1,,0,Debit Card
TXN001679,2025-08-22,  HINA SHEIKH  ,hina.sheikh@example.com,Cycling Helmet,Sports,LHR-01,Lahore,2,31.03,10,Cash
TXN001482,12/10/2025,Hina Raza,hina.raza@example.com,Non-Stick Pan,Home & Kitchen,LHR-02,Lahore,3,46.16,0,cash
TXN003713,25-May-2025,Usman Khan,usman.khan@example.com,Ceramic Mug Set,Home & Kitchen,MUL-01,Multan,5,12.81,20,CREDIT CARD
TXN003991,20/10/2025,  Ali Butt  ,ali.butt@example.com,Wireless Mouse,Electronics,LHR-02,Lahore,3,8.05,10,Mobile Wallet
TXN000803,15/11/2025,Sana Iqbal,sana.iqbal@example.com,Running Shoes,Apparel,LHR-02,Lahore,6,208.68,5,Cash
TXN003288,16/11/2025,Faisal Raza,faisal.raza@example.com,Face Moisturizer,Beauty,PSH-01,Peshawar,3,216.39,10,Cash
TXN000054,02-Oct-2024,Ayesha Khan,ayesha.khan@example.com,Non-Stick Pan,Home & Kitchen,LHR-02,Lahore,2,14.86,0,Cash
TXN002775,24-Sep-2025,Bilal Iqbal,bilal.iqbal@example.com,Laptop Stand,Electronics,KHI-01,Karachi,1,56.24,0,Mobile Wallet
TXN001447,04/04/2025,  Fatima Sheikh  ,fatima.sheikh@example.com,Cycling Helmet,Sports,FSD-01,Faisalabad,1,85.73,20,cash
TXN002114,25/03/2025,Ahmed Chaudhry,ahmed.chaudhry@example.com,Sports Cap,Apparel,LHR-01,Lahore,4,132.13,10,Mobile Wallet
TXN004692,2024-01-07,Zainab Raza,zainab.raza@example.com,Wireless Mouse,Electronics,MUL-01,Multan,3,172.31,20,Debit Card
TXN004487,2025-03-14,AYESHA MALIK,ayesha.malik@example.com,Face Moisturizer,Beauty,LHR-02,Lahore,2,68.96,0,Mobile Wallet
TXN003978,29/08/2024,Fatima Raza,fatima.raza@example.com,USB-C Cable,Electronics,LHR-02,Lahore,4,5.79,20,cash
TXN000452,18/02/2025,Hassan Iqbal,hassan.iqbal@example.com,Sunscreen SPF50,Beauty,ISB-01,Islamabad,2,130.3,0,Mobile Wallet
TXN000436,2024-05-27,Noor Sheikh,noor.sheikh@example.com,Coffee Maker,Home & Kitchen,MUL-01,Multan,5,79.29,10,Mobile Wallet
TXN003235,11/03/2026,Omar Farooq,omar.farooq@example.com,Running Shoes,Apparel,LHR-01,Lahore,6,29.44,10,Credit Card
TXN002047,16/04/2026,Kamran Sheikh,kamran.sheikh@example.com,Laptop Stand,Electronics,ISB-01,Islamabad,4,48.34,15,Debit Card
TXN000019,22/10/2025,Omar Butt,omar.butt@example.com,LED Desk Lamp,Home & Kitchen,KHI-02,Karachi,,117.02,10,Credit Card
TXN003208,07/07/2025,Kamran Khan,kamran.khan@example.com,Hair Dryer,Beauty,KHI-01,Karachi,2,226.65,0,Debit Card
TXN000288,07/06/2026,Faisal Butt,faisal.butt@example.com,Yoga Mat,Sports,ISB-01,Islamabad,4,,0,Mobile Wallet
TXN001409,2024-01-10,Hassan Iqbal,hassan.iqbal@example.com,Football,Sports,FSD-01,Faisalabad,2,21.15,15,CREDIT CARD
TXN002227,04/04/2026,Hassan Raza,hassan.raza@example.com,Lip Balm,Beauty,KHI-02,Karachi,1,73.52,0,Debit Card
TXN002875,17-Dec-2024,Noor Raza,noor.raza@example.com,Football,Sports,FSD-01,Faisalabad,2,214.24,5,Mobile Wallet
TXN002711,24/09/2024,MARIAM KHAN,mariam.khan@example.com,Sports Cap,Apparel,LHR-02,Lahore,2,99.34,0,Debit Card
TXN004314,2025-03-02,Kamran Butt,kamran.butt@example.com,Coffee Maker,Home & Kitchen,MUL-01,Multan,3,58.37,15,Credit Card
TXN000047,17-Feb-2026,Usman Farooq,usman.farooq@example.com,Dumbbell Set,Sports,KHI-02,Karachi,1,151.21,0,Cash
TXN004296,2025-01-24,Omar Malik,omar.malik@example.com,Dumbbell Set,Sports,LHR-01,Lahore,1,229.95,0,Credit Card
TXN000883,2024-02-11,Sara Raza,sara.raza@example.com,Face Moisturizer,Beauty,ISB-01,Islamabad,6,139.26,0,CREDIT CARD
TXN004209,2026-01-27,FATIMA IQBAL,fatima.iqbal@example.com,Non-Stick Pan,Home & Kitchen,LHR-02,Lahore,4,10.63,0,Mobile Wallet
TXN001859,2024-02-08,Ahmed Malik,ahmed.malik@example.com,Running Shoes,Apparel,KHI-01,Karachi,3,190.86,0,Cash
TXN003089,26/06/2026,  Fatima Sheikh  ,fatima.sheikh@example.com,Blender,Home & Kitchen,LHR-01,Lahore,6,245.01,15,cash
TXN004882,23-May-2025,Hassan Farooq,hassan.farooq@example.com,Sunscreen SPF50,Beauty,LHR-01,Lahore,1,217.83,0,Credit Card
TXN003547,2025-12-31,Faisal Chaudhry,faisal.chaudhry@example.com,Coffee Maker,Home & Kitchen,LHR-02,Lahore,6,244.86,10,Credit Card
TXN002521,2024-11-27,Sara Iqbal,sara.iqbal@example.com,Laptop Stand,Electronics,KHI-01,Karachi,3,124.51,15,CREDIT CARD
TXN001472,18/03/2024,Bilal Butt,bilal.butt@example.com,Cotton T-Shirt,Apparel,LHR-02,Lahore,5,117.65,0,Mobile Wallet
TXN001711,17/06/2024,Sara Raza,,Running Shoes,Apparel,FSD-01,Faisalabad,5,35.82,0,Cash
TXN002862,11/04/2026,Faisal Iqbal,faisal.iqbal@example.com,Sports Cap,Apparel,MUL-01,Multan,4,164.82,0,Mobile Wallet
TXN000969,02-Jan-2026,HASSAN MALIK,,Face Moisturizer,Beauty,PSH-01,Peshawar,4,230.97,10,Mobile Wallet
TXN004246,26-May-2026,Fatima Farooq,fatima.farooq@example.com,Cotton T-Shirt,Apparel,MUL-01,Multan,6,37.72,15,Cash
TXN002498,08-May-2026,Faisal Sheikh,faisal.sheikh@example.com,Cycling Helmet,Sports,KHI-01,Karachi,1,75.0,0,Debit Card
TXN003940,2024-12-17,Sara Farooq,sara.farooq@example.com,Wool Sweater,Apparel,PSH-01,Peshawar,5,181.42,20,Credit Card
TXN002663,05-Apr-2024,Omar Khan,omar.khan@example.com,Sunscreen SPF50,Beauty,KHI-02,Karachi,4,18.57,15,cash
TXN001430,15/11/2025,  Sara Sheikh  ,sara.sheikh@example.com,Football,Sports,KHI-02,Karachi,2,62.21,0,cash
TXN000963,28-May-2025,Faisal Malik,faisal.malik@example.com,Dumbbell Set,Sports,KHI-02,Karachi,1,15.28,10,CREDIT CARD
TXN002771,02/09/2024,NOOR MALIK,noor.malik@example.com,Denim Jacket,Apparel,LHR-02,Lahore,6,30.4,15,Cash
TXN001219,21-Jun-2026,Bilal Khan,bilal.khan@example.com,Face Moisturizer,Beauty,KHI-02,Karachi,3,192.18,10,cash
TXN001243,24-Jul-2026,Ali Khan,ali.khan@example.com,Laptop Stand,Electronics,PSH-01,Peshawar,5,19.4,0,Credit Card
TXN003757,23/09/2025,HASSAN BUTT,hassan.butt@example.com,Running Shoes,Apparel,FSD-01,Faisalabad,1,17.1,0,Mobile Wallet
TXN000987,2024-05-23,Fatima Farooq,fatima.farooq@example.com,Laptop Stand,Electronics,PSH-01,Peshawar,1,35.11,0,cash
TXN000853,2024-10-04,Ayesha Butt,ayesha.butt@example.com,USB-C Cable,Electronics,FSD-01,Faisalabad,2,234.39,5,Credit Card
TXN004289,13-Nov-2025,Noor Khan,noor.khan@example.com,Yoga Mat,Sports,FSD-01,Faisalabad,4,28.72,10,Credit Card
TXN002303,27/08/2025,Usman Butt,usman.butt@example.com,Blender,Home & Kitchen,ISB-01,Islamabad,2,189.17,20,Credit Card
TXN004112,2026-01-15,  Mariam Sheikh  ,,Wool Sweater,Apparel,FSD-01,Faisalabad,4,198.42,0,cash
TXN001784,06/06/2026,Mariam Raza,mariam.raza@example.com,Bluetooth Speaker,Electronics,PSH-01,Peshawar,5,30.32,5,cash
TXN003083,2026-02-19,Faisal Iqbal,faisal.iqbal@example.com,Denim Jacket,Apparel,ISB-01,Islamabad,2,105.99,5,Credit Card
TXN000723,13/12/2024,Hina Sheikh,hina.sheikh@example.com,Football,Sports,LHR-02,Lahore,2,180.22,0,Mobile Wallet
TXN003251,20/10/2025,Hina Khan,hina.khan@example.com,Sports Cap,Apparel,LHR-01,Lahore,4,247.3,15,Cash
TXN003207,2025-12-16,Sana Iqbal,sana.iqbal@example.com,LED Desk Lamp,Home & Kitchen,ISB-01,Islamabad,6,,10,CREDIT CARD
TXN003968,24/04/2025,Zainab Chaudhry,zainab.chaudhry@example.com,Shampoo 500ml,Beauty,MUL-01,Multan,6,197.95,0,CREDIT CARD
TXN001045,17-Feb-2024,Bilal Khan,,Yoga Mat,Sports,KHI-02,Karachi,4,22.69,0,cash
TXN001927,14/07/2026,Sara Chaudhry,sara.chaudhry@example.com,Sports Cap,Apparel,PSH-01,Peshawar,4,86.89,20,Debit Card
TXN001890,2025-08-09,  Zainab Farooq  ,zainab.farooq@example.com,Football,Sports,MUL-01,Multan,6,247.89,10,Cash
TXN004513,2026-07-11,Omar Malik,omar.malik@example.com,Shampoo 500ml,Beauty,PSH-01,Peshawar,4,31.24,20,Mobile Wallet
TXN003112,06/06/2025,Sana Sheikh,sana.sheikh@example.com,Sunscreen SPF50,Beauty,ISB-01,Islamabad,1,32.33,0,Debit Card
TXN002154,13-Aug-2025,Sana Malik,sana.malik@example.com,Ceramic Mug Set,Home & Kitchen,MUL-01,Multan,2,135.31,15,cash
TXN001547,2025-01-19,Hina Butt,hina.butt@example.com,Shampoo 500ml,Beauty,MUL-01,Multan,1,94.01,15,cash
TXN000850,2026-01-26,Hassan Farooq,hassan.farooq@example.com,Cotton T-Shirt,Apparel,MUL-01,Multan,1,164.36,5,cash
TXN003136,21/07/2025,Fatima Sheikh,fatima.sheikh@example.com,Sports Cap,Apparel,MUL-01,Multan,1,171.43,0,CREDIT CARD
TXN000532,2025-05-20,Faisal Malik,faisal.malik@example.com,Cotton T-Shirt,Apparel,KHI-02,Karachi,6,140.19,10,cash
TXN001869,26-Oct-2025,Mariam Raza,mariam.raza@example.com,Laptop Stand,Electronics,LHR-01,Lahore,3,56.51,10,Mobile Wallet
TXN002919,2025-03-06,Faisal Khan,faisal.khan@example.com,Sunscreen SPF50,Beauty,LHR-01,Lahore,2,216.43,0,Credit Card
TXN003913,2024-03-11,Faisal Khan,faisal.khan@example.com,Coffee Maker,Home & Kitchen,LHR-01,Lahore,4,,0,Cash
TXN003068,13-Apr-2026,Ahmed Chaudhry,ahmed.chaudhry@example.com,Denim Jacket,Apparel,LHR-01,Lahore,1,247.31,15,Mobile Wallet
TXN004200,01-Apr-2025,NOOR FAROOQ,noor.farooq@example.com,Face Moisturizer,Beauty,ISB-01,Islamabad,1,156.93,5,Cash
TXN003415,11/02/2025,Bilal Raza,bilal.raza@example.com,Webcam HD,Electronics,KHI-02,Karachi,1,187.2,0,cash
TXN003215,04-Apr-2024,AHMED FAROOQ,ahmed.farooq@example.com,Football,Sports,PSH-01,Peshawar,6,70.58,0,Debit Card
TXN001532,19-Feb-2026,Ahmed Butt,ahmed.butt@example.com,Laptop Stand,Electronics,FSD-01,Faisalabad,1,48.94,10,CREDIT CARD
TXN004856,2025-06-02,  Omar Sheikh  ,omar.sheikh@example.com,Laptop Stand,Electronics,PSH-01,Peshawar,4,106.12,10,Credit Card
TXN003779,2025-01-20,Noor Iqbal,noor.iqbal@example.com,LED Desk Lamp,Home & Kitchen,PSH-01,Peshawar,4,89.24,5,Credit Card
TXN003828,18/08/2024,Hina Sheikh,hina.sheikh@example.com,Running Shoes,Apparel,KHI-02,Karachi,3,68.47,5,Credit Card
TXN000192,2026-02-05,Hina Farooq,hina.farooq@example.com,Cotton T-Shirt,Apparel,LHR-01,Lahore,5,230.37,0,Credit Card
TXN003856,01/03/2026,  KAMRAN CHAUDHRY  ,kamran.chaudhry@example.com,Hair Dryer,Beauty,MUL-01,Multan,4,34.55,20,Cash
TXN001952,31-Mar-2024,Noor Farooq,noor.farooq@example.com,Shampoo 500ml,Beauty,LHR-02,Lahore,3,205.24,0,Debit Card
TXN002356,22-Jun-2025,Kamran Farooq,kamran.farooq@example.com,Resistance Bands,Sports,MUL-01,Multan,5,243.15,15,CREDIT CARD
TXN001971,2025-06-12,SARA CHAUDHRY,sara.chaudhry@example.com,Bluetooth Speaker,Electronics,ISB-01,Islamabad,5,32.16,0,Credit Card
TXN004471,22-Feb-2025,Omar Khan,omar.khan@example.com,Laptop Stand,Electronics,KHI-01,Karachi,,99.12,20,Credit Card
TXN001253,21/02/2024,  Fatima Iqbal  ,fatima.iqbal@example.com,Sunscreen SPF50,Beauty,KHI-01,Karachi,4,229.71,10,Cash
TXN001001,24-Oct-2025,Faisal Iqbal,faisal.iqbal@example.com,Hair Dryer,Beauty,PSH-01,Peshawar,5,91.71,5,Debit Card
TXN002462,2024-02-13,Faisal Sheikh,faisal.sheikh@example.com,Coffee Maker,Home & Kitchen,PSH-01,Peshawar,1,26.62,0,CREDIT CARD
TXN001899,09-Jun-2025,AYESHA BUTT,ayesha.butt@example.com,Wireless Mouse,Electronics,KHI-01,Karachi,4,,0,Debit Card
TXN001771,29-Jan-2024,Ayesha Chaudhry,ayesha.chaudhry@example.com,Face Moisturizer,Beauty,MUL-01,Multan,5,169.47,5,Credit Card
TXN001046,30-May-2024,Noor Malik,noor.malik@example.com,Cotton T-Shirt,Apparel,LHR-01,Lahore,1,163.75,5,Mobile Wallet
TXN002165,07-Aug-2025,Ahmed Sheikh,ahmed.sheikh@example.com,Shampoo 500ml,Beauty,FSD-01,Faisalabad,6,149.96,10,CREDIT CARD
TXN003880,19-Oct-2024,Hassan Butt,hassan.butt@example.com,Denim Jacket,Apparel,LHR-02,Lahore,5,84.55,15,Cash
TXN001091,17-Jan-2024,Sara Chaudhry,sara.chaudhry@example.com,Webcam HD,Electronics,FSD-01,Faisalabad,3,248.86,20,cash
TXN003432,22-Apr-2025,Ali Malik,ali.malik@example.com,Cotton T-Shirt,Apparel,KHI-02,Karachi,5,102.2,5,Mobile Wallet
TXN004633,01/09/2025,Sara Malik,sara.malik@example.com,Denim Jacket,Apparel,LHR-01,Lahore,6,48.61,15,CREDIT CARD
TXN002770,2025-09-13,Sana Farooq,sana.farooq@example.com,Cycling Helmet,Sports,FSD-01,Faisalabad,6,101.87,5,cash
TXN003063,04-Apr-2026,Mariam Farooq,mariam.farooq@example.com,Cycling Helmet,Sports,PSH-01,Peshawar,6,60.11,15,cash
TXN004078,2026-05-23,Mariam Iqbal,mariam.iqbal@example.com,USB-C Cable,Electronics,MUL-01,Multan,4,207.52,0,Debit Card
TXN000565,17-Apr-2024,  Noor Malik  ,,Bluetooth Speaker,Electronics,PSH-01,Peshawar,3,192.8,0,cash
TXN001650,2025-11-18,SARA IQBAL,sara.iqbal@example.com,Running Shoes,Apparel,KHI-02,Karachi,5,123.99,5,Credit Card
TXN002975,2025-04-01,Mariam Chaudhry,mariam.chaudhry@example.com,Hair Dryer,Beauty,LHR-01,Lahore,2,155.32,5,cash
TXN003196,2024-11-22,Ayesha Butt,ayesha.butt@example.com,USB-C Cable,Electronics,LHR-01,Lahore,5,48.94,15,Debit Card
TXN002249,2025-06-09,Omar Raza,omar.raza@example.com,Resistance Bands,Sports,LHR-02,Lahore,6,145.92,0,Debit Card
TXN003457,30-Jan-2025,  Kamran Iqbal  ,kamran.iqbal@example.com,Running Shoes,Apparel,LHR-01,Lahore,,161.98,15,Cash
TXN003632,20/07/2026,Hassan Butt,hassan.butt@example.com,Dumbbell Set,Sports,MUL-01,Multan,6,24.48,15,Mobile Wallet
TXN000122,2025-07-29,MARIAM IQBAL,mariam.iqbal@example.com,Running Shoes,Apparel,FSD-01,Faisalabad,4,83.18,0,Credit Card
TXN001451,14-Jun-2024,Omar Farooq,omar.farooq@example.com,Non-Stick Pan,Home & Kitchen,ISB-01,Islamabad,3,47.33,10,Mobile Wallet
TXN001028,02/04/2026,  ALI IQBAL  ,ali.iqbal@example.com,Shampoo 500ml,Beauty,MUL-01,Multan,5,,20,CREDIT CARD
TXN000042,11-Mar-2024,Ahmed Raza,ahmed.raza@example.com,Blender,Home & Kitchen,LHR-02,Lahore,1,163.65,0,Mobile Wallet
TXN000495,2024-04-24,  ZAINAB MALIK  ,zainab.malik@example.com,Cycling Helmet,Sports,MUL-01,Multan,2,175.53,15,Cash
TXN004478,13-Feb-2026,Sana Raza,sana.raza@example.com,Sunscreen SPF50,Beauty,FSD-01,Faisalabad,5,111.15,0,Credit Card
TXN004871,24/03/2025,Kamran Sheikh,kamran.sheikh@example.com,LED Desk Lamp,Home & Kitchen,KHI-01,Karachi,5,191.14,15,CREDIT CARD
TXN002526,04-Oct-2025,Zainab Farooq,zainab.farooq@example.com,Football,Sports,PSH-01,Peshawar,6,247.65,0,Credit Card
TXN002615,2025-10-17,  Mariam Chaudhry  ,mariam.chaudhry@example.com,Face Moisturizer,Beauty,KHI-01,Karachi,3,145.77,0,Mobile Wallet
TXN004652,14-May-2024,Hina Farooq,hina.farooq@example.com,USB-C Cable,Electronics,MUL-01,Multan,3,128.51,20,Cash
TXN004861,30-May-2024,Ayesha Iqbal,,Yoga Mat,Sports,KHI-01,Karachi,6,12.23,10,cash
TXN004128,08-Sep-2025,Hina Chaudhry,hina.chaudhry@example.com,Running Shoes,Apparel,KHI-02,Karachi,3,207.2,0,Cash
TXN004362,24-May-2024,Hassan Sheikh,hassan.sheikh@example.com,Blender,Home & Kitchen,ISB-01,Islamabad,3,160.73,20,Debit Card
TXN002076,05-Oct-2025,  Zainab Malik  ,zainab.malik@example.com,Ceramic Mug Set,Home & Kitchen,FSD-01,Faisalabad,2,171.76,0,CREDIT CARD
TXN004833,29/06/2024,Sara Sheikh,sara.sheikh@example.com,Dumbbell Set,Sports,PSH-01,Peshawar,1,64.96,10,Mobile Wallet
TXN001891,2026-05-08,Ali Farooq,ali.farooq@example.com,Shampoo 500ml,Beauty,FSD-01,Faisalabad,2,160.94,0,Debit Card
TXN004904,10-Jan-2026,  Zainab Farooq  ,,Hair Dryer,Beauty,ISB-01,Islamabad,1,124.88,0,Mobile Wallet
TXN002784,03/01/2025,Noor Chaudhry,noor.chaudhry@example.com,Coffee Maker,Home & Kitchen,ISB-01,Islamabad,4,19.85,10,CREDIT CARD
TXN002565,05/06/2025,Omar Khan,omar.khan@example.com,Running Shoes,Apparel,MUL-01,Multan,6,17.65,0,Mobile Wallet
TXN001246,09-Aug-2025,Hina Khan,hina.khan@example.com,Hair Dryer,Beauty,ISB-01,Islamabad,2,195.88,20,Credit Card
TXN002116,05/03/2026,Zainab Khan,zainab.khan@example.com,USB-C Cable,Electronics,FSD-01,Faisalabad,1,67.0,0,CREDIT CARD
TXN002210,03/02/2024,Ahmed Iqbal,ahmed.iqbal@example.com,Hair Dryer,Beauty,KHI-01,Karachi,2,138.05,15,Debit Card
TXN003130,29-Jul-2025,AHMED FAROOQ,ahmed.farooq@example.com,Denim Jacket,Apparel,ISB-01,Islamabad,3,60.24,0,cash
TXN002872,02/05/2024,Usman Malik,usman.malik@example.com,Bluetooth Speaker,Electronics,PSH-01,Peshawar,4,168.82,10,cash
TXN000808,2025-01-08,Mariam Farooq,mariam.farooq@example.com,Webcam HD,Electronics,PSH-01,Peshawar,4,197.45,15,Credit Card
TXN003581,2025-07-03,Fatima Chaudhry,fatima.chaudhry@example.com,Ceramic Mug Set,Home & Kitchen,MUL-01,Multan,,,20,Mobile Wallet
TXN003861,09/04/2024,  Noor Farooq  ,noor.farooq@example.com,Football,Sports,MUL-01,Multan,6,46.53,0,Mobile Wallet
TXN000487,2026-03-28,Usman Khan,usman.khan@example.com,Lip Balm,Beauty,KHI-01,Karachi,5,187.23,5,Debit Card
TXN002083,13-Aug-2024,Usman Khan,usman.khan@example.com,Blender,Home & Kitchen,PSH-01,Peshawar,2,160.83,20,Mobile Wallet
TXN003770,22-Jan-2026,Omar Khan,omar.khan@example.com,Wool Sweater,Apparel,KHI-02,Karachi,1,16.96,5,Credit Card
TXN004762,17/05/2026,Usman Khan,usman.khan@example.com,LED Desk Lamp,Home & Kitchen,ISB-01,Islamabad,3,249.08,10,cash
TXN003997,17/04/2026,Mariam Chaudhry,mariam.chaudhry@example.com,Wireless Mouse,Electronics,LHR-02,Lahore,1,187.84,10,CREDIT CARD
TXN000127,01-Dec-2024,Kamran Sheikh,kamran.sheikh@example.com,Running Shoes,Apparel,PSH-01,Peshawar,4,83.04,0,cash
TXN000393,20-Jul-2026,Hassan Khan,hassan.khan@example.com,Cycling Helmet,Sports,ISB-01,Islamabad,6,186.05,0,CREDIT CARD
TXN003444,06-Jul-2024,Mariam Butt,mariam.butt@example.com,Bluetooth Speaker,Electronics,FSD-01,Faisalabad,6,95.46,5,CREDIT CARD
TXN002287,2026-01-26,Noor Raza,noor.raza@example.com,Wool Sweater,Apparel,ISB-01,Islamabad,2,145.52,20,CREDIT CARD
TXN002702,2025-01-13,ZAINAB MALIK,zainab.malik@example.com,Yoga Mat,Sports,KHI-01,Karachi,6,198.36,10,Cash
TXN002023,18-Nov-2025,  Kamran Iqbal  ,kamran.iqbal@example.com,Dumbbell Set,Sports,ISB-01,Islamabad,5,160.73,0,CREDIT CARD
TXN004891,2025-10-24,Ayesha Butt,ayesha.butt@example.com,Denim Jacket,Apparel,LHR-02,Lahore,2,75.88,0,Credit Card
TXN000222,24-Mar-2025,  Hassan Malik  ,hassan.malik@example.com,Cotton T-Shirt,Apparel,FSD-01,Faisalabad,2,107.82,5,Debit Card
TXN002028,29-Dec-2024,Zainab Butt,zainab.butt@example.com,Wool Sweater,Apparel,FSD-01,Faisalabad,4,31.74,0,Cash
TXN004156,07-Jul-2026,Omar Chaudhry,omar.chaudhry@example.com,Blender,Home & Kitchen,ISB-01,Islamabad,2,166.78,0,Cash
TXN000478,01-Dec-2025,Ayesha Farooq,ayesha.farooq@example.com,USB-C Cable,Electronics,ISB-01,Islamabad,1,117.25,15,Mobile Wallet
TXN003398,10-Dec-2024,Omar Chaudhry,omar.chaudhry@example.com,Sports Cap,Apparel,KHI-01,Karachi,4,169.74,5,cash
TXN004050,31/07/2025,Faisal Farooq,faisal.farooq@example.com,Denim Jacket,Apparel,KHI-02,Karachi,3,146.68,15,Cash
TXN002418,04-Apr-2026,Ayesha Butt,ayesha.butt@example.com,Sunscreen SPF50,Beauty,MUL-01,Multan,6,92.07,0,Mobile Wallet
TXN000093,18-Apr-2025,Sara Malik,sara.malik@example.com,USB-C Cable,Electronics,ISB-01,Islamabad,6,140.81,20,cash
TXN002251,31/08/2024,Hassan Chaudhry,hassan.chaudhry@example.com,Resistance Bands,Sports,KHI-01,Karachi,4,11.56,20,Debit Card
TXN004400,05-May-2025,Hina Butt,,LED Desk Lamp,Home & Kitchen,ISB-01,Islamabad,1,67.23,20,cash
TXN001442,28/04/2024,  MARIAM SHEIKH  ,mariam.sheikh@example.com,Yoga Mat,Sports,KHI-02,Karachi,2,,0,Cash
TXN001530,20-Jan-2026,Sana Sheikh,sana.sheikh@example.com,Football,Sports,FSD-01,Faisalabad,3,,0,Debit Card
TXN001019,14/02/2025,Mariam Chaudhry,mariam.chaudhry@example.com,Wool Sweater,Apparel,PSH-01,Peshawar,2,202.71,15,Debit Card
TXN003885,2024-07-13,HINA CHAUDHRY,hina.chaudhry@example.com,Face Moisturizer,Beauty,MUL-01,Multan,1,134.98,20,Mobile Wallet
TXN003241,14-Jun-2026,Usman Chaudhry,usman.chaudhry@example.com,Non-Stick Pan,Home & Kitchen,KHI-01,Karachi,6,147.75,0,CREDIT CARD
TXN001363,2025-10-14,Ahmed Raza,ahmed.raza@example.com,Laptop Stand,Electronics,LHR-02,Lahore,5,94.0,0,Debit Card
TXN004774,05/05/2025,Sara Sheikh,sara.sheikh@example.com,USB-C Cable,Electronics,KHI-01,Karachi,4,182.26,0,cash
TXN000330,29/10/2024,HASSAN SHEIKH,hassan.sheikh@example.com,LED Desk Lamp,Home & Kitchen,PSH-01,Peshawar,,137.69,5,CREDIT CARD
TXN004826,02-Aug-2024,Usman Butt,usman.butt@example.com,Blender,Home & Kitchen,KHI-02,Karachi,4,143.69,0,Debit Card
TXN000612,2025-01-23,Noor Sheikh,noor.sheikh@example.com,Running Shoes,Apparel,KHI-01,Karachi,2,241.18,0,CREDIT CARD
TXN001476,2024-11-21,Mariam Butt,mariam.butt@example.com,Cotton T-Shirt,Apparel,LHR-02,Lahore,6,71.37,15,Credit Card
TXN002791,05-Jul-2026,  Mariam Sheikh  ,mariam.sheikh@example.com,Running Shoes,Apparel,PSH-01,Peshawar,2,147.34,0,Debit Card
TXN002557,2025-06-06,Ali Sheikh,ali.sheikh@example.com,Dumbbell Set,Sports,PSH-01,Peshawar,4,219.98,10,Credit Card
TXN002825,01/04/2026,Sara Farooq,sara.farooq@example.com,Blender,Home & Kitchen,KHI-02,Karachi,1,249.74,15,Mobile Wallet
TXN000456,2025-06-02,Sana Farooq,sana.farooq@example.com,Sunscreen SPF50,Beauty,LHR-02,Lahore,4,100.89,15,Debit Card
TXN004686,23/10/2025,FAISAL MALIK,faisal.malik@example.com,Sports Cap,Apparel,ISB-01,Islamabad,5,154.45,15,Cash
TXN003122,22-Feb-2026,MARIAM CHAUDHRY,mariam.chaudhry@example.com,Webcam HD,Electronics,KHI-02,Karachi,3,247.32,0,Debit Card
TXN004657,21-Oct-2024,  Hina Iqbal  ,hina.iqbal@example.com,Lip Balm,Beauty,KHI-01,Karachi,3,67.6,0,CREDIT CARD
TXN001507,02-Aug-2025,ZAINAB KHAN,zainab.khan@example.com,Bluetooth Speaker,Electronics,FSD-01,Faisalabad,,244.71,0,Credit Card
TXN003521,26-May-2025,Kamran Malik,kamran.malik@example.com,Lip Balm,Beauty,ISB-01,Islamabad,1,211.89,10,Mobile Wallet
TXN002055,2025-08-07,OMAR MALIK,omar.malik@example.com,Face Moisturizer,Beauty,LHR-01,Lahore,4,17.55,10,CREDIT CARD
TXN003343,17/10/2025,  ALI CHAUDHRY  ,ali.chaudhry@example.com,Bluetooth Speaker,Electronics,KHI-01,Karachi,1,37.15,20,cash
TXN001775,02-Nov-2025,Ahmed Sheikh,ahmed.sheikh@example.com,Football,Sports,ISB-01,Islamabad,3,191.55,0,Debit Card
TXN002128,2024-09-02,Kamran Iqbal,kamran.iqbal@example.com,Cycling Helmet,Sports,FSD-01,Faisalabad,5,214.83,15,Debit Card
TXN000515,26/07/2025,Usman Farooq,usman.farooq@example.com,Sports Cap,Apparel,LHR-02,Lahore,1,230.82,0,Debit Card
TXN002779,2026-02-21,Hassan Farooq,hassan.farooq@example.com,Non-Stick Pan,Home & Kitchen,KHI-01,Karachi,5,240.57,5,Credit Card
TXN003331,30/04/2024,Ahmed Sheikh,ahmed.sheikh@example.com,Blender,Home & Kitchen,KHI-02,Karachi,4,199.69,15,CREDIT CARD
TXN004283,2024-04-29,Bilal Butt,bilal.butt@example.com,Shampoo 500ml,Beauty,PSH-01,Peshawar,6,33.39,5,Cash
TXN001863,06-Dec-2024,  Faisal Sheikh  ,faisal.sheikh@example.com,Sunscreen SPF50,Beauty,ISB-01,Islamabad,6,55.52,10,Credit Card
TXN003107,08-Aug-2025,Ali Sheikh,ali.sheikh@example.com,Ceramic Mug Set,Home & Kitchen,LHR-01,Lahore,6,14.75,15,Debit Card
TXN001936,07/05/2025,Omar Iqbal,omar.iqbal@example.com,Denim Jacket,Apparel,KHI-02,Karachi,1,200.33,10,Credit Card
TXN001012,11/09/2024,Bilal Butt,bilal.butt@example.com,LED Desk Lamp,Home & Kitchen,LHR-02,Lahore,1,226.77,5,CREDIT CARD
TXN000504,28-Mar-2025,Usman Raza,usman.raza@example.com,Bluetooth Speaker,Electronics,LHR-02,Lahore,1,127.11,20,Cash
TXN003830,05/06/2025,  Sara Khan  ,sara.khan@example.com,Face Moisturizer,Beauty,PSH-01,Peshawar,1,53.22,20,CREDIT CARD
TXN001611,2024-12-10,Hassan Malik,hassan.malik@example.com,Non-Stick Pan,Home & Kitchen,PSH-01,Peshawar,2,237.33,5,cash
TXN001876,2025-12-11,Sana Farooq,sana.farooq@example.com,Face Moisturizer,Beauty,ISB-01,Islamabad,1,243.68,10,Debit Card
TXN002701,2024-06-03,Ali Raza,ali.raza@example.com,Blender,Home & Kitchen,LHR-02,Lahore,5,88.94,5,CREDIT CARD
TXN000425,2024-02-25,Mariam Chaudhry,mariam.chaudhry@example.com,Denim Jacket,Apparel,FSD-01,Faisalabad,4,96.34,0,Mobile Wallet
TXN003076,13-Feb-2026,AYESHA CHAUDHRY,ayesha.chaudhry@example.com,Cycling Helmet,Sports,KHI-02,Karachi,6,205.0,0,Mobile Wallet
TXN000213,20-Oct-2025,Sara Chaudhry,sara.chaudhry@example.com,Football,Sports,LHR-01,Lahore,5,66.04,20,CREDIT CARD
TXN003828,18/08/2024,Hina Sheikh,hina.sheikh@example.com,Running Shoes,Apparel,KHI-02,Karachi,3,68.47,5,Credit Card
TXN003826,2025-11-30,Bilal Butt,bilal.butt@example.com,Laptop Stand,Electronics,LHR-01,Lahore,6,8.38,0,Mobile Wallet
TXN000830,2024-08-21,Bilal Chaudhry,bilal.chaudhry@example.com,Coffee Maker,Home & Kitchen,KHI-01,Karachi,5,213.48,0,Debit Card
TXN000369,2025-09-22,Fatima Raza,fatima.raza@example.com,Cycling Helmet,Sports,LHR-01,Lahore,2,208.85,15,Mobile Wallet
TXN004859,2025-11-21,Zainab Farooq,zainab.farooq@example.com,Cycling Helmet,Sports,LHR-02,Lahore,2,129.79,0,cash
TXN003442,17/09/2025,ALI KHAN,ali.khan@example.com,Coffee Maker,Home & Kitchen,LHR-02,Lahore,4,34.02,0,Debit Card
TXN003587,2024-12-16,Ayesha Malik,ayesha.malik@example.com,Blender,Home & Kitchen,LHR-02,Lahore,6,215.42,0,Mobile Wallet
TXN001209,01-May-2026,Hassan Sheikh,hassan.sheikh@example.com,Resistance Bands,Sports,MUL-01,Multan,5,163.93,0,cash
TXN002068,09/03/2025,Mariam Sheikh,mariam.sheikh@example.com,Yoga Mat,Sports,ISB-01,Islamabad,4,216.75,15,cash
TXN004385,2025-09-04,Kamran Malik,kamran.malik@example.com,Running Shoes,Apparel,KHI-02,Karachi,6,117.32,20,Debit Card
TXN004664,2024-05-29,Usman Butt,usman.butt@example.com,Yoga Mat,Sports,FSD-01,Faisalabad,5,193.8,20,Mobile Wallet
TXN003875,05/06/2025,USMAN SHEIKH,,LED Desk Lamp,Home & Kitchen,PSH-01,Peshawar,4,76.88,15,Mobile Wallet
TXN000879,14-Jul-2025,Hassan Sheikh,hassan.sheikh@example.com,USB-C Cable,Electronics,PSH-01,Peshawar,4,83.86,0,Mobile Wallet
TXN004605,22-Dec-2024,KAMRAN CHAUDHRY,kamran.chaudhry@example.com,Football,Sports,LHR-02,Lahore,1,32.67,5,cash
TXN002026,29-Dec-2025,Ayesha Farooq,ayesha.farooq@example.com,Yoga Mat,Sports,ISB-01,Islamabad,1,7.1,0,cash
TXN001543,10/04/2026,Sara Butt,,Coffee Maker,Home & Kitchen,LHR-02,Lahore,1,97.75,0,cash
TXN002016,09/11/2024,Hassan Khan,hassan.khan@example.com,Coffee Maker,Home & Kitchen,FSD-01,Faisalabad,2,248.79,15,Cash
TXN003463,14/05/2025,Faisal Iqbal,faisal.iqbal@example.com,Denim Jacket,Apparel,LHR-02,Lahore,2,54.22,20,Mobile Wallet
TXN002550,2026-01-20,Fatima Raza,fatima.raza@example.com,USB-C Cable,Electronics,MUL-01,Multan,1,15.02,0,Mobile Wallet
TXN004724,2025-04-03,Omar Farooq,omar.farooq@example.com,Football,Sports,LHR-01,Lahore,5,29.42,15,Credit Card
TXN002988,2024-08-11,  Usman Farooq  ,usman.farooq@example.com,Wool Sweater,Apparel,ISB-01,Islamabad,3,133.76,0,CREDIT CARD
TXN000922,2025-12-29,Fatima Butt,fatima.butt@example.com,Ceramic Mug Set,Home & Kitchen,KHI-01,Karachi,,91.9,5,Cash
TXN004989,08/02/2026,MARIAM MALIK,mariam.malik@example.com,Cycling Helmet,Sports,KHI-01,Karachi,2,174.78,0,cash
TXN000670,22-Mar-2026,Kamran Sheikh,kamran.sheikh@example.com,Non-Stick Pan,Home & Kitchen,KHI-01,Karachi,5,104.56,20,Cash
TXN000687,23/02/2025,Hina Khan,hina.khan@example.com,Non-Stick Pan,Home & Kitchen,PSH-01,Peshawar,6,152.95,5,Credit Card
TXN001095,2025-06-16,Omar Raza,omar.raza@example.com,Sports Cap,Apparel,KHI-02,Karachi,5,166.03,0,Credit Card
TXN002611,03-May-2024,Ahmed Iqbal,ahmed.iqbal@example.com,Dumbbell Set,Sports,FSD-01,Faisalabad,6,84.33,0,Mobile Wallet
TXN004604,2025-05-01,Bilal Farooq,bilal.farooq@example.com,Webcam HD,Electronics,MUL-01,Multan,5,208.73,0,Cash
TXN002065,07/06/2024,Bilal Sheikh,bilal.sheikh@example.com,Yoga Mat,Sports,LHR-01,Lahore,4,155.97,0,Debit Card
TXN002671,26-Mar-2024,NOOR CHAUDHRY,noor.chaudhry@example.com,Cotton T-Shirt,Apparel,KHI-02,Karachi,5,38.17,0,CREDIT CARD
TXN001384,12/09/2024,Noor Iqbal,noor.iqbal@example.com,Face Moisturizer,Beauty,KHI-01,Karachi,1,48.39,0,CREDIT CARD
TXN004303,2026-01-01,Ali Chaudhry,ali.chaudhry@example.com,Bluetooth Speaker,Electronics,KHI-02,Karachi,3,206.59,15,Debit Card
TXN000413,25/09/2025,Usman Malik,usman.malik@example.com,Webcam HD,Electronics,KHI-02,Karachi,5,216.37,15,CREDIT CARD
TXN004238,2026-02-02,Hina Farooq,hina.farooq@example.com,Dumbbell Set,Sports,ISB-01,Islamabad,5,228.15,0,Mobile Wallet
TXN000909,25/06/2025,ALI FAROOQ,ali.farooq@example.com,Running Shoes,Apparel,PSH-01,Peshawar,2,141.43,0,CREDIT CARD
TXN000765,16-May-2025,Zainab Butt,zainab.butt@example.com,Ceramic Mug Set,Home & Kitchen,KHI-01,Karachi,3,101.09,0,Credit Card
TXN000284,07-Feb-2024,Ali Iqbal,ali.iqbal@example.com,Wireless Mouse,Electronics,LHR-01,Lahore,5,68.85,0,Mobile Wallet
TXN001351,20-Jul-2025,BILAL FAROOQ,bilal.farooq@example.com,Bluetooth Speaker,Electronics,MUL-01,Multan,1,225.92,10,Debit Card
TXN002396,2026-02-08,  Omar Farooq  ,omar.farooq@example.com,Hair Dryer,Beauty,FSD-01,Faisalabad,6,18.38,15,Cash
TXN003200,2026-02-21,Hassan Farooq,hassan.farooq@example.com,USB-C Cable,Electronics,KHI-01,Karachi,6,208.59,5,Mobile Wallet
TXN000938,2025-12-05,Mariam Iqbal,mariam.iqbal@example.com,Wireless Mouse,Electronics,PSH-01,Peshawar,3,227.99,5,Debit Card
TXN001322,26-Sep-2025,Ayesha Sheikh,ayesha.sheikh@example.com,Lip Balm,Beauty,LHR-01,Lahore,3,66.7,20,Credit Card
TXN002978,2025-08-15,Mariam Farooq,mariam.farooq@example.com,Resistance Bands,Sports,KHI-01,Karachi,,131.09,15,Debit Card
TXN002217,24-Sep-2024,Hassan Farooq,hassan.farooq@example.com,Denim Jacket,Apparel,MUL-01,Multan,,152.91,5,Credit Card
TXN001220,07-Jul-2026,  Zainab Malik  ,zainab.malik@example.com,Wool Sweater,Apparel,LHR-01,Lahore,2,95.29,0,Debit Card
TXN002815,24-Aug-2024,SARA SHEIKH,sara.sheikh@example.com,Cycling Helmet,Sports,LHR-02,Lahore,6,204.33,10,Mobile Wallet
TXN003687,2025-09-30,Hina Chaudhry,hina.chaudhry@example.com,Webcam HD,Electronics,MUL-01,Multan,2,158.25,10,Credit Card
TXN002762,2024-12-28,Hina Khan,hina.khan@example.com,Non-Stick Pan,Home & Kitchen,FSD-01,Faisalabad,4,151.75,0,cash
TXN004301,17/04/2025,Mariam Farooq,mariam.farooq@example.com,Denim Jacket,Apparel,PSH-01,Peshawar,6,111.74,0,CREDIT CARD
TXN004170,26/08/2025,Hassan Malik,hassan.malik@example.com,Bluetooth Speaker,Electronics,MUL-01,Multan,5,68.37,0,Cash
TXN000901,2026-07-02,AHMED BUTT,ahmed.butt@example.com,Dumbbell Set,Sports,FSD-01,Faisalabad,1,179.54,10,CREDIT CARD
TXN003540,2026-05-18,Omar Farooq,omar.farooq@example.com,Lip Balm,Beauty,MUL-01,Multan,5,99.29,0,Cash
TXN001933,2024-08-24,Bilal Khan,bilal.khan@example.com,Running Shoes,Apparel,ISB-01,Islamabad,1,150.88,20,CREDIT CARD
TXN003887,24-May-2026,Bilal Butt,bilal.butt@example.com,Dumbbell Set,Sports,LHR-02,Lahore,5,60.43,20,Mobile Wallet
TXN000821,29/04/2026,  Hina Sheikh  ,hina.sheikh@example.com,Lip Balm,Beauty,PSH-01,Peshawar,6,191.92,5,cash
TXN004439,06/08/2025,USMAN FAROOQ,usman.farooq@example.com,Hair Dryer,Beauty,FSD-01,Faisalabad,1,182.29,10,Debit Card
TXN004928,2024-03-17,Fatima Farooq,fatima.farooq@example.com,Resistance Bands,Sports,FSD-01,Faisalabad,5,246.22,0,cash
TXN004074,2025-03-01,Zainab Raza,zainab.raza@example.com,Bluetooth Speaker,Electronics,LHR-01,Lahore,3,178.44,0,Debit Card
TXN004324,10-Mar-2026,  Faisal Butt  ,faisal.butt@example.com,Wool Sweater,Apparel,KHI-01,Karachi,3,138.7,5,CREDIT CARD
TXN000431,26/01/2024,Kamran Sheikh,kamran.sheikh@example.com,Coffee Maker,Home & Kitchen,FSD-01,Faisalabad,2,233.11,0,Credit Card
TXN002102,2025-12-29,Hina Khan,hina.khan@example.com,Blender,Home & Kitchen,LHR-01,Lahore,6,146.71,0,Cash
TXN003088,2026-06-27,Kamran Butt,kamran.butt@example.com,Wireless Mouse,Electronics,ISB-01,Islamabad,5,159.19,20,Debit Card
TXN002335,14/04/2026,Zainab Farooq,zainab.farooq@example.com,Running Shoes,Apparel,KHI-02,Karachi,,245.93,0,CREDIT CARD
TXN000200,10/06/2024,Ahmed Farooq,,Sunscreen SPF50,Beauty,FSD-01,Faisalabad,5,194.47,15,cash
TXN000004,2024-03-22,Sara Khan,sara.khan@example.com,Blender,Home & Kitchen,KHI-02,Karachi,4,217.29,0,Cash
TXN002433,04-Feb-2025,HINA SHEIKH,hina.sheikh@example.com,Wireless Mouse,Electronics,MUL-01,Multan,3,181.8,15,Debit Card
TXN000603,2026-05-11,Bilal Iqbal,bilal.iqbal@example.com,Blender,Home & Kitchen,LHR-02,Lahore,1,231.87,0,Credit Card
TXN003745,20/02/2024,Sana Malik,sana.malik@example.com,Wireless Mouse,Electronics,KHI-02,Karachi,2,,10,cash
TXN004076,2025-05-30,Hassan Butt,hassan.butt@example.com,Cycling Helmet,Sports,KHI-01,Karachi,5,87.54,0,Debit Card
TXN001138,2025-03-26,Faisal Khan,faisal.khan@example.com,Dumbbell Set,Sports,LHR-02,Lahore,2,163.13,0,Mobile Wallet
TXN000199,2026-07-10,Bilal Chaudhry,bilal.chaudhry@example.com,Coffee Maker,Home & Kitchen,FSD-01,Faisalabad,4,87.08,15,cash
TXN004188,2024-08-19,Noor Raza,noor.raza@example.com,Webcam HD,Electronics,PSH-01,Peshawar,,30.8,10,Mobile Wallet
TXN001263,12-Jul-2024,Faisal Butt,faisal.butt@example.com,Laptop Stand,Electronics,MUL-01,Multan,4,60.06,10,Mobile Wallet
TXN003710,2025-12-08,Ayesha Butt,ayesha.butt@example.com,Wool Sweater,Apparel,KHI-02,Karachi,6,232.02,10,Mobile Wallet
TXN003841,2025-05-06,Usman Butt,usman.butt@example.com,Cotton T-Shirt,Apparel,LHR-01,Lahore,6,195.95,20,Cash
TXN001210,21-Jun-2026,Ali Iqbal,ali.iqbal@example.com,Cotton T-Shirt,Apparel,PSH-01,Peshawar,2,56.47,0,CREDIT CARD
TXN003807,26-Feb-2026,Fatima Khan,fatima.khan@example.com,Sunscreen SPF50,Beauty,LHR-01,Lahore,3,49.11,0,Credit Card
TXN003705,06-Oct-2025,Omar Farooq,omar.farooq@example.com,Denim Jacket,Apparel,MUL-01,Multan,5,30.55,0,cash
TXN002213,2025-08-10,HASSAN SHEIKH,hassan.sheikh@example.com,Blender,Home & Kitchen,FSD-01,Faisalabad,2,230.74,15,Mobile Wallet
TXN004287,03-Jan-2026,FAISAL BUTT,faisal.butt@example.com,LED Desk Lamp,Home & Kitchen,LHR-02,Lahore,3,189.08,0,Credit Card
TXN000181,2024-06-20,Sana Iqbal,sana.iqbal@example.com,Football,Sports,MUL-01,Multan,2,143.52,10,Debit Card
TXN002215,25-Jan-2024,Mariam Butt,mariam.butt@example.com,Blender,Home & Kitchen,LHR-02,Lahore,3,164.83,20,Cash
TXN004836,12/06/2024,Usman Farooq,usman.farooq@example.com,Resistance Bands,Sports,ISB-01,Islamabad,3,38.95,0,CREDIT CARD
TXN002221,2024-01-08,Usman Sheikh,usman.sheikh@example.com,LED Desk Lamp,Home & Kitchen,PSH-01,Peshawar,3,33.33,20,Mobile Wallet
TXN004160,06/06/2026,ZAINAB BUTT,zainab.butt@example.com,Lip Balm,Beauty,KHI-02,Karachi,2,228.39,5,Credit Card
TXN001575,2025-10-14,Zainab Farooq,zainab.farooq@example.com,Denim Jacket,Apparel,KHI-02,Karachi,6,88.55,5,Credit Card
TXN002951,2025-05-31,  Ayesha Malik  ,ayesha.malik@example.com,Sunscreen SPF50,Beauty,KHI-02,Karachi,2,201.25,0,Credit Card
TXN004481,28-Mar-2024,Sana Iqbal,sana.iqbal@example.com,Sunscreen SPF50,Beauty,LHR-02,Lahore,2,196.73,0,Mobile Wallet
TXN003546,11/06/2026,  Sana Butt  ,,Blender,Home & Kitchen,KHI-02,Karachi,4,47.84,20,cash
TXN003669,19-May-2024,  Bilal Sheikh  ,bilal.sheikh@example.com,LED Desk Lamp,Home & Kitchen,MUL-01,Multan,1,168.0,0,cash
TXN000758,12-Feb-2024,Faisal Raza,faisal.raza@example.com,Lip Balm,Beauty,FSD-01,Faisalabad,6,221.18,10,cash
TXN003907,2024-12-25,Ayesha Malik,ayesha.malik@example.com,Wool Sweater,Apparel,KHI-01,Karachi,4,58.43,5,Mobile Wallet
TXN002776,27/10/2025,Ali Butt,ali.butt@example.com,LED Desk Lamp,Home & Kitchen,KHI-02,Karachi,2,222.53,20,Cash
TXN002001,10/02/2025,Hina Malik,hina.malik@example.com,Shampoo 500ml,Beauty,PSH-01,Peshawar,2,182.59,0,Credit Card
TXN001640,13/05/2024,Ayesha Khan,ayesha.khan@example.com,Face Moisturizer,Beauty,LHR-01,Lahore,6,19.44,0,Credit Card
TXN001714,17/07/2024,Ahmed Sheikh,ahmed.sheikh@example.com,Bluetooth Speaker,Electronics,LHR-02,Lahore,4,170.41,0,Debit Card
TXN004761,2026-06-01,Usman Chaudhry,usman.chaudhry@example.com,Denim Jacket,Apparel,ISB-01,Islamabad,2,200.68,20,Cash
TXN004853,2024-10-07,  Faisal Khan  ,faisal.khan@example.com,Coffee Maker,Home & Kitchen,FSD-01,Faisalabad,3,139.75,15,Cash
TXN004243,2025-10-08,Sana Chaudhry,sana.chaudhry@example.com,Lip Balm,Beauty,KHI-01,Karachi,4,153.5,0,cash
TXN003067,2024-02-23,Sana Sheikh,sana.sheikh@example.com,Non-Stick Pan,Home & Kitchen,LHR-02,Lahore,3,211.46,20,Cash
TXN003223,2024-04-29,Zainab Chaudhry,zainab.chaudhry@example.com,Wool Sweater,Apparel,ISB-01,Islamabad,2,167.12,20,Mobile Wallet
TXN002129,21-Nov-2025,Bilal Butt,bilal.butt@example.com,Running Shoes,Apparel,FSD-01,Faisalabad,6,203.37,5,cash
TXN004559,23-Dec-2024,ZAINAB FAROOQ,zainab.farooq@example.com,Football,Sports,LHR-02,Lahore,3,101.18,0,CREDIT CARD
TXN002625,21/07/2024,Sara Farooq,sara.farooq@example.com,Blender,Home & Kitchen,LHR-01,Lahore,1,107.13,0,Debit Card
TXN001124,02-May-2024,Ayesha Khan,ayesha.khan@example.com,Lip Balm,Beauty,ISB-01,Islamabad,5,224.0,5,cash
TXN002202,2024-08-20,Fatima Malik,fatima.malik@example.com,Resistance Bands,Sports,PSH-01,Peshawar,5,222.36,5,cash
TXN001513,24/10/2025,Bilal Raza,bilal.raza@example.com,Wireless Mouse,Electronics,PSH-01,Peshawar,1,159.68,5,cash
TXN002379,2024-05-15,Bilal Farooq,bilal.farooq@example.com,Laptop Stand,Electronics,ISB-01,Islamabad,3,233.28,10,Cash
TXN000056,2025-06-10,Omar Malik,omar.malik@example.com,USB-C Cable,Electronics,ISB-01,Islamabad,5,166.13,10,Debit Card
TXN000954,03/09/2025,Faisal Sheikh,faisal.sheikh@example.com,Lip Balm,Beauty,PSH-01,Peshawar,6,199.78,10,Credit Card
TXN000011,24-Jun-2025,Bilal Farooq,bilal.farooq@example.com,Face Moisturizer,Beauty,KHI-01,Karachi,2,108.67,15,Cash
TXN003871,2026-01-22,Usman Iqbal,usman.iqbal@example.com,Blender,Home & Kitchen,MUL-01,Multan,3,90.78,0,CREDIT CARD
TXN002547,18/04/2026,SANA FAROOQ,sana.farooq@example.com,Sports Cap,Apparel,MUL-01,Multan,2,54.3,10,Credit Card
TXN000421,2025-10-25,NOOR BUTT,noor.butt@example.com,Cotton T-Shirt,Apparel,LHR-01,Lahore,6,8.9,20,cash
TXN003511,2026-01-29,SANA KHAN,sana.khan@example.com,Wireless Mouse,Electronics,KHI-01,Karachi,4,214.74,10,Mobile Wallet
TXN004985,01/04/2026,Usman Raza,usman.raza@example.com,LED Desk Lamp,Home & Kitchen,PSH-01,Peshawar,6,31.48,10,Credit Card
TXN001586,2025-06-05,Mariam Iqbal,mariam.iqbal@example.com,Laptop Stand,Electronics,KHI-02,Karachi,4,145.39,10,Debit Card
TXN000835,22-Aug-2025,BILAL CHAUDHRY,bilal.chaudhry@example.com,Bluetooth Speaker,Electronics,LHR-02,Lahore,1,121.93,0,CREDIT CARD
TXN003569,24-Oct-2024,Fatima Malik,fatima.malik@example.com,Resistance Bands,Sports,KHI-02,Karachi,6,242.66,0,Cash
TXN002649,22-Oct-2025,Ayesha Sheikh,ayesha.sheikh@example.com,Face Moisturizer,Beauty,MUL-01,Multan,3,18.37,5,CREDIT CARD
TXN002678,2024-08-12,Zainab Iqbal,zainab.iqbal@example.com,Shampoo 500ml,Beauty,MUL-01,Multan,4,78.59,5,Cash
TXN002596,12/03/2024,Fatima Iqbal,fatima.iqbal@example.com,Yoga Mat,Sports,KHI-02,Karachi,3,82.2,0,Debit Card
TXN001015,2026-01-25,  FAISAL MALIK  ,faisal.malik@example.com,Coffee Maker,Home & Kitchen,FSD-01,Faisalabad,4,41.76,20,CREDIT CARD
TXN004279,12/12/2025,Usman Raza,usman.raza@example.com,Blender,Home & Kitchen,KHI-02,Karachi,6,168.46,15,Credit Card
TXN003414,14-Oct-2025,AHMED MALIK,ahmed.malik@example.com,Lip Balm,Beauty,MUL-01,Multan,4,228.47,10,CREDIT CARD
TXN003221,02/01/2024,AHMED BUTT,,Football,Sports,PSH-01,Peshawar,6,110.01,0,Cash
TXN000580,17/10/2024,Hina Chaudhry,hina.chaudhry@example.com,USB-C Cable,Electronics,KHI-01,Karachi,4,142.72,5,Cash
TXN004778,20/10/2024,  Faisal Farooq  ,faisal.farooq@example.com,LED Desk Lamp,Home & Kitchen,ISB-01,Islamabad,5,91.68,0,Cash
TXN002363,31-Dec-2024,Ayesha Sheikh,ayesha.sheikh@example.com,Football,Sports,ISB-01,Islamabad,3,97.84,0,Mobile Wallet
TXN003690,2025-07-08,OMAR KHAN,omar.khan@example.com,LED Desk Lamp,Home & Kitchen,MUL-01,Multan,3,64.92,0,Credit Card
TXN000511,07/05/2024,MARIAM MALIK,mariam.malik@example.com,USB-C Cable,Electronics,ISB-01,Islamabad,,78.0,0,CREDIT CARD
TXN003206,12-Feb-2025,Kamran Raza,kamran.raza@example.com,Blender,Home & Kitchen,KHI-02,Karachi,2,78.11,10,Debit Card
TXN002524,2026-06-03,MARIAM RAZA,mariam.raza@example.com,Face Moisturizer,Beauty,FSD-01,Faisalabad,5,58.68,0,Cash
TXN004228,29-May-2026,Sara Iqbal,sara.iqbal@example.com,Laptop Stand,Electronics,KHI-01,Karachi,1,34.56,0,Mobile Wallet
TXN001758,14/02/2025,Ahmed Sheikh,ahmed.sheikh@example.com,USB-C Cable,Electronics,KHI-01,Karachi,6,94.74,15,Cash
TXN004576,2024-05-07,Faisal Malik,faisal.malik@example.com,Ceramic Mug Set,Home & Kitchen,PSH-01,Peshawar,4,136.19,20,Credit Card
TXN001930,14/07/2026,Hina Iqbal,,Hair Dryer,Beauty,PSH-01,Peshawar,3,189.41,15,CREDIT CARD
TXN003549,19-May-2025,  Sana Butt  ,sana.butt@example.com,Webcam HD,Electronics,LHR-02,Lahore,2,206.91,5,Cash
TXN004895,16-Jul-2025,Kamran Iqbal,kamran.iqbal@example.com,Wool Sweater,Apparel,KHI-02,Karachi,5,26.73,0,Cash
TXN003062,2025-04-12,Sana Khan,sana.khan@example.com,Yoga Mat,Sports,ISB-01,Islamabad,4,185.04,15,Mobile Wallet
TXN002080,2025-01-22,HINA FAROOQ,hina.farooq@example.com,Wool Sweater,Apparel,FSD-01,Faisalabad,,181.98,5,Mobile Wallet
TXN004232,10/01/2024,Zainab Iqbal,zainab.iqbal@example.com,Face Moisturizer,Beauty,LHR-02,Lahore,5,181.07,0,Mobile Wallet
TXN002614,14-Jul-2025,Hina Khan,hina.khan@example.com,Coffee Maker,Home & Kitchen,PSH-01,Peshawar,6,29.67,20,Cash
TXN001966,09/10/2024,Bilal Farooq,bilal.farooq@example.com,Bluetooth Speaker,Electronics,KHI-02,Karachi,1,160.55,0,Mobile Wallet
TXN001311,01-Apr-2024,Faisal Khan,faisal.khan@example.com,Coffee Maker,Home & Kitchen,ISB-01,Islamabad,4,167.35,5,Debit Card
TXN002939,2026-01-11,Hina Raza,hina.raza@example.com,Face Moisturizer,Beauty,MUL-01,Multan,5,98.23,0,CREDIT CARD
TXN001893,2025-02-14,KAMRAN CHAUDHRY,kamran.chaudhry@example.com,Blender,Home & Kitchen,MUL-01,Multan,6,84.11,0,Mobile Wallet
TXN001591,2025-06-12,Hina Farooq,hina.farooq@example.com,Football,Sports,ISB-01,Islamabad,4,,5,Cash
TXN001383,06-Feb-2025,MARIAM MALIK,mariam.malik@example.com,Dumbbell Set,Sports,FSD-01,Faisalabad,6,155.29,0,Mobile Wallet
TXN000081,05-Jun-2024,Omar Iqbal,omar.iqbal@example.com,Sunscreen SPF50,Beauty,LHR-02,Lahore,1,231.13,5,Credit Card
TXN004421,2024-11-16,  Noor Malik  ,noor.malik@example.com,LED Desk Lamp,Home & Kitchen,KHI-01,Karachi,5,170.37,10,Credit Card
TXN002324,17/06/2025,Zainab Iqbal,zainab.iqbal@example.com,Cotton T-Shirt,Apparel,ISB-01,Islamabad,5,103.8,10,Cash
TXN003847,30/05/2025,Fatima Khan,fatima.khan@example.com,Shampoo 500ml,Beauty,LHR-01,Lahore,,47.98,15,Mobile Wallet
TXN003888,28-Jul-2025,Mariam Malik,mariam.malik@example.com,Bluetooth Speaker,Electronics,PSH-01,Peshawar,6,185.5,10,Cash
TXN001274,2024-05-03,Sana Raza,sana.raza@example.com,Wireless Mouse,Electronics,LHR-02,Lahore,5,95.25,10,Debit Card
TXN002830,19-Sep-2024,Sana Iqbal,sana.iqbal@example.com,Running Shoes,Apparel,PSH-01,Peshawar,3,211.46,0,Credit Card
TXN004995,2026-01-15,MARIAM SHEIKH,mariam.sheikh@example.com,Blender,Home & Kitchen,LHR-01,Lahore,4,36.46,5,Credit Card
TXN004536,12/02/2026,Mariam Iqbal,mariam.iqbal@example.com,Denim Jacket,Apparel,LHR-01,Lahore,1,115.74,15,CREDIT CARD
TXN003562,2025-01-07,Fatima Sheikh,fatima.sheikh@example.com,Bluetooth Speaker,Electronics,KHI-01,Karachi,4,48.82,0,Cash
TXN001829,2024-11-05,Omar Sheikh,omar.sheikh@example.com,USB-C Cable,Electronics,PSH-01,Peshawar,3,5.65,0,CREDIT CARD
TXN002480,29/04/2024,Noor Butt,noor.butt@example.com,Wireless Mouse,Electronics,MUL-01,Multan,2,174.33,0,Debit Card
TXN000926,2024-03-17,Ali Sheikh,,Blender,Home & Kitchen,LHR-02,Lahore,2,96.48,0,Credit Card
TXN000780,04-Dec-2024,Mariam Chaudhry,mariam.chaudhry@example.com,Running Shoes,Apparel,KHI-02,Karachi,2,181.43,5,Credit Card
TXN003441,26-Aug-2025,Omar Farooq,omar.farooq@example.com,Shampoo 500ml,Beauty,ISB-01,Islamabad,3,48.73,0,CREDIT CARD
TXN000201,2026-05-28,Sana Raza,sana.raza@example.com,Bluetooth Speaker,Electronics,LHR-01,Lahore,6,140.45,0,Cash
TXN000272,27/06/2025,Mariam Chaudhry,mariam.chaudhry@example.com,Running Shoes,Apparel,FSD-01,Faisalabad,,249.17,5,Cash
TXN001508,15/06/2024,Ali Raza,ali.raza@example.com,Football,Sports,KHI-02,Karachi,5,61.84,20,Cash
TXN001976,06/04/2025,Ali Butt,ali.butt@example.com,Wireless Mouse,Electronics,MUL-01,Multan,1,62.27,0,Mobile Wallet
TXN001570,2024-02-10,  Ali Iqbal  ,ali.iqbal@example.com,Shampoo 500ml,Beauty,FSD-01,Faisalabad,2,178.11,0,CREDIT CARD
TXN003726,05/02/2024,  Usman Sheikh  ,usman.sheikh@example.com,Lip Balm,Beauty,LHR-02,Lahore,5,156.47,20,Debit Card
TXN003066,05-Mar-2026,Hassan Farooq,hassan.farooq@example.com,Lip Balm,Beauty,FSD-01,Faisalabad,3,111.37,5,Cash
TXN003869,18/09/2025,Ali Sheikh,ali.sheikh@example.com,LED Desk Lamp,Home & Kitchen,ISB-01,Islamabad,1,98.67,10,Debit Card
TXN001029,2026-03-09,Sana Butt,sana.butt@example.com,Blender,Home & Kitchen,LHR-01,Lahore,4,214.53,10,CREDIT CARD
TXN003077,2026-07-19,NOOR IQBAL,noor.iqbal@example.com,Yoga Mat,Sports,FSD-01,Faisalabad,5,11.54,0,CREDIT CARD
TXN000562,26/05/2024,  Usman Farooq  ,usman.farooq@example.com,Sports Cap,Apparel,ISB-01,Islamabad,4,20.67,0,cash
TXN001396,30-Jun-2025,  Hassan Butt  ,hassan.butt@example.com,Running Shoes,Apparel,LHR-01,Lahore,2,17.65,0,CREDIT CARD
